

================================================================
== Vivado HLS Report for 'mlp'
================================================================
* Date:           Thu Sep  3 11:24:54 2026

* Version:        2019.1 (Build 2552052 on Fri May 24 15:28:33 MDT 2019)
* Project:        mlp_FP
* Solution:       sol_fp_7
* Product family: zynquplus
* Target device:  xczu3eg-sbva484-1-i


================================================================
== Performance Estimates
================================================================
+ Timing (ns): 
    * Summary: 
    +--------+-------+----------+------------+
    |  Clock | Target| Estimated| Uncertainty|
    +--------+-------+----------+------------+
    |ap_clk  |   7.00|     7.502|        0.88|
    +--------+-------+----------+------------+

+ Latency (clock cycles): 
    * Summary: 
    +-------+-------+-------+-------+---------+
    |    Latency    |    Interval   | Pipeline|
    |  min  |  max  |  min  |  max  |   Type  |
    +-------+-------+-------+-------+---------+
    |  41519|  41519|  41519|  41519|   none  |
    +-------+-------+-------+-------+---------+

    + Detail: 
        * Instance: 
        N/A

        * Loop: 
        +----------------+-------+-------+----------+-----------+-----------+------+----------+
        |                |    Latency    | Iteration|  Initiation Interval  | Trip |          |
        |    Loop Name   |  min  |  max  |  Latency |  achieved |   target  | Count| Pipelined|
        +----------------+-------+-------+----------+-----------+-----------+------+----------+
        |- layer1        |  39220|  39220|      7844|          -|          -|     5|    no    |
        | + neuron_mac   |   7840|   7840|        10|          -|          -|   784|    no    |
        |- layer2        |    432|    432|        54|          -|          -|     8|    no    |
        | + neuron_mac   |     50|     50|        10|          -|          -|     5|    no    |
        |- layer3        |    672|    672|        84|          -|          -|     8|    no    |
        | + neuron_mac   |     80|     80|        10|          -|          -|     8|    no    |
        |- layer4        |    830|    830|        83|          -|          -|    10|    no    |
        | + neuron_mac   |     80|     80|        10|          -|          -|     8|    no    |
        |- softmax_max   |     27|     27|         3|          -|          -|     9|    no    |
        |- softmax_exp   |    200|    200|        20|          -|          -|    10|    no    |
        |- softmax_norm  |    130|    130|        13|          -|          -|    10|    no    |
        +----------------+-------+-------+----------+-----------+-----------+------+----------+

============================================================
+ Verbose Summary: Synthesis Manager
============================================================
InlineROM: 1
ExposeGlobal: 0
============================================================
+ Verbose Summary: CDFG Model
============================================================
IsTopModel: 1
ResetActiveHigh: 1
IsCombinational: 0
IsDatapathOnly: 0
HasWiredReturn: 1
HasMFsm: 0
HasVarLatency: 1
IsPipeline: 0
IsRtlPipelined: 0
IsInstanceOverlapped: 0
IsDontTouch: 0
HasImplIP: 0
IsGatedGlobalClock: 0


============================================================
+ Verbose Summary: Schedule
============================================================
* Number of FSM states : 89
* Pipeline : 0
* Dataflow Pipeline: 0

* FSM state transitions: 
1 --> 2 
2 --> 3 15 
3 --> 4 
4 --> 5 14 
5 --> 6 
6 --> 7 
7 --> 8 
8 --> 9 
9 --> 10 
10 --> 11 
11 --> 12 
12 --> 13 
13 --> 4 
14 --> 2 
15 --> 16 28 
16 --> 17 
17 --> 18 27 
18 --> 19 
19 --> 20 
20 --> 21 
21 --> 22 
22 --> 23 
23 --> 24 
24 --> 25 
25 --> 26 
26 --> 17 
27 --> 15 
28 --> 29 41 
29 --> 30 
30 --> 31 40 
31 --> 32 
32 --> 33 
33 --> 34 
34 --> 35 
35 --> 36 
36 --> 37 
37 --> 38 
38 --> 39 
39 --> 30 
40 --> 28 
41 --> 42 53 
42 --> 43 
43 --> 44 41 
44 --> 45 
45 --> 46 
46 --> 47 
47 --> 48 
48 --> 49 
49 --> 50 
50 --> 51 
51 --> 52 
52 --> 43 
53 --> 54 
54 --> 55 57 
55 --> 56 
56 --> 54 
57 --> 58 77 
58 --> 59 
59 --> 60 
60 --> 61 
61 --> 62 
62 --> 63 
63 --> 64 
64 --> 65 
65 --> 66 
66 --> 67 
67 --> 68 
68 --> 69 
69 --> 70 
70 --> 71 
71 --> 72 
72 --> 73 
73 --> 74 
74 --> 75 
75 --> 76 
76 --> 57 
77 --> 78 
78 --> 79 
79 --> 80 
80 --> 81 
81 --> 82 
82 --> 83 
83 --> 84 
84 --> 85 
85 --> 86 
86 --> 87 
87 --> 88 
88 --> 89 
89 --> 77 

* FSM state operations: 

State 1 <SV = 0> <Delay = 0.79>
ST_1 : Operation 90 [1/1] (0.00ns)   --->   "call void (...)* @_ssdm_op_SpecBitsMap([784 x float]* %input_r) nounwind, !map !13"   --->   Operation 90 'specbitsmap' <Predicate = true> <Delay = 0.00>
ST_1 : Operation 91 [1/1] (0.00ns)   --->   "call void (...)* @_ssdm_op_SpecBitsMap([10 x float]* %output_r) nounwind, !map !19"   --->   Operation 91 'specbitsmap' <Predicate = true> <Delay = 0.00>
ST_1 : Operation 92 [1/1] (0.00ns)   --->   "call void (...)* @_ssdm_op_SpecTopModule([4 x i8]* @mlp_str) nounwind"   --->   Operation 92 'spectopmodule' <Predicate = true> <Delay = 0.00>
ST_1 : Operation 93 [1/1] (0.79ns)   --->   "%a1 = alloca [5 x float], align 16" [mlp_FP/mlp.cpp:80]   --->   Operation 93 'alloca' 'a1' <Predicate = true> <Delay = 0.79> <Core = "RAM">   --->   Core 37 'RAM' <Latency = 1> <II = 1> <Delay = 0.79> <Storage> <Opcode : 'load' 'store'> <Ports = 2> <Width = 32> <Depth = 10> <RAM>
ST_1 : Operation 94 [1/1] (0.79ns)   --->   "%a2 = alloca [8 x float], align 16" [mlp_FP/mlp.cpp:81]   --->   Operation 94 'alloca' 'a2' <Predicate = true> <Delay = 0.79> <Core = "RAM">   --->   Core 37 'RAM' <Latency = 1> <II = 1> <Delay = 0.79> <Storage> <Opcode : 'load' 'store'> <Ports = 2> <Width = 32> <Depth = 10> <RAM>
ST_1 : Operation 95 [1/1] (0.79ns)   --->   "%a3 = alloca [8 x float], align 16" [mlp_FP/mlp.cpp:82]   --->   Operation 95 'alloca' 'a3' <Predicate = true> <Delay = 0.79> <Core = "RAM">   --->   Core 37 'RAM' <Latency = 1> <II = 1> <Delay = 0.79> <Storage> <Opcode : 'load' 'store'> <Ports = 2> <Width = 32> <Depth = 10> <RAM>
ST_1 : Operation 96 [1/1] (0.79ns)   --->   "%z4 = alloca [10 x float], align 16" [mlp_FP/mlp.cpp:83]   --->   Operation 96 'alloca' 'z4' <Predicate = true> <Delay = 0.79> <Core = "RAM">   --->   Core 37 'RAM' <Latency = 1> <II = 1> <Delay = 0.79> <Storage> <Opcode : 'load' 'store'> <Ports = 2> <Width = 32> <Depth = 10> <RAM>
ST_1 : Operation 97 [1/1] (0.75ns)   --->   "br label %1" [mlp_FP/mlp.cpp:86]   --->   Operation 97 'br' <Predicate = true> <Delay = 0.75>

State 2 <SV = 1> <Delay = 1.35>
ST_2 : Operation 98 [1/1] (0.00ns)   --->   "%j_0 = phi i3 [ 0, %0 ], [ %j, %neuron.2.exit ]"   --->   Operation 98 'phi' 'j_0' <Predicate = true> <Delay = 0.00>
ST_2 : Operation 99 [1/1] (0.00ns)   --->   "%phi_mul = phi i12 [ 0, %0 ], [ %add_ln86, %neuron.2.exit ]" [mlp_FP/mlp.cpp:86]   --->   Operation 99 'phi' 'phi_mul' <Predicate = true> <Delay = 0.00>
ST_2 : Operation 100 [1/1] (0.96ns)   --->   "%add_ln86 = add i12 %phi_mul, 784" [mlp_FP/mlp.cpp:86]   --->   Operation 100 'add' 'add_ln86' <Predicate = true> <Delay = 0.96> <Core = "AddSub">   --->   Core 14 'AddSub' <Latency = 0> <II = 1> <Delay = 0.86> <FuncUnit> <Opcode : 'add' 'sub'> <InPorts = 2> <OutPorts = 1>
ST_2 : Operation 101 [1/1] (0.69ns)   --->   "%icmp_ln86 = icmp eq i3 %j_0, -3" [mlp_FP/mlp.cpp:86]   --->   Operation 101 'icmp' 'icmp_ln86' <Predicate = true> <Delay = 0.69> <Core = "Cmp">   --->   Core 25 'Cmp' <Latency = 0> <II = 1> <Delay = 0.88> <FuncUnit> <Opcode : 'icmp'> <InPorts = 2> <OutPorts = 1>
ST_2 : Operation 102 [1/1] (0.00ns)   --->   "%empty = call i32 (...)* @_ssdm_op_SpecLoopTripCount(i64 5, i64 5, i64 5) nounwind"   --->   Operation 102 'speclooptripcount' 'empty' <Predicate = true> <Delay = 0.00>
ST_2 : Operation 103 [1/1] (0.74ns)   --->   "%j = add i3 %j_0, 1" [mlp_FP/mlp.cpp:86]   --->   Operation 103 'add' 'j' <Predicate = true> <Delay = 0.74> <Core = "AddSub">   --->   Core 14 'AddSub' <Latency = 0> <II = 1> <Delay = 0.86> <FuncUnit> <Opcode : 'add' 'sub'> <InPorts = 2> <OutPorts = 1>
ST_2 : Operation 104 [1/1] (0.00ns)   --->   "br i1 %icmp_ln86, label %.preheader4.preheader, label %2" [mlp_FP/mlp.cpp:86]   --->   Operation 104 'br' <Predicate = true> <Delay = 0.00>
ST_2 : Operation 105 [1/1] (0.00ns)   --->   "%zext_ln87 = zext i3 %j_0 to i64" [mlp_FP/mlp.cpp:87]   --->   Operation 105 'zext' 'zext_ln87' <Predicate = (!icmp_ln86)> <Delay = 0.00>
ST_2 : Operation 106 [1/1] (0.00ns)   --->   "%B1_addr = getelementptr inbounds [5 x float]* @B1, i64 0, i64 %zext_ln87" [mlp_FP/mlp.cpp:87]   --->   Operation 106 'getelementptr' 'B1_addr' <Predicate = (!icmp_ln86)> <Delay = 0.00>
ST_2 : Operation 107 [2/2] (1.35ns)   --->   "%acc = load float* %B1_addr, align 4" [mlp_FP/mlp.cpp:87]   --->   Operation 107 'load' 'acc' <Predicate = (!icmp_ln86)> <Delay = 1.35> <Core = "ROM_nP">   --->   Core 52 'ROM_nP' <Latency = 1> <II = 1> <Delay = 1.35> <Storage> <Opcode : 'load'> <Ports = 0> <Width = 32> <Depth = 80> <ROM>
ST_2 : Operation 108 [1/1] (0.75ns)   --->   "br label %.preheader4" [mlp_FP/mlp.cpp:90]   --->   Operation 108 'br' <Predicate = (icmp_ln86)> <Delay = 0.75>

State 3 <SV = 2> <Delay = 1.35>
ST_3 : Operation 109 [1/1] (0.00ns)   --->   "call void (...)* @_ssdm_op_SpecLoopName([7 x i8]* @p_str1) nounwind" [mlp_FP/mlp.cpp:87]   --->   Operation 109 'specloopname' <Predicate = true> <Delay = 0.00>
ST_3 : Operation 110 [1/2] (1.35ns)   --->   "%acc = load float* %B1_addr, align 4" [mlp_FP/mlp.cpp:87]   --->   Operation 110 'load' 'acc' <Predicate = true> <Delay = 1.35> <Core = "ROM_nP">   --->   Core 52 'ROM_nP' <Latency = 1> <II = 1> <Delay = 1.35> <Storage> <Opcode : 'load'> <Ports = 0> <Width = 32> <Depth = 80> <ROM>
ST_3 : Operation 111 [1/1] (0.75ns)   --->   "br label %3" [mlp_FP/mlp.cpp:68->mlp_FP/mlp.cpp:87]   --->   Operation 111 'br' <Predicate = true> <Delay = 0.75>

State 4 <SV = 3> <Delay = 3.34>
ST_4 : Operation 112 [1/1] (0.00ns)   --->   "%acc_0_i = phi float [ %acc, %2 ], [ %acc_2, %4 ]"   --->   Operation 112 'phi' 'acc_0_i' <Predicate = true> <Delay = 0.00>
ST_4 : Operation 113 [1/1] (0.00ns)   --->   "%i_0_i = phi i10 [ 0, %2 ], [ %i, %4 ]"   --->   Operation 113 'phi' 'i_0_i' <Predicate = true> <Delay = 0.00>
ST_4 : Operation 114 [1/1] (0.00ns)   --->   "%empty_5 = call i32 (...)* @_ssdm_op_SpecLoopTripCount(i64 784, i64 784, i64 784) nounwind"   --->   Operation 114 'speclooptripcount' 'empty_5' <Predicate = true> <Delay = 0.00>
ST_4 : Operation 115 [1/1] (0.85ns)   --->   "%icmp_ln68 = icmp eq i10 %i_0_i, -240" [mlp_FP/mlp.cpp:68->mlp_FP/mlp.cpp:87]   --->   Operation 115 'icmp' 'icmp_ln68' <Predicate = true> <Delay = 0.85> <Core = "Cmp">   --->   Core 25 'Cmp' <Latency = 0> <II = 1> <Delay = 0.88> <FuncUnit> <Opcode : 'icmp'> <InPorts = 2> <OutPorts = 1>
ST_4 : Operation 116 [1/1] (0.93ns)   --->   "%i = add i10 %i_0_i, 1" [mlp_FP/mlp.cpp:68->mlp_FP/mlp.cpp:87]   --->   Operation 116 'add' 'i' <Predicate = true> <Delay = 0.93> <Core = "AddSub">   --->   Core 14 'AddSub' <Latency = 0> <II = 1> <Delay = 0.86> <FuncUnit> <Opcode : 'add' 'sub'> <InPorts = 2> <OutPorts = 1>
ST_4 : Operation 117 [1/1] (0.00ns)   --->   "br i1 %icmp_ln68, label %neuron.2.exit, label %4" [mlp_FP/mlp.cpp:68->mlp_FP/mlp.cpp:87]   --->   Operation 117 'br' <Predicate = true> <Delay = 0.00>
ST_4 : Operation 118 [1/1] (0.00ns)   --->   "%zext_ln69 = zext i10 %i_0_i to i64" [mlp_FP/mlp.cpp:69->mlp_FP/mlp.cpp:87]   --->   Operation 118 'zext' 'zext_ln69' <Predicate = (!icmp_ln68)> <Delay = 0.00>
ST_4 : Operation 119 [1/1] (0.00ns)   --->   "%zext_ln69_6 = zext i10 %i_0_i to i12" [mlp_FP/mlp.cpp:69->mlp_FP/mlp.cpp:87]   --->   Operation 119 'zext' 'zext_ln69_6' <Predicate = (!icmp_ln68)> <Delay = 0.00>
ST_4 : Operation 120 [1/1] (0.96ns)   --->   "%add_ln69_1 = add i12 %phi_mul, %zext_ln69_6" [mlp_FP/mlp.cpp:69->mlp_FP/mlp.cpp:87]   --->   Operation 120 'add' 'add_ln69_1' <Predicate = (!icmp_ln68)> <Delay = 0.96> <Core = "AddSub">   --->   Core 14 'AddSub' <Latency = 0> <II = 1> <Delay = 0.86> <FuncUnit> <Opcode : 'add' 'sub'> <InPorts = 2> <OutPorts = 1>
ST_4 : Operation 121 [1/1] (0.00ns)   --->   "%zext_ln69_7 = zext i12 %add_ln69_1 to i64" [mlp_FP/mlp.cpp:69->mlp_FP/mlp.cpp:87]   --->   Operation 121 'zext' 'zext_ln69_7' <Predicate = (!icmp_ln68)> <Delay = 0.00>
ST_4 : Operation 122 [1/1] (0.00ns)   --->   "%W1_addr = getelementptr [3920 x float]* @W1, i64 0, i64 %zext_ln69_7" [mlp_FP/mlp.cpp:69->mlp_FP/mlp.cpp:87]   --->   Operation 122 'getelementptr' 'W1_addr' <Predicate = (!icmp_ln68)> <Delay = 0.00>
ST_4 : Operation 123 [1/1] (0.00ns)   --->   "%input_addr = getelementptr [784 x float]* %input_r, i64 0, i64 %zext_ln69" [mlp_FP/mlp.cpp:69->mlp_FP/mlp.cpp:87]   --->   Operation 123 'getelementptr' 'input_addr' <Predicate = (!icmp_ln68)> <Delay = 0.00>
ST_4 : Operation 124 [2/2] (1.35ns)   --->   "%input_load = load float* %input_addr, align 4" [mlp_FP/mlp.cpp:69->mlp_FP/mlp.cpp:87]   --->   Operation 124 'load' 'input_load' <Predicate = (!icmp_ln68)> <Delay = 1.35> <Core = "RAM">   --->   Core 37 'RAM' <Latency = 1> <II = 1> <Delay = 0.79> <Storage> <Opcode : 'load' 'store'> <Ports = 2> <Width = 32> <Depth = 10> <RAM>
ST_4 : Operation 125 [2/2] (1.35ns)   --->   "%W1_load = load float* %W1_addr, align 4" [mlp_FP/mlp.cpp:69->mlp_FP/mlp.cpp:87]   --->   Operation 125 'load' 'W1_load' <Predicate = (!icmp_ln68)> <Delay = 1.35> <Core = "ROM_nP">   --->   Core 52 'ROM_nP' <Latency = 1> <II = 1> <Delay = 1.35> <Storage> <Opcode : 'load'> <Ports = 0> <Width = 32> <Depth = 80> <ROM>
ST_4 : Operation 126 [2/2] (3.34ns)   --->   "%tmp_1 = fcmp olt float %acc_0_i, 0.000000e+00" [mlp_FP/mlp.cpp:72->mlp_FP/mlp.cpp:87]   --->   Operation 126 'fcmp' 'tmp_1' <Predicate = (icmp_ln68)> <Delay = 3.34> <Core = "FCmp">   --->   Core 111 'FCmp' <Latency = 1> <II = 1> <Delay = 3.34> <FuncUnit> <Opcode : 'fcmp'> <InPorts = 2> <OutPorts = 1>

State 5 <SV = 4> <Delay = 6.02>
ST_5 : Operation 127 [1/2] (1.35ns)   --->   "%input_load = load float* %input_addr, align 4" [mlp_FP/mlp.cpp:69->mlp_FP/mlp.cpp:87]   --->   Operation 127 'load' 'input_load' <Predicate = true> <Delay = 1.35> <Core = "RAM">   --->   Core 37 'RAM' <Latency = 1> <II = 1> <Delay = 0.79> <Storage> <Opcode : 'load' 'store'> <Ports = 2> <Width = 32> <Depth = 10> <RAM>
ST_5 : Operation 128 [1/2] (1.35ns)   --->   "%W1_load = load float* %W1_addr, align 4" [mlp_FP/mlp.cpp:69->mlp_FP/mlp.cpp:87]   --->   Operation 128 'load' 'W1_load' <Predicate = true> <Delay = 1.35> <Core = "ROM_nP">   --->   Core 52 'ROM_nP' <Latency = 1> <II = 1> <Delay = 1.35> <Storage> <Opcode : 'load'> <Ports = 0> <Width = 32> <Depth = 80> <ROM>
ST_5 : Operation 129 [4/4] (4.67ns)   --->   "%tmp_i = fmul float %input_load, %W1_load" [mlp_FP/mlp.cpp:69->mlp_FP/mlp.cpp:87]   --->   Operation 129 'fmul' 'tmp_i' <Predicate = true> <Delay = 4.67> <Core = "FMul">   --->   Core 106 'FMul' <Latency = 3> <II = 1> <Delay = 4.67> <FuncUnit> <Opcode : 'fmul'> <InPorts = 2> <OutPorts = 1>

State 6 <SV = 5> <Delay = 4.67>
ST_6 : Operation 130 [3/4] (4.67ns)   --->   "%tmp_i = fmul float %input_load, %W1_load" [mlp_FP/mlp.cpp:69->mlp_FP/mlp.cpp:87]   --->   Operation 130 'fmul' 'tmp_i' <Predicate = true> <Delay = 4.67> <Core = "FMul">   --->   Core 106 'FMul' <Latency = 3> <II = 1> <Delay = 4.67> <FuncUnit> <Opcode : 'fmul'> <InPorts = 2> <OutPorts = 1>

State 7 <SV = 6> <Delay = 4.67>
ST_7 : Operation 131 [2/4] (4.67ns)   --->   "%tmp_i = fmul float %input_load, %W1_load" [mlp_FP/mlp.cpp:69->mlp_FP/mlp.cpp:87]   --->   Operation 131 'fmul' 'tmp_i' <Predicate = true> <Delay = 4.67> <Core = "FMul">   --->   Core 106 'FMul' <Latency = 3> <II = 1> <Delay = 4.67> <FuncUnit> <Opcode : 'fmul'> <InPorts = 2> <OutPorts = 1>

State 8 <SV = 7> <Delay = 4.67>
ST_8 : Operation 132 [1/4] (4.67ns)   --->   "%tmp_i = fmul float %input_load, %W1_load" [mlp_FP/mlp.cpp:69->mlp_FP/mlp.cpp:87]   --->   Operation 132 'fmul' 'tmp_i' <Predicate = true> <Delay = 4.67> <Core = "FMul">   --->   Core 106 'FMul' <Latency = 3> <II = 1> <Delay = 4.67> <FuncUnit> <Opcode : 'fmul'> <InPorts = 2> <OutPorts = 1>

State 9 <SV = 8> <Delay = 7.50>
ST_9 : Operation 133 [5/5] (7.50ns)   --->   "%acc_2 = fadd float %acc_0_i, %tmp_i" [mlp_FP/mlp.cpp:69->mlp_FP/mlp.cpp:87]   --->   Operation 133 'fadd' 'acc_2' <Predicate = true> <Delay = 7.50> <Core = "FAddSub">   --->   Core 105 'FAddSub' <Latency = 4> <II = 1> <Delay = 6.01> <FuncUnit> <Opcode : 'fadd' 'fsub'> <InPorts = 2> <OutPorts = 1>

State 10 <SV = 9> <Delay = 6.01>
ST_10 : Operation 134 [4/5] (6.01ns)   --->   "%acc_2 = fadd float %acc_0_i, %tmp_i" [mlp_FP/mlp.cpp:69->mlp_FP/mlp.cpp:87]   --->   Operation 134 'fadd' 'acc_2' <Predicate = true> <Delay = 6.01> <Core = "FAddSub">   --->   Core 105 'FAddSub' <Latency = 4> <II = 1> <Delay = 6.01> <FuncUnit> <Opcode : 'fadd' 'fsub'> <InPorts = 2> <OutPorts = 1>

State 11 <SV = 10> <Delay = 6.01>
ST_11 : Operation 135 [3/5] (6.01ns)   --->   "%acc_2 = fadd float %acc_0_i, %tmp_i" [mlp_FP/mlp.cpp:69->mlp_FP/mlp.cpp:87]   --->   Operation 135 'fadd' 'acc_2' <Predicate = true> <Delay = 6.01> <Core = "FAddSub">   --->   Core 105 'FAddSub' <Latency = 4> <II = 1> <Delay = 6.01> <FuncUnit> <Opcode : 'fadd' 'fsub'> <InPorts = 2> <OutPorts = 1>

State 12 <SV = 11> <Delay = 6.01>
ST_12 : Operation 136 [2/5] (6.01ns)   --->   "%acc_2 = fadd float %acc_0_i, %tmp_i" [mlp_FP/mlp.cpp:69->mlp_FP/mlp.cpp:87]   --->   Operation 136 'fadd' 'acc_2' <Predicate = true> <Delay = 6.01> <Core = "FAddSub">   --->   Core 105 'FAddSub' <Latency = 4> <II = 1> <Delay = 6.01> <FuncUnit> <Opcode : 'fadd' 'fsub'> <InPorts = 2> <OutPorts = 1>

State 13 <SV = 12> <Delay = 6.01>
ST_13 : Operation 137 [1/1] (0.00ns)   --->   "call void (...)* @_ssdm_op_SpecLoopName([11 x i8]* @p_str) nounwind" [mlp_FP/mlp.cpp:68->mlp_FP/mlp.cpp:87]   --->   Operation 137 'specloopname' <Predicate = true> <Delay = 0.00>
ST_13 : Operation 138 [1/5] (6.01ns)   --->   "%acc_2 = fadd float %acc_0_i, %tmp_i" [mlp_FP/mlp.cpp:69->mlp_FP/mlp.cpp:87]   --->   Operation 138 'fadd' 'acc_2' <Predicate = true> <Delay = 6.01> <Core = "FAddSub">   --->   Core 105 'FAddSub' <Latency = 4> <II = 1> <Delay = 6.01> <FuncUnit> <Opcode : 'fadd' 'fsub'> <InPorts = 2> <OutPorts = 1>
ST_13 : Operation 139 [1/1] (0.00ns)   --->   "br label %3" [mlp_FP/mlp.cpp:68->mlp_FP/mlp.cpp:87]   --->   Operation 139 'br' <Predicate = true> <Delay = 0.00>

State 14 <SV = 4> <Delay = 4.66>
ST_14 : Operation 140 [1/1] (0.00ns)   --->   "%bitcast_ln72 = bitcast float %acc_0_i to i32" [mlp_FP/mlp.cpp:72->mlp_FP/mlp.cpp:87]   --->   Operation 140 'bitcast' 'bitcast_ln72' <Predicate = true> <Delay = 0.00>
ST_14 : Operation 141 [1/1] (0.00ns)   --->   "%tmp = call i8 @_ssdm_op_PartSelect.i8.i32.i32.i32(i32 %bitcast_ln72, i32 23, i32 30)" [mlp_FP/mlp.cpp:72->mlp_FP/mlp.cpp:87]   --->   Operation 141 'partselect' 'tmp' <Predicate = true> <Delay = 0.00>
ST_14 : Operation 142 [1/1] (0.00ns)   --->   "%trunc_ln72 = trunc i32 %bitcast_ln72 to i23" [mlp_FP/mlp.cpp:72->mlp_FP/mlp.cpp:87]   --->   Operation 142 'trunc' 'trunc_ln72' <Predicate = true> <Delay = 0.00>
ST_14 : Operation 143 [1/1] (0.85ns)   --->   "%icmp_ln72 = icmp ne i8 %tmp, -1" [mlp_FP/mlp.cpp:72->mlp_FP/mlp.cpp:87]   --->   Operation 143 'icmp' 'icmp_ln72' <Predicate = true> <Delay = 0.85> <Core = "Cmp">   --->   Core 25 'Cmp' <Latency = 0> <II = 1> <Delay = 0.88> <FuncUnit> <Opcode : 'icmp'> <InPorts = 2> <OutPorts = 1>
ST_14 : Operation 144 [1/1] (0.97ns)   --->   "%icmp_ln72_1 = icmp eq i23 %trunc_ln72, 0" [mlp_FP/mlp.cpp:72->mlp_FP/mlp.cpp:87]   --->   Operation 144 'icmp' 'icmp_ln72_1' <Predicate = true> <Delay = 0.97> <Core = "Cmp">   --->   Core 25 'Cmp' <Latency = 0> <II = 1> <Delay = 0.88> <FuncUnit> <Opcode : 'icmp'> <InPorts = 2> <OutPorts = 1>
ST_14 : Operation 145 [1/1] (0.00ns) (grouped into LUT with out node select_ln72)   --->   "%or_ln72 = or i1 %icmp_ln72_1, %icmp_ln72" [mlp_FP/mlp.cpp:72->mlp_FP/mlp.cpp:87]   --->   Operation 145 'or' 'or_ln72' <Predicate = true> <Delay = 0.00> <Core = "LogicGate">   --->   Core 27 'LogicGate' <Latency = 0> <II = 1> <Delay = 0.33> <FuncUnit> <Opcode : 'and' 'or' 'xor'> <InPorts = 2> <OutPorts = 1>
ST_14 : Operation 146 [1/2] (3.34ns)   --->   "%tmp_1 = fcmp olt float %acc_0_i, 0.000000e+00" [mlp_FP/mlp.cpp:72->mlp_FP/mlp.cpp:87]   --->   Operation 146 'fcmp' 'tmp_1' <Predicate = true> <Delay = 3.34> <Core = "FCmp">   --->   Core 111 'FCmp' <Latency = 1> <II = 1> <Delay = 3.34> <FuncUnit> <Opcode : 'fcmp'> <InPorts = 2> <OutPorts = 1>
ST_14 : Operation 147 [1/1] (0.00ns) (grouped into LUT with out node select_ln72)   --->   "%and_ln72 = and i1 %or_ln72, %tmp_1" [mlp_FP/mlp.cpp:72->mlp_FP/mlp.cpp:87]   --->   Operation 147 'and' 'and_ln72' <Predicate = true> <Delay = 0.00> <Core = "LogicGate">   --->   Core 27 'LogicGate' <Latency = 0> <II = 1> <Delay = 0.33> <FuncUnit> <Opcode : 'and' 'or' 'xor'> <InPorts = 2> <OutPorts = 1>
ST_14 : Operation 148 [1/1] (0.52ns) (out node of the LUT)   --->   "%select_ln72 = select i1 %and_ln72, float 0.000000e+00, float %acc_0_i" [mlp_FP/mlp.cpp:72->mlp_FP/mlp.cpp:87]   --->   Operation 148 'select' 'select_ln72' <Predicate = true> <Delay = 0.52> <Core = "Sel">   --->   Core 26 'Sel' <Latency = 0> <II = 1> <Delay = 0.52> <FuncUnit> <Opcode : 'select'> <InPorts = 3> <OutPorts = 1>
ST_14 : Operation 149 [1/1] (0.00ns)   --->   "%a1_addr = getelementptr inbounds [5 x float]* %a1, i64 0, i64 %zext_ln87" [mlp_FP/mlp.cpp:87]   --->   Operation 149 'getelementptr' 'a1_addr' <Predicate = true> <Delay = 0.00>
ST_14 : Operation 150 [1/1] (0.79ns)   --->   "store float %select_ln72, float* %a1_addr, align 4" [mlp_FP/mlp.cpp:87]   --->   Operation 150 'store' <Predicate = true> <Delay = 0.79> <Core = "RAM">   --->   Core 37 'RAM' <Latency = 1> <II = 1> <Delay = 0.79> <Storage> <Opcode : 'load' 'store'> <Ports = 2> <Width = 32> <Depth = 10> <RAM>
ST_14 : Operation 151 [1/1] (0.00ns)   --->   "br label %1" [mlp_FP/mlp.cpp:86]   --->   Operation 151 'br' <Predicate = true> <Delay = 0.00>

State 15 <SV = 2> <Delay = 1.35>
ST_15 : Operation 152 [1/1] (0.00ns)   --->   "%j1_0 = phi i4 [ %j_1, %neuron.1.exit ], [ 0, %.preheader4.preheader ]"   --->   Operation 152 'phi' 'j1_0' <Predicate = true> <Delay = 0.00>
ST_15 : Operation 153 [1/1] (0.88ns)   --->   "%icmp_ln90 = icmp eq i4 %j1_0, -8" [mlp_FP/mlp.cpp:90]   --->   Operation 153 'icmp' 'icmp_ln90' <Predicate = true> <Delay = 0.88> <Core = "Cmp">   --->   Core 25 'Cmp' <Latency = 0> <II = 1> <Delay = 0.88> <FuncUnit> <Opcode : 'icmp'> <InPorts = 2> <OutPorts = 1>
ST_15 : Operation 154 [1/1] (0.00ns)   --->   "%empty_6 = call i32 (...)* @_ssdm_op_SpecLoopTripCount(i64 8, i64 8, i64 8) nounwind"   --->   Operation 154 'speclooptripcount' 'empty_6' <Predicate = true> <Delay = 0.00>
ST_15 : Operation 155 [1/1] (0.86ns)   --->   "%j_1 = add i4 %j1_0, 1" [mlp_FP/mlp.cpp:90]   --->   Operation 155 'add' 'j_1' <Predicate = true> <Delay = 0.86> <Core = "AddSub">   --->   Core 14 'AddSub' <Latency = 0> <II = 1> <Delay = 0.86> <FuncUnit> <Opcode : 'add' 'sub'> <InPorts = 2> <OutPorts = 1>
ST_15 : Operation 156 [1/1] (0.00ns)   --->   "br i1 %icmp_ln90, label %.preheader3.preheader, label %5" [mlp_FP/mlp.cpp:90]   --->   Operation 156 'br' <Predicate = true> <Delay = 0.00>
ST_15 : Operation 157 [1/1] (0.00ns)   --->   "%zext_ln91 = zext i4 %j1_0 to i64" [mlp_FP/mlp.cpp:91]   --->   Operation 157 'zext' 'zext_ln91' <Predicate = (!icmp_ln90)> <Delay = 0.00>
ST_15 : Operation 158 [1/1] (0.00ns)   --->   "%B2_addr = getelementptr inbounds [8 x float]* @B2, i64 0, i64 %zext_ln91" [mlp_FP/mlp.cpp:91]   --->   Operation 158 'getelementptr' 'B2_addr' <Predicate = (!icmp_ln90)> <Delay = 0.00>
ST_15 : Operation 159 [2/2] (1.35ns)   --->   "%acc_1 = load float* %B2_addr, align 4" [mlp_FP/mlp.cpp:91]   --->   Operation 159 'load' 'acc_1' <Predicate = (!icmp_ln90)> <Delay = 1.35> <Core = "ROM_nP">   --->   Core 52 'ROM_nP' <Latency = 1> <II = 1> <Delay = 1.35> <Storage> <Opcode : 'load'> <Ports = 0> <Width = 32> <Depth = 80> <ROM>
ST_15 : Operation 160 [1/1] (0.75ns)   --->   "br label %.preheader3" [mlp_FP/mlp.cpp:94]   --->   Operation 160 'br' <Predicate = (icmp_ln90)> <Delay = 0.75>

State 16 <SV = 3> <Delay = 1.35>
ST_16 : Operation 161 [1/1] (0.00ns)   --->   "call void (...)* @_ssdm_op_SpecLoopName([7 x i8]* @p_str2) nounwind" [mlp_FP/mlp.cpp:91]   --->   Operation 161 'specloopname' <Predicate = true> <Delay = 0.00>
ST_16 : Operation 162 [1/1] (0.00ns)   --->   "%zext_ln69_4 = zext i4 %j1_0 to i7" [mlp_FP/mlp.cpp:69->mlp_FP/mlp.cpp:91]   --->   Operation 162 'zext' 'zext_ln69_4' <Predicate = true> <Delay = 0.00>
ST_16 : Operation 163 [1/1] (0.00ns)   --->   "%tmp_10 = call i6 @_ssdm_op_BitConcatenate.i6.i4.i2(i4 %j1_0, i2 0)" [mlp_FP/mlp.cpp:69->mlp_FP/mlp.cpp:91]   --->   Operation 163 'bitconcatenate' 'tmp_10' <Predicate = true> <Delay = 0.00>
ST_16 : Operation 164 [1/1] (0.00ns)   --->   "%zext_ln69_5 = zext i6 %tmp_10 to i7" [mlp_FP/mlp.cpp:69->mlp_FP/mlp.cpp:91]   --->   Operation 164 'zext' 'zext_ln69_5' <Predicate = true> <Delay = 0.00>
ST_16 : Operation 165 [1/1] (0.88ns)   --->   "%add_ln69 = add i7 %zext_ln69_4, %zext_ln69_5" [mlp_FP/mlp.cpp:69->mlp_FP/mlp.cpp:91]   --->   Operation 165 'add' 'add_ln69' <Predicate = true> <Delay = 0.88> <Core = "AddSub">   --->   Core 14 'AddSub' <Latency = 0> <II = 1> <Delay = 0.86> <FuncUnit> <Opcode : 'add' 'sub'> <InPorts = 2> <OutPorts = 1>
ST_16 : Operation 166 [1/2] (1.35ns)   --->   "%acc_1 = load float* %B2_addr, align 4" [mlp_FP/mlp.cpp:91]   --->   Operation 166 'load' 'acc_1' <Predicate = true> <Delay = 1.35> <Core = "ROM_nP">   --->   Core 52 'ROM_nP' <Latency = 1> <II = 1> <Delay = 1.35> <Storage> <Opcode : 'load'> <Ports = 0> <Width = 32> <Depth = 80> <ROM>
ST_16 : Operation 167 [1/1] (0.75ns)   --->   "br label %6" [mlp_FP/mlp.cpp:68->mlp_FP/mlp.cpp:91]   --->   Operation 167 'br' <Predicate = true> <Delay = 0.75>

State 17 <SV = 4> <Delay = 3.34>
ST_17 : Operation 168 [1/1] (0.00ns)   --->   "%acc_0_i6 = phi float [ %acc_1, %5 ], [ %acc_4, %7 ]"   --->   Operation 168 'phi' 'acc_0_i6' <Predicate = true> <Delay = 0.00>
ST_17 : Operation 169 [1/1] (0.00ns)   --->   "%i_0_i7 = phi i3 [ 0, %5 ], [ %i_1, %7 ]"   --->   Operation 169 'phi' 'i_0_i7' <Predicate = true> <Delay = 0.00>
ST_17 : Operation 170 [1/1] (0.00ns)   --->   "%empty_7 = call i32 (...)* @_ssdm_op_SpecLoopTripCount(i64 5, i64 5, i64 5) nounwind"   --->   Operation 170 'speclooptripcount' 'empty_7' <Predicate = true> <Delay = 0.00>
ST_17 : Operation 171 [1/1] (0.69ns)   --->   "%icmp_ln68_1 = icmp eq i3 %i_0_i7, -3" [mlp_FP/mlp.cpp:68->mlp_FP/mlp.cpp:91]   --->   Operation 171 'icmp' 'icmp_ln68_1' <Predicate = true> <Delay = 0.69> <Core = "Cmp">   --->   Core 25 'Cmp' <Latency = 0> <II = 1> <Delay = 0.88> <FuncUnit> <Opcode : 'icmp'> <InPorts = 2> <OutPorts = 1>
ST_17 : Operation 172 [1/1] (0.74ns)   --->   "%i_1 = add i3 %i_0_i7, 1" [mlp_FP/mlp.cpp:68->mlp_FP/mlp.cpp:91]   --->   Operation 172 'add' 'i_1' <Predicate = true> <Delay = 0.74> <Core = "AddSub">   --->   Core 14 'AddSub' <Latency = 0> <II = 1> <Delay = 0.86> <FuncUnit> <Opcode : 'add' 'sub'> <InPorts = 2> <OutPorts = 1>
ST_17 : Operation 173 [1/1] (0.00ns)   --->   "br i1 %icmp_ln68_1, label %neuron.1.exit, label %7" [mlp_FP/mlp.cpp:68->mlp_FP/mlp.cpp:91]   --->   Operation 173 'br' <Predicate = true> <Delay = 0.00>
ST_17 : Operation 174 [1/1] (0.00ns)   --->   "%zext_ln69_1 = zext i3 %i_0_i7 to i64" [mlp_FP/mlp.cpp:69->mlp_FP/mlp.cpp:91]   --->   Operation 174 'zext' 'zext_ln69_1' <Predicate = (!icmp_ln68_1)> <Delay = 0.00>
ST_17 : Operation 175 [1/1] (0.00ns)   --->   "%zext_ln69_8 = zext i3 %i_0_i7 to i7" [mlp_FP/mlp.cpp:69->mlp_FP/mlp.cpp:91]   --->   Operation 175 'zext' 'zext_ln69_8' <Predicate = (!icmp_ln68_1)> <Delay = 0.00>
ST_17 : Operation 176 [1/1] (0.89ns)   --->   "%add_ln69_2 = add i7 %add_ln69, %zext_ln69_8" [mlp_FP/mlp.cpp:69->mlp_FP/mlp.cpp:91]   --->   Operation 176 'add' 'add_ln69_2' <Predicate = (!icmp_ln68_1)> <Delay = 0.89> <Core = "AddSub">   --->   Core 14 'AddSub' <Latency = 0> <II = 1> <Delay = 0.86> <FuncUnit> <Opcode : 'add' 'sub'> <InPorts = 2> <OutPorts = 1>
ST_17 : Operation 177 [1/1] (0.00ns)   --->   "%zext_ln69_9 = zext i7 %add_ln69_2 to i64" [mlp_FP/mlp.cpp:69->mlp_FP/mlp.cpp:91]   --->   Operation 177 'zext' 'zext_ln69_9' <Predicate = (!icmp_ln68_1)> <Delay = 0.00>
ST_17 : Operation 178 [1/1] (0.00ns)   --->   "%W2_addr = getelementptr [40 x float]* @W2, i64 0, i64 %zext_ln69_9" [mlp_FP/mlp.cpp:69->mlp_FP/mlp.cpp:91]   --->   Operation 178 'getelementptr' 'W2_addr' <Predicate = (!icmp_ln68_1)> <Delay = 0.00>
ST_17 : Operation 179 [1/1] (0.00ns)   --->   "%a1_addr_1 = getelementptr [5 x float]* %a1, i64 0, i64 %zext_ln69_1" [mlp_FP/mlp.cpp:69->mlp_FP/mlp.cpp:91]   --->   Operation 179 'getelementptr' 'a1_addr_1' <Predicate = (!icmp_ln68_1)> <Delay = 0.00>
ST_17 : Operation 180 [2/2] (0.79ns)   --->   "%a1_load = load float* %a1_addr_1, align 4" [mlp_FP/mlp.cpp:69->mlp_FP/mlp.cpp:91]   --->   Operation 180 'load' 'a1_load' <Predicate = (!icmp_ln68_1)> <Delay = 0.79> <Core = "RAM">   --->   Core 37 'RAM' <Latency = 1> <II = 1> <Delay = 0.79> <Storage> <Opcode : 'load' 'store'> <Ports = 2> <Width = 32> <Depth = 10> <RAM>
ST_17 : Operation 181 [2/2] (1.35ns)   --->   "%W2_load = load float* %W2_addr, align 4" [mlp_FP/mlp.cpp:69->mlp_FP/mlp.cpp:91]   --->   Operation 181 'load' 'W2_load' <Predicate = (!icmp_ln68_1)> <Delay = 1.35> <Core = "ROM_nP">   --->   Core 52 'ROM_nP' <Latency = 1> <II = 1> <Delay = 1.35> <Storage> <Opcode : 'load'> <Ports = 0> <Width = 32> <Depth = 80> <ROM>
ST_17 : Operation 182 [2/2] (3.34ns)   --->   "%tmp_3 = fcmp olt float %acc_0_i6, 0.000000e+00" [mlp_FP/mlp.cpp:72->mlp_FP/mlp.cpp:91]   --->   Operation 182 'fcmp' 'tmp_3' <Predicate = (icmp_ln68_1)> <Delay = 3.34> <Core = "FCmp">   --->   Core 111 'FCmp' <Latency = 1> <II = 1> <Delay = 3.34> <FuncUnit> <Opcode : 'fcmp'> <InPorts = 2> <OutPorts = 1>

State 18 <SV = 5> <Delay = 6.02>
ST_18 : Operation 183 [1/2] (0.79ns)   --->   "%a1_load = load float* %a1_addr_1, align 4" [mlp_FP/mlp.cpp:69->mlp_FP/mlp.cpp:91]   --->   Operation 183 'load' 'a1_load' <Predicate = true> <Delay = 0.79> <Core = "RAM">   --->   Core 37 'RAM' <Latency = 1> <II = 1> <Delay = 0.79> <Storage> <Opcode : 'load' 'store'> <Ports = 2> <Width = 32> <Depth = 10> <RAM>
ST_18 : Operation 184 [1/2] (1.35ns)   --->   "%W2_load = load float* %W2_addr, align 4" [mlp_FP/mlp.cpp:69->mlp_FP/mlp.cpp:91]   --->   Operation 184 'load' 'W2_load' <Predicate = true> <Delay = 1.35> <Core = "ROM_nP">   --->   Core 52 'ROM_nP' <Latency = 1> <II = 1> <Delay = 1.35> <Storage> <Opcode : 'load'> <Ports = 0> <Width = 32> <Depth = 80> <ROM>
ST_18 : Operation 185 [4/4] (4.67ns)   --->   "%tmp_i1 = fmul float %a1_load, %W2_load" [mlp_FP/mlp.cpp:69->mlp_FP/mlp.cpp:91]   --->   Operation 185 'fmul' 'tmp_i1' <Predicate = true> <Delay = 4.67> <Core = "FMul">   --->   Core 106 'FMul' <Latency = 3> <II = 1> <Delay = 4.67> <FuncUnit> <Opcode : 'fmul'> <InPorts = 2> <OutPorts = 1>

State 19 <SV = 6> <Delay = 4.67>
ST_19 : Operation 186 [3/4] (4.67ns)   --->   "%tmp_i1 = fmul float %a1_load, %W2_load" [mlp_FP/mlp.cpp:69->mlp_FP/mlp.cpp:91]   --->   Operation 186 'fmul' 'tmp_i1' <Predicate = true> <Delay = 4.67> <Core = "FMul">   --->   Core 106 'FMul' <Latency = 3> <II = 1> <Delay = 4.67> <FuncUnit> <Opcode : 'fmul'> <InPorts = 2> <OutPorts = 1>

State 20 <SV = 7> <Delay = 4.67>
ST_20 : Operation 187 [2/4] (4.67ns)   --->   "%tmp_i1 = fmul float %a1_load, %W2_load" [mlp_FP/mlp.cpp:69->mlp_FP/mlp.cpp:91]   --->   Operation 187 'fmul' 'tmp_i1' <Predicate = true> <Delay = 4.67> <Core = "FMul">   --->   Core 106 'FMul' <Latency = 3> <II = 1> <Delay = 4.67> <FuncUnit> <Opcode : 'fmul'> <InPorts = 2> <OutPorts = 1>

State 21 <SV = 8> <Delay = 4.67>
ST_21 : Operation 188 [1/4] (4.67ns)   --->   "%tmp_i1 = fmul float %a1_load, %W2_load" [mlp_FP/mlp.cpp:69->mlp_FP/mlp.cpp:91]   --->   Operation 188 'fmul' 'tmp_i1' <Predicate = true> <Delay = 4.67> <Core = "FMul">   --->   Core 106 'FMul' <Latency = 3> <II = 1> <Delay = 4.67> <FuncUnit> <Opcode : 'fmul'> <InPorts = 2> <OutPorts = 1>

State 22 <SV = 9> <Delay = 7.50>
ST_22 : Operation 189 [5/5] (7.50ns)   --->   "%acc_4 = fadd float %acc_0_i6, %tmp_i1" [mlp_FP/mlp.cpp:69->mlp_FP/mlp.cpp:91]   --->   Operation 189 'fadd' 'acc_4' <Predicate = true> <Delay = 7.50> <Core = "FAddSub">   --->   Core 105 'FAddSub' <Latency = 4> <II = 1> <Delay = 6.01> <FuncUnit> <Opcode : 'fadd' 'fsub'> <InPorts = 2> <OutPorts = 1>

State 23 <SV = 10> <Delay = 6.01>
ST_23 : Operation 190 [4/5] (6.01ns)   --->   "%acc_4 = fadd float %acc_0_i6, %tmp_i1" [mlp_FP/mlp.cpp:69->mlp_FP/mlp.cpp:91]   --->   Operation 190 'fadd' 'acc_4' <Predicate = true> <Delay = 6.01> <Core = "FAddSub">   --->   Core 105 'FAddSub' <Latency = 4> <II = 1> <Delay = 6.01> <FuncUnit> <Opcode : 'fadd' 'fsub'> <InPorts = 2> <OutPorts = 1>

State 24 <SV = 11> <Delay = 6.01>
ST_24 : Operation 191 [3/5] (6.01ns)   --->   "%acc_4 = fadd float %acc_0_i6, %tmp_i1" [mlp_FP/mlp.cpp:69->mlp_FP/mlp.cpp:91]   --->   Operation 191 'fadd' 'acc_4' <Predicate = true> <Delay = 6.01> <Core = "FAddSub">   --->   Core 105 'FAddSub' <Latency = 4> <II = 1> <Delay = 6.01> <FuncUnit> <Opcode : 'fadd' 'fsub'> <InPorts = 2> <OutPorts = 1>

State 25 <SV = 12> <Delay = 6.01>
ST_25 : Operation 192 [2/5] (6.01ns)   --->   "%acc_4 = fadd float %acc_0_i6, %tmp_i1" [mlp_FP/mlp.cpp:69->mlp_FP/mlp.cpp:91]   --->   Operation 192 'fadd' 'acc_4' <Predicate = true> <Delay = 6.01> <Core = "FAddSub">   --->   Core 105 'FAddSub' <Latency = 4> <II = 1> <Delay = 6.01> <FuncUnit> <Opcode : 'fadd' 'fsub'> <InPorts = 2> <OutPorts = 1>

State 26 <SV = 13> <Delay = 6.01>
ST_26 : Operation 193 [1/1] (0.00ns)   --->   "call void (...)* @_ssdm_op_SpecLoopName([11 x i8]* @p_str) nounwind" [mlp_FP/mlp.cpp:68->mlp_FP/mlp.cpp:91]   --->   Operation 193 'specloopname' <Predicate = true> <Delay = 0.00>
ST_26 : Operation 194 [1/5] (6.01ns)   --->   "%acc_4 = fadd float %acc_0_i6, %tmp_i1" [mlp_FP/mlp.cpp:69->mlp_FP/mlp.cpp:91]   --->   Operation 194 'fadd' 'acc_4' <Predicate = true> <Delay = 6.01> <Core = "FAddSub">   --->   Core 105 'FAddSub' <Latency = 4> <II = 1> <Delay = 6.01> <FuncUnit> <Opcode : 'fadd' 'fsub'> <InPorts = 2> <OutPorts = 1>
ST_26 : Operation 195 [1/1] (0.00ns)   --->   "br label %6" [mlp_FP/mlp.cpp:68->mlp_FP/mlp.cpp:91]   --->   Operation 195 'br' <Predicate = true> <Delay = 0.00>

State 27 <SV = 5> <Delay = 4.66>
ST_27 : Operation 196 [1/1] (0.00ns)   --->   "%bitcast_ln72_1 = bitcast float %acc_0_i6 to i32" [mlp_FP/mlp.cpp:72->mlp_FP/mlp.cpp:91]   --->   Operation 196 'bitcast' 'bitcast_ln72_1' <Predicate = true> <Delay = 0.00>
ST_27 : Operation 197 [1/1] (0.00ns)   --->   "%tmp_2 = call i8 @_ssdm_op_PartSelect.i8.i32.i32.i32(i32 %bitcast_ln72_1, i32 23, i32 30)" [mlp_FP/mlp.cpp:72->mlp_FP/mlp.cpp:91]   --->   Operation 197 'partselect' 'tmp_2' <Predicate = true> <Delay = 0.00>
ST_27 : Operation 198 [1/1] (0.00ns)   --->   "%trunc_ln72_1 = trunc i32 %bitcast_ln72_1 to i23" [mlp_FP/mlp.cpp:72->mlp_FP/mlp.cpp:91]   --->   Operation 198 'trunc' 'trunc_ln72_1' <Predicate = true> <Delay = 0.00>
ST_27 : Operation 199 [1/1] (0.85ns)   --->   "%icmp_ln72_2 = icmp ne i8 %tmp_2, -1" [mlp_FP/mlp.cpp:72->mlp_FP/mlp.cpp:91]   --->   Operation 199 'icmp' 'icmp_ln72_2' <Predicate = true> <Delay = 0.85> <Core = "Cmp">   --->   Core 25 'Cmp' <Latency = 0> <II = 1> <Delay = 0.88> <FuncUnit> <Opcode : 'icmp'> <InPorts = 2> <OutPorts = 1>
ST_27 : Operation 200 [1/1] (0.97ns)   --->   "%icmp_ln72_3 = icmp eq i23 %trunc_ln72_1, 0" [mlp_FP/mlp.cpp:72->mlp_FP/mlp.cpp:91]   --->   Operation 200 'icmp' 'icmp_ln72_3' <Predicate = true> <Delay = 0.97> <Core = "Cmp">   --->   Core 25 'Cmp' <Latency = 0> <II = 1> <Delay = 0.88> <FuncUnit> <Opcode : 'icmp'> <InPorts = 2> <OutPorts = 1>
ST_27 : Operation 201 [1/1] (0.00ns) (grouped into LUT with out node select_ln72_1)   --->   "%or_ln72_1 = or i1 %icmp_ln72_3, %icmp_ln72_2" [mlp_FP/mlp.cpp:72->mlp_FP/mlp.cpp:91]   --->   Operation 201 'or' 'or_ln72_1' <Predicate = true> <Delay = 0.00> <Core = "LogicGate">   --->   Core 27 'LogicGate' <Latency = 0> <II = 1> <Delay = 0.33> <FuncUnit> <Opcode : 'and' 'or' 'xor'> <InPorts = 2> <OutPorts = 1>
ST_27 : Operation 202 [1/2] (3.34ns)   --->   "%tmp_3 = fcmp olt float %acc_0_i6, 0.000000e+00" [mlp_FP/mlp.cpp:72->mlp_FP/mlp.cpp:91]   --->   Operation 202 'fcmp' 'tmp_3' <Predicate = true> <Delay = 3.34> <Core = "FCmp">   --->   Core 111 'FCmp' <Latency = 1> <II = 1> <Delay = 3.34> <FuncUnit> <Opcode : 'fcmp'> <InPorts = 2> <OutPorts = 1>
ST_27 : Operation 203 [1/1] (0.00ns) (grouped into LUT with out node select_ln72_1)   --->   "%and_ln72_1 = and i1 %or_ln72_1, %tmp_3" [mlp_FP/mlp.cpp:72->mlp_FP/mlp.cpp:91]   --->   Operation 203 'and' 'and_ln72_1' <Predicate = true> <Delay = 0.00> <Core = "LogicGate">   --->   Core 27 'LogicGate' <Latency = 0> <II = 1> <Delay = 0.33> <FuncUnit> <Opcode : 'and' 'or' 'xor'> <InPorts = 2> <OutPorts = 1>
ST_27 : Operation 204 [1/1] (0.52ns) (out node of the LUT)   --->   "%select_ln72_1 = select i1 %and_ln72_1, float 0.000000e+00, float %acc_0_i6" [mlp_FP/mlp.cpp:72->mlp_FP/mlp.cpp:91]   --->   Operation 204 'select' 'select_ln72_1' <Predicate = true> <Delay = 0.52> <Core = "Sel">   --->   Core 26 'Sel' <Latency = 0> <II = 1> <Delay = 0.52> <FuncUnit> <Opcode : 'select'> <InPorts = 3> <OutPorts = 1>
ST_27 : Operation 205 [1/1] (0.00ns)   --->   "%a2_addr = getelementptr inbounds [8 x float]* %a2, i64 0, i64 %zext_ln91" [mlp_FP/mlp.cpp:91]   --->   Operation 205 'getelementptr' 'a2_addr' <Predicate = true> <Delay = 0.00>
ST_27 : Operation 206 [1/1] (0.79ns)   --->   "store float %select_ln72_1, float* %a2_addr, align 4" [mlp_FP/mlp.cpp:91]   --->   Operation 206 'store' <Predicate = true> <Delay = 0.79> <Core = "RAM">   --->   Core 37 'RAM' <Latency = 1> <II = 1> <Delay = 0.79> <Storage> <Opcode : 'load' 'store'> <Ports = 2> <Width = 32> <Depth = 10> <RAM>
ST_27 : Operation 207 [1/1] (0.00ns)   --->   "br label %.preheader4" [mlp_FP/mlp.cpp:90]   --->   Operation 207 'br' <Predicate = true> <Delay = 0.00>

State 28 <SV = 3> <Delay = 1.35>
ST_28 : Operation 208 [1/1] (0.00ns)   --->   "%j2_0 = phi i4 [ %j_2, %neuron.exit ], [ 0, %.preheader3.preheader ]"   --->   Operation 208 'phi' 'j2_0' <Predicate = true> <Delay = 0.00>
ST_28 : Operation 209 [1/1] (0.88ns)   --->   "%icmp_ln94 = icmp eq i4 %j2_0, -8" [mlp_FP/mlp.cpp:94]   --->   Operation 209 'icmp' 'icmp_ln94' <Predicate = true> <Delay = 0.88> <Core = "Cmp">   --->   Core 25 'Cmp' <Latency = 0> <II = 1> <Delay = 0.88> <FuncUnit> <Opcode : 'icmp'> <InPorts = 2> <OutPorts = 1>
ST_28 : Operation 210 [1/1] (0.00ns)   --->   "%empty_8 = call i32 (...)* @_ssdm_op_SpecLoopTripCount(i64 8, i64 8, i64 8) nounwind"   --->   Operation 210 'speclooptripcount' 'empty_8' <Predicate = true> <Delay = 0.00>
ST_28 : Operation 211 [1/1] (0.86ns)   --->   "%j_2 = add i4 %j2_0, 1" [mlp_FP/mlp.cpp:94]   --->   Operation 211 'add' 'j_2' <Predicate = true> <Delay = 0.86> <Core = "AddSub">   --->   Core 14 'AddSub' <Latency = 0> <II = 1> <Delay = 0.86> <FuncUnit> <Opcode : 'add' 'sub'> <InPorts = 2> <OutPorts = 1>
ST_28 : Operation 212 [1/1] (0.00ns)   --->   "br i1 %icmp_ln94, label %.preheader2.preheader, label %8" [mlp_FP/mlp.cpp:94]   --->   Operation 212 'br' <Predicate = true> <Delay = 0.00>
ST_28 : Operation 213 [1/1] (0.00ns)   --->   "%zext_ln95 = zext i4 %j2_0 to i64" [mlp_FP/mlp.cpp:95]   --->   Operation 213 'zext' 'zext_ln95' <Predicate = (!icmp_ln94)> <Delay = 0.00>
ST_28 : Operation 214 [1/1] (0.00ns)   --->   "%B3_addr = getelementptr inbounds [8 x float]* @B3, i64 0, i64 %zext_ln95" [mlp_FP/mlp.cpp:95]   --->   Operation 214 'getelementptr' 'B3_addr' <Predicate = (!icmp_ln94)> <Delay = 0.00>
ST_28 : Operation 215 [2/2] (1.35ns)   --->   "%acc_3 = load float* %B3_addr, align 4" [mlp_FP/mlp.cpp:95]   --->   Operation 215 'load' 'acc_3' <Predicate = (!icmp_ln94)> <Delay = 1.35> <Core = "ROM_nP">   --->   Core 52 'ROM_nP' <Latency = 1> <II = 1> <Delay = 1.35> <Storage> <Opcode : 'load'> <Ports = 0> <Width = 32> <Depth = 80> <ROM>
ST_28 : Operation 216 [1/1] (0.75ns)   --->   "br label %.preheader2" [mlp_FP/mlp.cpp:98]   --->   Operation 216 'br' <Predicate = (icmp_ln94)> <Delay = 0.75>

State 29 <SV = 4> <Delay = 1.35>
ST_29 : Operation 217 [1/1] (0.00ns)   --->   "call void (...)* @_ssdm_op_SpecLoopName([7 x i8]* @p_str3) nounwind" [mlp_FP/mlp.cpp:95]   --->   Operation 217 'specloopname' <Predicate = true> <Delay = 0.00>
ST_29 : Operation 218 [1/1] (0.00ns)   --->   "%tmp_11 = call i7 @_ssdm_op_BitConcatenate.i7.i4.i3(i4 %j2_0, i3 0)" [mlp_FP/mlp.cpp:69->mlp_FP/mlp.cpp:95]   --->   Operation 218 'bitconcatenate' 'tmp_11' <Predicate = true> <Delay = 0.00>
ST_29 : Operation 219 [1/1] (0.00ns)   --->   "%zext_ln95_1 = zext i7 %tmp_11 to i8" [mlp_FP/mlp.cpp:95]   --->   Operation 219 'zext' 'zext_ln95_1' <Predicate = true> <Delay = 0.00>
ST_29 : Operation 220 [1/2] (1.35ns)   --->   "%acc_3 = load float* %B3_addr, align 4" [mlp_FP/mlp.cpp:95]   --->   Operation 220 'load' 'acc_3' <Predicate = true> <Delay = 1.35> <Core = "ROM_nP">   --->   Core 52 'ROM_nP' <Latency = 1> <II = 1> <Delay = 1.35> <Storage> <Opcode : 'load'> <Ports = 0> <Width = 32> <Depth = 80> <ROM>
ST_29 : Operation 221 [1/1] (0.75ns)   --->   "br label %9" [mlp_FP/mlp.cpp:68->mlp_FP/mlp.cpp:95]   --->   Operation 221 'br' <Predicate = true> <Delay = 0.75>

State 30 <SV = 5> <Delay = 3.34>
ST_30 : Operation 222 [1/1] (0.00ns)   --->   "%acc_0_i17 = phi float [ %acc_3, %8 ], [ %acc_6, %10 ]"   --->   Operation 222 'phi' 'acc_0_i17' <Predicate = true> <Delay = 0.00>
ST_30 : Operation 223 [1/1] (0.00ns)   --->   "%i_0_i18 = phi i4 [ 0, %8 ], [ %i_2, %10 ]"   --->   Operation 223 'phi' 'i_0_i18' <Predicate = true> <Delay = 0.00>
ST_30 : Operation 224 [1/1] (0.00ns)   --->   "%empty_9 = call i32 (...)* @_ssdm_op_SpecLoopTripCount(i64 8, i64 8, i64 8) nounwind"   --->   Operation 224 'speclooptripcount' 'empty_9' <Predicate = true> <Delay = 0.00>
ST_30 : Operation 225 [1/1] (0.88ns)   --->   "%icmp_ln68_2 = icmp eq i4 %i_0_i18, -8" [mlp_FP/mlp.cpp:68->mlp_FP/mlp.cpp:95]   --->   Operation 225 'icmp' 'icmp_ln68_2' <Predicate = true> <Delay = 0.88> <Core = "Cmp">   --->   Core 25 'Cmp' <Latency = 0> <II = 1> <Delay = 0.88> <FuncUnit> <Opcode : 'icmp'> <InPorts = 2> <OutPorts = 1>
ST_30 : Operation 226 [1/1] (0.86ns)   --->   "%i_2 = add i4 %i_0_i18, 1" [mlp_FP/mlp.cpp:68->mlp_FP/mlp.cpp:95]   --->   Operation 226 'add' 'i_2' <Predicate = true> <Delay = 0.86> <Core = "AddSub">   --->   Core 14 'AddSub' <Latency = 0> <II = 1> <Delay = 0.86> <FuncUnit> <Opcode : 'add' 'sub'> <InPorts = 2> <OutPorts = 1>
ST_30 : Operation 227 [1/1] (0.00ns)   --->   "br i1 %icmp_ln68_2, label %neuron.exit, label %10" [mlp_FP/mlp.cpp:68->mlp_FP/mlp.cpp:95]   --->   Operation 227 'br' <Predicate = true> <Delay = 0.00>
ST_30 : Operation 228 [1/1] (0.00ns)   --->   "%zext_ln69_2 = zext i4 %i_0_i18 to i64" [mlp_FP/mlp.cpp:69->mlp_FP/mlp.cpp:95]   --->   Operation 228 'zext' 'zext_ln69_2' <Predicate = (!icmp_ln68_2)> <Delay = 0.00>
ST_30 : Operation 229 [1/1] (0.00ns)   --->   "%zext_ln69_10 = zext i4 %i_0_i18 to i8" [mlp_FP/mlp.cpp:69->mlp_FP/mlp.cpp:95]   --->   Operation 229 'zext' 'zext_ln69_10' <Predicate = (!icmp_ln68_2)> <Delay = 0.00>
ST_30 : Operation 230 [1/1] (0.89ns)   --->   "%add_ln69_3 = add i8 %zext_ln95_1, %zext_ln69_10" [mlp_FP/mlp.cpp:69->mlp_FP/mlp.cpp:95]   --->   Operation 230 'add' 'add_ln69_3' <Predicate = (!icmp_ln68_2)> <Delay = 0.89> <Core = "AddSub">   --->   Core 14 'AddSub' <Latency = 0> <II = 1> <Delay = 0.86> <FuncUnit> <Opcode : 'add' 'sub'> <InPorts = 2> <OutPorts = 1>
ST_30 : Operation 231 [1/1] (0.00ns)   --->   "%zext_ln69_11 = zext i8 %add_ln69_3 to i64" [mlp_FP/mlp.cpp:69->mlp_FP/mlp.cpp:95]   --->   Operation 231 'zext' 'zext_ln69_11' <Predicate = (!icmp_ln68_2)> <Delay = 0.00>
ST_30 : Operation 232 [1/1] (0.00ns)   --->   "%W3_addr = getelementptr [64 x float]* @W3, i64 0, i64 %zext_ln69_11" [mlp_FP/mlp.cpp:69->mlp_FP/mlp.cpp:95]   --->   Operation 232 'getelementptr' 'W3_addr' <Predicate = (!icmp_ln68_2)> <Delay = 0.00>
ST_30 : Operation 233 [1/1] (0.00ns)   --->   "%a2_addr_1 = getelementptr [8 x float]* %a2, i64 0, i64 %zext_ln69_2" [mlp_FP/mlp.cpp:69->mlp_FP/mlp.cpp:95]   --->   Operation 233 'getelementptr' 'a2_addr_1' <Predicate = (!icmp_ln68_2)> <Delay = 0.00>
ST_30 : Operation 234 [2/2] (0.79ns)   --->   "%a2_load = load float* %a2_addr_1, align 4" [mlp_FP/mlp.cpp:69->mlp_FP/mlp.cpp:95]   --->   Operation 234 'load' 'a2_load' <Predicate = (!icmp_ln68_2)> <Delay = 0.79> <Core = "RAM">   --->   Core 37 'RAM' <Latency = 1> <II = 1> <Delay = 0.79> <Storage> <Opcode : 'load' 'store'> <Ports = 2> <Width = 32> <Depth = 10> <RAM>
ST_30 : Operation 235 [2/2] (1.35ns)   --->   "%W3_load = load float* %W3_addr, align 4" [mlp_FP/mlp.cpp:69->mlp_FP/mlp.cpp:95]   --->   Operation 235 'load' 'W3_load' <Predicate = (!icmp_ln68_2)> <Delay = 1.35> <Core = "ROM_nP">   --->   Core 52 'ROM_nP' <Latency = 1> <II = 1> <Delay = 1.35> <Storage> <Opcode : 'load'> <Ports = 0> <Width = 32> <Depth = 80> <ROM>
ST_30 : Operation 236 [2/2] (3.34ns)   --->   "%tmp_5 = fcmp olt float %acc_0_i17, 0.000000e+00" [mlp_FP/mlp.cpp:72->mlp_FP/mlp.cpp:95]   --->   Operation 236 'fcmp' 'tmp_5' <Predicate = (icmp_ln68_2)> <Delay = 3.34> <Core = "FCmp">   --->   Core 111 'FCmp' <Latency = 1> <II = 1> <Delay = 3.34> <FuncUnit> <Opcode : 'fcmp'> <InPorts = 2> <OutPorts = 1>

State 31 <SV = 6> <Delay = 6.02>
ST_31 : Operation 237 [1/2] (0.79ns)   --->   "%a2_load = load float* %a2_addr_1, align 4" [mlp_FP/mlp.cpp:69->mlp_FP/mlp.cpp:95]   --->   Operation 237 'load' 'a2_load' <Predicate = true> <Delay = 0.79> <Core = "RAM">   --->   Core 37 'RAM' <Latency = 1> <II = 1> <Delay = 0.79> <Storage> <Opcode : 'load' 'store'> <Ports = 2> <Width = 32> <Depth = 10> <RAM>
ST_31 : Operation 238 [1/2] (1.35ns)   --->   "%W3_load = load float* %W3_addr, align 4" [mlp_FP/mlp.cpp:69->mlp_FP/mlp.cpp:95]   --->   Operation 238 'load' 'W3_load' <Predicate = true> <Delay = 1.35> <Core = "ROM_nP">   --->   Core 52 'ROM_nP' <Latency = 1> <II = 1> <Delay = 1.35> <Storage> <Opcode : 'load'> <Ports = 0> <Width = 32> <Depth = 80> <ROM>
ST_31 : Operation 239 [4/4] (4.67ns)   --->   "%tmp_i2 = fmul float %a2_load, %W3_load" [mlp_FP/mlp.cpp:69->mlp_FP/mlp.cpp:95]   --->   Operation 239 'fmul' 'tmp_i2' <Predicate = true> <Delay = 4.67> <Core = "FMul">   --->   Core 106 'FMul' <Latency = 3> <II = 1> <Delay = 4.67> <FuncUnit> <Opcode : 'fmul'> <InPorts = 2> <OutPorts = 1>

State 32 <SV = 7> <Delay = 4.67>
ST_32 : Operation 240 [3/4] (4.67ns)   --->   "%tmp_i2 = fmul float %a2_load, %W3_load" [mlp_FP/mlp.cpp:69->mlp_FP/mlp.cpp:95]   --->   Operation 240 'fmul' 'tmp_i2' <Predicate = true> <Delay = 4.67> <Core = "FMul">   --->   Core 106 'FMul' <Latency = 3> <II = 1> <Delay = 4.67> <FuncUnit> <Opcode : 'fmul'> <InPorts = 2> <OutPorts = 1>

State 33 <SV = 8> <Delay = 4.67>
ST_33 : Operation 241 [2/4] (4.67ns)   --->   "%tmp_i2 = fmul float %a2_load, %W3_load" [mlp_FP/mlp.cpp:69->mlp_FP/mlp.cpp:95]   --->   Operation 241 'fmul' 'tmp_i2' <Predicate = true> <Delay = 4.67> <Core = "FMul">   --->   Core 106 'FMul' <Latency = 3> <II = 1> <Delay = 4.67> <FuncUnit> <Opcode : 'fmul'> <InPorts = 2> <OutPorts = 1>

State 34 <SV = 9> <Delay = 4.67>
ST_34 : Operation 242 [1/4] (4.67ns)   --->   "%tmp_i2 = fmul float %a2_load, %W3_load" [mlp_FP/mlp.cpp:69->mlp_FP/mlp.cpp:95]   --->   Operation 242 'fmul' 'tmp_i2' <Predicate = true> <Delay = 4.67> <Core = "FMul">   --->   Core 106 'FMul' <Latency = 3> <II = 1> <Delay = 4.67> <FuncUnit> <Opcode : 'fmul'> <InPorts = 2> <OutPorts = 1>

State 35 <SV = 10> <Delay = 7.50>
ST_35 : Operation 243 [5/5] (7.50ns)   --->   "%acc_6 = fadd float %acc_0_i17, %tmp_i2" [mlp_FP/mlp.cpp:69->mlp_FP/mlp.cpp:95]   --->   Operation 243 'fadd' 'acc_6' <Predicate = true> <Delay = 7.50> <Core = "FAddSub">   --->   Core 105 'FAddSub' <Latency = 4> <II = 1> <Delay = 6.01> <FuncUnit> <Opcode : 'fadd' 'fsub'> <InPorts = 2> <OutPorts = 1>

State 36 <SV = 11> <Delay = 6.01>
ST_36 : Operation 244 [4/5] (6.01ns)   --->   "%acc_6 = fadd float %acc_0_i17, %tmp_i2" [mlp_FP/mlp.cpp:69->mlp_FP/mlp.cpp:95]   --->   Operation 244 'fadd' 'acc_6' <Predicate = true> <Delay = 6.01> <Core = "FAddSub">   --->   Core 105 'FAddSub' <Latency = 4> <II = 1> <Delay = 6.01> <FuncUnit> <Opcode : 'fadd' 'fsub'> <InPorts = 2> <OutPorts = 1>

State 37 <SV = 12> <Delay = 6.01>
ST_37 : Operation 245 [3/5] (6.01ns)   --->   "%acc_6 = fadd float %acc_0_i17, %tmp_i2" [mlp_FP/mlp.cpp:69->mlp_FP/mlp.cpp:95]   --->   Operation 245 'fadd' 'acc_6' <Predicate = true> <Delay = 6.01> <Core = "FAddSub">   --->   Core 105 'FAddSub' <Latency = 4> <II = 1> <Delay = 6.01> <FuncUnit> <Opcode : 'fadd' 'fsub'> <InPorts = 2> <OutPorts = 1>

State 38 <SV = 13> <Delay = 6.01>
ST_38 : Operation 246 [2/5] (6.01ns)   --->   "%acc_6 = fadd float %acc_0_i17, %tmp_i2" [mlp_FP/mlp.cpp:69->mlp_FP/mlp.cpp:95]   --->   Operation 246 'fadd' 'acc_6' <Predicate = true> <Delay = 6.01> <Core = "FAddSub">   --->   Core 105 'FAddSub' <Latency = 4> <II = 1> <Delay = 6.01> <FuncUnit> <Opcode : 'fadd' 'fsub'> <InPorts = 2> <OutPorts = 1>

State 39 <SV = 14> <Delay = 6.01>
ST_39 : Operation 247 [1/1] (0.00ns)   --->   "call void (...)* @_ssdm_op_SpecLoopName([11 x i8]* @p_str) nounwind" [mlp_FP/mlp.cpp:68->mlp_FP/mlp.cpp:95]   --->   Operation 247 'specloopname' <Predicate = true> <Delay = 0.00>
ST_39 : Operation 248 [1/5] (6.01ns)   --->   "%acc_6 = fadd float %acc_0_i17, %tmp_i2" [mlp_FP/mlp.cpp:69->mlp_FP/mlp.cpp:95]   --->   Operation 248 'fadd' 'acc_6' <Predicate = true> <Delay = 6.01> <Core = "FAddSub">   --->   Core 105 'FAddSub' <Latency = 4> <II = 1> <Delay = 6.01> <FuncUnit> <Opcode : 'fadd' 'fsub'> <InPorts = 2> <OutPorts = 1>
ST_39 : Operation 249 [1/1] (0.00ns)   --->   "br label %9" [mlp_FP/mlp.cpp:68->mlp_FP/mlp.cpp:95]   --->   Operation 249 'br' <Predicate = true> <Delay = 0.00>

State 40 <SV = 6> <Delay = 4.66>
ST_40 : Operation 250 [1/1] (0.00ns)   --->   "%bitcast_ln72_2 = bitcast float %acc_0_i17 to i32" [mlp_FP/mlp.cpp:72->mlp_FP/mlp.cpp:95]   --->   Operation 250 'bitcast' 'bitcast_ln72_2' <Predicate = true> <Delay = 0.00>
ST_40 : Operation 251 [1/1] (0.00ns)   --->   "%tmp_4 = call i8 @_ssdm_op_PartSelect.i8.i32.i32.i32(i32 %bitcast_ln72_2, i32 23, i32 30)" [mlp_FP/mlp.cpp:72->mlp_FP/mlp.cpp:95]   --->   Operation 251 'partselect' 'tmp_4' <Predicate = true> <Delay = 0.00>
ST_40 : Operation 252 [1/1] (0.00ns)   --->   "%trunc_ln72_2 = trunc i32 %bitcast_ln72_2 to i23" [mlp_FP/mlp.cpp:72->mlp_FP/mlp.cpp:95]   --->   Operation 252 'trunc' 'trunc_ln72_2' <Predicate = true> <Delay = 0.00>
ST_40 : Operation 253 [1/1] (0.85ns)   --->   "%icmp_ln72_4 = icmp ne i8 %tmp_4, -1" [mlp_FP/mlp.cpp:72->mlp_FP/mlp.cpp:95]   --->   Operation 253 'icmp' 'icmp_ln72_4' <Predicate = true> <Delay = 0.85> <Core = "Cmp">   --->   Core 25 'Cmp' <Latency = 0> <II = 1> <Delay = 0.88> <FuncUnit> <Opcode : 'icmp'> <InPorts = 2> <OutPorts = 1>
ST_40 : Operation 254 [1/1] (0.97ns)   --->   "%icmp_ln72_5 = icmp eq i23 %trunc_ln72_2, 0" [mlp_FP/mlp.cpp:72->mlp_FP/mlp.cpp:95]   --->   Operation 254 'icmp' 'icmp_ln72_5' <Predicate = true> <Delay = 0.97> <Core = "Cmp">   --->   Core 25 'Cmp' <Latency = 0> <II = 1> <Delay = 0.88> <FuncUnit> <Opcode : 'icmp'> <InPorts = 2> <OutPorts = 1>
ST_40 : Operation 255 [1/1] (0.00ns) (grouped into LUT with out node select_ln72_2)   --->   "%or_ln72_2 = or i1 %icmp_ln72_5, %icmp_ln72_4" [mlp_FP/mlp.cpp:72->mlp_FP/mlp.cpp:95]   --->   Operation 255 'or' 'or_ln72_2' <Predicate = true> <Delay = 0.00> <Core = "LogicGate">   --->   Core 27 'LogicGate' <Latency = 0> <II = 1> <Delay = 0.33> <FuncUnit> <Opcode : 'and' 'or' 'xor'> <InPorts = 2> <OutPorts = 1>
ST_40 : Operation 256 [1/2] (3.34ns)   --->   "%tmp_5 = fcmp olt float %acc_0_i17, 0.000000e+00" [mlp_FP/mlp.cpp:72->mlp_FP/mlp.cpp:95]   --->   Operation 256 'fcmp' 'tmp_5' <Predicate = true> <Delay = 3.34> <Core = "FCmp">   --->   Core 111 'FCmp' <Latency = 1> <II = 1> <Delay = 3.34> <FuncUnit> <Opcode : 'fcmp'> <InPorts = 2> <OutPorts = 1>
ST_40 : Operation 257 [1/1] (0.00ns) (grouped into LUT with out node select_ln72_2)   --->   "%and_ln72_2 = and i1 %or_ln72_2, %tmp_5" [mlp_FP/mlp.cpp:72->mlp_FP/mlp.cpp:95]   --->   Operation 257 'and' 'and_ln72_2' <Predicate = true> <Delay = 0.00> <Core = "LogicGate">   --->   Core 27 'LogicGate' <Latency = 0> <II = 1> <Delay = 0.33> <FuncUnit> <Opcode : 'and' 'or' 'xor'> <InPorts = 2> <OutPorts = 1>
ST_40 : Operation 258 [1/1] (0.52ns) (out node of the LUT)   --->   "%select_ln72_2 = select i1 %and_ln72_2, float 0.000000e+00, float %acc_0_i17" [mlp_FP/mlp.cpp:72->mlp_FP/mlp.cpp:95]   --->   Operation 258 'select' 'select_ln72_2' <Predicate = true> <Delay = 0.52> <Core = "Sel">   --->   Core 26 'Sel' <Latency = 0> <II = 1> <Delay = 0.52> <FuncUnit> <Opcode : 'select'> <InPorts = 3> <OutPorts = 1>
ST_40 : Operation 259 [1/1] (0.00ns)   --->   "%a3_addr = getelementptr inbounds [8 x float]* %a3, i64 0, i64 %zext_ln95" [mlp_FP/mlp.cpp:95]   --->   Operation 259 'getelementptr' 'a3_addr' <Predicate = true> <Delay = 0.00>
ST_40 : Operation 260 [1/1] (0.79ns)   --->   "store float %select_ln72_2, float* %a3_addr, align 4" [mlp_FP/mlp.cpp:95]   --->   Operation 260 'store' <Predicate = true> <Delay = 0.79> <Core = "RAM">   --->   Core 37 'RAM' <Latency = 1> <II = 1> <Delay = 0.79> <Storage> <Opcode : 'load' 'store'> <Ports = 2> <Width = 32> <Depth = 10> <RAM>
ST_40 : Operation 261 [1/1] (0.00ns)   --->   "br label %.preheader3" [mlp_FP/mlp.cpp:94]   --->   Operation 261 'br' <Predicate = true> <Delay = 0.00>

State 41 <SV = 4> <Delay = 1.35>
ST_41 : Operation 262 [1/1] (0.00ns)   --->   "%j3_0 = phi i4 [ %j_4, %neuron.18.exit ], [ 0, %.preheader2.preheader ]"   --->   Operation 262 'phi' 'j3_0' <Predicate = true> <Delay = 0.00>
ST_41 : Operation 263 [1/1] (0.88ns)   --->   "%icmp_ln98 = icmp eq i4 %j3_0, -6" [mlp_FP/mlp.cpp:98]   --->   Operation 263 'icmp' 'icmp_ln98' <Predicate = true> <Delay = 0.88> <Core = "Cmp">   --->   Core 25 'Cmp' <Latency = 0> <II = 1> <Delay = 0.88> <FuncUnit> <Opcode : 'icmp'> <InPorts = 2> <OutPorts = 1>
ST_41 : Operation 264 [1/1] (0.00ns)   --->   "%empty_10 = call i32 (...)* @_ssdm_op_SpecLoopTripCount(i64 10, i64 10, i64 10) nounwind"   --->   Operation 264 'speclooptripcount' 'empty_10' <Predicate = true> <Delay = 0.00>
ST_41 : Operation 265 [1/1] (0.86ns)   --->   "%j_4 = add i4 %j3_0, 1" [mlp_FP/mlp.cpp:98]   --->   Operation 265 'add' 'j_4' <Predicate = true> <Delay = 0.86> <Core = "AddSub">   --->   Core 14 'AddSub' <Latency = 0> <II = 1> <Delay = 0.86> <FuncUnit> <Opcode : 'add' 'sub'> <InPorts = 2> <OutPorts = 1>
ST_41 : Operation 266 [1/1] (0.00ns)   --->   "br i1 %icmp_ln98, label %14, label %11" [mlp_FP/mlp.cpp:98]   --->   Operation 266 'br' <Predicate = true> <Delay = 0.00>
ST_41 : Operation 267 [1/1] (0.00ns)   --->   "%zext_ln99 = zext i4 %j3_0 to i64" [mlp_FP/mlp.cpp:99]   --->   Operation 267 'zext' 'zext_ln99' <Predicate = (!icmp_ln98)> <Delay = 0.00>
ST_41 : Operation 268 [1/1] (0.00ns)   --->   "%B4_addr = getelementptr inbounds [10 x float]* @B4, i64 0, i64 %zext_ln99" [mlp_FP/mlp.cpp:99]   --->   Operation 268 'getelementptr' 'B4_addr' <Predicate = (!icmp_ln98)> <Delay = 0.00>
ST_41 : Operation 269 [2/2] (1.35ns)   --->   "%acc_5 = load float* %B4_addr, align 4" [mlp_FP/mlp.cpp:99]   --->   Operation 269 'load' 'acc_5' <Predicate = (!icmp_ln98)> <Delay = 1.35> <Core = "ROM_nP">   --->   Core 52 'ROM_nP' <Latency = 1> <II = 1> <Delay = 1.35> <Storage> <Opcode : 'load'> <Ports = 0> <Width = 32> <Depth = 80> <ROM>
ST_41 : Operation 270 [1/1] (0.00ns)   --->   "%z4_addr = getelementptr inbounds [10 x float]* %z4, i64 0, i64 0" [mlp_FP/mlp.cpp:101]   --->   Operation 270 'getelementptr' 'z4_addr' <Predicate = (icmp_ln98)> <Delay = 0.00>
ST_41 : Operation 271 [2/2] (0.79ns)   --->   "%maxv = load float* %z4_addr, align 16" [mlp_FP/mlp.cpp:101]   --->   Operation 271 'load' 'maxv' <Predicate = (icmp_ln98)> <Delay = 0.79> <Core = "RAM">   --->   Core 37 'RAM' <Latency = 1> <II = 1> <Delay = 0.79> <Storage> <Opcode : 'load' 'store'> <Ports = 2> <Width = 32> <Depth = 10> <RAM>

State 42 <SV = 5> <Delay = 1.35>
ST_42 : Operation 272 [1/1] (0.00ns)   --->   "call void (...)* @_ssdm_op_SpecLoopName([7 x i8]* @p_str4) nounwind" [mlp_FP/mlp.cpp:99]   --->   Operation 272 'specloopname' <Predicate = true> <Delay = 0.00>
ST_42 : Operation 273 [1/1] (0.00ns)   --->   "%tmp_12 = call i7 @_ssdm_op_BitConcatenate.i7.i4.i3(i4 %j3_0, i3 0)" [mlp_FP/mlp.cpp:69->mlp_FP/mlp.cpp:99]   --->   Operation 273 'bitconcatenate' 'tmp_12' <Predicate = true> <Delay = 0.00>
ST_42 : Operation 274 [1/1] (0.00ns)   --->   "%zext_ln99_1 = zext i7 %tmp_12 to i8" [mlp_FP/mlp.cpp:99]   --->   Operation 274 'zext' 'zext_ln99_1' <Predicate = true> <Delay = 0.00>
ST_42 : Operation 275 [1/2] (1.35ns)   --->   "%acc_5 = load float* %B4_addr, align 4" [mlp_FP/mlp.cpp:99]   --->   Operation 275 'load' 'acc_5' <Predicate = true> <Delay = 1.35> <Core = "ROM_nP">   --->   Core 52 'ROM_nP' <Latency = 1> <II = 1> <Delay = 1.35> <Storage> <Opcode : 'load'> <Ports = 0> <Width = 32> <Depth = 80> <ROM>
ST_42 : Operation 276 [1/1] (0.75ns)   --->   "br label %12" [mlp_FP/mlp.cpp:68->mlp_FP/mlp.cpp:99]   --->   Operation 276 'br' <Predicate = true> <Delay = 0.75>

State 43 <SV = 6> <Delay = 2.24>
ST_43 : Operation 277 [1/1] (0.00ns)   --->   "%acc_0_i28 = phi float [ %acc_5, %11 ], [ %acc_7, %13 ]"   --->   Operation 277 'phi' 'acc_0_i28' <Predicate = true> <Delay = 0.00>
ST_43 : Operation 278 [1/1] (0.00ns)   --->   "%i_0_i29 = phi i4 [ 0, %11 ], [ %i_3, %13 ]"   --->   Operation 278 'phi' 'i_0_i29' <Predicate = true> <Delay = 0.00>
ST_43 : Operation 279 [1/1] (0.00ns)   --->   "%empty_11 = call i32 (...)* @_ssdm_op_SpecLoopTripCount(i64 8, i64 8, i64 8) nounwind"   --->   Operation 279 'speclooptripcount' 'empty_11' <Predicate = true> <Delay = 0.00>
ST_43 : Operation 280 [1/1] (0.88ns)   --->   "%icmp_ln68_3 = icmp eq i4 %i_0_i29, -8" [mlp_FP/mlp.cpp:68->mlp_FP/mlp.cpp:99]   --->   Operation 280 'icmp' 'icmp_ln68_3' <Predicate = true> <Delay = 0.88> <Core = "Cmp">   --->   Core 25 'Cmp' <Latency = 0> <II = 1> <Delay = 0.88> <FuncUnit> <Opcode : 'icmp'> <InPorts = 2> <OutPorts = 1>
ST_43 : Operation 281 [1/1] (0.86ns)   --->   "%i_3 = add i4 %i_0_i29, 1" [mlp_FP/mlp.cpp:68->mlp_FP/mlp.cpp:99]   --->   Operation 281 'add' 'i_3' <Predicate = true> <Delay = 0.86> <Core = "AddSub">   --->   Core 14 'AddSub' <Latency = 0> <II = 1> <Delay = 0.86> <FuncUnit> <Opcode : 'add' 'sub'> <InPorts = 2> <OutPorts = 1>
ST_43 : Operation 282 [1/1] (0.00ns)   --->   "br i1 %icmp_ln68_3, label %neuron.18.exit, label %13" [mlp_FP/mlp.cpp:68->mlp_FP/mlp.cpp:99]   --->   Operation 282 'br' <Predicate = true> <Delay = 0.00>
ST_43 : Operation 283 [1/1] (0.00ns)   --->   "%zext_ln69_3 = zext i4 %i_0_i29 to i64" [mlp_FP/mlp.cpp:69->mlp_FP/mlp.cpp:99]   --->   Operation 283 'zext' 'zext_ln69_3' <Predicate = (!icmp_ln68_3)> <Delay = 0.00>
ST_43 : Operation 284 [1/1] (0.00ns)   --->   "%zext_ln69_12 = zext i4 %i_0_i29 to i8" [mlp_FP/mlp.cpp:69->mlp_FP/mlp.cpp:99]   --->   Operation 284 'zext' 'zext_ln69_12' <Predicate = (!icmp_ln68_3)> <Delay = 0.00>
ST_43 : Operation 285 [1/1] (0.89ns)   --->   "%add_ln69_4 = add i8 %zext_ln99_1, %zext_ln69_12" [mlp_FP/mlp.cpp:69->mlp_FP/mlp.cpp:99]   --->   Operation 285 'add' 'add_ln69_4' <Predicate = (!icmp_ln68_3)> <Delay = 0.89> <Core = "AddSub">   --->   Core 14 'AddSub' <Latency = 0> <II = 1> <Delay = 0.86> <FuncUnit> <Opcode : 'add' 'sub'> <InPorts = 2> <OutPorts = 1>
ST_43 : Operation 286 [1/1] (0.00ns)   --->   "%zext_ln69_13 = zext i8 %add_ln69_4 to i64" [mlp_FP/mlp.cpp:69->mlp_FP/mlp.cpp:99]   --->   Operation 286 'zext' 'zext_ln69_13' <Predicate = (!icmp_ln68_3)> <Delay = 0.00>
ST_43 : Operation 287 [1/1] (0.00ns)   --->   "%W4_addr = getelementptr [80 x float]* @W4, i64 0, i64 %zext_ln69_13" [mlp_FP/mlp.cpp:69->mlp_FP/mlp.cpp:99]   --->   Operation 287 'getelementptr' 'W4_addr' <Predicate = (!icmp_ln68_3)> <Delay = 0.00>
ST_43 : Operation 288 [1/1] (0.00ns)   --->   "%a3_addr_1 = getelementptr [8 x float]* %a3, i64 0, i64 %zext_ln69_3" [mlp_FP/mlp.cpp:69->mlp_FP/mlp.cpp:99]   --->   Operation 288 'getelementptr' 'a3_addr_1' <Predicate = (!icmp_ln68_3)> <Delay = 0.00>
ST_43 : Operation 289 [2/2] (0.79ns)   --->   "%a3_load = load float* %a3_addr_1, align 4" [mlp_FP/mlp.cpp:69->mlp_FP/mlp.cpp:99]   --->   Operation 289 'load' 'a3_load' <Predicate = (!icmp_ln68_3)> <Delay = 0.79> <Core = "RAM">   --->   Core 37 'RAM' <Latency = 1> <II = 1> <Delay = 0.79> <Storage> <Opcode : 'load' 'store'> <Ports = 2> <Width = 32> <Depth = 10> <RAM>
ST_43 : Operation 290 [2/2] (1.35ns)   --->   "%W4_load = load float* %W4_addr, align 4" [mlp_FP/mlp.cpp:69->mlp_FP/mlp.cpp:99]   --->   Operation 290 'load' 'W4_load' <Predicate = (!icmp_ln68_3)> <Delay = 1.35> <Core = "ROM_nP">   --->   Core 52 'ROM_nP' <Latency = 1> <II = 1> <Delay = 1.35> <Storage> <Opcode : 'load'> <Ports = 0> <Width = 32> <Depth = 80> <ROM>
ST_43 : Operation 291 [1/1] (0.00ns)   --->   "%z4_addr_1 = getelementptr inbounds [10 x float]* %z4, i64 0, i64 %zext_ln99" [mlp_FP/mlp.cpp:99]   --->   Operation 291 'getelementptr' 'z4_addr_1' <Predicate = (icmp_ln68_3)> <Delay = 0.00>
ST_43 : Operation 292 [1/1] (0.79ns)   --->   "store float %acc_0_i28, float* %z4_addr_1, align 4" [mlp_FP/mlp.cpp:99]   --->   Operation 292 'store' <Predicate = (icmp_ln68_3)> <Delay = 0.79> <Core = "RAM">   --->   Core 37 'RAM' <Latency = 1> <II = 1> <Delay = 0.79> <Storage> <Opcode : 'load' 'store'> <Ports = 2> <Width = 32> <Depth = 10> <RAM>
ST_43 : Operation 293 [1/1] (0.00ns)   --->   "br label %.preheader2" [mlp_FP/mlp.cpp:98]   --->   Operation 293 'br' <Predicate = (icmp_ln68_3)> <Delay = 0.00>

State 44 <SV = 7> <Delay = 6.02>
ST_44 : Operation 294 [1/2] (0.79ns)   --->   "%a3_load = load float* %a3_addr_1, align 4" [mlp_FP/mlp.cpp:69->mlp_FP/mlp.cpp:99]   --->   Operation 294 'load' 'a3_load' <Predicate = true> <Delay = 0.79> <Core = "RAM">   --->   Core 37 'RAM' <Latency = 1> <II = 1> <Delay = 0.79> <Storage> <Opcode : 'load' 'store'> <Ports = 2> <Width = 32> <Depth = 10> <RAM>
ST_44 : Operation 295 [1/2] (1.35ns)   --->   "%W4_load = load float* %W4_addr, align 4" [mlp_FP/mlp.cpp:69->mlp_FP/mlp.cpp:99]   --->   Operation 295 'load' 'W4_load' <Predicate = true> <Delay = 1.35> <Core = "ROM_nP">   --->   Core 52 'ROM_nP' <Latency = 1> <II = 1> <Delay = 1.35> <Storage> <Opcode : 'load'> <Ports = 0> <Width = 32> <Depth = 80> <ROM>
ST_44 : Operation 296 [4/4] (4.67ns)   --->   "%tmp_i3 = fmul float %a3_load, %W4_load" [mlp_FP/mlp.cpp:69->mlp_FP/mlp.cpp:99]   --->   Operation 296 'fmul' 'tmp_i3' <Predicate = true> <Delay = 4.67> <Core = "FMul">   --->   Core 106 'FMul' <Latency = 3> <II = 1> <Delay = 4.67> <FuncUnit> <Opcode : 'fmul'> <InPorts = 2> <OutPorts = 1>

State 45 <SV = 8> <Delay = 4.67>
ST_45 : Operation 297 [3/4] (4.67ns)   --->   "%tmp_i3 = fmul float %a3_load, %W4_load" [mlp_FP/mlp.cpp:69->mlp_FP/mlp.cpp:99]   --->   Operation 297 'fmul' 'tmp_i3' <Predicate = true> <Delay = 4.67> <Core = "FMul">   --->   Core 106 'FMul' <Latency = 3> <II = 1> <Delay = 4.67> <FuncUnit> <Opcode : 'fmul'> <InPorts = 2> <OutPorts = 1>

State 46 <SV = 9> <Delay = 4.67>
ST_46 : Operation 298 [2/4] (4.67ns)   --->   "%tmp_i3 = fmul float %a3_load, %W4_load" [mlp_FP/mlp.cpp:69->mlp_FP/mlp.cpp:99]   --->   Operation 298 'fmul' 'tmp_i3' <Predicate = true> <Delay = 4.67> <Core = "FMul">   --->   Core 106 'FMul' <Latency = 3> <II = 1> <Delay = 4.67> <FuncUnit> <Opcode : 'fmul'> <InPorts = 2> <OutPorts = 1>

State 47 <SV = 10> <Delay = 4.67>
ST_47 : Operation 299 [1/4] (4.67ns)   --->   "%tmp_i3 = fmul float %a3_load, %W4_load" [mlp_FP/mlp.cpp:69->mlp_FP/mlp.cpp:99]   --->   Operation 299 'fmul' 'tmp_i3' <Predicate = true> <Delay = 4.67> <Core = "FMul">   --->   Core 106 'FMul' <Latency = 3> <II = 1> <Delay = 4.67> <FuncUnit> <Opcode : 'fmul'> <InPorts = 2> <OutPorts = 1>

State 48 <SV = 11> <Delay = 7.50>
ST_48 : Operation 300 [5/5] (7.50ns)   --->   "%acc_7 = fadd float %acc_0_i28, %tmp_i3" [mlp_FP/mlp.cpp:69->mlp_FP/mlp.cpp:99]   --->   Operation 300 'fadd' 'acc_7' <Predicate = true> <Delay = 7.50> <Core = "FAddSub">   --->   Core 105 'FAddSub' <Latency = 4> <II = 1> <Delay = 6.01> <FuncUnit> <Opcode : 'fadd' 'fsub'> <InPorts = 2> <OutPorts = 1>

State 49 <SV = 12> <Delay = 6.01>
ST_49 : Operation 301 [4/5] (6.01ns)   --->   "%acc_7 = fadd float %acc_0_i28, %tmp_i3" [mlp_FP/mlp.cpp:69->mlp_FP/mlp.cpp:99]   --->   Operation 301 'fadd' 'acc_7' <Predicate = true> <Delay = 6.01> <Core = "FAddSub">   --->   Core 105 'FAddSub' <Latency = 4> <II = 1> <Delay = 6.01> <FuncUnit> <Opcode : 'fadd' 'fsub'> <InPorts = 2> <OutPorts = 1>

State 50 <SV = 13> <Delay = 6.01>
ST_50 : Operation 302 [3/5] (6.01ns)   --->   "%acc_7 = fadd float %acc_0_i28, %tmp_i3" [mlp_FP/mlp.cpp:69->mlp_FP/mlp.cpp:99]   --->   Operation 302 'fadd' 'acc_7' <Predicate = true> <Delay = 6.01> <Core = "FAddSub">   --->   Core 105 'FAddSub' <Latency = 4> <II = 1> <Delay = 6.01> <FuncUnit> <Opcode : 'fadd' 'fsub'> <InPorts = 2> <OutPorts = 1>

State 51 <SV = 14> <Delay = 6.01>
ST_51 : Operation 303 [2/5] (6.01ns)   --->   "%acc_7 = fadd float %acc_0_i28, %tmp_i3" [mlp_FP/mlp.cpp:69->mlp_FP/mlp.cpp:99]   --->   Operation 303 'fadd' 'acc_7' <Predicate = true> <Delay = 6.01> <Core = "FAddSub">   --->   Core 105 'FAddSub' <Latency = 4> <II = 1> <Delay = 6.01> <FuncUnit> <Opcode : 'fadd' 'fsub'> <InPorts = 2> <OutPorts = 1>

State 52 <SV = 15> <Delay = 6.01>
ST_52 : Operation 304 [1/1] (0.00ns)   --->   "call void (...)* @_ssdm_op_SpecLoopName([11 x i8]* @p_str) nounwind" [mlp_FP/mlp.cpp:68->mlp_FP/mlp.cpp:99]   --->   Operation 304 'specloopname' <Predicate = true> <Delay = 0.00>
ST_52 : Operation 305 [1/5] (6.01ns)   --->   "%acc_7 = fadd float %acc_0_i28, %tmp_i3" [mlp_FP/mlp.cpp:69->mlp_FP/mlp.cpp:99]   --->   Operation 305 'fadd' 'acc_7' <Predicate = true> <Delay = 6.01> <Core = "FAddSub">   --->   Core 105 'FAddSub' <Latency = 4> <II = 1> <Delay = 6.01> <FuncUnit> <Opcode : 'fadd' 'fsub'> <InPorts = 2> <OutPorts = 1>
ST_52 : Operation 306 [1/1] (0.00ns)   --->   "br label %12" [mlp_FP/mlp.cpp:68->mlp_FP/mlp.cpp:99]   --->   Operation 306 'br' <Predicate = true> <Delay = 0.00>

State 53 <SV = 5> <Delay = 0.79>
ST_53 : Operation 307 [1/2] (0.79ns)   --->   "%maxv = load float* %z4_addr, align 16" [mlp_FP/mlp.cpp:101]   --->   Operation 307 'load' 'maxv' <Predicate = true> <Delay = 0.79> <Core = "RAM">   --->   Core 37 'RAM' <Latency = 1> <II = 1> <Delay = 0.79> <Storage> <Opcode : 'load' 'store'> <Ports = 2> <Width = 32> <Depth = 10> <RAM>
ST_53 : Operation 308 [1/1] (0.75ns)   --->   "br label %15" [mlp_FP/mlp.cpp:103]   --->   Operation 308 'br' <Predicate = true> <Delay = 0.75>

State 54 <SV = 6> <Delay = 0.88>
ST_54 : Operation 309 [1/1] (0.00ns)   --->   "%j4_0 = phi i4 [ 1, %14 ], [ %j_3, %._crit_edge ]"   --->   Operation 309 'phi' 'j4_0' <Predicate = true> <Delay = 0.00>
ST_54 : Operation 310 [1/1] (0.00ns)   --->   "%maxv_0 = phi float [ %maxv, %14 ], [ %maxv_2, %._crit_edge ]"   --->   Operation 310 'phi' 'maxv_0' <Predicate = true> <Delay = 0.00>
ST_54 : Operation 311 [1/1] (0.88ns)   --->   "%icmp_ln103 = icmp eq i4 %j4_0, -6" [mlp_FP/mlp.cpp:103]   --->   Operation 311 'icmp' 'icmp_ln103' <Predicate = true> <Delay = 0.88> <Core = "Cmp">   --->   Core 25 'Cmp' <Latency = 0> <II = 1> <Delay = 0.88> <FuncUnit> <Opcode : 'icmp'> <InPorts = 2> <OutPorts = 1>
ST_54 : Operation 312 [1/1] (0.00ns)   --->   "%empty_12 = call i32 (...)* @_ssdm_op_SpecLoopTripCount(i64 9, i64 9, i64 9) nounwind"   --->   Operation 312 'speclooptripcount' 'empty_12' <Predicate = true> <Delay = 0.00>
ST_54 : Operation 313 [1/1] (0.00ns)   --->   "br i1 %icmp_ln103, label %.preheader1.preheader, label %._crit_edge" [mlp_FP/mlp.cpp:103]   --->   Operation 313 'br' <Predicate = true> <Delay = 0.00>
ST_54 : Operation 314 [1/1] (0.00ns)   --->   "%zext_ln104 = zext i4 %j4_0 to i64" [mlp_FP/mlp.cpp:104]   --->   Operation 314 'zext' 'zext_ln104' <Predicate = (!icmp_ln103)> <Delay = 0.00>
ST_54 : Operation 315 [1/1] (0.00ns)   --->   "%z4_addr_2 = getelementptr inbounds [10 x float]* %z4, i64 0, i64 %zext_ln104" [mlp_FP/mlp.cpp:104]   --->   Operation 315 'getelementptr' 'z4_addr_2' <Predicate = (!icmp_ln103)> <Delay = 0.00>
ST_54 : Operation 316 [2/2] (0.79ns)   --->   "%maxv_1 = load float* %z4_addr_2, align 4" [mlp_FP/mlp.cpp:104]   --->   Operation 316 'load' 'maxv_1' <Predicate = (!icmp_ln103)> <Delay = 0.79> <Core = "RAM">   --->   Core 37 'RAM' <Latency = 1> <II = 1> <Delay = 0.79> <Storage> <Opcode : 'load' 'store'> <Ports = 2> <Width = 32> <Depth = 10> <RAM>
ST_54 : Operation 317 [1/1] (0.86ns)   --->   "%j_3 = add i4 1, %j4_0" [mlp_FP/mlp.cpp:103]   --->   Operation 317 'add' 'j_3' <Predicate = (!icmp_ln103)> <Delay = 0.86> <Core = "AddSub">   --->   Core 14 'AddSub' <Latency = 0> <II = 1> <Delay = 0.86> <FuncUnit> <Opcode : 'add' 'sub'> <InPorts = 2> <OutPorts = 1>
ST_54 : Operation 318 [1/1] (0.75ns)   --->   "br label %.preheader1" [mlp_FP/mlp.cpp:109]   --->   Operation 318 'br' <Predicate = (icmp_ln103)> <Delay = 0.75>

State 55 <SV = 7> <Delay = 4.13>
ST_55 : Operation 319 [1/2] (0.79ns)   --->   "%maxv_1 = load float* %z4_addr_2, align 4" [mlp_FP/mlp.cpp:104]   --->   Operation 319 'load' 'maxv_1' <Predicate = true> <Delay = 0.79> <Core = "RAM">   --->   Core 37 'RAM' <Latency = 1> <II = 1> <Delay = 0.79> <Storage> <Opcode : 'load' 'store'> <Ports = 2> <Width = 32> <Depth = 10> <RAM>
ST_55 : Operation 320 [2/2] (3.34ns)   --->   "%tmp_s = fcmp ogt float %maxv_1, %maxv_0" [mlp_FP/mlp.cpp:104]   --->   Operation 320 'fcmp' 'tmp_s' <Predicate = true> <Delay = 3.34> <Core = "FCmp">   --->   Core 111 'FCmp' <Latency = 1> <II = 1> <Delay = 3.34> <FuncUnit> <Opcode : 'fcmp'> <InPorts = 2> <OutPorts = 1>

State 56 <SV = 8> <Delay = 4.20>
ST_56 : Operation 321 [1/1] (0.00ns)   --->   "call void (...)* @_ssdm_op_SpecLoopName([12 x i8]* @p_str5) nounwind" [mlp_FP/mlp.cpp:104]   --->   Operation 321 'specloopname' <Predicate = true> <Delay = 0.00>
ST_56 : Operation 322 [1/1] (0.00ns)   --->   "%bitcast_ln104 = bitcast float %maxv_1 to i32" [mlp_FP/mlp.cpp:104]   --->   Operation 322 'bitcast' 'bitcast_ln104' <Predicate = true> <Delay = 0.00>
ST_56 : Operation 323 [1/1] (0.00ns)   --->   "%tmp_6 = call i8 @_ssdm_op_PartSelect.i8.i32.i32.i32(i32 %bitcast_ln104, i32 23, i32 30)" [mlp_FP/mlp.cpp:104]   --->   Operation 323 'partselect' 'tmp_6' <Predicate = true> <Delay = 0.00>
ST_56 : Operation 324 [1/1] (0.00ns)   --->   "%trunc_ln104 = trunc i32 %bitcast_ln104 to i23" [mlp_FP/mlp.cpp:104]   --->   Operation 324 'trunc' 'trunc_ln104' <Predicate = true> <Delay = 0.00>
ST_56 : Operation 325 [1/1] (0.00ns)   --->   "%bitcast_ln104_1 = bitcast float %maxv_0 to i32" [mlp_FP/mlp.cpp:104]   --->   Operation 325 'bitcast' 'bitcast_ln104_1' <Predicate = true> <Delay = 0.00>
ST_56 : Operation 326 [1/1] (0.00ns)   --->   "%tmp_8 = call i8 @_ssdm_op_PartSelect.i8.i32.i32.i32(i32 %bitcast_ln104_1, i32 23, i32 30)" [mlp_FP/mlp.cpp:104]   --->   Operation 326 'partselect' 'tmp_8' <Predicate = true> <Delay = 0.00>
ST_56 : Operation 327 [1/1] (0.00ns)   --->   "%trunc_ln104_1 = trunc i32 %bitcast_ln104_1 to i23" [mlp_FP/mlp.cpp:104]   --->   Operation 327 'trunc' 'trunc_ln104_1' <Predicate = true> <Delay = 0.00>
ST_56 : Operation 328 [1/1] (0.85ns)   --->   "%icmp_ln104 = icmp ne i8 %tmp_6, -1" [mlp_FP/mlp.cpp:104]   --->   Operation 328 'icmp' 'icmp_ln104' <Predicate = true> <Delay = 0.85> <Core = "Cmp">   --->   Core 25 'Cmp' <Latency = 0> <II = 1> <Delay = 0.88> <FuncUnit> <Opcode : 'icmp'> <InPorts = 2> <OutPorts = 1>
ST_56 : Operation 329 [1/1] (0.97ns)   --->   "%icmp_ln104_1 = icmp eq i23 %trunc_ln104, 0" [mlp_FP/mlp.cpp:104]   --->   Operation 329 'icmp' 'icmp_ln104_1' <Predicate = true> <Delay = 0.97> <Core = "Cmp">   --->   Core 25 'Cmp' <Latency = 0> <II = 1> <Delay = 0.88> <FuncUnit> <Opcode : 'icmp'> <InPorts = 2> <OutPorts = 1>
ST_56 : Operation 330 [1/1] (0.00ns) (grouped into LUT with out node and_ln104_1)   --->   "%or_ln104 = or i1 %icmp_ln104_1, %icmp_ln104" [mlp_FP/mlp.cpp:104]   --->   Operation 330 'or' 'or_ln104' <Predicate = true> <Delay = 0.00> <Core = "LogicGate">   --->   Core 27 'LogicGate' <Latency = 0> <II = 1> <Delay = 0.33> <FuncUnit> <Opcode : 'and' 'or' 'xor'> <InPorts = 2> <OutPorts = 1>
ST_56 : Operation 331 [1/1] (0.85ns)   --->   "%icmp_ln104_2 = icmp ne i8 %tmp_8, -1" [mlp_FP/mlp.cpp:104]   --->   Operation 331 'icmp' 'icmp_ln104_2' <Predicate = true> <Delay = 0.85> <Core = "Cmp">   --->   Core 25 'Cmp' <Latency = 0> <II = 1> <Delay = 0.88> <FuncUnit> <Opcode : 'icmp'> <InPorts = 2> <OutPorts = 1>
ST_56 : Operation 332 [1/1] (0.97ns)   --->   "%icmp_ln104_3 = icmp eq i23 %trunc_ln104_1, 0" [mlp_FP/mlp.cpp:104]   --->   Operation 332 'icmp' 'icmp_ln104_3' <Predicate = true> <Delay = 0.97> <Core = "Cmp">   --->   Core 25 'Cmp' <Latency = 0> <II = 1> <Delay = 0.88> <FuncUnit> <Opcode : 'icmp'> <InPorts = 2> <OutPorts = 1>
ST_56 : Operation 333 [1/1] (0.00ns) (grouped into LUT with out node and_ln104_1)   --->   "%or_ln104_1 = or i1 %icmp_ln104_3, %icmp_ln104_2" [mlp_FP/mlp.cpp:104]   --->   Operation 333 'or' 'or_ln104_1' <Predicate = true> <Delay = 0.00> <Core = "LogicGate">   --->   Core 27 'LogicGate' <Latency = 0> <II = 1> <Delay = 0.33> <FuncUnit> <Opcode : 'and' 'or' 'xor'> <InPorts = 2> <OutPorts = 1>
ST_56 : Operation 334 [1/1] (0.00ns) (grouped into LUT with out node and_ln104_1)   --->   "%and_ln104 = and i1 %or_ln104, %or_ln104_1" [mlp_FP/mlp.cpp:104]   --->   Operation 334 'and' 'and_ln104' <Predicate = true> <Delay = 0.00> <Core = "LogicGate">   --->   Core 27 'LogicGate' <Latency = 0> <II = 1> <Delay = 0.33> <FuncUnit> <Opcode : 'and' 'or' 'xor'> <InPorts = 2> <OutPorts = 1>
ST_56 : Operation 335 [1/2] (3.34ns)   --->   "%tmp_s = fcmp ogt float %maxv_1, %maxv_0" [mlp_FP/mlp.cpp:104]   --->   Operation 335 'fcmp' 'tmp_s' <Predicate = true> <Delay = 3.34> <Core = "FCmp">   --->   Core 111 'FCmp' <Latency = 1> <II = 1> <Delay = 3.34> <FuncUnit> <Opcode : 'fcmp'> <InPorts = 2> <OutPorts = 1>
ST_56 : Operation 336 [1/1] (0.33ns) (out node of the LUT)   --->   "%and_ln104_1 = and i1 %and_ln104, %tmp_s" [mlp_FP/mlp.cpp:104]   --->   Operation 336 'and' 'and_ln104_1' <Predicate = true> <Delay = 0.33> <Core = "LogicGate">   --->   Core 27 'LogicGate' <Latency = 0> <II = 1> <Delay = 0.33> <FuncUnit> <Opcode : 'and' 'or' 'xor'> <InPorts = 2> <OutPorts = 1>
ST_56 : Operation 337 [1/1] (0.52ns) (out node of the LUT)   --->   "%maxv_2 = select i1 %and_ln104_1, float %maxv_1, float %maxv_0" [mlp_FP/mlp.cpp:104]   --->   Operation 337 'select' 'maxv_2' <Predicate = true> <Delay = 0.52> <Core = "Sel">   --->   Core 26 'Sel' <Latency = 0> <II = 1> <Delay = 0.52> <FuncUnit> <Opcode : 'select'> <InPorts = 3> <OutPorts = 1>
ST_56 : Operation 338 [1/1] (0.00ns)   --->   "br label %15" [mlp_FP/mlp.cpp:103]   --->   Operation 338 'br' <Predicate = true> <Delay = 0.00>

State 57 <SV = 7> <Delay = 0.88>
ST_57 : Operation 339 [1/1] (0.00ns)   --->   "%sum_0 = phi float [ %sum, %16 ], [ 0.000000e+00, %.preheader1.preheader ]"   --->   Operation 339 'phi' 'sum_0' <Predicate = true> <Delay = 0.00>
ST_57 : Operation 340 [1/1] (0.00ns)   --->   "%j5_0 = phi i4 [ %j_5, %16 ], [ 0, %.preheader1.preheader ]"   --->   Operation 340 'phi' 'j5_0' <Predicate = true> <Delay = 0.00>
ST_57 : Operation 341 [1/1] (0.88ns)   --->   "%icmp_ln109 = icmp eq i4 %j5_0, -6" [mlp_FP/mlp.cpp:109]   --->   Operation 341 'icmp' 'icmp_ln109' <Predicate = true> <Delay = 0.88> <Core = "Cmp">   --->   Core 25 'Cmp' <Latency = 0> <II = 1> <Delay = 0.88> <FuncUnit> <Opcode : 'icmp'> <InPorts = 2> <OutPorts = 1>
ST_57 : Operation 342 [1/1] (0.00ns)   --->   "%empty_13 = call i32 (...)* @_ssdm_op_SpecLoopTripCount(i64 10, i64 10, i64 10) nounwind"   --->   Operation 342 'speclooptripcount' 'empty_13' <Predicate = true> <Delay = 0.00>
ST_57 : Operation 343 [1/1] (0.86ns)   --->   "%j_5 = add i4 %j5_0, 1" [mlp_FP/mlp.cpp:109]   --->   Operation 343 'add' 'j_5' <Predicate = true> <Delay = 0.86> <Core = "AddSub">   --->   Core 14 'AddSub' <Latency = 0> <II = 1> <Delay = 0.86> <FuncUnit> <Opcode : 'add' 'sub'> <InPorts = 2> <OutPorts = 1>
ST_57 : Operation 344 [1/1] (0.00ns)   --->   "br i1 %icmp_ln109, label %.preheader.preheader, label %16" [mlp_FP/mlp.cpp:109]   --->   Operation 344 'br' <Predicate = true> <Delay = 0.00>
ST_57 : Operation 345 [1/1] (0.00ns)   --->   "%zext_ln110 = zext i4 %j5_0 to i64" [mlp_FP/mlp.cpp:110]   --->   Operation 345 'zext' 'zext_ln110' <Predicate = (!icmp_ln109)> <Delay = 0.00>
ST_57 : Operation 346 [1/1] (0.00ns)   --->   "%z4_addr_3 = getelementptr inbounds [10 x float]* %z4, i64 0, i64 %zext_ln110" [mlp_FP/mlp.cpp:110]   --->   Operation 346 'getelementptr' 'z4_addr_3' <Predicate = (!icmp_ln109)> <Delay = 0.00>
ST_57 : Operation 347 [2/2] (0.79ns)   --->   "%z4_load = load float* %z4_addr_3, align 4" [mlp_FP/mlp.cpp:110]   --->   Operation 347 'load' 'z4_load' <Predicate = (!icmp_ln109)> <Delay = 0.79> <Core = "RAM">   --->   Core 37 'RAM' <Latency = 1> <II = 1> <Delay = 0.79> <Storage> <Opcode : 'load' 'store'> <Ports = 2> <Width = 32> <Depth = 10> <RAM>
ST_57 : Operation 348 [1/1] (0.75ns)   --->   "br label %.preheader" [mlp_FP/mlp.cpp:116]   --->   Operation 348 'br' <Predicate = (icmp_ln109)> <Delay = 0.75>

State 58 <SV = 8> <Delay = 0.79>
ST_58 : Operation 349 [1/2] (0.79ns)   --->   "%z4_load = load float* %z4_addr_3, align 4" [mlp_FP/mlp.cpp:110]   --->   Operation 349 'load' 'z4_load' <Predicate = true> <Delay = 0.79> <Core = "RAM">   --->   Core 37 'RAM' <Latency = 1> <II = 1> <Delay = 0.79> <Storage> <Opcode : 'load' 'store'> <Ports = 2> <Width = 32> <Depth = 10> <RAM>

State 59 <SV = 9> <Delay = 7.50>
ST_59 : Operation 350 [5/5] (7.50ns)   --->   "%tmp_7 = fsub float %z4_load, %maxv_0" [mlp_FP/mlp.cpp:110]   --->   Operation 350 'fsub' 'tmp_7' <Predicate = true> <Delay = 7.50> <Core = "FAddSub">   --->   Core 105 'FAddSub' <Latency = 4> <II = 1> <Delay = 6.01> <FuncUnit> <Opcode : 'fadd' 'fsub'> <InPorts = 2> <OutPorts = 1>

State 60 <SV = 10> <Delay = 6.01>
ST_60 : Operation 351 [4/5] (6.01ns)   --->   "%tmp_7 = fsub float %z4_load, %maxv_0" [mlp_FP/mlp.cpp:110]   --->   Operation 351 'fsub' 'tmp_7' <Predicate = true> <Delay = 6.01> <Core = "FAddSub">   --->   Core 105 'FAddSub' <Latency = 4> <II = 1> <Delay = 6.01> <FuncUnit> <Opcode : 'fadd' 'fsub'> <InPorts = 2> <OutPorts = 1>

State 61 <SV = 11> <Delay = 6.01>
ST_61 : Operation 352 [3/5] (6.01ns)   --->   "%tmp_7 = fsub float %z4_load, %maxv_0" [mlp_FP/mlp.cpp:110]   --->   Operation 352 'fsub' 'tmp_7' <Predicate = true> <Delay = 6.01> <Core = "FAddSub">   --->   Core 105 'FAddSub' <Latency = 4> <II = 1> <Delay = 6.01> <FuncUnit> <Opcode : 'fadd' 'fsub'> <InPorts = 2> <OutPorts = 1>

State 62 <SV = 12> <Delay = 6.01>
ST_62 : Operation 353 [2/5] (6.01ns)   --->   "%tmp_7 = fsub float %z4_load, %maxv_0" [mlp_FP/mlp.cpp:110]   --->   Operation 353 'fsub' 'tmp_7' <Predicate = true> <Delay = 6.01> <Core = "FAddSub">   --->   Core 105 'FAddSub' <Latency = 4> <II = 1> <Delay = 6.01> <FuncUnit> <Opcode : 'fadd' 'fsub'> <InPorts = 2> <OutPorts = 1>

State 63 <SV = 13> <Delay = 6.01>
ST_63 : Operation 354 [1/5] (6.01ns)   --->   "%tmp_7 = fsub float %z4_load, %maxv_0" [mlp_FP/mlp.cpp:110]   --->   Operation 354 'fsub' 'tmp_7' <Predicate = true> <Delay = 6.01> <Core = "FAddSub">   --->   Core 105 'FAddSub' <Latency = 4> <II = 1> <Delay = 6.01> <FuncUnit> <Opcode : 'fadd' 'fsub'> <InPorts = 2> <OutPorts = 1>

State 64 <SV = 14> <Delay = 6.00>
ST_64 : Operation 355 [8/8] (6.00ns)   --->   "%e = call float @llvm.exp.f32(float %tmp_7)" [mlp_FP/mlp.cpp:110]   --->   Operation 355 'fexp' 'e' <Predicate = true> <Delay = 6.00> <Core = "FExp">   --->   Core 127 'FExp' <Latency = 7> <II = 1> <Delay = 6.00> <FuncUnit> <Opcode : 'fexp'> <InPorts = 1> <OutPorts = 1>

State 65 <SV = 15> <Delay = 6.00>
ST_65 : Operation 356 [7/8] (6.00ns)   --->   "%e = call float @llvm.exp.f32(float %tmp_7)" [mlp_FP/mlp.cpp:110]   --->   Operation 356 'fexp' 'e' <Predicate = true> <Delay = 6.00> <Core = "FExp">   --->   Core 127 'FExp' <Latency = 7> <II = 1> <Delay = 6.00> <FuncUnit> <Opcode : 'fexp'> <InPorts = 1> <OutPorts = 1>

State 66 <SV = 16> <Delay = 6.00>
ST_66 : Operation 357 [6/8] (6.00ns)   --->   "%e = call float @llvm.exp.f32(float %tmp_7)" [mlp_FP/mlp.cpp:110]   --->   Operation 357 'fexp' 'e' <Predicate = true> <Delay = 6.00> <Core = "FExp">   --->   Core 127 'FExp' <Latency = 7> <II = 1> <Delay = 6.00> <FuncUnit> <Opcode : 'fexp'> <InPorts = 1> <OutPorts = 1>

State 67 <SV = 17> <Delay = 6.00>
ST_67 : Operation 358 [5/8] (6.00ns)   --->   "%e = call float @llvm.exp.f32(float %tmp_7)" [mlp_FP/mlp.cpp:110]   --->   Operation 358 'fexp' 'e' <Predicate = true> <Delay = 6.00> <Core = "FExp">   --->   Core 127 'FExp' <Latency = 7> <II = 1> <Delay = 6.00> <FuncUnit> <Opcode : 'fexp'> <InPorts = 1> <OutPorts = 1>

State 68 <SV = 18> <Delay = 6.00>
ST_68 : Operation 359 [4/8] (6.00ns)   --->   "%e = call float @llvm.exp.f32(float %tmp_7)" [mlp_FP/mlp.cpp:110]   --->   Operation 359 'fexp' 'e' <Predicate = true> <Delay = 6.00> <Core = "FExp">   --->   Core 127 'FExp' <Latency = 7> <II = 1> <Delay = 6.00> <FuncUnit> <Opcode : 'fexp'> <InPorts = 1> <OutPorts = 1>

State 69 <SV = 19> <Delay = 6.00>
ST_69 : Operation 360 [3/8] (6.00ns)   --->   "%e = call float @llvm.exp.f32(float %tmp_7)" [mlp_FP/mlp.cpp:110]   --->   Operation 360 'fexp' 'e' <Predicate = true> <Delay = 6.00> <Core = "FExp">   --->   Core 127 'FExp' <Latency = 7> <II = 1> <Delay = 6.00> <FuncUnit> <Opcode : 'fexp'> <InPorts = 1> <OutPorts = 1>

State 70 <SV = 20> <Delay = 6.00>
ST_70 : Operation 361 [2/8] (6.00ns)   --->   "%e = call float @llvm.exp.f32(float %tmp_7)" [mlp_FP/mlp.cpp:110]   --->   Operation 361 'fexp' 'e' <Predicate = true> <Delay = 6.00> <Core = "FExp">   --->   Core 127 'FExp' <Latency = 7> <II = 1> <Delay = 6.00> <FuncUnit> <Opcode : 'fexp'> <InPorts = 1> <OutPorts = 1>

State 71 <SV = 21> <Delay = 6.00>
ST_71 : Operation 362 [1/8] (6.00ns)   --->   "%e = call float @llvm.exp.f32(float %tmp_7)" [mlp_FP/mlp.cpp:110]   --->   Operation 362 'fexp' 'e' <Predicate = true> <Delay = 6.00> <Core = "FExp">   --->   Core 127 'FExp' <Latency = 7> <II = 1> <Delay = 6.00> <FuncUnit> <Opcode : 'fexp'> <InPorts = 1> <OutPorts = 1>

State 72 <SV = 22> <Delay = 7.50>
ST_72 : Operation 363 [1/1] (0.00ns)   --->   "%output_addr = getelementptr [10 x float]* %output_r, i64 0, i64 %zext_ln110" [mlp_FP/mlp.cpp:111]   --->   Operation 363 'getelementptr' 'output_addr' <Predicate = true> <Delay = 0.00>
ST_72 : Operation 364 [1/1] (0.79ns)   --->   "store float %e, float* %output_addr, align 4" [mlp_FP/mlp.cpp:111]   --->   Operation 364 'store' <Predicate = true> <Delay = 0.79> <Core = "RAM">   --->   Core 37 'RAM' <Latency = 1> <II = 1> <Delay = 0.79> <Storage> <Opcode : 'load' 'store'> <Ports = 2> <Width = 32> <Depth = 10> <RAM>
ST_72 : Operation 365 [5/5] (7.50ns)   --->   "%sum = fadd float %sum_0, %e" [mlp_FP/mlp.cpp:112]   --->   Operation 365 'fadd' 'sum' <Predicate = true> <Delay = 7.50> <Core = "FAddSub">   --->   Core 105 'FAddSub' <Latency = 4> <II = 1> <Delay = 6.01> <FuncUnit> <Opcode : 'fadd' 'fsub'> <InPorts = 2> <OutPorts = 1>

State 73 <SV = 23> <Delay = 6.01>
ST_73 : Operation 366 [4/5] (6.01ns)   --->   "%sum = fadd float %sum_0, %e" [mlp_FP/mlp.cpp:112]   --->   Operation 366 'fadd' 'sum' <Predicate = true> <Delay = 6.01> <Core = "FAddSub">   --->   Core 105 'FAddSub' <Latency = 4> <II = 1> <Delay = 6.01> <FuncUnit> <Opcode : 'fadd' 'fsub'> <InPorts = 2> <OutPorts = 1>

State 74 <SV = 24> <Delay = 6.01>
ST_74 : Operation 367 [3/5] (6.01ns)   --->   "%sum = fadd float %sum_0, %e" [mlp_FP/mlp.cpp:112]   --->   Operation 367 'fadd' 'sum' <Predicate = true> <Delay = 6.01> <Core = "FAddSub">   --->   Core 105 'FAddSub' <Latency = 4> <II = 1> <Delay = 6.01> <FuncUnit> <Opcode : 'fadd' 'fsub'> <InPorts = 2> <OutPorts = 1>

State 75 <SV = 25> <Delay = 6.01>
ST_75 : Operation 368 [2/5] (6.01ns)   --->   "%sum = fadd float %sum_0, %e" [mlp_FP/mlp.cpp:112]   --->   Operation 368 'fadd' 'sum' <Predicate = true> <Delay = 6.01> <Core = "FAddSub">   --->   Core 105 'FAddSub' <Latency = 4> <II = 1> <Delay = 6.01> <FuncUnit> <Opcode : 'fadd' 'fsub'> <InPorts = 2> <OutPorts = 1>

State 76 <SV = 26> <Delay = 6.01>
ST_76 : Operation 369 [1/1] (0.00ns)   --->   "call void (...)* @_ssdm_op_SpecLoopName([12 x i8]* @p_str6) nounwind" [mlp_FP/mlp.cpp:109]   --->   Operation 369 'specloopname' <Predicate = true> <Delay = 0.00>
ST_76 : Operation 370 [1/5] (6.01ns)   --->   "%sum = fadd float %sum_0, %e" [mlp_FP/mlp.cpp:112]   --->   Operation 370 'fadd' 'sum' <Predicate = true> <Delay = 6.01> <Core = "FAddSub">   --->   Core 105 'FAddSub' <Latency = 4> <II = 1> <Delay = 6.01> <FuncUnit> <Opcode : 'fadd' 'fsub'> <InPorts = 2> <OutPorts = 1>
ST_76 : Operation 371 [1/1] (0.00ns)   --->   "br label %.preheader1" [mlp_FP/mlp.cpp:109]   --->   Operation 371 'br' <Predicate = true> <Delay = 0.00>

State 77 <SV = 8> <Delay = 0.88>
ST_77 : Operation 372 [1/1] (0.00ns)   --->   "%j6_0 = phi i4 [ %j_6, %17 ], [ 0, %.preheader.preheader ]"   --->   Operation 372 'phi' 'j6_0' <Predicate = true> <Delay = 0.00>
ST_77 : Operation 373 [1/1] (0.88ns)   --->   "%icmp_ln116 = icmp eq i4 %j6_0, -6" [mlp_FP/mlp.cpp:116]   --->   Operation 373 'icmp' 'icmp_ln116' <Predicate = true> <Delay = 0.88> <Core = "Cmp">   --->   Core 25 'Cmp' <Latency = 0> <II = 1> <Delay = 0.88> <FuncUnit> <Opcode : 'icmp'> <InPorts = 2> <OutPorts = 1>
ST_77 : Operation 374 [1/1] (0.00ns)   --->   "%empty_14 = call i32 (...)* @_ssdm_op_SpecLoopTripCount(i64 10, i64 10, i64 10) nounwind"   --->   Operation 374 'speclooptripcount' 'empty_14' <Predicate = true> <Delay = 0.00>
ST_77 : Operation 375 [1/1] (0.86ns)   --->   "%j_6 = add i4 %j6_0, 1" [mlp_FP/mlp.cpp:116]   --->   Operation 375 'add' 'j_6' <Predicate = true> <Delay = 0.86> <Core = "AddSub">   --->   Core 14 'AddSub' <Latency = 0> <II = 1> <Delay = 0.86> <FuncUnit> <Opcode : 'add' 'sub'> <InPorts = 2> <OutPorts = 1>
ST_77 : Operation 376 [1/1] (0.00ns)   --->   "br i1 %icmp_ln116, label %18, label %17" [mlp_FP/mlp.cpp:116]   --->   Operation 376 'br' <Predicate = true> <Delay = 0.00>
ST_77 : Operation 377 [1/1] (0.00ns)   --->   "%zext_ln117 = zext i4 %j6_0 to i64" [mlp_FP/mlp.cpp:117]   --->   Operation 377 'zext' 'zext_ln117' <Predicate = (!icmp_ln116)> <Delay = 0.00>
ST_77 : Operation 378 [1/1] (0.00ns)   --->   "%output_addr_1 = getelementptr [10 x float]* %output_r, i64 0, i64 %zext_ln117" [mlp_FP/mlp.cpp:117]   --->   Operation 378 'getelementptr' 'output_addr_1' <Predicate = (!icmp_ln116)> <Delay = 0.00>
ST_77 : Operation 379 [2/2] (0.79ns)   --->   "%output_load = load float* %output_addr_1, align 4" [mlp_FP/mlp.cpp:117]   --->   Operation 379 'load' 'output_load' <Predicate = (!icmp_ln116)> <Delay = 0.79> <Core = "RAM">   --->   Core 37 'RAM' <Latency = 1> <II = 1> <Delay = 0.79> <Storage> <Opcode : 'load' 'store'> <Ports = 2> <Width = 32> <Depth = 10> <RAM>
ST_77 : Operation 380 [1/1] (0.00ns)   --->   "ret void" [mlp_FP/mlp.cpp:118]   --->   Operation 380 'ret' <Predicate = (icmp_ln116)> <Delay = 0.00>

State 78 <SV = 9> <Delay = 6.03>
ST_78 : Operation 381 [1/2] (0.79ns)   --->   "%output_load = load float* %output_addr_1, align 4" [mlp_FP/mlp.cpp:117]   --->   Operation 381 'load' 'output_load' <Predicate = true> <Delay = 0.79> <Core = "RAM">   --->   Core 37 'RAM' <Latency = 1> <II = 1> <Delay = 0.79> <Storage> <Opcode : 'load' 'store'> <Ports = 2> <Width = 32> <Depth = 10> <RAM>
ST_78 : Operation 382 [12/12] (5.24ns)   --->   "%tmp_9 = fdiv float %output_load, %sum_0" [mlp_FP/mlp.cpp:117]   --->   Operation 382 'fdiv' 'tmp_9' <Predicate = true> <Delay = 5.24> <Core = "FDiv">   --->   Core 107 'FDiv' <Latency = 11> <II = 1> <Delay = 5.24> <FuncUnit> <Opcode : 'fdiv' 'frem'> <InPorts = 2> <OutPorts = 1>

State 79 <SV = 10> <Delay = 5.24>
ST_79 : Operation 383 [11/12] (5.24ns)   --->   "%tmp_9 = fdiv float %output_load, %sum_0" [mlp_FP/mlp.cpp:117]   --->   Operation 383 'fdiv' 'tmp_9' <Predicate = true> <Delay = 5.24> <Core = "FDiv">   --->   Core 107 'FDiv' <Latency = 11> <II = 1> <Delay = 5.24> <FuncUnit> <Opcode : 'fdiv' 'frem'> <InPorts = 2> <OutPorts = 1>

State 80 <SV = 11> <Delay = 5.24>
ST_80 : Operation 384 [10/12] (5.24ns)   --->   "%tmp_9 = fdiv float %output_load, %sum_0" [mlp_FP/mlp.cpp:117]   --->   Operation 384 'fdiv' 'tmp_9' <Predicate = true> <Delay = 5.24> <Core = "FDiv">   --->   Core 107 'FDiv' <Latency = 11> <II = 1> <Delay = 5.24> <FuncUnit> <Opcode : 'fdiv' 'frem'> <InPorts = 2> <OutPorts = 1>

State 81 <SV = 12> <Delay = 5.24>
ST_81 : Operation 385 [9/12] (5.24ns)   --->   "%tmp_9 = fdiv float %output_load, %sum_0" [mlp_FP/mlp.cpp:117]   --->   Operation 385 'fdiv' 'tmp_9' <Predicate = true> <Delay = 5.24> <Core = "FDiv">   --->   Core 107 'FDiv' <Latency = 11> <II = 1> <Delay = 5.24> <FuncUnit> <Opcode : 'fdiv' 'frem'> <InPorts = 2> <OutPorts = 1>

State 82 <SV = 13> <Delay = 5.24>
ST_82 : Operation 386 [8/12] (5.24ns)   --->   "%tmp_9 = fdiv float %output_load, %sum_0" [mlp_FP/mlp.cpp:117]   --->   Operation 386 'fdiv' 'tmp_9' <Predicate = true> <Delay = 5.24> <Core = "FDiv">   --->   Core 107 'FDiv' <Latency = 11> <II = 1> <Delay = 5.24> <FuncUnit> <Opcode : 'fdiv' 'frem'> <InPorts = 2> <OutPorts = 1>

State 83 <SV = 14> <Delay = 5.24>
ST_83 : Operation 387 [7/12] (5.24ns)   --->   "%tmp_9 = fdiv float %output_load, %sum_0" [mlp_FP/mlp.cpp:117]   --->   Operation 387 'fdiv' 'tmp_9' <Predicate = true> <Delay = 5.24> <Core = "FDiv">   --->   Core 107 'FDiv' <Latency = 11> <II = 1> <Delay = 5.24> <FuncUnit> <Opcode : 'fdiv' 'frem'> <InPorts = 2> <OutPorts = 1>

State 84 <SV = 15> <Delay = 5.24>
ST_84 : Operation 388 [6/12] (5.24ns)   --->   "%tmp_9 = fdiv float %output_load, %sum_0" [mlp_FP/mlp.cpp:117]   --->   Operation 388 'fdiv' 'tmp_9' <Predicate = true> <Delay = 5.24> <Core = "FDiv">   --->   Core 107 'FDiv' <Latency = 11> <II = 1> <Delay = 5.24> <FuncUnit> <Opcode : 'fdiv' 'frem'> <InPorts = 2> <OutPorts = 1>

State 85 <SV = 16> <Delay = 5.24>
ST_85 : Operation 389 [5/12] (5.24ns)   --->   "%tmp_9 = fdiv float %output_load, %sum_0" [mlp_FP/mlp.cpp:117]   --->   Operation 389 'fdiv' 'tmp_9' <Predicate = true> <Delay = 5.24> <Core = "FDiv">   --->   Core 107 'FDiv' <Latency = 11> <II = 1> <Delay = 5.24> <FuncUnit> <Opcode : 'fdiv' 'frem'> <InPorts = 2> <OutPorts = 1>

State 86 <SV = 17> <Delay = 5.24>
ST_86 : Operation 390 [4/12] (5.24ns)   --->   "%tmp_9 = fdiv float %output_load, %sum_0" [mlp_FP/mlp.cpp:117]   --->   Operation 390 'fdiv' 'tmp_9' <Predicate = true> <Delay = 5.24> <Core = "FDiv">   --->   Core 107 'FDiv' <Latency = 11> <II = 1> <Delay = 5.24> <FuncUnit> <Opcode : 'fdiv' 'frem'> <InPorts = 2> <OutPorts = 1>

State 87 <SV = 18> <Delay = 5.24>
ST_87 : Operation 391 [3/12] (5.24ns)   --->   "%tmp_9 = fdiv float %output_load, %sum_0" [mlp_FP/mlp.cpp:117]   --->   Operation 391 'fdiv' 'tmp_9' <Predicate = true> <Delay = 5.24> <Core = "FDiv">   --->   Core 107 'FDiv' <Latency = 11> <II = 1> <Delay = 5.24> <FuncUnit> <Opcode : 'fdiv' 'frem'> <InPorts = 2> <OutPorts = 1>

State 88 <SV = 19> <Delay = 5.24>
ST_88 : Operation 392 [2/12] (5.24ns)   --->   "%tmp_9 = fdiv float %output_load, %sum_0" [mlp_FP/mlp.cpp:117]   --->   Operation 392 'fdiv' 'tmp_9' <Predicate = true> <Delay = 5.24> <Core = "FDiv">   --->   Core 107 'FDiv' <Latency = 11> <II = 1> <Delay = 5.24> <FuncUnit> <Opcode : 'fdiv' 'frem'> <InPorts = 2> <OutPorts = 1>

State 89 <SV = 20> <Delay = 6.03>
ST_89 : Operation 393 [1/1] (0.00ns)   --->   "call void (...)* @_ssdm_op_SpecLoopName([13 x i8]* @p_str7) nounwind" [mlp_FP/mlp.cpp:117]   --->   Operation 393 'specloopname' <Predicate = true> <Delay = 0.00>
ST_89 : Operation 394 [1/12] (5.24ns)   --->   "%tmp_9 = fdiv float %output_load, %sum_0" [mlp_FP/mlp.cpp:117]   --->   Operation 394 'fdiv' 'tmp_9' <Predicate = true> <Delay = 5.24> <Core = "FDiv">   --->   Core 107 'FDiv' <Latency = 11> <II = 1> <Delay = 5.24> <FuncUnit> <Opcode : 'fdiv' 'frem'> <InPorts = 2> <OutPorts = 1>
ST_89 : Operation 395 [1/1] (0.79ns)   --->   "store float %tmp_9, float* %output_addr_1, align 4" [mlp_FP/mlp.cpp:117]   --->   Operation 395 'store' <Predicate = true> <Delay = 0.79> <Core = "RAM">   --->   Core 37 'RAM' <Latency = 1> <II = 1> <Delay = 0.79> <Storage> <Opcode : 'load' 'store'> <Ports = 2> <Width = 32> <Depth = 10> <RAM>
ST_89 : Operation 396 [1/1] (0.00ns)   --->   "br label %.preheader" [mlp_FP/mlp.cpp:116]   --->   Operation 396 'br' <Predicate = true> <Delay = 0.00>


============================================================
+ Verbose Summary: Binding
============================================================
STG Binding: 
---------------- STG Properties BEGIN ----------------
- Is combinational: 0
- Is one-state seq: 0
- Is datapath-only: 0
- Is pipelined: 0
- Is top level: 1
Port [ Return ] is wired: 1; IO mode=ap_ctrl_hs:ce=0
Port [ input_r]:  wired=1; compound=1; hidden=0; nouse=0; global=0; static=0; extern=0; dir=0; type=1; pingpong=0; private_global=0; MemPort=[13]; IO mode=ap_memory:ce=0
Port [ output_r]:  wired=1; compound=1; hidden=0; nouse=0; global=0; static=0; extern=0; dir=2; type=1; pingpong=0; private_global=0; MemPort=[23]; IO mode=ap_memory:ce=0
Port [ B1]:  wired=0; compound=1; hidden=1; nouse=0; global=1; static=1; extern=0; dir=0; type=1; pingpong=0; private_global=1; linkage=7; visibility=0; MemPort=[1]; IO mode=ap_memory:ce=0
Port [ W1]:  wired=0; compound=1; hidden=1; nouse=0; global=1; static=1; extern=0; dir=0; type=1; pingpong=0; private_global=1; linkage=7; visibility=0; MemPort=[1]; IO mode=ap_memory:ce=0
Port [ B2]:  wired=0; compound=1; hidden=1; nouse=0; global=1; static=1; extern=0; dir=0; type=1; pingpong=0; private_global=1; linkage=7; visibility=0; MemPort=[1]; IO mode=ap_memory:ce=0
Port [ W2]:  wired=0; compound=1; hidden=1; nouse=0; global=1; static=1; extern=0; dir=0; type=1; pingpong=0; private_global=1; linkage=7; visibility=0; MemPort=[1]; IO mode=ap_memory:ce=0
Port [ B3]:  wired=0; compound=1; hidden=1; nouse=0; global=1; static=1; extern=0; dir=0; type=1; pingpong=0; private_global=1; linkage=7; visibility=0; MemPort=[1]; IO mode=ap_memory:ce=0
Port [ W3]:  wired=0; compound=1; hidden=1; nouse=0; global=1; static=1; extern=0; dir=0; type=1; pingpong=0; private_global=1; linkage=7; visibility=0; MemPort=[1]; IO mode=ap_memory:ce=0
Port [ B4]:  wired=0; compound=1; hidden=1; nouse=0; global=1; static=1; extern=0; dir=0; type=1; pingpong=0; private_global=1; linkage=7; visibility=0; MemPort=[1]; IO mode=ap_memory:ce=0
Port [ W4]:  wired=0; compound=1; hidden=1; nouse=0; global=1; static=1; extern=0; dir=0; type=1; pingpong=0; private_global=1; linkage=7; visibility=0; MemPort=[1]; IO mode=ap_memory:ce=0
---------------- STG Properties END ------------------

---------------- Datapath Model BEGIN ----------------

<LifeTime>
<method=bitvector/>
specbitsmap_ln0    (specbitsmap      ) [ 000000000000000000000000000000000000000000000000000000000000000000000000000000000000000000]
specbitsmap_ln0    (specbitsmap      ) [ 000000000000000000000000000000000000000000000000000000000000000000000000000000000000000000]
spectopmodule_ln0  (spectopmodule    ) [ 000000000000000000000000000000000000000000000000000000000000000000000000000000000000000000]
a1                 (alloca           ) [ 001111111111111111111111111100000000000000000000000000000000000000000000000000000000000000]
a2                 (alloca           ) [ 001111111111111111111111111111111111111110000000000000000000000000000000000000000000000000]
a3                 (alloca           ) [ 001111111111111111111111111111111111111111111111111110000000000000000000000000000000000000]
z4                 (alloca           ) [ 001111111111111111111111111111111111111111111111111111111111111111111111111110000000000000]
br_ln86            (br               ) [ 011111111111111000000000000000000000000000000000000000000000000000000000000000000000000000]
j_0                (phi              ) [ 001000000000000000000000000000000000000000000000000000000000000000000000000000000000000000]
phi_mul            (phi              ) [ 001111111111110000000000000000000000000000000000000000000000000000000000000000000000000000]
add_ln86           (add              ) [ 011111111111111000000000000000000000000000000000000000000000000000000000000000000000000000]
icmp_ln86          (icmp             ) [ 001111111111111000000000000000000000000000000000000000000000000000000000000000000000000000]
empty              (speclooptripcount) [ 000000000000000000000000000000000000000000000000000000000000000000000000000000000000000000]
j                  (add              ) [ 011111111111111000000000000000000000000000000000000000000000000000000000000000000000000000]
br_ln86            (br               ) [ 000000000000000000000000000000000000000000000000000000000000000000000000000000000000000000]
zext_ln87          (zext             ) [ 000111111111111000000000000000000000000000000000000000000000000000000000000000000000000000]
B1_addr            (getelementptr    ) [ 000100000000000000000000000000000000000000000000000000000000000000000000000000000000000000]
br_ln90            (br               ) [ 001111111111111111111111111100000000000000000000000000000000000000000000000000000000000000]
specloopname_ln87  (specloopname     ) [ 000000000000000000000000000000000000000000000000000000000000000000000000000000000000000000]
acc                (load             ) [ 001111111111111000000000000000000000000000000000000000000000000000000000000000000000000000]
br_ln68            (br               ) [ 001111111111111000000000000000000000000000000000000000000000000000000000000000000000000000]
acc_0_i            (phi              ) [ 000011111111111000000000000000000000000000000000000000000000000000000000000000000000000000]
i_0_i              (phi              ) [ 000010000000000000000000000000000000000000000000000000000000000000000000000000000000000000]
empty_5            (speclooptripcount) [ 000000000000000000000000000000000000000000000000000000000000000000000000000000000000000000]
icmp_ln68          (icmp             ) [ 001111111111111000000000000000000000000000000000000000000000000000000000000000000000000000]
i                  (add              ) [ 001111111111111000000000000000000000000000000000000000000000000000000000000000000000000000]
br_ln68            (br               ) [ 000000000000000000000000000000000000000000000000000000000000000000000000000000000000000000]
zext_ln69          (zext             ) [ 000000000000000000000000000000000000000000000000000000000000000000000000000000000000000000]
zext_ln69_6        (zext             ) [ 000000000000000000000000000000000000000000000000000000000000000000000000000000000000000000]
add_ln69_1         (add              ) [ 000000000000000000000000000000000000000000000000000000000000000000000000000000000000000000]
zext_ln69_7        (zext             ) [ 000000000000000000000000000000000000000000000000000000000000000000000000000000000000000000]
W1_addr            (getelementptr    ) [ 000001000000000000000000000000000000000000000000000000000000000000000000000000000000000000]
input_addr         (getelementptr    ) [ 000001000000000000000000000000000000000000000000000000000000000000000000000000000000000000]
input_load         (load             ) [ 000000111000000000000000000000000000000000000000000000000000000000000000000000000000000000]
W1_load            (load             ) [ 000000111000000000000000000000000000000000000000000000000000000000000000000000000000000000]
tmp_i              (fmul             ) [ 000000000111110000000000000000000000000000000000000000000000000000000000000000000000000000]
specloopname_ln68  (specloopname     ) [ 000000000000000000000000000000000000000000000000000000000000000000000000000000000000000000]
acc_2              (fadd             ) [ 001111111111111000000000000000000000000000000000000000000000000000000000000000000000000000]
br_ln68            (br               ) [ 001111111111111000000000000000000000000000000000000000000000000000000000000000000000000000]
bitcast_ln72       (bitcast          ) [ 000000000000000000000000000000000000000000000000000000000000000000000000000000000000000000]
tmp                (partselect       ) [ 000000000000000000000000000000000000000000000000000000000000000000000000000000000000000000]
trunc_ln72         (trunc            ) [ 000000000000000000000000000000000000000000000000000000000000000000000000000000000000000000]
icmp_ln72          (icmp             ) [ 000000000000000000000000000000000000000000000000000000000000000000000000000000000000000000]
icmp_ln72_1        (icmp             ) [ 000000000000000000000000000000000000000000000000000000000000000000000000000000000000000000]
or_ln72            (or               ) [ 000000000000000000000000000000000000000000000000000000000000000000000000000000000000000000]
tmp_1              (fcmp             ) [ 000000000000000000000000000000000000000000000000000000000000000000000000000000000000000000]
and_ln72           (and              ) [ 000000000000000000000000000000000000000000000000000000000000000000000000000000000000000000]
select_ln72        (select           ) [ 000000000000000000000000000000000000000000000000000000000000000000000000000000000000000000]
a1_addr            (getelementptr    ) [ 000000000000000000000000000000000000000000000000000000000000000000000000000000000000000000]
store_ln87         (store            ) [ 000000000000000000000000000000000000000000000000000000000000000000000000000000000000000000]
br_ln86            (br               ) [ 011111111111111000000000000000000000000000000000000000000000000000000000000000000000000000]
j1_0               (phi              ) [ 000000000000000110000000000000000000000000000000000000000000000000000000000000000000000000]
icmp_ln90          (icmp             ) [ 000000000000000111111111111100000000000000000000000000000000000000000000000000000000000000]
empty_6            (speclooptripcount) [ 000000000000000000000000000000000000000000000000000000000000000000000000000000000000000000]
j_1                (add              ) [ 001000000000000111111111111100000000000000000000000000000000000000000000000000000000000000]
br_ln90            (br               ) [ 000000000000000000000000000000000000000000000000000000000000000000000000000000000000000000]
zext_ln91          (zext             ) [ 000000000000000011111111111100000000000000000000000000000000000000000000000000000000000000]
B2_addr            (getelementptr    ) [ 000000000000000010000000000000000000000000000000000000000000000000000000000000000000000000]
br_ln94            (br               ) [ 000000000000000111111111111111111111111110000000000000000000000000000000000000000000000000]
specloopname_ln91  (specloopname     ) [ 000000000000000000000000000000000000000000000000000000000000000000000000000000000000000000]
zext_ln69_4        (zext             ) [ 000000000000000000000000000000000000000000000000000000000000000000000000000000000000000000]
tmp_10             (bitconcatenate   ) [ 000000000000000000000000000000000000000000000000000000000000000000000000000000000000000000]
zext_ln69_5        (zext             ) [ 000000000000000000000000000000000000000000000000000000000000000000000000000000000000000000]
add_ln69           (add              ) [ 000000000000000001111111111000000000000000000000000000000000000000000000000000000000000000]
acc_1              (load             ) [ 000000000000000111111111111100000000000000000000000000000000000000000000000000000000000000]
br_ln68            (br               ) [ 000000000000000111111111111100000000000000000000000000000000000000000000000000000000000000]
acc_0_i6           (phi              ) [ 000000000000000001111111111100000000000000000000000000000000000000000000000000000000000000]
i_0_i7             (phi              ) [ 000000000000000001000000000000000000000000000000000000000000000000000000000000000000000000]
empty_7            (speclooptripcount) [ 000000000000000000000000000000000000000000000000000000000000000000000000000000000000000000]
icmp_ln68_1        (icmp             ) [ 000000000000000111111111111100000000000000000000000000000000000000000000000000000000000000]
i_1                (add              ) [ 000000000000000111111111111100000000000000000000000000000000000000000000000000000000000000]
br_ln68            (br               ) [ 000000000000000000000000000000000000000000000000000000000000000000000000000000000000000000]
zext_ln69_1        (zext             ) [ 000000000000000000000000000000000000000000000000000000000000000000000000000000000000000000]
zext_ln69_8        (zext             ) [ 000000000000000000000000000000000000000000000000000000000000000000000000000000000000000000]
add_ln69_2         (add              ) [ 000000000000000000000000000000000000000000000000000000000000000000000000000000000000000000]
zext_ln69_9        (zext             ) [ 000000000000000000000000000000000000000000000000000000000000000000000000000000000000000000]
W2_addr            (getelementptr    ) [ 000000000000000000100000000000000000000000000000000000000000000000000000000000000000000000]
a1_addr_1          (getelementptr    ) [ 000000000000000000100000000000000000000000000000000000000000000000000000000000000000000000]
a1_load            (load             ) [ 000000000000000000011100000000000000000000000000000000000000000000000000000000000000000000]
W2_load            (load             ) [ 000000000000000000011100000000000000000000000000000000000000000000000000000000000000000000]
tmp_i1             (fmul             ) [ 000000000000000000000011111000000000000000000000000000000000000000000000000000000000000000]
specloopname_ln68  (specloopname     ) [ 000000000000000000000000000000000000000000000000000000000000000000000000000000000000000000]
acc_4              (fadd             ) [ 000000000000000111111111111100000000000000000000000000000000000000000000000000000000000000]
br_ln68            (br               ) [ 000000000000000111111111111100000000000000000000000000000000000000000000000000000000000000]
bitcast_ln72_1     (bitcast          ) [ 000000000000000000000000000000000000000000000000000000000000000000000000000000000000000000]
tmp_2              (partselect       ) [ 000000000000000000000000000000000000000000000000000000000000000000000000000000000000000000]
trunc_ln72_1       (trunc            ) [ 000000000000000000000000000000000000000000000000000000000000000000000000000000000000000000]
icmp_ln72_2        (icmp             ) [ 000000000000000000000000000000000000000000000000000000000000000000000000000000000000000000]
icmp_ln72_3        (icmp             ) [ 000000000000000000000000000000000000000000000000000000000000000000000000000000000000000000]
or_ln72_1          (or               ) [ 000000000000000000000000000000000000000000000000000000000000000000000000000000000000000000]
tmp_3              (fcmp             ) [ 000000000000000000000000000000000000000000000000000000000000000000000000000000000000000000]
and_ln72_1         (and              ) [ 000000000000000000000000000000000000000000000000000000000000000000000000000000000000000000]
select_ln72_1      (select           ) [ 000000000000000000000000000000000000000000000000000000000000000000000000000000000000000000]
a2_addr            (getelementptr    ) [ 000000000000000000000000000000000000000000000000000000000000000000000000000000000000000000]
store_ln91         (store            ) [ 000000000000000000000000000000000000000000000000000000000000000000000000000000000000000000]
br_ln90            (br               ) [ 001000000000000111111111111100000000000000000000000000000000000000000000000000000000000000]
j2_0               (phi              ) [ 000000000000000000000000000011000000000000000000000000000000000000000000000000000000000000]
icmp_ln94          (icmp             ) [ 000000000000000000000000000011111111111110000000000000000000000000000000000000000000000000]
empty_8            (speclooptripcount) [ 000000000000000000000000000000000000000000000000000000000000000000000000000000000000000000]
j_2                (add              ) [ 000000000000000100000000000011111111111110000000000000000000000000000000000000000000000000]
br_ln94            (br               ) [ 000000000000000000000000000000000000000000000000000000000000000000000000000000000000000000]
zext_ln95          (zext             ) [ 000000000000000000000000000001111111111110000000000000000000000000000000000000000000000000]
B3_addr            (getelementptr    ) [ 000000000000000000000000000001000000000000000000000000000000000000000000000000000000000000]
br_ln98            (br               ) [ 000000000000000000000000000011111111111111111111111110000000000000000000000000000000000000]
specloopname_ln95  (specloopname     ) [ 000000000000000000000000000000000000000000000000000000000000000000000000000000000000000000]
tmp_11             (bitconcatenate   ) [ 000000000000000000000000000000000000000000000000000000000000000000000000000000000000000000]
zext_ln95_1        (zext             ) [ 000000000000000000000000000000111111111100000000000000000000000000000000000000000000000000]
acc_3              (load             ) [ 000000000000000000000000000011111111111110000000000000000000000000000000000000000000000000]
br_ln68            (br               ) [ 000000000000000000000000000011111111111110000000000000000000000000000000000000000000000000]
acc_0_i17          (phi              ) [ 000000000000000000000000000000111111111110000000000000000000000000000000000000000000000000]
i_0_i18            (phi              ) [ 000000000000000000000000000000100000000000000000000000000000000000000000000000000000000000]
empty_9            (speclooptripcount) [ 000000000000000000000000000000000000000000000000000000000000000000000000000000000000000000]
icmp_ln68_2        (icmp             ) [ 000000000000000000000000000011111111111110000000000000000000000000000000000000000000000000]
i_2                (add              ) [ 000000000000000000000000000011111111111110000000000000000000000000000000000000000000000000]
br_ln68            (br               ) [ 000000000000000000000000000000000000000000000000000000000000000000000000000000000000000000]
zext_ln69_2        (zext             ) [ 000000000000000000000000000000000000000000000000000000000000000000000000000000000000000000]
zext_ln69_10       (zext             ) [ 000000000000000000000000000000000000000000000000000000000000000000000000000000000000000000]
add_ln69_3         (add              ) [ 000000000000000000000000000000000000000000000000000000000000000000000000000000000000000000]
zext_ln69_11       (zext             ) [ 000000000000000000000000000000000000000000000000000000000000000000000000000000000000000000]
W3_addr            (getelementptr    ) [ 000000000000000000000000000000010000000000000000000000000000000000000000000000000000000000]
a2_addr_1          (getelementptr    ) [ 000000000000000000000000000000010000000000000000000000000000000000000000000000000000000000]
a2_load            (load             ) [ 000000000000000000000000000000001110000000000000000000000000000000000000000000000000000000]
W3_load            (load             ) [ 000000000000000000000000000000001110000000000000000000000000000000000000000000000000000000]
tmp_i2             (fmul             ) [ 000000000000000000000000000000000001111100000000000000000000000000000000000000000000000000]
specloopname_ln68  (specloopname     ) [ 000000000000000000000000000000000000000000000000000000000000000000000000000000000000000000]
acc_6              (fadd             ) [ 000000000000000000000000000011111111111110000000000000000000000000000000000000000000000000]
br_ln68            (br               ) [ 000000000000000000000000000011111111111110000000000000000000000000000000000000000000000000]
bitcast_ln72_2     (bitcast          ) [ 000000000000000000000000000000000000000000000000000000000000000000000000000000000000000000]
tmp_4              (partselect       ) [ 000000000000000000000000000000000000000000000000000000000000000000000000000000000000000000]
trunc_ln72_2       (trunc            ) [ 000000000000000000000000000000000000000000000000000000000000000000000000000000000000000000]
icmp_ln72_4        (icmp             ) [ 000000000000000000000000000000000000000000000000000000000000000000000000000000000000000000]
icmp_ln72_5        (icmp             ) [ 000000000000000000000000000000000000000000000000000000000000000000000000000000000000000000]
or_ln72_2          (or               ) [ 000000000000000000000000000000000000000000000000000000000000000000000000000000000000000000]
tmp_5              (fcmp             ) [ 000000000000000000000000000000000000000000000000000000000000000000000000000000000000000000]
and_ln72_2         (and              ) [ 000000000000000000000000000000000000000000000000000000000000000000000000000000000000000000]
select_ln72_2      (select           ) [ 000000000000000000000000000000000000000000000000000000000000000000000000000000000000000000]
a3_addr            (getelementptr    ) [ 000000000000000000000000000000000000000000000000000000000000000000000000000000000000000000]
store_ln95         (store            ) [ 000000000000000000000000000000000000000000000000000000000000000000000000000000000000000000]
br_ln94            (br               ) [ 000000000000000100000000000011111111111110000000000000000000000000000000000000000000000000]
j3_0               (phi              ) [ 000000000000000000000000000000000000000001100000000000000000000000000000000000000000000000]
icmp_ln98          (icmp             ) [ 000000000000000000000000000000000000000001111111111110000000000000000000000000000000000000]
empty_10           (speclooptripcount) [ 000000000000000000000000000000000000000000000000000000000000000000000000000000000000000000]
j_4                (add              ) [ 000000000000000000000000000010000000000001111111111110000000000000000000000000000000000000]
br_ln98            (br               ) [ 000000000000000000000000000000000000000000000000000000000000000000000000000000000000000000]
zext_ln99          (zext             ) [ 000000000000000000000000000000000000000000111111111110000000000000000000000000000000000000]
B4_addr            (getelementptr    ) [ 000000000000000000000000000000000000000000100000000000000000000000000000000000000000000000]
z4_addr            (getelementptr    ) [ 000000000000000000000000000000000000000000000000000001000000000000000000000000000000000000]
specloopname_ln99  (specloopname     ) [ 000000000000000000000000000000000000000000000000000000000000000000000000000000000000000000]
tmp_12             (bitconcatenate   ) [ 000000000000000000000000000000000000000000000000000000000000000000000000000000000000000000]
zext_ln99_1        (zext             ) [ 000000000000000000000000000000000000000000011111111110000000000000000000000000000000000000]
acc_5              (load             ) [ 000000000000000000000000000000000000000001111111111110000000000000000000000000000000000000]
br_ln68            (br               ) [ 000000000000000000000000000000000000000001111111111110000000000000000000000000000000000000]
acc_0_i28          (phi              ) [ 000000000000000000000000000000000000000000011111111110000000000000000000000000000000000000]
i_0_i29            (phi              ) [ 000000000000000000000000000000000000000000010000000000000000000000000000000000000000000000]
empty_11           (speclooptripcount) [ 000000000000000000000000000000000000000000000000000000000000000000000000000000000000000000]
icmp_ln68_3        (icmp             ) [ 000000000000000000000000000000000000000001111111111110000000000000000000000000000000000000]
i_3                (add              ) [ 000000000000000000000000000000000000000001111111111110000000000000000000000000000000000000]
br_ln68            (br               ) [ 000000000000000000000000000000000000000000000000000000000000000000000000000000000000000000]
zext_ln69_3        (zext             ) [ 000000000000000000000000000000000000000000000000000000000000000000000000000000000000000000]
zext_ln69_12       (zext             ) [ 000000000000000000000000000000000000000000000000000000000000000000000000000000000000000000]
add_ln69_4         (add              ) [ 000000000000000000000000000000000000000000000000000000000000000000000000000000000000000000]
zext_ln69_13       (zext             ) [ 000000000000000000000000000000000000000000000000000000000000000000000000000000000000000000]
W4_addr            (getelementptr    ) [ 000000000000000000000000000000000000000000001000000000000000000000000000000000000000000000]
a3_addr_1          (getelementptr    ) [ 000000000000000000000000000000000000000000001000000000000000000000000000000000000000000000]
z4_addr_1          (getelementptr    ) [ 000000000000000000000000000000000000000000000000000000000000000000000000000000000000000000]
store_ln99         (store            ) [ 000000000000000000000000000000000000000000000000000000000000000000000000000000000000000000]
br_ln98            (br               ) [ 000000000000000000000000000010000000000001111111111110000000000000000000000000000000000000]
a3_load            (load             ) [ 000000000000000000000000000000000000000000000111000000000000000000000000000000000000000000]
W4_load            (load             ) [ 000000000000000000000000000000000000000000000111000000000000000000000000000000000000000000]
tmp_i3             (fmul             ) [ 000000000000000000000000000000000000000000000000111110000000000000000000000000000000000000]
specloopname_ln68  (specloopname     ) [ 000000000000000000000000000000000000000000000000000000000000000000000000000000000000000000]
acc_7              (fadd             ) [ 000000000000000000000000000000000000000001111111111110000000000000000000000000000000000000]
br_ln68            (br               ) [ 000000000000000000000000000000000000000001111111111110000000000000000000000000000000000000]
maxv               (load             ) [ 000000000000000000000000000000000000000000000000000001111000000000000000000000000000000000]
br_ln103           (br               ) [ 000000000000000000000000000000000000000000000000000001111000000000000000000000000000000000]
j4_0               (phi              ) [ 000000000000000000000000000000000000000000000000000000100000000000000000000000000000000000]
maxv_0             (phi              ) [ 000000000000000000000000000000000000000000000000000000111111111111111111111110000000000000]
icmp_ln103         (icmp             ) [ 000000000000000000000000000000000000000000000000000000111000000000000000000000000000000000]
empty_12           (speclooptripcount) [ 000000000000000000000000000000000000000000000000000000000000000000000000000000000000000000]
br_ln103           (br               ) [ 000000000000000000000000000000000000000000000000000000000000000000000000000000000000000000]
zext_ln104         (zext             ) [ 000000000000000000000000000000000000000000000000000000000000000000000000000000000000000000]
z4_addr_2          (getelementptr    ) [ 000000000000000000000000000000000000000000000000000000010000000000000000000000000000000000]
j_3                (add              ) [ 000000000000000000000000000000000000000000000000000001111000000000000000000000000000000000]
br_ln109           (br               ) [ 000000000000000000000000000000000000000000000000000000111111111111111111111110000000000000]
maxv_1             (load             ) [ 000000000000000000000000000000000000000000000000000000001000000000000000000000000000000000]
specloopname_ln104 (specloopname     ) [ 000000000000000000000000000000000000000000000000000000000000000000000000000000000000000000]
bitcast_ln104      (bitcast          ) [ 000000000000000000000000000000000000000000000000000000000000000000000000000000000000000000]
tmp_6              (partselect       ) [ 000000000000000000000000000000000000000000000000000000000000000000000000000000000000000000]
trunc_ln104        (trunc            ) [ 000000000000000000000000000000000000000000000000000000000000000000000000000000000000000000]
bitcast_ln104_1    (bitcast          ) [ 000000000000000000000000000000000000000000000000000000000000000000000000000000000000000000]
tmp_8              (partselect       ) [ 000000000000000000000000000000000000000000000000000000000000000000000000000000000000000000]
trunc_ln104_1      (trunc            ) [ 000000000000000000000000000000000000000000000000000000000000000000000000000000000000000000]
icmp_ln104         (icmp             ) [ 000000000000000000000000000000000000000000000000000000000000000000000000000000000000000000]
icmp_ln104_1       (icmp             ) [ 000000000000000000000000000000000000000000000000000000000000000000000000000000000000000000]
or_ln104           (or               ) [ 000000000000000000000000000000000000000000000000000000000000000000000000000000000000000000]
icmp_ln104_2       (icmp             ) [ 000000000000000000000000000000000000000000000000000000000000000000000000000000000000000000]
icmp_ln104_3       (icmp             ) [ 000000000000000000000000000000000000000000000000000000000000000000000000000000000000000000]
or_ln104_1         (or               ) [ 000000000000000000000000000000000000000000000000000000000000000000000000000000000000000000]
and_ln104          (and              ) [ 000000000000000000000000000000000000000000000000000000000000000000000000000000000000000000]
tmp_s              (fcmp             ) [ 000000000000000000000000000000000000000000000000000000000000000000000000000000000000000000]
and_ln104_1        (and              ) [ 000000000000000000000000000000000000000000000000000000000000000000000000000000000000000000]
maxv_2             (select           ) [ 000000000000000000000000000000000000000000000000000001111000000000000000000000000000000000]
br_ln103           (br               ) [ 000000000000000000000000000000000000000000000000000001111000000000000000000000000000000000]
sum_0              (phi              ) [ 000000000000000000000000000000000000000000000000000000000111111111111111111111111111111111]
j5_0               (phi              ) [ 000000000000000000000000000000000000000000000000000000000100000000000000000000000000000000]
icmp_ln109         (icmp             ) [ 000000000000000000000000000000000000000000000000000000000111111111111111111110000000000000]
empty_13           (speclooptripcount) [ 000000000000000000000000000000000000000000000000000000000000000000000000000000000000000000]
j_5                (add              ) [ 000000000000000000000000000000000000000000000000000000100111111111111111111110000000000000]
br_ln109           (br               ) [ 000000000000000000000000000000000000000000000000000000000000000000000000000000000000000000]
zext_ln110         (zext             ) [ 000000000000000000000000000000000000000000000000000000000011111111111111100000000000000000]
z4_addr_3          (getelementptr    ) [ 000000000000000000000000000000000000000000000000000000000010000000000000000000000000000000]
br_ln116           (br               ) [ 000000000000000000000000000000000000000000000000000000000111111111111111111111111111111111]
z4_load            (load             ) [ 000000000000000000000000000000000000000000000000000000000001111100000000000000000000000000]
tmp_7              (fsub             ) [ 000000000000000000000000000000000000000000000000000000000000000011111111000000000000000000]
e                  (fexp             ) [ 000000000000000000000000000000000000000000000000000000000000000000000000111110000000000000]
output_addr        (getelementptr    ) [ 000000000000000000000000000000000000000000000000000000000000000000000000000000000000000000]
store_ln111        (store            ) [ 000000000000000000000000000000000000000000000000000000000000000000000000000000000000000000]
specloopname_ln109 (specloopname     ) [ 000000000000000000000000000000000000000000000000000000000000000000000000000000000000000000]
sum                (fadd             ) [ 000000000000000000000000000000000000000000000000000000100111111111111111111110000000000000]
br_ln109           (br               ) [ 000000000000000000000000000000000000000000000000000000100111111111111111111110000000000000]
j6_0               (phi              ) [ 000000000000000000000000000000000000000000000000000000000000000000000000000001000000000000]
icmp_ln116         (icmp             ) [ 000000000000000000000000000000000000000000000000000000000000000000000000000001111111111111]
empty_14           (speclooptripcount) [ 000000000000000000000000000000000000000000000000000000000000000000000000000000000000000000]
j_6                (add              ) [ 000000000000000000000000000000000000000000000000000000000100000000000000000001111111111111]
br_ln116           (br               ) [ 000000000000000000000000000000000000000000000000000000000000000000000000000000000000000000]
zext_ln117         (zext             ) [ 000000000000000000000000000000000000000000000000000000000000000000000000000000000000000000]
output_addr_1      (getelementptr    ) [ 000000000000000000000000000000000000000000000000000000000000000000000000000000111111111111]
ret_ln118          (ret              ) [ 000000000000000000000000000000000000000000000000000000000000000000000000000000000000000000]
output_load        (load             ) [ 000000000000000000000000000000000000000000000000000000000000000000000000000000011111111111]
specloopname_ln117 (specloopname     ) [ 000000000000000000000000000000000000000000000000000000000000000000000000000000000000000000]
tmp_9              (fdiv             ) [ 000000000000000000000000000000000000000000000000000000000000000000000000000000000000000000]
store_ln117        (store            ) [ 000000000000000000000000000000000000000000000000000000000000000000000000000000000000000000]
br_ln116           (br               ) [ 000000000000000000000000000000000000000000000000000000000100000000000000000001111111111111]
</LifeTime>

<model>

<comp_list>
<comp id="0" class="1000" name="input_r">
<pin_list>
<pin id="1" dir="1" index="0" bw="1" slack="0"/>
</pin_list>
<bind>
<StgValue><ssdm name="input_r"/><MemPortTyVec>1 3 </MemPortTyVec>
</StgValue>
</bind>
</comp>

<comp id="2" class="1000" name="output_r">
<pin_list>
<pin id="3" dir="1" index="0" bw="1" slack="0"/>
</pin_list>
<bind>
<StgValue><ssdm name="output_r"/><MemPortTyVec>2 3 </MemPortTyVec>
</StgValue>
</bind>
</comp>

<comp id="4" class="1000" name="B1">
<pin_list>
<pin id="5" dir="1" index="0" bw="1" slack="0"/>
</pin_list>
<bind>
<StgValue><ssdm name="B1"/><MemPortTyVec>1 </MemPortTyVec>
</StgValue>
</bind>
</comp>

<comp id="6" class="1000" name="W1">
<pin_list>
<pin id="7" dir="1" index="0" bw="1" slack="0"/>
</pin_list>
<bind>
<StgValue><ssdm name="W1"/><MemPortTyVec>1 </MemPortTyVec>
</StgValue>
</bind>
</comp>

<comp id="8" class="1000" name="B2">
<pin_list>
<pin id="9" dir="1" index="0" bw="1" slack="0"/>
</pin_list>
<bind>
<StgValue><ssdm name="B2"/><MemPortTyVec>1 </MemPortTyVec>
</StgValue>
</bind>
</comp>

<comp id="10" class="1000" name="W2">
<pin_list>
<pin id="11" dir="1" index="0" bw="1" slack="0"/>
</pin_list>
<bind>
<StgValue><ssdm name="W2"/><MemPortTyVec>1 </MemPortTyVec>
</StgValue>
</bind>
</comp>

<comp id="12" class="1000" name="B3">
<pin_list>
<pin id="13" dir="1" index="0" bw="1" slack="0"/>
</pin_list>
<bind>
<StgValue><ssdm name="B3"/><MemPortTyVec>1 </MemPortTyVec>
</StgValue>
</bind>
</comp>

<comp id="14" class="1000" name="W3">
<pin_list>
<pin id="15" dir="1" index="0" bw="1" slack="0"/>
</pin_list>
<bind>
<StgValue><ssdm name="W3"/><MemPortTyVec>1 </MemPortTyVec>
</StgValue>
</bind>
</comp>

<comp id="16" class="1000" name="B4">
<pin_list>
<pin id="17" dir="1" index="0" bw="1" slack="0"/>
</pin_list>
<bind>
<StgValue><ssdm name="B4"/><MemPortTyVec>1 </MemPortTyVec>
</StgValue>
</bind>
</comp>

<comp id="18" class="1000" name="W4">
<pin_list>
<pin id="19" dir="1" index="0" bw="1" slack="0"/>
</pin_list>
<bind>
<StgValue><ssdm name="W4"/><MemPortTyVec>1 </MemPortTyVec>
</StgValue>
</bind>
</comp>

<comp id="20" class="1001" name="const_20">
<pin_list>
<pin id="21" dir="1" index="0" bw="1" slack="2147483647"/>
</pin_list>
<bind>
<StgValue><ssdm name="_ssdm_op_SpecBitsMap"/></StgValue>
</bind>
</comp>

<comp id="22" class="1001" name="const_22">
<pin_list>
<pin id="23" dir="1" index="0" bw="1" slack="2147483647"/>
</pin_list>
<bind>
<StgValue><ssdm name="_ssdm_op_SpecTopModule"/></StgValue>
</bind>
</comp>

<comp id="24" class="1001" name="const_24">
<pin_list>
<pin id="25" dir="1" index="0" bw="1" slack="2147483647"/>
</pin_list>
<bind>
<StgValue><ssdm name="mlp_str"/></StgValue>
</bind>
</comp>

<comp id="26" class="1001" name="const_26">
<pin_list>
<pin id="27" dir="1" index="0" bw="1" slack="0"/>
</pin_list>
<bind>
<StgValue><ssdm name=""/></StgValue>
</bind>
</comp>

<comp id="28" class="1001" name="const_28">
<pin_list>
<pin id="29" dir="1" index="0" bw="1" slack="0"/>
</pin_list>
<bind>
<StgValue><ssdm name=""/></StgValue>
</bind>
</comp>

<comp id="30" class="1001" name="const_30">
<pin_list>
<pin id="31" dir="1" index="0" bw="1" slack="1"/>
</pin_list>
<bind>
<StgValue><ssdm name=""/></StgValue>
</bind>
</comp>

<comp id="32" class="1001" name="const_32">
<pin_list>
<pin id="33" dir="1" index="0" bw="1" slack="0"/>
</pin_list>
<bind>
<StgValue><ssdm name=""/></StgValue>
</bind>
</comp>

<comp id="34" class="1001" name="const_34">
<pin_list>
<pin id="35" dir="1" index="0" bw="1" slack="0"/>
</pin_list>
<bind>
<StgValue><ssdm name=""/></StgValue>
</bind>
</comp>

<comp id="36" class="1001" name="const_36">
<pin_list>
<pin id="37" dir="1" index="0" bw="1" slack="2147483647"/>
</pin_list>
<bind>
<StgValue><ssdm name="_ssdm_op_SpecLoopTripCount"/></StgValue>
</bind>
</comp>

<comp id="38" class="1001" name="const_38">
<pin_list>
<pin id="39" dir="1" index="0" bw="1" slack="2147483647"/>
</pin_list>
<bind>
<StgValue><ssdm name=""/></StgValue>
</bind>
</comp>

<comp id="40" class="1001" name="const_40">
<pin_list>
<pin id="41" dir="1" index="0" bw="1" slack="0"/>
</pin_list>
<bind>
<StgValue><ssdm name=""/></StgValue>
</bind>
</comp>

<comp id="42" class="1001" name="const_42">
<pin_list>
<pin id="43" dir="1" index="0" bw="1" slack="0"/>
</pin_list>
<bind>
<StgValue><ssdm name=""/></StgValue>
</bind>
</comp>

<comp id="44" class="1001" name="const_44">
<pin_list>
<pin id="45" dir="1" index="0" bw="1" slack="2147483647"/>
</pin_list>
<bind>
<StgValue><ssdm name="_ssdm_op_SpecLoopName"/></StgValue>
</bind>
</comp>

<comp id="46" class="1001" name="const_46">
<pin_list>
<pin id="47" dir="1" index="0" bw="1" slack="2147483647"/>
</pin_list>
<bind>
<StgValue><ssdm name="p_str1"/></StgValue>
</bind>
</comp>

<comp id="48" class="1001" name="const_48">
<pin_list>
<pin id="49" dir="1" index="0" bw="1" slack="1"/>
</pin_list>
<bind>
<StgValue><ssdm name=""/></StgValue>
</bind>
</comp>

<comp id="50" class="1001" name="const_50">
<pin_list>
<pin id="51" dir="1" index="0" bw="1" slack="2147483647"/>
</pin_list>
<bind>
<StgValue><ssdm name=""/></StgValue>
</bind>
</comp>

<comp id="52" class="1001" name="const_52">
<pin_list>
<pin id="53" dir="1" index="0" bw="1" slack="0"/>
</pin_list>
<bind>
<StgValue><ssdm name=""/></StgValue>
</bind>
</comp>

<comp id="54" class="1001" name="const_54">
<pin_list>
<pin id="55" dir="1" index="0" bw="1" slack="0"/>
</pin_list>
<bind>
<StgValue><ssdm name=""/></StgValue>
</bind>
</comp>

<comp id="56" class="1001" name="const_56">
<pin_list>
<pin id="57" dir="1" index="0" bw="1" slack="0"/>
</pin_list>
<bind>
<StgValue><ssdm name=""/></StgValue>
</bind>
</comp>

<comp id="58" class="1001" name="const_58">
<pin_list>
<pin id="59" dir="1" index="0" bw="1" slack="2147483647"/>
</pin_list>
<bind>
<StgValue><ssdm name="p_str"/></StgValue>
</bind>
</comp>

<comp id="60" class="1001" name="const_60">
<pin_list>
<pin id="61" dir="1" index="0" bw="1" slack="0"/>
</pin_list>
<bind>
<StgValue><ssdm name="_ssdm_op_PartSelect.i8.i32.i32.i32"/></StgValue>
</bind>
</comp>

<comp id="62" class="1001" name="const_62">
<pin_list>
<pin id="63" dir="1" index="0" bw="1" slack="0"/>
</pin_list>
<bind>
<StgValue><ssdm name=""/></StgValue>
</bind>
</comp>

<comp id="64" class="1001" name="const_64">
<pin_list>
<pin id="65" dir="1" index="0" bw="1" slack="0"/>
</pin_list>
<bind>
<StgValue><ssdm name=""/></StgValue>
</bind>
</comp>

<comp id="66" class="1001" name="const_66">
<pin_list>
<pin id="67" dir="1" index="0" bw="1" slack="0"/>
</pin_list>
<bind>
<StgValue><ssdm name=""/></StgValue>
</bind>
</comp>

<comp id="68" class="1001" name="const_68">
<pin_list>
<pin id="69" dir="1" index="0" bw="1" slack="0"/>
</pin_list>
<bind>
<StgValue><ssdm name=""/></StgValue>
</bind>
</comp>

<comp id="70" class="1001" name="const_70">
<pin_list>
<pin id="71" dir="1" index="0" bw="1" slack="1"/>
</pin_list>
<bind>
<StgValue><ssdm name=""/></StgValue>
</bind>
</comp>

<comp id="72" class="1001" name="const_72">
<pin_list>
<pin id="73" dir="1" index="0" bw="1" slack="0"/>
</pin_list>
<bind>
<StgValue><ssdm name=""/></StgValue>
</bind>
</comp>

<comp id="74" class="1001" name="const_74">
<pin_list>
<pin id="75" dir="1" index="0" bw="1" slack="2147483647"/>
</pin_list>
<bind>
<StgValue><ssdm name=""/></StgValue>
</bind>
</comp>

<comp id="76" class="1001" name="const_76">
<pin_list>
<pin id="77" dir="1" index="0" bw="1" slack="0"/>
</pin_list>
<bind>
<StgValue><ssdm name=""/></StgValue>
</bind>
</comp>

<comp id="78" class="1001" name="const_78">
<pin_list>
<pin id="79" dir="1" index="0" bw="1" slack="2147483647"/>
</pin_list>
<bind>
<StgValue><ssdm name="p_str2"/></StgValue>
</bind>
</comp>

<comp id="80" class="1001" name="const_80">
<pin_list>
<pin id="81" dir="1" index="0" bw="1" slack="0"/>
</pin_list>
<bind>
<StgValue><ssdm name="_ssdm_op_BitConcatenate.i6.i4.i2"/></StgValue>
</bind>
</comp>

<comp id="82" class="1001" name="const_82">
<pin_list>
<pin id="83" dir="1" index="0" bw="1" slack="0"/>
</pin_list>
<bind>
<StgValue><ssdm name=""/></StgValue>
</bind>
</comp>

<comp id="84" class="1001" name="const_84">
<pin_list>
<pin id="85" dir="1" index="0" bw="1" slack="2147483647"/>
</pin_list>
<bind>
<StgValue><ssdm name="p_str3"/></StgValue>
</bind>
</comp>

<comp id="86" class="1001" name="const_86">
<pin_list>
<pin id="87" dir="1" index="0" bw="1" slack="0"/>
</pin_list>
<bind>
<StgValue><ssdm name="_ssdm_op_BitConcatenate.i7.i4.i3"/></StgValue>
</bind>
</comp>

<comp id="88" class="1001" name="const_88">
<pin_list>
<pin id="89" dir="1" index="0" bw="1" slack="0"/>
</pin_list>
<bind>
<StgValue><ssdm name=""/></StgValue>
</bind>
</comp>

<comp id="90" class="1001" name="const_90">
<pin_list>
<pin id="91" dir="1" index="0" bw="1" slack="2147483647"/>
</pin_list>
<bind>
<StgValue><ssdm name=""/></StgValue>
</bind>
</comp>

<comp id="92" class="1001" name="const_92">
<pin_list>
<pin id="93" dir="1" index="0" bw="1" slack="2147483647"/>
</pin_list>
<bind>
<StgValue><ssdm name="p_str4"/></StgValue>
</bind>
</comp>

<comp id="94" class="1001" name="const_94">
<pin_list>
<pin id="95" dir="1" index="0" bw="1" slack="2147483647"/>
</pin_list>
<bind>
<StgValue><ssdm name=""/></StgValue>
</bind>
</comp>

<comp id="96" class="1001" name="const_96">
<pin_list>
<pin id="97" dir="1" index="0" bw="1" slack="2147483647"/>
</pin_list>
<bind>
<StgValue><ssdm name="p_str5"/></StgValue>
</bind>
</comp>

<comp id="98" class="1001" name="const_98">
<pin_list>
<pin id="99" dir="1" index="0" bw="1" slack="0"/>
</pin_list>
<bind>
<StgValue><ssdm name="llvm.exp.f32"/></StgValue>
</bind>
</comp>

<comp id="100" class="1001" name="const_100">
<pin_list>
<pin id="101" dir="1" index="0" bw="1" slack="2147483647"/>
</pin_list>
<bind>
<StgValue><ssdm name="p_str6"/></StgValue>
</bind>
</comp>

<comp id="102" class="1001" name="const_102">
<pin_list>
<pin id="103" dir="1" index="0" bw="1" slack="2147483647"/>
</pin_list>
<bind>
<StgValue><ssdm name="p_str7"/></StgValue>
</bind>
</comp>

<comp id="104" class="1004" name="a1_alloca_fu_104">
<pin_list>
<pin id="105" dir="0" index="0" bw="1" slack="0"/>
<pin id="106" dir="1" index="1" bw="32" slack="2147483647"/>
</pin_list>
<bind>
<opcode="alloca(26) " fcode="alloca"/>
<opset="a1/1 "/>
</bind>
</comp>

<comp id="108" class="1004" name="a2_alloca_fu_108">
<pin_list>
<pin id="109" dir="0" index="0" bw="1" slack="0"/>
<pin id="110" dir="1" index="1" bw="32" slack="2147483647"/>
</pin_list>
<bind>
<opcode="alloca(26) " fcode="alloca"/>
<opset="a2/1 "/>
</bind>
</comp>

<comp id="112" class="1004" name="a3_alloca_fu_112">
<pin_list>
<pin id="113" dir="0" index="0" bw="1" slack="0"/>
<pin id="114" dir="1" index="1" bw="32" slack="2147483647"/>
</pin_list>
<bind>
<opcode="alloca(26) " fcode="alloca"/>
<opset="a3/1 "/>
</bind>
</comp>

<comp id="116" class="1004" name="z4_alloca_fu_116">
<pin_list>
<pin id="117" dir="0" index="0" bw="1" slack="0"/>
<pin id="118" dir="1" index="1" bw="32" slack="2147483647"/>
</pin_list>
<bind>
<opcode="alloca(26) " fcode="alloca"/>
<opset="z4/1 "/>
</bind>
</comp>

<comp id="120" class="1004" name="B1_addr_gep_fu_120">
<pin_list>
<pin id="121" dir="0" index="0" bw="32" slack="0"/>
<pin id="122" dir="0" index="1" bw="1" slack="0"/>
<pin id="123" dir="0" index="2" bw="3" slack="0"/>
<pin id="124" dir="1" index="3" bw="3" slack="0"/>
</pin_list>
<bind>
<opcode="getelementptr(29) " fcode="getelementptr"/>
<opset="B1_addr/2 "/>
</bind>
</comp>

<comp id="127" class="1004" name="grp_access_fu_127">
<pin_list>
<pin id="128" dir="0" index="0" bw="3" slack="0"/>
<pin id="129" dir="0" index="1" bw="32" slack="2147483647"/>
<pin id="130" dir="0" index="2" bw="0" slack="2147483647"/>
<pin id="131" dir="1" index="3" bw="32" slack="1"/>
</pin_list>
<bind>
<opcode="load(27) " fcode="load"/>
<opset="acc/2 "/>
</bind>
</comp>

<comp id="133" class="1004" name="W1_addr_gep_fu_133">
<pin_list>
<pin id="134" dir="0" index="0" bw="32" slack="0"/>
<pin id="135" dir="0" index="1" bw="1" slack="0"/>
<pin id="136" dir="0" index="2" bw="12" slack="0"/>
<pin id="137" dir="1" index="3" bw="12" slack="0"/>
</pin_list>
<bind>
<opcode="getelementptr(29) " fcode="getelementptr"/>
<opset="W1_addr/4 "/>
</bind>
</comp>

<comp id="140" class="1004" name="input_addr_gep_fu_140">
<pin_list>
<pin id="141" dir="0" index="0" bw="32" slack="0"/>
<pin id="142" dir="0" index="1" bw="1" slack="0"/>
<pin id="143" dir="0" index="2" bw="10" slack="0"/>
<pin id="144" dir="1" index="3" bw="10" slack="0"/>
</pin_list>
<bind>
<opcode="getelementptr(29) " fcode="getelementptr"/>
<opset="input_addr/4 "/>
</bind>
</comp>

<comp id="147" class="1004" name="grp_access_fu_147">
<pin_list>
<pin id="148" dir="0" index="0" bw="10" slack="0"/>
<pin id="149" dir="0" index="1" bw="32" slack="2147483647"/>
<pin id="150" dir="0" index="2" bw="0" slack="2147483647"/>
<pin id="151" dir="1" index="3" bw="32" slack="0"/>
</pin_list>
<bind>
<opcode="load(27) " fcode="load"/>
<opset="input_load/4 "/>
</bind>
</comp>

<comp id="153" class="1004" name="grp_access_fu_153">
<pin_list>
<pin id="154" dir="0" index="0" bw="12" slack="0"/>
<pin id="155" dir="0" index="1" bw="32" slack="2147483647"/>
<pin id="156" dir="0" index="2" bw="0" slack="2147483647"/>
<pin id="157" dir="1" index="3" bw="32" slack="0"/>
</pin_list>
<bind>
<opcode="load(27) " fcode="load"/>
<opset="W1_load/4 "/>
</bind>
</comp>

<comp id="159" class="1004" name="a1_addr_gep_fu_159">
<pin_list>
<pin id="160" dir="0" index="0" bw="32" slack="2147483647"/>
<pin id="161" dir="0" index="1" bw="1" slack="0"/>
<pin id="162" dir="0" index="2" bw="3" slack="3"/>
<pin id="163" dir="1" index="3" bw="3" slack="0"/>
</pin_list>
<bind>
<opcode="getelementptr(29) " fcode="getelementptr"/>
<opset="a1_addr/14 "/>
</bind>
</comp>

<comp id="165" class="1004" name="grp_access_fu_165">
<pin_list>
<pin id="166" dir="0" index="0" bw="3" slack="0"/>
<pin id="167" dir="0" index="1" bw="32" slack="0"/>
<pin id="168" dir="0" index="2" bw="0" slack="2147483647"/>
<pin id="169" dir="1" index="3" bw="32" slack="0"/>
</pin_list>
<bind>
<opcode="load(27) store(28) " fcode="load"/>
<opset="store_ln87/14 a1_load/17 "/>
</bind>
</comp>

<comp id="171" class="1004" name="B2_addr_gep_fu_171">
<pin_list>
<pin id="172" dir="0" index="0" bw="32" slack="0"/>
<pin id="173" dir="0" index="1" bw="1" slack="0"/>
<pin id="174" dir="0" index="2" bw="4" slack="0"/>
<pin id="175" dir="1" index="3" bw="3" slack="0"/>
</pin_list>
<bind>
<opcode="getelementptr(29) " fcode="getelementptr"/>
<opset="B2_addr/15 "/>
</bind>
</comp>

<comp id="178" class="1004" name="grp_access_fu_178">
<pin_list>
<pin id="179" dir="0" index="0" bw="3" slack="0"/>
<pin id="180" dir="0" index="1" bw="32" slack="2147483647"/>
<pin id="181" dir="0" index="2" bw="0" slack="2147483647"/>
<pin id="182" dir="1" index="3" bw="32" slack="1"/>
</pin_list>
<bind>
<opcode="load(27) " fcode="load"/>
<opset="acc_1/15 "/>
</bind>
</comp>

<comp id="184" class="1004" name="W2_addr_gep_fu_184">
<pin_list>
<pin id="185" dir="0" index="0" bw="32" slack="0"/>
<pin id="186" dir="0" index="1" bw="1" slack="0"/>
<pin id="187" dir="0" index="2" bw="7" slack="0"/>
<pin id="188" dir="1" index="3" bw="6" slack="0"/>
</pin_list>
<bind>
<opcode="getelementptr(29) " fcode="getelementptr"/>
<opset="W2_addr/17 "/>
</bind>
</comp>

<comp id="191" class="1004" name="a1_addr_1_gep_fu_191">
<pin_list>
<pin id="192" dir="0" index="0" bw="32" slack="2147483647"/>
<pin id="193" dir="0" index="1" bw="1" slack="0"/>
<pin id="194" dir="0" index="2" bw="3" slack="0"/>
<pin id="195" dir="1" index="3" bw="3" slack="0"/>
</pin_list>
<bind>
<opcode="getelementptr(29) " fcode="getelementptr"/>
<opset="a1_addr_1/17 "/>
</bind>
</comp>

<comp id="198" class="1004" name="grp_access_fu_198">
<pin_list>
<pin id="199" dir="0" index="0" bw="6" slack="0"/>
<pin id="200" dir="0" index="1" bw="32" slack="2147483647"/>
<pin id="201" dir="0" index="2" bw="0" slack="2147483647"/>
<pin id="202" dir="1" index="3" bw="32" slack="0"/>
</pin_list>
<bind>
<opcode="load(27) " fcode="load"/>
<opset="W2_load/17 "/>
</bind>
</comp>

<comp id="204" class="1004" name="a2_addr_gep_fu_204">
<pin_list>
<pin id="205" dir="0" index="0" bw="32" slack="2147483647"/>
<pin id="206" dir="0" index="1" bw="1" slack="0"/>
<pin id="207" dir="0" index="2" bw="4" slack="3"/>
<pin id="208" dir="1" index="3" bw="3" slack="0"/>
</pin_list>
<bind>
<opcode="getelementptr(29) " fcode="getelementptr"/>
<opset="a2_addr/27 "/>
</bind>
</comp>

<comp id="210" class="1004" name="grp_access_fu_210">
<pin_list>
<pin id="211" dir="0" index="0" bw="3" slack="0"/>
<pin id="212" dir="0" index="1" bw="32" slack="0"/>
<pin id="213" dir="0" index="2" bw="0" slack="2147483647"/>
<pin id="214" dir="1" index="3" bw="32" slack="0"/>
</pin_list>
<bind>
<opcode="load(27) store(28) " fcode="load"/>
<opset="store_ln91/27 a2_load/30 "/>
</bind>
</comp>

<comp id="216" class="1004" name="B3_addr_gep_fu_216">
<pin_list>
<pin id="217" dir="0" index="0" bw="32" slack="0"/>
<pin id="218" dir="0" index="1" bw="1" slack="0"/>
<pin id="219" dir="0" index="2" bw="4" slack="0"/>
<pin id="220" dir="1" index="3" bw="3" slack="0"/>
</pin_list>
<bind>
<opcode="getelementptr(29) " fcode="getelementptr"/>
<opset="B3_addr/28 "/>
</bind>
</comp>

<comp id="223" class="1004" name="grp_access_fu_223">
<pin_list>
<pin id="224" dir="0" index="0" bw="3" slack="0"/>
<pin id="225" dir="0" index="1" bw="32" slack="2147483647"/>
<pin id="226" dir="0" index="2" bw="0" slack="2147483647"/>
<pin id="227" dir="1" index="3" bw="32" slack="1"/>
</pin_list>
<bind>
<opcode="load(27) " fcode="load"/>
<opset="acc_3/28 "/>
</bind>
</comp>

<comp id="229" class="1004" name="W3_addr_gep_fu_229">
<pin_list>
<pin id="230" dir="0" index="0" bw="32" slack="0"/>
<pin id="231" dir="0" index="1" bw="1" slack="0"/>
<pin id="232" dir="0" index="2" bw="8" slack="0"/>
<pin id="233" dir="1" index="3" bw="6" slack="0"/>
</pin_list>
<bind>
<opcode="getelementptr(29) " fcode="getelementptr"/>
<opset="W3_addr/30 "/>
</bind>
</comp>

<comp id="236" class="1004" name="a2_addr_1_gep_fu_236">
<pin_list>
<pin id="237" dir="0" index="0" bw="32" slack="2147483647"/>
<pin id="238" dir="0" index="1" bw="1" slack="0"/>
<pin id="239" dir="0" index="2" bw="4" slack="0"/>
<pin id="240" dir="1" index="3" bw="3" slack="0"/>
</pin_list>
<bind>
<opcode="getelementptr(29) " fcode="getelementptr"/>
<opset="a2_addr_1/30 "/>
</bind>
</comp>

<comp id="243" class="1004" name="grp_access_fu_243">
<pin_list>
<pin id="244" dir="0" index="0" bw="6" slack="0"/>
<pin id="245" dir="0" index="1" bw="32" slack="2147483647"/>
<pin id="246" dir="0" index="2" bw="0" slack="2147483647"/>
<pin id="247" dir="1" index="3" bw="32" slack="0"/>
</pin_list>
<bind>
<opcode="load(27) " fcode="load"/>
<opset="W3_load/30 "/>
</bind>
</comp>

<comp id="249" class="1004" name="a3_addr_gep_fu_249">
<pin_list>
<pin id="250" dir="0" index="0" bw="32" slack="2147483647"/>
<pin id="251" dir="0" index="1" bw="1" slack="0"/>
<pin id="252" dir="0" index="2" bw="4" slack="3"/>
<pin id="253" dir="1" index="3" bw="3" slack="0"/>
</pin_list>
<bind>
<opcode="getelementptr(29) " fcode="getelementptr"/>
<opset="a3_addr/40 "/>
</bind>
</comp>

<comp id="255" class="1004" name="grp_access_fu_255">
<pin_list>
<pin id="256" dir="0" index="0" bw="3" slack="0"/>
<pin id="257" dir="0" index="1" bw="32" slack="0"/>
<pin id="258" dir="0" index="2" bw="0" slack="2147483647"/>
<pin id="259" dir="1" index="3" bw="32" slack="0"/>
</pin_list>
<bind>
<opcode="load(27) store(28) " fcode="load"/>
<opset="store_ln95/40 a3_load/43 "/>
</bind>
</comp>

<comp id="261" class="1004" name="B4_addr_gep_fu_261">
<pin_list>
<pin id="262" dir="0" index="0" bw="32" slack="0"/>
<pin id="263" dir="0" index="1" bw="1" slack="0"/>
<pin id="264" dir="0" index="2" bw="4" slack="0"/>
<pin id="265" dir="1" index="3" bw="4" slack="0"/>
</pin_list>
<bind>
<opcode="getelementptr(29) " fcode="getelementptr"/>
<opset="B4_addr/41 "/>
</bind>
</comp>

<comp id="268" class="1004" name="grp_access_fu_268">
<pin_list>
<pin id="269" dir="0" index="0" bw="4" slack="0"/>
<pin id="270" dir="0" index="1" bw="32" slack="2147483647"/>
<pin id="271" dir="0" index="2" bw="0" slack="2147483647"/>
<pin id="272" dir="1" index="3" bw="32" slack="1"/>
</pin_list>
<bind>
<opcode="load(27) " fcode="load"/>
<opset="acc_5/41 "/>
</bind>
</comp>

<comp id="274" class="1004" name="z4_addr_gep_fu_274">
<pin_list>
<pin id="275" dir="0" index="0" bw="32" slack="2147483647"/>
<pin id="276" dir="0" index="1" bw="1" slack="0"/>
<pin id="277" dir="0" index="2" bw="1" slack="0"/>
<pin id="278" dir="1" index="3" bw="4" slack="0"/>
</pin_list>
<bind>
<opcode="getelementptr(29) " fcode="getelementptr"/>
<opset="z4_addr/41 "/>
</bind>
</comp>

<comp id="281" class="1004" name="grp_access_fu_281">
<pin_list>
<pin id="282" dir="0" index="0" bw="4" slack="0"/>
<pin id="283" dir="0" index="1" bw="32" slack="0"/>
<pin id="284" dir="0" index="2" bw="0" slack="2147483647"/>
<pin id="285" dir="1" index="3" bw="32" slack="0"/>
</pin_list>
<bind>
<opcode="load(27) store(28) " fcode="load"/>
<opset="maxv/41 store_ln99/43 maxv_1/54 z4_load/57 "/>
</bind>
</comp>

<comp id="287" class="1004" name="W4_addr_gep_fu_287">
<pin_list>
<pin id="288" dir="0" index="0" bw="32" slack="0"/>
<pin id="289" dir="0" index="1" bw="1" slack="0"/>
<pin id="290" dir="0" index="2" bw="8" slack="0"/>
<pin id="291" dir="1" index="3" bw="7" slack="0"/>
</pin_list>
<bind>
<opcode="getelementptr(29) " fcode="getelementptr"/>
<opset="W4_addr/43 "/>
</bind>
</comp>

<comp id="294" class="1004" name="a3_addr_1_gep_fu_294">
<pin_list>
<pin id="295" dir="0" index="0" bw="32" slack="2147483647"/>
<pin id="296" dir="0" index="1" bw="1" slack="0"/>
<pin id="297" dir="0" index="2" bw="4" slack="0"/>
<pin id="298" dir="1" index="3" bw="3" slack="0"/>
</pin_list>
<bind>
<opcode="getelementptr(29) " fcode="getelementptr"/>
<opset="a3_addr_1/43 "/>
</bind>
</comp>

<comp id="301" class="1004" name="grp_access_fu_301">
<pin_list>
<pin id="302" dir="0" index="0" bw="7" slack="0"/>
<pin id="303" dir="0" index="1" bw="32" slack="2147483647"/>
<pin id="304" dir="0" index="2" bw="0" slack="2147483647"/>
<pin id="305" dir="1" index="3" bw="32" slack="0"/>
</pin_list>
<bind>
<opcode="load(27) " fcode="load"/>
<opset="W4_load/43 "/>
</bind>
</comp>

<comp id="307" class="1004" name="z4_addr_1_gep_fu_307">
<pin_list>
<pin id="308" dir="0" index="0" bw="32" slack="2147483647"/>
<pin id="309" dir="0" index="1" bw="1" slack="0"/>
<pin id="310" dir="0" index="2" bw="4" slack="2"/>
<pin id="311" dir="1" index="3" bw="4" slack="0"/>
</pin_list>
<bind>
<opcode="getelementptr(29) " fcode="getelementptr"/>
<opset="z4_addr_1/43 "/>
</bind>
</comp>

<comp id="314" class="1004" name="z4_addr_2_gep_fu_314">
<pin_list>
<pin id="315" dir="0" index="0" bw="32" slack="2147483647"/>
<pin id="316" dir="0" index="1" bw="1" slack="0"/>
<pin id="317" dir="0" index="2" bw="4" slack="0"/>
<pin id="318" dir="1" index="3" bw="4" slack="0"/>
</pin_list>
<bind>
<opcode="getelementptr(29) " fcode="getelementptr"/>
<opset="z4_addr_2/54 "/>
</bind>
</comp>

<comp id="321" class="1004" name="z4_addr_3_gep_fu_321">
<pin_list>
<pin id="322" dir="0" index="0" bw="32" slack="2147483647"/>
<pin id="323" dir="0" index="1" bw="1" slack="0"/>
<pin id="324" dir="0" index="2" bw="4" slack="0"/>
<pin id="325" dir="1" index="3" bw="4" slack="0"/>
</pin_list>
<bind>
<opcode="getelementptr(29) " fcode="getelementptr"/>
<opset="z4_addr_3/57 "/>
</bind>
</comp>

<comp id="328" class="1004" name="output_addr_gep_fu_328">
<pin_list>
<pin id="329" dir="0" index="0" bw="32" slack="0"/>
<pin id="330" dir="0" index="1" bw="1" slack="0"/>
<pin id="331" dir="0" index="2" bw="4" slack="15"/>
<pin id="332" dir="1" index="3" bw="4" slack="0"/>
</pin_list>
<bind>
<opcode="getelementptr(29) " fcode="getelementptr"/>
<opset="output_addr/72 "/>
</bind>
</comp>

<comp id="335" class="1004" name="grp_access_fu_335">
<pin_list>
<pin id="336" dir="0" index="0" bw="4" slack="0"/>
<pin id="337" dir="0" index="1" bw="32" slack="0"/>
<pin id="338" dir="0" index="2" bw="0" slack="2147483647"/>
<pin id="339" dir="1" index="3" bw="32" slack="0"/>
</pin_list>
<bind>
<opcode="load(27) store(28) " fcode="store"/>
<opset="store_ln111/72 output_load/77 store_ln117/89 "/>
</bind>
</comp>

<comp id="341" class="1004" name="output_addr_1_gep_fu_341">
<pin_list>
<pin id="342" dir="0" index="0" bw="32" slack="0"/>
<pin id="343" dir="0" index="1" bw="1" slack="0"/>
<pin id="344" dir="0" index="2" bw="4" slack="0"/>
<pin id="345" dir="1" index="3" bw="4" slack="0"/>
</pin_list>
<bind>
<opcode="getelementptr(29) " fcode="getelementptr"/>
<opset="output_addr_1/77 "/>
</bind>
</comp>

<comp id="349" class="1005" name="j_0_reg_349">
<pin_list>
<pin id="350" dir="0" index="0" bw="3" slack="1"/>
<pin id="351" dir="1" index="1" bw="3" slack="1"/>
</pin_list>
<bind>
<opset="j_0 (phireg) "/>
</bind>
</comp>

<comp id="353" class="1004" name="j_0_phi_fu_353">
<pin_list>
<pin id="354" dir="0" index="0" bw="1" slack="1"/>
<pin id="355" dir="0" index="1" bw="0" slack="2147483647"/>
<pin id="356" dir="0" index="2" bw="3" slack="0"/>
<pin id="357" dir="0" index="3" bw="0" slack="2147483647"/>
<pin id="358" dir="1" index="4" bw="3" slack="0"/>
</pin_list>
<bind>
<opcode="phi(47) " fcode="phi"/>
<opset="j_0/2 "/>
</bind>
</comp>

<comp id="360" class="1005" name="phi_mul_reg_360">
<pin_list>
<pin id="361" dir="0" index="0" bw="12" slack="1"/>
<pin id="362" dir="1" index="1" bw="12" slack="1"/>
</pin_list>
<bind>
<opset="phi_mul (phireg) "/>
</bind>
</comp>

<comp id="364" class="1004" name="phi_mul_phi_fu_364">
<pin_list>
<pin id="365" dir="0" index="0" bw="1" slack="1"/>
<pin id="366" dir="0" index="1" bw="0" slack="2147483647"/>
<pin id="367" dir="0" index="2" bw="12" slack="0"/>
<pin id="368" dir="0" index="3" bw="0" slack="2147483647"/>
<pin id="369" dir="1" index="4" bw="12" slack="0"/>
</pin_list>
<bind>
<opcode="phi(47) " fcode="phi"/>
<opset="phi_mul/2 "/>
</bind>
</comp>

<comp id="372" class="1005" name="acc_0_i_reg_372">
<pin_list>
<pin id="373" dir="0" index="0" bw="32" slack="1"/>
<pin id="374" dir="1" index="1" bw="32" slack="1"/>
</pin_list>
<bind>
<opset="acc_0_i (phireg) "/>
</bind>
</comp>

<comp id="375" class="1004" name="acc_0_i_phi_fu_375">
<pin_list>
<pin id="376" dir="0" index="0" bw="32" slack="1"/>
<pin id="377" dir="0" index="1" bw="0" slack="2147483647"/>
<pin id="378" dir="0" index="2" bw="32" slack="1"/>
<pin id="379" dir="0" index="3" bw="0" slack="2147483647"/>
<pin id="380" dir="1" index="4" bw="32" slack="0"/>
</pin_list>
<bind>
<opcode="phi(47) " fcode="phi"/>
<opset="acc_0_i/4 "/>
</bind>
</comp>

<comp id="382" class="1005" name="i_0_i_reg_382">
<pin_list>
<pin id="383" dir="0" index="0" bw="10" slack="1"/>
<pin id="384" dir="1" index="1" bw="10" slack="1"/>
</pin_list>
<bind>
<opset="i_0_i (phireg) "/>
</bind>
</comp>

<comp id="386" class="1004" name="i_0_i_phi_fu_386">
<pin_list>
<pin id="387" dir="0" index="0" bw="1" slack="1"/>
<pin id="388" dir="0" index="1" bw="0" slack="2147483647"/>
<pin id="389" dir="0" index="2" bw="10" slack="0"/>
<pin id="390" dir="0" index="3" bw="0" slack="2147483647"/>
<pin id="391" dir="1" index="4" bw="10" slack="0"/>
</pin_list>
<bind>
<opcode="phi(47) " fcode="phi"/>
<opset="i_0_i/4 "/>
</bind>
</comp>

<comp id="393" class="1005" name="j1_0_reg_393">
<pin_list>
<pin id="394" dir="0" index="0" bw="4" slack="1"/>
<pin id="395" dir="1" index="1" bw="4" slack="1"/>
</pin_list>
<bind>
<opset="j1_0 (phireg) "/>
</bind>
</comp>

<comp id="397" class="1004" name="j1_0_phi_fu_397">
<pin_list>
<pin id="398" dir="0" index="0" bw="4" slack="0"/>
<pin id="399" dir="0" index="1" bw="0" slack="2147483647"/>
<pin id="400" dir="0" index="2" bw="1" slack="1"/>
<pin id="401" dir="0" index="3" bw="0" slack="2147483647"/>
<pin id="402" dir="1" index="4" bw="4" slack="0"/>
</pin_list>
<bind>
<opcode="phi(47) " fcode="phi"/>
<opset="j1_0/15 "/>
</bind>
</comp>

<comp id="405" class="1005" name="acc_0_i6_reg_405">
<pin_list>
<pin id="406" dir="0" index="0" bw="32" slack="1"/>
<pin id="407" dir="1" index="1" bw="32" slack="1"/>
</pin_list>
<bind>
<opset="acc_0_i6 (phireg) "/>
</bind>
</comp>

<comp id="408" class="1004" name="acc_0_i6_phi_fu_408">
<pin_list>
<pin id="409" dir="0" index="0" bw="32" slack="1"/>
<pin id="410" dir="0" index="1" bw="0" slack="2147483647"/>
<pin id="411" dir="0" index="2" bw="32" slack="1"/>
<pin id="412" dir="0" index="3" bw="0" slack="2147483647"/>
<pin id="413" dir="1" index="4" bw="32" slack="0"/>
</pin_list>
<bind>
<opcode="phi(47) " fcode="phi"/>
<opset="acc_0_i6/17 "/>
</bind>
</comp>

<comp id="415" class="1005" name="i_0_i7_reg_415">
<pin_list>
<pin id="416" dir="0" index="0" bw="3" slack="1"/>
<pin id="417" dir="1" index="1" bw="3" slack="1"/>
</pin_list>
<bind>
<opset="i_0_i7 (phireg) "/>
</bind>
</comp>

<comp id="419" class="1004" name="i_0_i7_phi_fu_419">
<pin_list>
<pin id="420" dir="0" index="0" bw="1" slack="1"/>
<pin id="421" dir="0" index="1" bw="0" slack="2147483647"/>
<pin id="422" dir="0" index="2" bw="3" slack="0"/>
<pin id="423" dir="0" index="3" bw="0" slack="2147483647"/>
<pin id="424" dir="1" index="4" bw="3" slack="0"/>
</pin_list>
<bind>
<opcode="phi(47) " fcode="phi"/>
<opset="i_0_i7/17 "/>
</bind>
</comp>

<comp id="426" class="1005" name="j2_0_reg_426">
<pin_list>
<pin id="427" dir="0" index="0" bw="4" slack="1"/>
<pin id="428" dir="1" index="1" bw="4" slack="1"/>
</pin_list>
<bind>
<opset="j2_0 (phireg) "/>
</bind>
</comp>

<comp id="430" class="1004" name="j2_0_phi_fu_430">
<pin_list>
<pin id="431" dir="0" index="0" bw="4" slack="0"/>
<pin id="432" dir="0" index="1" bw="0" slack="2147483647"/>
<pin id="433" dir="0" index="2" bw="1" slack="1"/>
<pin id="434" dir="0" index="3" bw="0" slack="2147483647"/>
<pin id="435" dir="1" index="4" bw="4" slack="0"/>
</pin_list>
<bind>
<opcode="phi(47) " fcode="phi"/>
<opset="j2_0/28 "/>
</bind>
</comp>

<comp id="438" class="1005" name="acc_0_i17_reg_438">
<pin_list>
<pin id="439" dir="0" index="0" bw="32" slack="1"/>
<pin id="440" dir="1" index="1" bw="32" slack="1"/>
</pin_list>
<bind>
<opset="acc_0_i17 (phireg) "/>
</bind>
</comp>

<comp id="441" class="1004" name="acc_0_i17_phi_fu_441">
<pin_list>
<pin id="442" dir="0" index="0" bw="32" slack="1"/>
<pin id="443" dir="0" index="1" bw="0" slack="2147483647"/>
<pin id="444" dir="0" index="2" bw="32" slack="1"/>
<pin id="445" dir="0" index="3" bw="0" slack="2147483647"/>
<pin id="446" dir="1" index="4" bw="32" slack="0"/>
</pin_list>
<bind>
<opcode="phi(47) " fcode="phi"/>
<opset="acc_0_i17/30 "/>
</bind>
</comp>

<comp id="448" class="1005" name="i_0_i18_reg_448">
<pin_list>
<pin id="449" dir="0" index="0" bw="4" slack="1"/>
<pin id="450" dir="1" index="1" bw="4" slack="1"/>
</pin_list>
<bind>
<opset="i_0_i18 (phireg) "/>
</bind>
</comp>

<comp id="452" class="1004" name="i_0_i18_phi_fu_452">
<pin_list>
<pin id="453" dir="0" index="0" bw="1" slack="1"/>
<pin id="454" dir="0" index="1" bw="0" slack="2147483647"/>
<pin id="455" dir="0" index="2" bw="4" slack="0"/>
<pin id="456" dir="0" index="3" bw="0" slack="2147483647"/>
<pin id="457" dir="1" index="4" bw="4" slack="0"/>
</pin_list>
<bind>
<opcode="phi(47) " fcode="phi"/>
<opset="i_0_i18/30 "/>
</bind>
</comp>

<comp id="459" class="1005" name="j3_0_reg_459">
<pin_list>
<pin id="460" dir="0" index="0" bw="4" slack="1"/>
<pin id="461" dir="1" index="1" bw="4" slack="1"/>
</pin_list>
<bind>
<opset="j3_0 (phireg) "/>
</bind>
</comp>

<comp id="463" class="1004" name="j3_0_phi_fu_463">
<pin_list>
<pin id="464" dir="0" index="0" bw="4" slack="0"/>
<pin id="465" dir="0" index="1" bw="0" slack="2147483647"/>
<pin id="466" dir="0" index="2" bw="1" slack="1"/>
<pin id="467" dir="0" index="3" bw="0" slack="2147483647"/>
<pin id="468" dir="1" index="4" bw="4" slack="0"/>
</pin_list>
<bind>
<opcode="phi(47) " fcode="phi"/>
<opset="j3_0/41 "/>
</bind>
</comp>

<comp id="471" class="1005" name="acc_0_i28_reg_471">
<pin_list>
<pin id="472" dir="0" index="0" bw="32" slack="5"/>
<pin id="473" dir="1" index="1" bw="32" slack="5"/>
</pin_list>
<bind>
<opset="acc_0_i28 (phireg) "/>
</bind>
</comp>

<comp id="474" class="1004" name="acc_0_i28_phi_fu_474">
<pin_list>
<pin id="475" dir="0" index="0" bw="32" slack="1"/>
<pin id="476" dir="0" index="1" bw="0" slack="2147483647"/>
<pin id="477" dir="0" index="2" bw="32" slack="1"/>
<pin id="478" dir="0" index="3" bw="0" slack="2147483647"/>
<pin id="479" dir="1" index="4" bw="32" slack="0"/>
</pin_list>
<bind>
<opcode="phi(47) " fcode="phi"/>
<opset="acc_0_i28/43 "/>
</bind>
</comp>

<comp id="482" class="1005" name="i_0_i29_reg_482">
<pin_list>
<pin id="483" dir="0" index="0" bw="4" slack="1"/>
<pin id="484" dir="1" index="1" bw="4" slack="1"/>
</pin_list>
<bind>
<opset="i_0_i29 (phireg) "/>
</bind>
</comp>

<comp id="486" class="1004" name="i_0_i29_phi_fu_486">
<pin_list>
<pin id="487" dir="0" index="0" bw="1" slack="1"/>
<pin id="488" dir="0" index="1" bw="0" slack="2147483647"/>
<pin id="489" dir="0" index="2" bw="4" slack="0"/>
<pin id="490" dir="0" index="3" bw="0" slack="2147483647"/>
<pin id="491" dir="1" index="4" bw="4" slack="0"/>
</pin_list>
<bind>
<opcode="phi(47) " fcode="phi"/>
<opset="i_0_i29/43 "/>
</bind>
</comp>

<comp id="493" class="1005" name="j4_0_reg_493">
<pin_list>
<pin id="494" dir="0" index="0" bw="4" slack="1"/>
<pin id="495" dir="1" index="1" bw="4" slack="1"/>
</pin_list>
<bind>
<opset="j4_0 (phireg) "/>
</bind>
</comp>

<comp id="497" class="1004" name="j4_0_phi_fu_497">
<pin_list>
<pin id="498" dir="0" index="0" bw="1" slack="1"/>
<pin id="499" dir="0" index="1" bw="0" slack="2147483647"/>
<pin id="500" dir="0" index="2" bw="4" slack="0"/>
<pin id="501" dir="0" index="3" bw="0" slack="2147483647"/>
<pin id="502" dir="1" index="4" bw="4" slack="0"/>
</pin_list>
<bind>
<opcode="phi(47) " fcode="phi"/>
<opset="j4_0/54 "/>
</bind>
</comp>

<comp id="504" class="1005" name="maxv_0_reg_504">
<pin_list>
<pin id="505" dir="0" index="0" bw="32" slack="1"/>
<pin id="506" dir="1" index="1" bw="32" slack="1"/>
</pin_list>
<bind>
<opset="maxv_0 (phireg) "/>
</bind>
</comp>

<comp id="507" class="1004" name="maxv_0_phi_fu_507">
<pin_list>
<pin id="508" dir="0" index="0" bw="32" slack="1"/>
<pin id="509" dir="0" index="1" bw="0" slack="2147483647"/>
<pin id="510" dir="0" index="2" bw="32" slack="1"/>
<pin id="511" dir="0" index="3" bw="0" slack="2147483647"/>
<pin id="512" dir="1" index="4" bw="32" slack="1"/>
</pin_list>
<bind>
<opcode="phi(47) " fcode="phi"/>
<opset="maxv_0/54 "/>
</bind>
</comp>

<comp id="514" class="1005" name="sum_0_reg_514">
<pin_list>
<pin id="515" dir="0" index="0" bw="32" slack="1"/>
<pin id="516" dir="1" index="1" bw="32" slack="1"/>
</pin_list>
<bind>
<opset="sum_0 (phireg) "/>
</bind>
</comp>

<comp id="518" class="1004" name="sum_0_phi_fu_518">
<pin_list>
<pin id="519" dir="0" index="0" bw="32" slack="1"/>
<pin id="520" dir="0" index="1" bw="0" slack="2147483647"/>
<pin id="521" dir="0" index="2" bw="32" slack="1"/>
<pin id="522" dir="0" index="3" bw="0" slack="2147483647"/>
<pin id="523" dir="1" index="4" bw="32" slack="2"/>
</pin_list>
<bind>
<opcode="phi(47) " fcode="phi"/>
<opset="sum_0/57 "/>
</bind>
</comp>

<comp id="526" class="1005" name="j5_0_reg_526">
<pin_list>
<pin id="527" dir="0" index="0" bw="4" slack="1"/>
<pin id="528" dir="1" index="1" bw="4" slack="1"/>
</pin_list>
<bind>
<opset="j5_0 (phireg) "/>
</bind>
</comp>

<comp id="530" class="1004" name="j5_0_phi_fu_530">
<pin_list>
<pin id="531" dir="0" index="0" bw="4" slack="0"/>
<pin id="532" dir="0" index="1" bw="0" slack="2147483647"/>
<pin id="533" dir="0" index="2" bw="1" slack="1"/>
<pin id="534" dir="0" index="3" bw="0" slack="2147483647"/>
<pin id="535" dir="1" index="4" bw="4" slack="0"/>
</pin_list>
<bind>
<opcode="phi(47) " fcode="phi"/>
<opset="j5_0/57 "/>
</bind>
</comp>

<comp id="537" class="1005" name="j6_0_reg_537">
<pin_list>
<pin id="538" dir="0" index="0" bw="4" slack="1"/>
<pin id="539" dir="1" index="1" bw="4" slack="1"/>
</pin_list>
<bind>
<opset="j6_0 (phireg) "/>
</bind>
</comp>

<comp id="541" class="1004" name="j6_0_phi_fu_541">
<pin_list>
<pin id="542" dir="0" index="0" bw="4" slack="0"/>
<pin id="543" dir="0" index="1" bw="0" slack="2147483647"/>
<pin id="544" dir="0" index="2" bw="1" slack="1"/>
<pin id="545" dir="0" index="3" bw="0" slack="2147483647"/>
<pin id="546" dir="1" index="4" bw="4" slack="0"/>
</pin_list>
<bind>
<opcode="phi(47) " fcode="phi"/>
<opset="j6_0/77 "/>
</bind>
</comp>

<comp id="548" class="1004" name="grp_fu_548">
<pin_list>
<pin id="549" dir="0" index="0" bw="32" slack="1"/>
<pin id="550" dir="0" index="1" bw="32" slack="1"/>
<pin id="551" dir="1" index="2" bw="32" slack="1"/>
</pin_list>
<bind>
<opcode="fadd(9) fsub(11) " fcode="fadd"/>
<opset="acc_2/9 acc_4/22 acc_6/35 acc_7/48 tmp_7/59 sum/72 "/>
</bind>
</comp>

<comp id="558" class="1004" name="grp_fu_558">
<pin_list>
<pin id="559" dir="0" index="0" bw="32" slack="0"/>
<pin id="560" dir="0" index="1" bw="32" slack="0"/>
<pin id="561" dir="1" index="2" bw="32" slack="1"/>
</pin_list>
<bind>
<opcode="fmul(13) " fcode="fmul"/>
<opset="tmp_i/5 tmp_i1/18 tmp_i2/31 tmp_i3/44 "/>
</bind>
</comp>

<comp id="570" class="1004" name="grp_fu_570">
<pin_list>
<pin id="571" dir="0" index="0" bw="32" slack="0"/>
<pin id="572" dir="0" index="1" bw="32" slack="2"/>
<pin id="573" dir="1" index="2" bw="32" slack="0"/>
</pin_list>
<bind>
<opcode="fdiv(16) " fcode="fdiv"/>
<opset="tmp_9/78 "/>
</bind>
</comp>

<comp id="577" class="1004" name="grp_fu_577">
<pin_list>
<pin id="578" dir="0" index="0" bw="32" slack="0"/>
<pin id="579" dir="0" index="1" bw="32" slack="0"/>
<pin id="580" dir="1" index="2" bw="1" slack="0"/>
</pin_list>
<bind>
<opcode="fcmp(46) " fcode="fcmp"/>
<opset="tmp_1/4 tmp_3/17 tmp_5/30 tmp_s/55 "/>
</bind>
</comp>

<comp id="587" class="1004" name="grp_fu_587">
<pin_list>
<pin id="588" dir="0" index="0" bw="32" slack="0"/>
<pin id="589" dir="0" index="1" bw="32" slack="1"/>
<pin id="590" dir="1" index="2" bw="32" slack="1"/>
</pin_list>
<bind>
<opcode="fexp(507) " fcode="fexp"/>
<opset="e/64 "/>
</bind>
</comp>

<comp id="592" class="1005" name="reg_592">
<pin_list>
<pin id="593" dir="0" index="0" bw="32" slack="1"/>
<pin id="594" dir="1" index="1" bw="32" slack="1"/>
</pin_list>
<bind>
<opset="tmp_i tmp_i1 tmp_i2 tmp_i3 "/>
</bind>
</comp>

<comp id="597" class="1005" name="reg_597">
<pin_list>
<pin id="598" dir="0" index="0" bw="32" slack="1"/>
<pin id="599" dir="1" index="1" bw="32" slack="1"/>
</pin_list>
<bind>
<opset="acc_2 acc_4 acc_6 acc_7 tmp_7 "/>
</bind>
</comp>

<comp id="606" class="1005" name="reg_606">
<pin_list>
<pin id="607" dir="0" index="0" bw="32" slack="1"/>
<pin id="608" dir="1" index="1" bw="32" slack="1"/>
</pin_list>
<bind>
<opset="maxv z4_load "/>
</bind>
</comp>

<comp id="612" class="1004" name="add_ln86_fu_612">
<pin_list>
<pin id="613" dir="0" index="0" bw="12" slack="0"/>
<pin id="614" dir="0" index="1" bw="11" slack="0"/>
<pin id="615" dir="1" index="2" bw="12" slack="0"/>
</pin_list>
<bind>
<opcode="add(8) " fcode="add"/>
<opset="add_ln86/2 "/>
</bind>
</comp>

<comp id="618" class="1004" name="icmp_ln86_fu_618">
<pin_list>
<pin id="619" dir="0" index="0" bw="3" slack="0"/>
<pin id="620" dir="0" index="1" bw="3" slack="0"/>
<pin id="621" dir="1" index="2" bw="1" slack="2147483647"/>
</pin_list>
<bind>
<opcode="icmp(45) " fcode="icmp"/>
<opset="icmp_ln86/2 "/>
</bind>
</comp>

<comp id="624" class="1004" name="j_fu_624">
<pin_list>
<pin id="625" dir="0" index="0" bw="3" slack="0"/>
<pin id="626" dir="0" index="1" bw="1" slack="0"/>
<pin id="627" dir="1" index="2" bw="3" slack="0"/>
</pin_list>
<bind>
<opcode="add(8) " fcode="add"/>
<opset="j/2 "/>
</bind>
</comp>

<comp id="630" class="1004" name="zext_ln87_fu_630">
<pin_list>
<pin id="631" dir="0" index="0" bw="3" slack="0"/>
<pin id="632" dir="1" index="1" bw="64" slack="0"/>
</pin_list>
<bind>
<opcode="zext(34) " fcode="zext"/>
<opset="zext_ln87/2 "/>
</bind>
</comp>

<comp id="635" class="1004" name="icmp_ln68_fu_635">
<pin_list>
<pin id="636" dir="0" index="0" bw="10" slack="0"/>
<pin id="637" dir="0" index="1" bw="9" slack="0"/>
<pin id="638" dir="1" index="2" bw="1" slack="2147483647"/>
</pin_list>
<bind>
<opcode="icmp(45) " fcode="icmp"/>
<opset="icmp_ln68/4 "/>
</bind>
</comp>

<comp id="641" class="1004" name="i_fu_641">
<pin_list>
<pin id="642" dir="0" index="0" bw="10" slack="0"/>
<pin id="643" dir="0" index="1" bw="1" slack="0"/>
<pin id="644" dir="1" index="2" bw="10" slack="0"/>
</pin_list>
<bind>
<opcode="add(8) " fcode="add"/>
<opset="i/4 "/>
</bind>
</comp>

<comp id="647" class="1004" name="zext_ln69_fu_647">
<pin_list>
<pin id="648" dir="0" index="0" bw="10" slack="0"/>
<pin id="649" dir="1" index="1" bw="64" slack="0"/>
</pin_list>
<bind>
<opcode="zext(34) " fcode="zext"/>
<opset="zext_ln69/4 "/>
</bind>
</comp>

<comp id="652" class="1004" name="zext_ln69_6_fu_652">
<pin_list>
<pin id="653" dir="0" index="0" bw="10" slack="0"/>
<pin id="654" dir="1" index="1" bw="12" slack="0"/>
</pin_list>
<bind>
<opcode="zext(34) " fcode="zext"/>
<opset="zext_ln69_6/4 "/>
</bind>
</comp>

<comp id="656" class="1004" name="add_ln69_1_fu_656">
<pin_list>
<pin id="657" dir="0" index="0" bw="12" slack="2"/>
<pin id="658" dir="0" index="1" bw="10" slack="0"/>
<pin id="659" dir="1" index="2" bw="12" slack="0"/>
</pin_list>
<bind>
<opcode="add(8) " fcode="add"/>
<opset="add_ln69_1/4 "/>
</bind>
</comp>

<comp id="662" class="1004" name="zext_ln69_7_fu_662">
<pin_list>
<pin id="663" dir="0" index="0" bw="12" slack="0"/>
<pin id="664" dir="1" index="1" bw="64" slack="0"/>
</pin_list>
<bind>
<opcode="zext(34) " fcode="zext"/>
<opset="zext_ln69_7/4 "/>
</bind>
</comp>

<comp id="667" class="1004" name="bitcast_ln72_fu_667">
<pin_list>
<pin id="668" dir="0" index="0" bw="32" slack="1"/>
<pin id="669" dir="1" index="1" bw="32" slack="0"/>
</pin_list>
<bind>
<opcode="bitcast(44) " fcode="bitcast"/>
<opset="bitcast_ln72/14 "/>
</bind>
</comp>

<comp id="671" class="1004" name="tmp_fu_671">
<pin_list>
<pin id="672" dir="0" index="0" bw="8" slack="0"/>
<pin id="673" dir="0" index="1" bw="32" slack="0"/>
<pin id="674" dir="0" index="2" bw="6" slack="0"/>
<pin id="675" dir="0" index="3" bw="6" slack="0"/>
<pin id="676" dir="1" index="4" bw="8" slack="0"/>
</pin_list>
<bind>
<opcode="partselect(1002) " fcode="partselect"/>
<opset="tmp/14 "/>
</bind>
</comp>

<comp id="681" class="1004" name="trunc_ln72_fu_681">
<pin_list>
<pin id="682" dir="0" index="0" bw="32" slack="0"/>
<pin id="683" dir="1" index="1" bw="23" slack="0"/>
</pin_list>
<bind>
<opcode="trunc(33) " fcode="trunc"/>
<opset="trunc_ln72/14 "/>
</bind>
</comp>

<comp id="685" class="1004" name="icmp_ln72_fu_685">
<pin_list>
<pin id="686" dir="0" index="0" bw="8" slack="0"/>
<pin id="687" dir="0" index="1" bw="1" slack="0"/>
<pin id="688" dir="1" index="2" bw="1" slack="0"/>
</pin_list>
<bind>
<opcode="icmp(45) " fcode="icmp"/>
<opset="icmp_ln72/14 "/>
</bind>
</comp>

<comp id="691" class="1004" name="icmp_ln72_1_fu_691">
<pin_list>
<pin id="692" dir="0" index="0" bw="23" slack="0"/>
<pin id="693" dir="0" index="1" bw="1" slack="0"/>
<pin id="694" dir="1" index="2" bw="1" slack="0"/>
</pin_list>
<bind>
<opcode="icmp(45) " fcode="icmp"/>
<opset="icmp_ln72_1/14 "/>
</bind>
</comp>

<comp id="697" class="1004" name="or_ln72_fu_697">
<pin_list>
<pin id="698" dir="0" index="0" bw="1" slack="0"/>
<pin id="699" dir="0" index="1" bw="1" slack="0"/>
<pin id="700" dir="1" index="2" bw="1" slack="0"/>
</pin_list>
<bind>
<opcode="or(24) " fcode="or"/>
<opset="or_ln72/14 "/>
</bind>
</comp>

<comp id="703" class="1004" name="and_ln72_fu_703">
<pin_list>
<pin id="704" dir="0" index="0" bw="1" slack="0"/>
<pin id="705" dir="0" index="1" bw="1" slack="0"/>
<pin id="706" dir="1" index="2" bw="1" slack="0"/>
</pin_list>
<bind>
<opcode="and(23) " fcode="and"/>
<opset="and_ln72/14 "/>
</bind>
</comp>

<comp id="709" class="1004" name="select_ln72_fu_709">
<pin_list>
<pin id="710" dir="0" index="0" bw="1" slack="0"/>
<pin id="711" dir="0" index="1" bw="32" slack="0"/>
<pin id="712" dir="0" index="2" bw="32" slack="1"/>
<pin id="713" dir="1" index="3" bw="32" slack="0"/>
</pin_list>
<bind>
<opcode="select(49) " fcode="select"/>
<opset="select_ln72/14 "/>
</bind>
</comp>

<comp id="718" class="1004" name="icmp_ln90_fu_718">
<pin_list>
<pin id="719" dir="0" index="0" bw="4" slack="0"/>
<pin id="720" dir="0" index="1" bw="4" slack="0"/>
<pin id="721" dir="1" index="2" bw="1" slack="2147483647"/>
</pin_list>
<bind>
<opcode="icmp(45) " fcode="icmp"/>
<opset="icmp_ln90/15 "/>
</bind>
</comp>

<comp id="724" class="1004" name="j_1_fu_724">
<pin_list>
<pin id="725" dir="0" index="0" bw="4" slack="0"/>
<pin id="726" dir="0" index="1" bw="1" slack="0"/>
<pin id="727" dir="1" index="2" bw="4" slack="0"/>
</pin_list>
<bind>
<opcode="add(8) " fcode="add"/>
<opset="j_1/15 "/>
</bind>
</comp>

<comp id="730" class="1004" name="zext_ln91_fu_730">
<pin_list>
<pin id="731" dir="0" index="0" bw="4" slack="0"/>
<pin id="732" dir="1" index="1" bw="64" slack="0"/>
</pin_list>
<bind>
<opcode="zext(34) " fcode="zext"/>
<opset="zext_ln91/15 "/>
</bind>
</comp>

<comp id="735" class="1004" name="zext_ln69_4_fu_735">
<pin_list>
<pin id="736" dir="0" index="0" bw="4" slack="1"/>
<pin id="737" dir="1" index="1" bw="7" slack="0"/>
</pin_list>
<bind>
<opcode="zext(34) " fcode="zext"/>
<opset="zext_ln69_4/16 "/>
</bind>
</comp>

<comp id="739" class="1004" name="tmp_10_fu_739">
<pin_list>
<pin id="740" dir="0" index="0" bw="6" slack="0"/>
<pin id="741" dir="0" index="1" bw="4" slack="1"/>
<pin id="742" dir="0" index="2" bw="1" slack="0"/>
<pin id="743" dir="1" index="3" bw="6" slack="0"/>
</pin_list>
<bind>
<opcode="bitconcatenate(1004) " fcode="bitconcatenate"/>
<opset="tmp_10/16 "/>
</bind>
</comp>

<comp id="747" class="1004" name="zext_ln69_5_fu_747">
<pin_list>
<pin id="748" dir="0" index="0" bw="6" slack="0"/>
<pin id="749" dir="1" index="1" bw="7" slack="0"/>
</pin_list>
<bind>
<opcode="zext(34) " fcode="zext"/>
<opset="zext_ln69_5/16 "/>
</bind>
</comp>

<comp id="751" class="1004" name="add_ln69_fu_751">
<pin_list>
<pin id="752" dir="0" index="0" bw="4" slack="0"/>
<pin id="753" dir="0" index="1" bw="6" slack="0"/>
<pin id="754" dir="1" index="2" bw="7" slack="1"/>
</pin_list>
<bind>
<opcode="add(8) " fcode="add"/>
<opset="add_ln69/16 "/>
</bind>
</comp>

<comp id="757" class="1004" name="icmp_ln68_1_fu_757">
<pin_list>
<pin id="758" dir="0" index="0" bw="3" slack="0"/>
<pin id="759" dir="0" index="1" bw="3" slack="0"/>
<pin id="760" dir="1" index="2" bw="1" slack="2147483647"/>
</pin_list>
<bind>
<opcode="icmp(45) " fcode="icmp"/>
<opset="icmp_ln68_1/17 "/>
</bind>
</comp>

<comp id="763" class="1004" name="i_1_fu_763">
<pin_list>
<pin id="764" dir="0" index="0" bw="3" slack="0"/>
<pin id="765" dir="0" index="1" bw="1" slack="0"/>
<pin id="766" dir="1" index="2" bw="3" slack="0"/>
</pin_list>
<bind>
<opcode="add(8) " fcode="add"/>
<opset="i_1/17 "/>
</bind>
</comp>

<comp id="769" class="1004" name="zext_ln69_1_fu_769">
<pin_list>
<pin id="770" dir="0" index="0" bw="3" slack="0"/>
<pin id="771" dir="1" index="1" bw="64" slack="0"/>
</pin_list>
<bind>
<opcode="zext(34) " fcode="zext"/>
<opset="zext_ln69_1/17 "/>
</bind>
</comp>

<comp id="774" class="1004" name="zext_ln69_8_fu_774">
<pin_list>
<pin id="775" dir="0" index="0" bw="3" slack="0"/>
<pin id="776" dir="1" index="1" bw="7" slack="0"/>
</pin_list>
<bind>
<opcode="zext(34) " fcode="zext"/>
<opset="zext_ln69_8/17 "/>
</bind>
</comp>

<comp id="778" class="1004" name="add_ln69_2_fu_778">
<pin_list>
<pin id="779" dir="0" index="0" bw="7" slack="1"/>
<pin id="780" dir="0" index="1" bw="3" slack="0"/>
<pin id="781" dir="1" index="2" bw="7" slack="0"/>
</pin_list>
<bind>
<opcode="add(8) " fcode="add"/>
<opset="add_ln69_2/17 "/>
</bind>
</comp>

<comp id="783" class="1004" name="zext_ln69_9_fu_783">
<pin_list>
<pin id="784" dir="0" index="0" bw="7" slack="0"/>
<pin id="785" dir="1" index="1" bw="64" slack="0"/>
</pin_list>
<bind>
<opcode="zext(34) " fcode="zext"/>
<opset="zext_ln69_9/17 "/>
</bind>
</comp>

<comp id="788" class="1004" name="bitcast_ln72_1_fu_788">
<pin_list>
<pin id="789" dir="0" index="0" bw="32" slack="1"/>
<pin id="790" dir="1" index="1" bw="32" slack="0"/>
</pin_list>
<bind>
<opcode="bitcast(44) " fcode="bitcast"/>
<opset="bitcast_ln72_1/27 "/>
</bind>
</comp>

<comp id="792" class="1004" name="tmp_2_fu_792">
<pin_list>
<pin id="793" dir="0" index="0" bw="8" slack="0"/>
<pin id="794" dir="0" index="1" bw="32" slack="0"/>
<pin id="795" dir="0" index="2" bw="6" slack="0"/>
<pin id="796" dir="0" index="3" bw="6" slack="0"/>
<pin id="797" dir="1" index="4" bw="8" slack="0"/>
</pin_list>
<bind>
<opcode="partselect(1002) " fcode="partselect"/>
<opset="tmp_2/27 "/>
</bind>
</comp>

<comp id="802" class="1004" name="trunc_ln72_1_fu_802">
<pin_list>
<pin id="803" dir="0" index="0" bw="32" slack="0"/>
<pin id="804" dir="1" index="1" bw="23" slack="0"/>
</pin_list>
<bind>
<opcode="trunc(33) " fcode="trunc"/>
<opset="trunc_ln72_1/27 "/>
</bind>
</comp>

<comp id="806" class="1004" name="icmp_ln72_2_fu_806">
<pin_list>
<pin id="807" dir="0" index="0" bw="8" slack="0"/>
<pin id="808" dir="0" index="1" bw="1" slack="0"/>
<pin id="809" dir="1" index="2" bw="1" slack="0"/>
</pin_list>
<bind>
<opcode="icmp(45) " fcode="icmp"/>
<opset="icmp_ln72_2/27 "/>
</bind>
</comp>

<comp id="812" class="1004" name="icmp_ln72_3_fu_812">
<pin_list>
<pin id="813" dir="0" index="0" bw="23" slack="0"/>
<pin id="814" dir="0" index="1" bw="1" slack="0"/>
<pin id="815" dir="1" index="2" bw="1" slack="0"/>
</pin_list>
<bind>
<opcode="icmp(45) " fcode="icmp"/>
<opset="icmp_ln72_3/27 "/>
</bind>
</comp>

<comp id="818" class="1004" name="or_ln72_1_fu_818">
<pin_list>
<pin id="819" dir="0" index="0" bw="1" slack="0"/>
<pin id="820" dir="0" index="1" bw="1" slack="0"/>
<pin id="821" dir="1" index="2" bw="1" slack="0"/>
</pin_list>
<bind>
<opcode="or(24) " fcode="or"/>
<opset="or_ln72_1/27 "/>
</bind>
</comp>

<comp id="824" class="1004" name="and_ln72_1_fu_824">
<pin_list>
<pin id="825" dir="0" index="0" bw="1" slack="0"/>
<pin id="826" dir="0" index="1" bw="1" slack="0"/>
<pin id="827" dir="1" index="2" bw="1" slack="0"/>
</pin_list>
<bind>
<opcode="and(23) " fcode="and"/>
<opset="and_ln72_1/27 "/>
</bind>
</comp>

<comp id="830" class="1004" name="select_ln72_1_fu_830">
<pin_list>
<pin id="831" dir="0" index="0" bw="1" slack="0"/>
<pin id="832" dir="0" index="1" bw="32" slack="0"/>
<pin id="833" dir="0" index="2" bw="32" slack="1"/>
<pin id="834" dir="1" index="3" bw="32" slack="0"/>
</pin_list>
<bind>
<opcode="select(49) " fcode="select"/>
<opset="select_ln72_1/27 "/>
</bind>
</comp>

<comp id="839" class="1004" name="icmp_ln94_fu_839">
<pin_list>
<pin id="840" dir="0" index="0" bw="4" slack="0"/>
<pin id="841" dir="0" index="1" bw="4" slack="0"/>
<pin id="842" dir="1" index="2" bw="1" slack="2147483647"/>
</pin_list>
<bind>
<opcode="icmp(45) " fcode="icmp"/>
<opset="icmp_ln94/28 "/>
</bind>
</comp>

<comp id="845" class="1004" name="j_2_fu_845">
<pin_list>
<pin id="846" dir="0" index="0" bw="4" slack="0"/>
<pin id="847" dir="0" index="1" bw="1" slack="0"/>
<pin id="848" dir="1" index="2" bw="4" slack="0"/>
</pin_list>
<bind>
<opcode="add(8) " fcode="add"/>
<opset="j_2/28 "/>
</bind>
</comp>

<comp id="851" class="1004" name="zext_ln95_fu_851">
<pin_list>
<pin id="852" dir="0" index="0" bw="4" slack="0"/>
<pin id="853" dir="1" index="1" bw="64" slack="0"/>
</pin_list>
<bind>
<opcode="zext(34) " fcode="zext"/>
<opset="zext_ln95/28 "/>
</bind>
</comp>

<comp id="856" class="1004" name="tmp_11_fu_856">
<pin_list>
<pin id="857" dir="0" index="0" bw="7" slack="0"/>
<pin id="858" dir="0" index="1" bw="4" slack="1"/>
<pin id="859" dir="0" index="2" bw="1" slack="0"/>
<pin id="860" dir="1" index="3" bw="7" slack="0"/>
</pin_list>
<bind>
<opcode="bitconcatenate(1004) " fcode="bitconcatenate"/>
<opset="tmp_11/29 "/>
</bind>
</comp>

<comp id="864" class="1004" name="zext_ln95_1_fu_864">
<pin_list>
<pin id="865" dir="0" index="0" bw="7" slack="0"/>
<pin id="866" dir="1" index="1" bw="8" slack="1"/>
</pin_list>
<bind>
<opcode="zext(34) " fcode="zext"/>
<opset="zext_ln95_1/29 "/>
</bind>
</comp>

<comp id="868" class="1004" name="icmp_ln68_2_fu_868">
<pin_list>
<pin id="869" dir="0" index="0" bw="4" slack="0"/>
<pin id="870" dir="0" index="1" bw="4" slack="0"/>
<pin id="871" dir="1" index="2" bw="1" slack="2147483647"/>
</pin_list>
<bind>
<opcode="icmp(45) " fcode="icmp"/>
<opset="icmp_ln68_2/30 "/>
</bind>
</comp>

<comp id="874" class="1004" name="i_2_fu_874">
<pin_list>
<pin id="875" dir="0" index="0" bw="4" slack="0"/>
<pin id="876" dir="0" index="1" bw="1" slack="0"/>
<pin id="877" dir="1" index="2" bw="4" slack="0"/>
</pin_list>
<bind>
<opcode="add(8) " fcode="add"/>
<opset="i_2/30 "/>
</bind>
</comp>

<comp id="880" class="1004" name="zext_ln69_2_fu_880">
<pin_list>
<pin id="881" dir="0" index="0" bw="4" slack="0"/>
<pin id="882" dir="1" index="1" bw="64" slack="0"/>
</pin_list>
<bind>
<opcode="zext(34) " fcode="zext"/>
<opset="zext_ln69_2/30 "/>
</bind>
</comp>

<comp id="885" class="1004" name="zext_ln69_10_fu_885">
<pin_list>
<pin id="886" dir="0" index="0" bw="4" slack="0"/>
<pin id="887" dir="1" index="1" bw="8" slack="0"/>
</pin_list>
<bind>
<opcode="zext(34) " fcode="zext"/>
<opset="zext_ln69_10/30 "/>
</bind>
</comp>

<comp id="889" class="1004" name="add_ln69_3_fu_889">
<pin_list>
<pin id="890" dir="0" index="0" bw="7" slack="1"/>
<pin id="891" dir="0" index="1" bw="4" slack="0"/>
<pin id="892" dir="1" index="2" bw="8" slack="0"/>
</pin_list>
<bind>
<opcode="add(8) " fcode="add"/>
<opset="add_ln69_3/30 "/>
</bind>
</comp>

<comp id="894" class="1004" name="zext_ln69_11_fu_894">
<pin_list>
<pin id="895" dir="0" index="0" bw="8" slack="0"/>
<pin id="896" dir="1" index="1" bw="64" slack="0"/>
</pin_list>
<bind>
<opcode="zext(34) " fcode="zext"/>
<opset="zext_ln69_11/30 "/>
</bind>
</comp>

<comp id="899" class="1004" name="bitcast_ln72_2_fu_899">
<pin_list>
<pin id="900" dir="0" index="0" bw="32" slack="1"/>
<pin id="901" dir="1" index="1" bw="32" slack="0"/>
</pin_list>
<bind>
<opcode="bitcast(44) " fcode="bitcast"/>
<opset="bitcast_ln72_2/40 "/>
</bind>
</comp>

<comp id="903" class="1004" name="tmp_4_fu_903">
<pin_list>
<pin id="904" dir="0" index="0" bw="8" slack="0"/>
<pin id="905" dir="0" index="1" bw="32" slack="0"/>
<pin id="906" dir="0" index="2" bw="6" slack="0"/>
<pin id="907" dir="0" index="3" bw="6" slack="0"/>
<pin id="908" dir="1" index="4" bw="8" slack="0"/>
</pin_list>
<bind>
<opcode="partselect(1002) " fcode="partselect"/>
<opset="tmp_4/40 "/>
</bind>
</comp>

<comp id="913" class="1004" name="trunc_ln72_2_fu_913">
<pin_list>
<pin id="914" dir="0" index="0" bw="32" slack="0"/>
<pin id="915" dir="1" index="1" bw="23" slack="0"/>
</pin_list>
<bind>
<opcode="trunc(33) " fcode="trunc"/>
<opset="trunc_ln72_2/40 "/>
</bind>
</comp>

<comp id="917" class="1004" name="icmp_ln72_4_fu_917">
<pin_list>
<pin id="918" dir="0" index="0" bw="8" slack="0"/>
<pin id="919" dir="0" index="1" bw="1" slack="0"/>
<pin id="920" dir="1" index="2" bw="1" slack="0"/>
</pin_list>
<bind>
<opcode="icmp(45) " fcode="icmp"/>
<opset="icmp_ln72_4/40 "/>
</bind>
</comp>

<comp id="923" class="1004" name="icmp_ln72_5_fu_923">
<pin_list>
<pin id="924" dir="0" index="0" bw="23" slack="0"/>
<pin id="925" dir="0" index="1" bw="1" slack="0"/>
<pin id="926" dir="1" index="2" bw="1" slack="0"/>
</pin_list>
<bind>
<opcode="icmp(45) " fcode="icmp"/>
<opset="icmp_ln72_5/40 "/>
</bind>
</comp>

<comp id="929" class="1004" name="or_ln72_2_fu_929">
<pin_list>
<pin id="930" dir="0" index="0" bw="1" slack="0"/>
<pin id="931" dir="0" index="1" bw="1" slack="0"/>
<pin id="932" dir="1" index="2" bw="1" slack="0"/>
</pin_list>
<bind>
<opcode="or(24) " fcode="or"/>
<opset="or_ln72_2/40 "/>
</bind>
</comp>

<comp id="935" class="1004" name="and_ln72_2_fu_935">
<pin_list>
<pin id="936" dir="0" index="0" bw="1" slack="0"/>
<pin id="937" dir="0" index="1" bw="1" slack="0"/>
<pin id="938" dir="1" index="2" bw="1" slack="0"/>
</pin_list>
<bind>
<opcode="and(23) " fcode="and"/>
<opset="and_ln72_2/40 "/>
</bind>
</comp>

<comp id="941" class="1004" name="select_ln72_2_fu_941">
<pin_list>
<pin id="942" dir="0" index="0" bw="1" slack="0"/>
<pin id="943" dir="0" index="1" bw="32" slack="0"/>
<pin id="944" dir="0" index="2" bw="32" slack="1"/>
<pin id="945" dir="1" index="3" bw="32" slack="0"/>
</pin_list>
<bind>
<opcode="select(49) " fcode="select"/>
<opset="select_ln72_2/40 "/>
</bind>
</comp>

<comp id="950" class="1004" name="icmp_ln98_fu_950">
<pin_list>
<pin id="951" dir="0" index="0" bw="4" slack="0"/>
<pin id="952" dir="0" index="1" bw="4" slack="0"/>
<pin id="953" dir="1" index="2" bw="1" slack="2147483647"/>
</pin_list>
<bind>
<opcode="icmp(45) " fcode="icmp"/>
<opset="icmp_ln98/41 "/>
</bind>
</comp>

<comp id="956" class="1004" name="j_4_fu_956">
<pin_list>
<pin id="957" dir="0" index="0" bw="4" slack="0"/>
<pin id="958" dir="0" index="1" bw="1" slack="0"/>
<pin id="959" dir="1" index="2" bw="4" slack="0"/>
</pin_list>
<bind>
<opcode="add(8) " fcode="add"/>
<opset="j_4/41 "/>
</bind>
</comp>

<comp id="962" class="1004" name="zext_ln99_fu_962">
<pin_list>
<pin id="963" dir="0" index="0" bw="4" slack="0"/>
<pin id="964" dir="1" index="1" bw="64" slack="0"/>
</pin_list>
<bind>
<opcode="zext(34) " fcode="zext"/>
<opset="zext_ln99/41 "/>
</bind>
</comp>

<comp id="967" class="1004" name="tmp_12_fu_967">
<pin_list>
<pin id="968" dir="0" index="0" bw="7" slack="0"/>
<pin id="969" dir="0" index="1" bw="4" slack="1"/>
<pin id="970" dir="0" index="2" bw="1" slack="0"/>
<pin id="971" dir="1" index="3" bw="7" slack="0"/>
</pin_list>
<bind>
<opcode="bitconcatenate(1004) " fcode="bitconcatenate"/>
<opset="tmp_12/42 "/>
</bind>
</comp>

<comp id="975" class="1004" name="zext_ln99_1_fu_975">
<pin_list>
<pin id="976" dir="0" index="0" bw="7" slack="0"/>
<pin id="977" dir="1" index="1" bw="8" slack="1"/>
</pin_list>
<bind>
<opcode="zext(34) " fcode="zext"/>
<opset="zext_ln99_1/42 "/>
</bind>
</comp>

<comp id="979" class="1004" name="icmp_ln68_3_fu_979">
<pin_list>
<pin id="980" dir="0" index="0" bw="4" slack="0"/>
<pin id="981" dir="0" index="1" bw="4" slack="0"/>
<pin id="982" dir="1" index="2" bw="1" slack="2147483647"/>
</pin_list>
<bind>
<opcode="icmp(45) " fcode="icmp"/>
<opset="icmp_ln68_3/43 "/>
</bind>
</comp>

<comp id="985" class="1004" name="i_3_fu_985">
<pin_list>
<pin id="986" dir="0" index="0" bw="4" slack="0"/>
<pin id="987" dir="0" index="1" bw="1" slack="0"/>
<pin id="988" dir="1" index="2" bw="4" slack="0"/>
</pin_list>
<bind>
<opcode="add(8) " fcode="add"/>
<opset="i_3/43 "/>
</bind>
</comp>

<comp id="991" class="1004" name="zext_ln69_3_fu_991">
<pin_list>
<pin id="992" dir="0" index="0" bw="4" slack="0"/>
<pin id="993" dir="1" index="1" bw="64" slack="0"/>
</pin_list>
<bind>
<opcode="zext(34) " fcode="zext"/>
<opset="zext_ln69_3/43 "/>
</bind>
</comp>

<comp id="996" class="1004" name="zext_ln69_12_fu_996">
<pin_list>
<pin id="997" dir="0" index="0" bw="4" slack="0"/>
<pin id="998" dir="1" index="1" bw="8" slack="0"/>
</pin_list>
<bind>
<opcode="zext(34) " fcode="zext"/>
<opset="zext_ln69_12/43 "/>
</bind>
</comp>

<comp id="1000" class="1004" name="add_ln69_4_fu_1000">
<pin_list>
<pin id="1001" dir="0" index="0" bw="7" slack="1"/>
<pin id="1002" dir="0" index="1" bw="4" slack="0"/>
<pin id="1003" dir="1" index="2" bw="8" slack="0"/>
</pin_list>
<bind>
<opcode="add(8) " fcode="add"/>
<opset="add_ln69_4/43 "/>
</bind>
</comp>

<comp id="1005" class="1004" name="zext_ln69_13_fu_1005">
<pin_list>
<pin id="1006" dir="0" index="0" bw="8" slack="0"/>
<pin id="1007" dir="1" index="1" bw="64" slack="0"/>
</pin_list>
<bind>
<opcode="zext(34) " fcode="zext"/>
<opset="zext_ln69_13/43 "/>
</bind>
</comp>

<comp id="1010" class="1004" name="icmp_ln103_fu_1010">
<pin_list>
<pin id="1011" dir="0" index="0" bw="4" slack="0"/>
<pin id="1012" dir="0" index="1" bw="4" slack="0"/>
<pin id="1013" dir="1" index="2" bw="1" slack="2147483647"/>
</pin_list>
<bind>
<opcode="icmp(45) " fcode="icmp"/>
<opset="icmp_ln103/54 "/>
</bind>
</comp>

<comp id="1016" class="1004" name="zext_ln104_fu_1016">
<pin_list>
<pin id="1017" dir="0" index="0" bw="4" slack="0"/>
<pin id="1018" dir="1" index="1" bw="64" slack="0"/>
</pin_list>
<bind>
<opcode="zext(34) " fcode="zext"/>
<opset="zext_ln104/54 "/>
</bind>
</comp>

<comp id="1021" class="1004" name="j_3_fu_1021">
<pin_list>
<pin id="1022" dir="0" index="0" bw="1" slack="0"/>
<pin id="1023" dir="0" index="1" bw="4" slack="0"/>
<pin id="1024" dir="1" index="2" bw="4" slack="0"/>
</pin_list>
<bind>
<opcode="add(8) " fcode="add"/>
<opset="j_3/54 "/>
</bind>
</comp>

<comp id="1027" class="1004" name="bitcast_ln104_fu_1027">
<pin_list>
<pin id="1028" dir="0" index="0" bw="32" slack="1"/>
<pin id="1029" dir="1" index="1" bw="32" slack="0"/>
</pin_list>
<bind>
<opcode="bitcast(44) " fcode="bitcast"/>
<opset="bitcast_ln104/56 "/>
</bind>
</comp>

<comp id="1030" class="1004" name="tmp_6_fu_1030">
<pin_list>
<pin id="1031" dir="0" index="0" bw="8" slack="0"/>
<pin id="1032" dir="0" index="1" bw="32" slack="0"/>
<pin id="1033" dir="0" index="2" bw="6" slack="0"/>
<pin id="1034" dir="0" index="3" bw="6" slack="0"/>
<pin id="1035" dir="1" index="4" bw="8" slack="0"/>
</pin_list>
<bind>
<opcode="partselect(1002) " fcode="partselect"/>
<opset="tmp_6/56 "/>
</bind>
</comp>

<comp id="1040" class="1004" name="trunc_ln104_fu_1040">
<pin_list>
<pin id="1041" dir="0" index="0" bw="32" slack="0"/>
<pin id="1042" dir="1" index="1" bw="23" slack="0"/>
</pin_list>
<bind>
<opcode="trunc(33) " fcode="trunc"/>
<opset="trunc_ln104/56 "/>
</bind>
</comp>

<comp id="1044" class="1004" name="bitcast_ln104_1_fu_1044">
<pin_list>
<pin id="1045" dir="0" index="0" bw="32" slack="2"/>
<pin id="1046" dir="1" index="1" bw="32" slack="0"/>
</pin_list>
<bind>
<opcode="bitcast(44) " fcode="bitcast"/>
<opset="bitcast_ln104_1/56 "/>
</bind>
</comp>

<comp id="1048" class="1004" name="tmp_8_fu_1048">
<pin_list>
<pin id="1049" dir="0" index="0" bw="8" slack="0"/>
<pin id="1050" dir="0" index="1" bw="32" slack="0"/>
<pin id="1051" dir="0" index="2" bw="6" slack="0"/>
<pin id="1052" dir="0" index="3" bw="6" slack="0"/>
<pin id="1053" dir="1" index="4" bw="8" slack="0"/>
</pin_list>
<bind>
<opcode="partselect(1002) " fcode="partselect"/>
<opset="tmp_8/56 "/>
</bind>
</comp>

<comp id="1058" class="1004" name="trunc_ln104_1_fu_1058">
<pin_list>
<pin id="1059" dir="0" index="0" bw="32" slack="0"/>
<pin id="1060" dir="1" index="1" bw="23" slack="0"/>
</pin_list>
<bind>
<opcode="trunc(33) " fcode="trunc"/>
<opset="trunc_ln104_1/56 "/>
</bind>
</comp>

<comp id="1062" class="1004" name="icmp_ln104_fu_1062">
<pin_list>
<pin id="1063" dir="0" index="0" bw="8" slack="0"/>
<pin id="1064" dir="0" index="1" bw="1" slack="0"/>
<pin id="1065" dir="1" index="2" bw="1" slack="0"/>
</pin_list>
<bind>
<opcode="icmp(45) " fcode="icmp"/>
<opset="icmp_ln104/56 "/>
</bind>
</comp>

<comp id="1068" class="1004" name="icmp_ln104_1_fu_1068">
<pin_list>
<pin id="1069" dir="0" index="0" bw="23" slack="0"/>
<pin id="1070" dir="0" index="1" bw="1" slack="0"/>
<pin id="1071" dir="1" index="2" bw="1" slack="0"/>
</pin_list>
<bind>
<opcode="icmp(45) " fcode="icmp"/>
<opset="icmp_ln104_1/56 "/>
</bind>
</comp>

<comp id="1074" class="1004" name="or_ln104_fu_1074">
<pin_list>
<pin id="1075" dir="0" index="0" bw="1" slack="0"/>
<pin id="1076" dir="0" index="1" bw="1" slack="0"/>
<pin id="1077" dir="1" index="2" bw="1" slack="0"/>
</pin_list>
<bind>
<opcode="or(24) " fcode="or"/>
<opset="or_ln104/56 "/>
</bind>
</comp>

<comp id="1080" class="1004" name="icmp_ln104_2_fu_1080">
<pin_list>
<pin id="1081" dir="0" index="0" bw="8" slack="0"/>
<pin id="1082" dir="0" index="1" bw="1" slack="0"/>
<pin id="1083" dir="1" index="2" bw="1" slack="0"/>
</pin_list>
<bind>
<opcode="icmp(45) " fcode="icmp"/>
<opset="icmp_ln104_2/56 "/>
</bind>
</comp>

<comp id="1086" class="1004" name="icmp_ln104_3_fu_1086">
<pin_list>
<pin id="1087" dir="0" index="0" bw="23" slack="0"/>
<pin id="1088" dir="0" index="1" bw="1" slack="0"/>
<pin id="1089" dir="1" index="2" bw="1" slack="0"/>
</pin_list>
<bind>
<opcode="icmp(45) " fcode="icmp"/>
<opset="icmp_ln104_3/56 "/>
</bind>
</comp>

<comp id="1092" class="1004" name="or_ln104_1_fu_1092">
<pin_list>
<pin id="1093" dir="0" index="0" bw="1" slack="0"/>
<pin id="1094" dir="0" index="1" bw="1" slack="0"/>
<pin id="1095" dir="1" index="2" bw="1" slack="0"/>
</pin_list>
<bind>
<opcode="or(24) " fcode="or"/>
<opset="or_ln104_1/56 "/>
</bind>
</comp>

<comp id="1098" class="1004" name="and_ln104_fu_1098">
<pin_list>
<pin id="1099" dir="0" index="0" bw="1" slack="0"/>
<pin id="1100" dir="0" index="1" bw="1" slack="0"/>
<pin id="1101" dir="1" index="2" bw="1" slack="0"/>
</pin_list>
<bind>
<opcode="and(23) " fcode="and"/>
<opset="and_ln104/56 "/>
</bind>
</comp>

<comp id="1104" class="1004" name="and_ln104_1_fu_1104">
<pin_list>
<pin id="1105" dir="0" index="0" bw="1" slack="0"/>
<pin id="1106" dir="0" index="1" bw="1" slack="0"/>
<pin id="1107" dir="1" index="2" bw="1" slack="0"/>
</pin_list>
<bind>
<opcode="and(23) " fcode="and"/>
<opset="and_ln104_1/56 "/>
</bind>
</comp>

<comp id="1110" class="1004" name="maxv_2_fu_1110">
<pin_list>
<pin id="1111" dir="0" index="0" bw="1" slack="0"/>
<pin id="1112" dir="0" index="1" bw="32" slack="1"/>
<pin id="1113" dir="0" index="2" bw="32" slack="2"/>
<pin id="1114" dir="1" index="3" bw="32" slack="1"/>
</pin_list>
<bind>
<opcode="select(49) " fcode="select"/>
<opset="maxv_2/56 "/>
</bind>
</comp>

<comp id="1117" class="1004" name="icmp_ln109_fu_1117">
<pin_list>
<pin id="1118" dir="0" index="0" bw="4" slack="0"/>
<pin id="1119" dir="0" index="1" bw="4" slack="0"/>
<pin id="1120" dir="1" index="2" bw="1" slack="2147483647"/>
</pin_list>
<bind>
<opcode="icmp(45) " fcode="icmp"/>
<opset="icmp_ln109/57 "/>
</bind>
</comp>

<comp id="1123" class="1004" name="j_5_fu_1123">
<pin_list>
<pin id="1124" dir="0" index="0" bw="4" slack="0"/>
<pin id="1125" dir="0" index="1" bw="1" slack="0"/>
<pin id="1126" dir="1" index="2" bw="4" slack="0"/>
</pin_list>
<bind>
<opcode="add(8) " fcode="add"/>
<opset="j_5/57 "/>
</bind>
</comp>

<comp id="1129" class="1004" name="zext_ln110_fu_1129">
<pin_list>
<pin id="1130" dir="0" index="0" bw="4" slack="0"/>
<pin id="1131" dir="1" index="1" bw="64" slack="0"/>
</pin_list>
<bind>
<opcode="zext(34) " fcode="zext"/>
<opset="zext_ln110/57 "/>
</bind>
</comp>

<comp id="1134" class="1004" name="icmp_ln116_fu_1134">
<pin_list>
<pin id="1135" dir="0" index="0" bw="4" slack="0"/>
<pin id="1136" dir="0" index="1" bw="4" slack="0"/>
<pin id="1137" dir="1" index="2" bw="1" slack="2147483647"/>
</pin_list>
<bind>
<opcode="icmp(45) " fcode="icmp"/>
<opset="icmp_ln116/77 "/>
</bind>
</comp>

<comp id="1140" class="1004" name="j_6_fu_1140">
<pin_list>
<pin id="1141" dir="0" index="0" bw="4" slack="0"/>
<pin id="1142" dir="0" index="1" bw="1" slack="0"/>
<pin id="1143" dir="1" index="2" bw="4" slack="0"/>
</pin_list>
<bind>
<opcode="add(8) " fcode="add"/>
<opset="j_6/77 "/>
</bind>
</comp>

<comp id="1146" class="1004" name="zext_ln117_fu_1146">
<pin_list>
<pin id="1147" dir="0" index="0" bw="4" slack="0"/>
<pin id="1148" dir="1" index="1" bw="64" slack="0"/>
</pin_list>
<bind>
<opcode="zext(34) " fcode="zext"/>
<opset="zext_ln117/77 "/>
</bind>
</comp>

<comp id="1151" class="1005" name="add_ln86_reg_1151">
<pin_list>
<pin id="1152" dir="0" index="0" bw="12" slack="0"/>
<pin id="1153" dir="1" index="1" bw="12" slack="0"/>
</pin_list>
<bind>
<opset="add_ln86 "/>
</bind>
</comp>

<comp id="1159" class="1005" name="j_reg_1159">
<pin_list>
<pin id="1160" dir="0" index="0" bw="3" slack="0"/>
<pin id="1161" dir="1" index="1" bw="3" slack="0"/>
</pin_list>
<bind>
<opset="j "/>
</bind>
</comp>

<comp id="1164" class="1005" name="zext_ln87_reg_1164">
<pin_list>
<pin id="1165" dir="0" index="0" bw="64" slack="3"/>
<pin id="1166" dir="1" index="1" bw="64" slack="3"/>
</pin_list>
<bind>
<opset="zext_ln87 "/>
</bind>
</comp>

<comp id="1169" class="1005" name="B1_addr_reg_1169">
<pin_list>
<pin id="1170" dir="0" index="0" bw="3" slack="1"/>
<pin id="1171" dir="1" index="1" bw="3" slack="1"/>
</pin_list>
<bind>
<opset="B1_addr "/>
</bind>
</comp>

<comp id="1174" class="1005" name="acc_reg_1174">
<pin_list>
<pin id="1175" dir="0" index="0" bw="32" slack="1"/>
<pin id="1176" dir="1" index="1" bw="32" slack="1"/>
</pin_list>
<bind>
<opset="acc "/>
</bind>
</comp>

<comp id="1182" class="1005" name="i_reg_1182">
<pin_list>
<pin id="1183" dir="0" index="0" bw="10" slack="0"/>
<pin id="1184" dir="1" index="1" bw="10" slack="0"/>
</pin_list>
<bind>
<opset="i "/>
</bind>
</comp>

<comp id="1187" class="1005" name="W1_addr_reg_1187">
<pin_list>
<pin id="1188" dir="0" index="0" bw="12" slack="1"/>
<pin id="1189" dir="1" index="1" bw="12" slack="1"/>
</pin_list>
<bind>
<opset="W1_addr "/>
</bind>
</comp>

<comp id="1192" class="1005" name="input_addr_reg_1192">
<pin_list>
<pin id="1193" dir="0" index="0" bw="10" slack="1"/>
<pin id="1194" dir="1" index="1" bw="10" slack="1"/>
</pin_list>
<bind>
<opset="input_addr "/>
</bind>
</comp>

<comp id="1197" class="1005" name="input_load_reg_1197">
<pin_list>
<pin id="1198" dir="0" index="0" bw="32" slack="1"/>
<pin id="1199" dir="1" index="1" bw="32" slack="1"/>
</pin_list>
<bind>
<opset="input_load "/>
</bind>
</comp>

<comp id="1202" class="1005" name="W1_load_reg_1202">
<pin_list>
<pin id="1203" dir="0" index="0" bw="32" slack="1"/>
<pin id="1204" dir="1" index="1" bw="32" slack="1"/>
</pin_list>
<bind>
<opset="W1_load "/>
</bind>
</comp>

<comp id="1210" class="1005" name="j_1_reg_1210">
<pin_list>
<pin id="1211" dir="0" index="0" bw="4" slack="0"/>
<pin id="1212" dir="1" index="1" bw="4" slack="0"/>
</pin_list>
<bind>
<opset="j_1 "/>
</bind>
</comp>

<comp id="1215" class="1005" name="zext_ln91_reg_1215">
<pin_list>
<pin id="1216" dir="0" index="0" bw="64" slack="3"/>
<pin id="1217" dir="1" index="1" bw="64" slack="3"/>
</pin_list>
<bind>
<opset="zext_ln91 "/>
</bind>
</comp>

<comp id="1220" class="1005" name="B2_addr_reg_1220">
<pin_list>
<pin id="1221" dir="0" index="0" bw="3" slack="1"/>
<pin id="1222" dir="1" index="1" bw="3" slack="1"/>
</pin_list>
<bind>
<opset="B2_addr "/>
</bind>
</comp>

<comp id="1225" class="1005" name="add_ln69_reg_1225">
<pin_list>
<pin id="1226" dir="0" index="0" bw="7" slack="1"/>
<pin id="1227" dir="1" index="1" bw="7" slack="1"/>
</pin_list>
<bind>
<opset="add_ln69 "/>
</bind>
</comp>

<comp id="1230" class="1005" name="acc_1_reg_1230">
<pin_list>
<pin id="1231" dir="0" index="0" bw="32" slack="1"/>
<pin id="1232" dir="1" index="1" bw="32" slack="1"/>
</pin_list>
<bind>
<opset="acc_1 "/>
</bind>
</comp>

<comp id="1238" class="1005" name="i_1_reg_1238">
<pin_list>
<pin id="1239" dir="0" index="0" bw="3" slack="0"/>
<pin id="1240" dir="1" index="1" bw="3" slack="0"/>
</pin_list>
<bind>
<opset="i_1 "/>
</bind>
</comp>

<comp id="1243" class="1005" name="W2_addr_reg_1243">
<pin_list>
<pin id="1244" dir="0" index="0" bw="6" slack="1"/>
<pin id="1245" dir="1" index="1" bw="6" slack="1"/>
</pin_list>
<bind>
<opset="W2_addr "/>
</bind>
</comp>

<comp id="1248" class="1005" name="a1_addr_1_reg_1248">
<pin_list>
<pin id="1249" dir="0" index="0" bw="3" slack="1"/>
<pin id="1250" dir="1" index="1" bw="3" slack="1"/>
</pin_list>
<bind>
<opset="a1_addr_1 "/>
</bind>
</comp>

<comp id="1253" class="1005" name="a1_load_reg_1253">
<pin_list>
<pin id="1254" dir="0" index="0" bw="32" slack="1"/>
<pin id="1255" dir="1" index="1" bw="32" slack="1"/>
</pin_list>
<bind>
<opset="a1_load "/>
</bind>
</comp>

<comp id="1258" class="1005" name="W2_load_reg_1258">
<pin_list>
<pin id="1259" dir="0" index="0" bw="32" slack="1"/>
<pin id="1260" dir="1" index="1" bw="32" slack="1"/>
</pin_list>
<bind>
<opset="W2_load "/>
</bind>
</comp>

<comp id="1266" class="1005" name="j_2_reg_1266">
<pin_list>
<pin id="1267" dir="0" index="0" bw="4" slack="0"/>
<pin id="1268" dir="1" index="1" bw="4" slack="0"/>
</pin_list>
<bind>
<opset="j_2 "/>
</bind>
</comp>

<comp id="1271" class="1005" name="zext_ln95_reg_1271">
<pin_list>
<pin id="1272" dir="0" index="0" bw="64" slack="3"/>
<pin id="1273" dir="1" index="1" bw="64" slack="3"/>
</pin_list>
<bind>
<opset="zext_ln95 "/>
</bind>
</comp>

<comp id="1276" class="1005" name="B3_addr_reg_1276">
<pin_list>
<pin id="1277" dir="0" index="0" bw="3" slack="1"/>
<pin id="1278" dir="1" index="1" bw="3" slack="1"/>
</pin_list>
<bind>
<opset="B3_addr "/>
</bind>
</comp>

<comp id="1281" class="1005" name="zext_ln95_1_reg_1281">
<pin_list>
<pin id="1282" dir="0" index="0" bw="8" slack="1"/>
<pin id="1283" dir="1" index="1" bw="8" slack="1"/>
</pin_list>
<bind>
<opset="zext_ln95_1 "/>
</bind>
</comp>

<comp id="1286" class="1005" name="acc_3_reg_1286">
<pin_list>
<pin id="1287" dir="0" index="0" bw="32" slack="1"/>
<pin id="1288" dir="1" index="1" bw="32" slack="1"/>
</pin_list>
<bind>
<opset="acc_3 "/>
</bind>
</comp>

<comp id="1294" class="1005" name="i_2_reg_1294">
<pin_list>
<pin id="1295" dir="0" index="0" bw="4" slack="0"/>
<pin id="1296" dir="1" index="1" bw="4" slack="0"/>
</pin_list>
<bind>
<opset="i_2 "/>
</bind>
</comp>

<comp id="1299" class="1005" name="W3_addr_reg_1299">
<pin_list>
<pin id="1300" dir="0" index="0" bw="6" slack="1"/>
<pin id="1301" dir="1" index="1" bw="6" slack="1"/>
</pin_list>
<bind>
<opset="W3_addr "/>
</bind>
</comp>

<comp id="1304" class="1005" name="a2_addr_1_reg_1304">
<pin_list>
<pin id="1305" dir="0" index="0" bw="3" slack="1"/>
<pin id="1306" dir="1" index="1" bw="3" slack="1"/>
</pin_list>
<bind>
<opset="a2_addr_1 "/>
</bind>
</comp>

<comp id="1309" class="1005" name="a2_load_reg_1309">
<pin_list>
<pin id="1310" dir="0" index="0" bw="32" slack="1"/>
<pin id="1311" dir="1" index="1" bw="32" slack="1"/>
</pin_list>
<bind>
<opset="a2_load "/>
</bind>
</comp>

<comp id="1314" class="1005" name="W3_load_reg_1314">
<pin_list>
<pin id="1315" dir="0" index="0" bw="32" slack="1"/>
<pin id="1316" dir="1" index="1" bw="32" slack="1"/>
</pin_list>
<bind>
<opset="W3_load "/>
</bind>
</comp>

<comp id="1322" class="1005" name="j_4_reg_1322">
<pin_list>
<pin id="1323" dir="0" index="0" bw="4" slack="0"/>
<pin id="1324" dir="1" index="1" bw="4" slack="0"/>
</pin_list>
<bind>
<opset="j_4 "/>
</bind>
</comp>

<comp id="1327" class="1005" name="zext_ln99_reg_1327">
<pin_list>
<pin id="1328" dir="0" index="0" bw="64" slack="2"/>
<pin id="1329" dir="1" index="1" bw="64" slack="2"/>
</pin_list>
<bind>
<opset="zext_ln99 "/>
</bind>
</comp>

<comp id="1332" class="1005" name="B4_addr_reg_1332">
<pin_list>
<pin id="1333" dir="0" index="0" bw="4" slack="1"/>
<pin id="1334" dir="1" index="1" bw="4" slack="1"/>
</pin_list>
<bind>
<opset="B4_addr "/>
</bind>
</comp>

<comp id="1337" class="1005" name="z4_addr_reg_1337">
<pin_list>
<pin id="1338" dir="0" index="0" bw="4" slack="1"/>
<pin id="1339" dir="1" index="1" bw="4" slack="1"/>
</pin_list>
<bind>
<opset="z4_addr "/>
</bind>
</comp>

<comp id="1342" class="1005" name="zext_ln99_1_reg_1342">
<pin_list>
<pin id="1343" dir="0" index="0" bw="8" slack="1"/>
<pin id="1344" dir="1" index="1" bw="8" slack="1"/>
</pin_list>
<bind>
<opset="zext_ln99_1 "/>
</bind>
</comp>

<comp id="1347" class="1005" name="acc_5_reg_1347">
<pin_list>
<pin id="1348" dir="0" index="0" bw="32" slack="1"/>
<pin id="1349" dir="1" index="1" bw="32" slack="1"/>
</pin_list>
<bind>
<opset="acc_5 "/>
</bind>
</comp>

<comp id="1355" class="1005" name="i_3_reg_1355">
<pin_list>
<pin id="1356" dir="0" index="0" bw="4" slack="0"/>
<pin id="1357" dir="1" index="1" bw="4" slack="0"/>
</pin_list>
<bind>
<opset="i_3 "/>
</bind>
</comp>

<comp id="1360" class="1005" name="W4_addr_reg_1360">
<pin_list>
<pin id="1361" dir="0" index="0" bw="7" slack="1"/>
<pin id="1362" dir="1" index="1" bw="7" slack="1"/>
</pin_list>
<bind>
<opset="W4_addr "/>
</bind>
</comp>

<comp id="1365" class="1005" name="a3_addr_1_reg_1365">
<pin_list>
<pin id="1366" dir="0" index="0" bw="3" slack="1"/>
<pin id="1367" dir="1" index="1" bw="3" slack="1"/>
</pin_list>
<bind>
<opset="a3_addr_1 "/>
</bind>
</comp>

<comp id="1370" class="1005" name="a3_load_reg_1370">
<pin_list>
<pin id="1371" dir="0" index="0" bw="32" slack="1"/>
<pin id="1372" dir="1" index="1" bw="32" slack="1"/>
</pin_list>
<bind>
<opset="a3_load "/>
</bind>
</comp>

<comp id="1375" class="1005" name="W4_load_reg_1375">
<pin_list>
<pin id="1376" dir="0" index="0" bw="32" slack="1"/>
<pin id="1377" dir="1" index="1" bw="32" slack="1"/>
</pin_list>
<bind>
<opset="W4_load "/>
</bind>
</comp>

<comp id="1383" class="1005" name="z4_addr_2_reg_1383">
<pin_list>
<pin id="1384" dir="0" index="0" bw="4" slack="1"/>
<pin id="1385" dir="1" index="1" bw="4" slack="1"/>
</pin_list>
<bind>
<opset="z4_addr_2 "/>
</bind>
</comp>

<comp id="1388" class="1005" name="j_3_reg_1388">
<pin_list>
<pin id="1389" dir="0" index="0" bw="4" slack="0"/>
<pin id="1390" dir="1" index="1" bw="4" slack="0"/>
</pin_list>
<bind>
<opset="j_3 "/>
</bind>
</comp>

<comp id="1393" class="1005" name="maxv_1_reg_1393">
<pin_list>
<pin id="1394" dir="0" index="0" bw="32" slack="1"/>
<pin id="1395" dir="1" index="1" bw="32" slack="1"/>
</pin_list>
<bind>
<opset="maxv_1 "/>
</bind>
</comp>

<comp id="1400" class="1005" name="maxv_2_reg_1400">
<pin_list>
<pin id="1401" dir="0" index="0" bw="32" slack="1"/>
<pin id="1402" dir="1" index="1" bw="32" slack="1"/>
</pin_list>
<bind>
<opset="maxv_2 "/>
</bind>
</comp>

<comp id="1408" class="1005" name="j_5_reg_1408">
<pin_list>
<pin id="1409" dir="0" index="0" bw="4" slack="0"/>
<pin id="1410" dir="1" index="1" bw="4" slack="0"/>
</pin_list>
<bind>
<opset="j_5 "/>
</bind>
</comp>

<comp id="1413" class="1005" name="zext_ln110_reg_1413">
<pin_list>
<pin id="1414" dir="0" index="0" bw="64" slack="15"/>
<pin id="1415" dir="1" index="1" bw="64" slack="15"/>
</pin_list>
<bind>
<opset="zext_ln110 "/>
</bind>
</comp>

<comp id="1418" class="1005" name="z4_addr_3_reg_1418">
<pin_list>
<pin id="1419" dir="0" index="0" bw="4" slack="1"/>
<pin id="1420" dir="1" index="1" bw="4" slack="1"/>
</pin_list>
<bind>
<opset="z4_addr_3 "/>
</bind>
</comp>

<comp id="1423" class="1005" name="e_reg_1423">
<pin_list>
<pin id="1424" dir="0" index="0" bw="32" slack="1"/>
<pin id="1425" dir="1" index="1" bw="32" slack="1"/>
</pin_list>
<bind>
<opset="e "/>
</bind>
</comp>

<comp id="1429" class="1005" name="sum_reg_1429">
<pin_list>
<pin id="1430" dir="0" index="0" bw="32" slack="1"/>
<pin id="1431" dir="1" index="1" bw="32" slack="1"/>
</pin_list>
<bind>
<opset="sum "/>
</bind>
</comp>

<comp id="1437" class="1005" name="j_6_reg_1437">
<pin_list>
<pin id="1438" dir="0" index="0" bw="4" slack="0"/>
<pin id="1439" dir="1" index="1" bw="4" slack="0"/>
</pin_list>
<bind>
<opset="j_6 "/>
</bind>
</comp>

<comp id="1442" class="1005" name="output_addr_1_reg_1442">
<pin_list>
<pin id="1443" dir="0" index="0" bw="4" slack="1"/>
<pin id="1444" dir="1" index="1" bw="4" slack="1"/>
</pin_list>
<bind>
<opset="output_addr_1 "/>
</bind>
</comp>

<comp id="1447" class="1005" name="output_load_reg_1447">
<pin_list>
<pin id="1448" dir="0" index="0" bw="32" slack="1"/>
<pin id="1449" dir="1" index="1" bw="32" slack="1"/>
</pin_list>
<bind>
<opset="output_load "/>
</bind>
</comp>

</comp_list>

<net_list>
<net id="107"><net_src comp="26" pin="0"/><net_sink comp="104" pin=0"/></net>

<net id="111"><net_src comp="26" pin="0"/><net_sink comp="108" pin=0"/></net>

<net id="115"><net_src comp="26" pin="0"/><net_sink comp="112" pin=0"/></net>

<net id="119"><net_src comp="26" pin="0"/><net_sink comp="116" pin=0"/></net>

<net id="125"><net_src comp="4" pin="0"/><net_sink comp="120" pin=0"/></net>

<net id="126"><net_src comp="42" pin="0"/><net_sink comp="120" pin=1"/></net>

<net id="132"><net_src comp="120" pin="3"/><net_sink comp="127" pin=0"/></net>

<net id="138"><net_src comp="6" pin="0"/><net_sink comp="133" pin=0"/></net>

<net id="139"><net_src comp="42" pin="0"/><net_sink comp="133" pin=1"/></net>

<net id="145"><net_src comp="0" pin="0"/><net_sink comp="140" pin=0"/></net>

<net id="146"><net_src comp="42" pin="0"/><net_sink comp="140" pin=1"/></net>

<net id="152"><net_src comp="140" pin="3"/><net_sink comp="147" pin=0"/></net>

<net id="158"><net_src comp="133" pin="3"/><net_sink comp="153" pin=0"/></net>

<net id="164"><net_src comp="42" pin="0"/><net_sink comp="159" pin=1"/></net>

<net id="170"><net_src comp="159" pin="3"/><net_sink comp="165" pin=0"/></net>

<net id="176"><net_src comp="8" pin="0"/><net_sink comp="171" pin=0"/></net>

<net id="177"><net_src comp="42" pin="0"/><net_sink comp="171" pin=1"/></net>

<net id="183"><net_src comp="171" pin="3"/><net_sink comp="178" pin=0"/></net>

<net id="189"><net_src comp="10" pin="0"/><net_sink comp="184" pin=0"/></net>

<net id="190"><net_src comp="42" pin="0"/><net_sink comp="184" pin=1"/></net>

<net id="196"><net_src comp="42" pin="0"/><net_sink comp="191" pin=1"/></net>

<net id="197"><net_src comp="191" pin="3"/><net_sink comp="165" pin=0"/></net>

<net id="203"><net_src comp="184" pin="3"/><net_sink comp="198" pin=0"/></net>

<net id="209"><net_src comp="42" pin="0"/><net_sink comp="204" pin=1"/></net>

<net id="215"><net_src comp="204" pin="3"/><net_sink comp="210" pin=0"/></net>

<net id="221"><net_src comp="12" pin="0"/><net_sink comp="216" pin=0"/></net>

<net id="222"><net_src comp="42" pin="0"/><net_sink comp="216" pin=1"/></net>

<net id="228"><net_src comp="216" pin="3"/><net_sink comp="223" pin=0"/></net>

<net id="234"><net_src comp="14" pin="0"/><net_sink comp="229" pin=0"/></net>

<net id="235"><net_src comp="42" pin="0"/><net_sink comp="229" pin=1"/></net>

<net id="241"><net_src comp="42" pin="0"/><net_sink comp="236" pin=1"/></net>

<net id="242"><net_src comp="236" pin="3"/><net_sink comp="210" pin=0"/></net>

<net id="248"><net_src comp="229" pin="3"/><net_sink comp="243" pin=0"/></net>

<net id="254"><net_src comp="42" pin="0"/><net_sink comp="249" pin=1"/></net>

<net id="260"><net_src comp="249" pin="3"/><net_sink comp="255" pin=0"/></net>

<net id="266"><net_src comp="16" pin="0"/><net_sink comp="261" pin=0"/></net>

<net id="267"><net_src comp="42" pin="0"/><net_sink comp="261" pin=1"/></net>

<net id="273"><net_src comp="261" pin="3"/><net_sink comp="268" pin=0"/></net>

<net id="279"><net_src comp="42" pin="0"/><net_sink comp="274" pin=1"/></net>

<net id="280"><net_src comp="42" pin="0"/><net_sink comp="274" pin=2"/></net>

<net id="286"><net_src comp="274" pin="3"/><net_sink comp="281" pin=0"/></net>

<net id="292"><net_src comp="18" pin="0"/><net_sink comp="287" pin=0"/></net>

<net id="293"><net_src comp="42" pin="0"/><net_sink comp="287" pin=1"/></net>

<net id="299"><net_src comp="42" pin="0"/><net_sink comp="294" pin=1"/></net>

<net id="300"><net_src comp="294" pin="3"/><net_sink comp="255" pin=0"/></net>

<net id="306"><net_src comp="287" pin="3"/><net_sink comp="301" pin=0"/></net>

<net id="312"><net_src comp="42" pin="0"/><net_sink comp="307" pin=1"/></net>

<net id="313"><net_src comp="307" pin="3"/><net_sink comp="281" pin=0"/></net>

<net id="319"><net_src comp="42" pin="0"/><net_sink comp="314" pin=1"/></net>

<net id="320"><net_src comp="314" pin="3"/><net_sink comp="281" pin=0"/></net>

<net id="326"><net_src comp="42" pin="0"/><net_sink comp="321" pin=1"/></net>

<net id="327"><net_src comp="321" pin="3"/><net_sink comp="281" pin=0"/></net>

<net id="333"><net_src comp="2" pin="0"/><net_sink comp="328" pin=0"/></net>

<net id="334"><net_src comp="42" pin="0"/><net_sink comp="328" pin=1"/></net>

<net id="340"><net_src comp="328" pin="3"/><net_sink comp="335" pin=0"/></net>

<net id="346"><net_src comp="2" pin="0"/><net_sink comp="341" pin=0"/></net>

<net id="347"><net_src comp="42" pin="0"/><net_sink comp="341" pin=1"/></net>

<net id="348"><net_src comp="341" pin="3"/><net_sink comp="335" pin=0"/></net>

<net id="352"><net_src comp="28" pin="0"/><net_sink comp="349" pin=0"/></net>

<net id="359"><net_src comp="349" pin="1"/><net_sink comp="353" pin=0"/></net>

<net id="363"><net_src comp="30" pin="0"/><net_sink comp="360" pin=0"/></net>

<net id="370"><net_src comp="360" pin="1"/><net_sink comp="364" pin=0"/></net>

<net id="371"><net_src comp="364" pin="4"/><net_sink comp="360" pin=0"/></net>

<net id="381"><net_src comp="375" pin="4"/><net_sink comp="372" pin=0"/></net>

<net id="385"><net_src comp="48" pin="0"/><net_sink comp="382" pin=0"/></net>

<net id="392"><net_src comp="382" pin="1"/><net_sink comp="386" pin=0"/></net>

<net id="396"><net_src comp="70" pin="0"/><net_sink comp="393" pin=0"/></net>

<net id="403"><net_src comp="393" pin="1"/><net_sink comp="397" pin=2"/></net>

<net id="404"><net_src comp="397" pin="4"/><net_sink comp="393" pin=0"/></net>

<net id="414"><net_src comp="408" pin="4"/><net_sink comp="405" pin=0"/></net>

<net id="418"><net_src comp="28" pin="0"/><net_sink comp="415" pin=0"/></net>

<net id="425"><net_src comp="415" pin="1"/><net_sink comp="419" pin=0"/></net>

<net id="429"><net_src comp="70" pin="0"/><net_sink comp="426" pin=0"/></net>

<net id="436"><net_src comp="426" pin="1"/><net_sink comp="430" pin=2"/></net>

<net id="437"><net_src comp="430" pin="4"/><net_sink comp="426" pin=0"/></net>

<net id="447"><net_src comp="441" pin="4"/><net_sink comp="438" pin=0"/></net>

<net id="451"><net_src comp="70" pin="0"/><net_sink comp="448" pin=0"/></net>

<net id="458"><net_src comp="448" pin="1"/><net_sink comp="452" pin=0"/></net>

<net id="462"><net_src comp="70" pin="0"/><net_sink comp="459" pin=0"/></net>

<net id="469"><net_src comp="459" pin="1"/><net_sink comp="463" pin=2"/></net>

<net id="470"><net_src comp="463" pin="4"/><net_sink comp="459" pin=0"/></net>

<net id="480"><net_src comp="474" pin="4"/><net_sink comp="281" pin=1"/></net>

<net id="481"><net_src comp="474" pin="4"/><net_sink comp="471" pin=0"/></net>

<net id="485"><net_src comp="70" pin="0"/><net_sink comp="482" pin=0"/></net>

<net id="492"><net_src comp="482" pin="1"/><net_sink comp="486" pin=0"/></net>

<net id="496"><net_src comp="76" pin="0"/><net_sink comp="493" pin=0"/></net>

<net id="503"><net_src comp="493" pin="1"/><net_sink comp="497" pin=0"/></net>

<net id="513"><net_src comp="507" pin="4"/><net_sink comp="504" pin=0"/></net>

<net id="517"><net_src comp="56" pin="0"/><net_sink comp="514" pin=0"/></net>

<net id="524"><net_src comp="514" pin="1"/><net_sink comp="518" pin=2"/></net>

<net id="525"><net_src comp="518" pin="4"/><net_sink comp="514" pin=0"/></net>

<net id="529"><net_src comp="70" pin="0"/><net_sink comp="526" pin=0"/></net>

<net id="536"><net_src comp="526" pin="1"/><net_sink comp="530" pin=2"/></net>

<net id="540"><net_src comp="70" pin="0"/><net_sink comp="537" pin=0"/></net>

<net id="547"><net_src comp="537" pin="1"/><net_sink comp="541" pin=2"/></net>

<net id="552"><net_src comp="372" pin="1"/><net_sink comp="548" pin=0"/></net>

<net id="553"><net_src comp="405" pin="1"/><net_sink comp="548" pin=0"/></net>

<net id="554"><net_src comp="438" pin="1"/><net_sink comp="548" pin=0"/></net>

<net id="555"><net_src comp="471" pin="1"/><net_sink comp="548" pin=0"/></net>

<net id="556"><net_src comp="504" pin="1"/><net_sink comp="548" pin=1"/></net>

<net id="557"><net_src comp="514" pin="1"/><net_sink comp="548" pin=0"/></net>

<net id="562"><net_src comp="147" pin="3"/><net_sink comp="558" pin=0"/></net>

<net id="563"><net_src comp="153" pin="3"/><net_sink comp="558" pin=1"/></net>

<net id="564"><net_src comp="165" pin="3"/><net_sink comp="558" pin=0"/></net>

<net id="565"><net_src comp="198" pin="3"/><net_sink comp="558" pin=1"/></net>

<net id="566"><net_src comp="210" pin="3"/><net_sink comp="558" pin=0"/></net>

<net id="567"><net_src comp="243" pin="3"/><net_sink comp="558" pin=1"/></net>

<net id="568"><net_src comp="255" pin="3"/><net_sink comp="558" pin=0"/></net>

<net id="569"><net_src comp="301" pin="3"/><net_sink comp="558" pin=1"/></net>

<net id="574"><net_src comp="570" pin="2"/><net_sink comp="335" pin=1"/></net>

<net id="575"><net_src comp="335" pin="3"/><net_sink comp="570" pin=0"/></net>

<net id="576"><net_src comp="514" pin="1"/><net_sink comp="570" pin=1"/></net>

<net id="581"><net_src comp="375" pin="4"/><net_sink comp="577" pin=0"/></net>

<net id="582"><net_src comp="56" pin="0"/><net_sink comp="577" pin=1"/></net>

<net id="583"><net_src comp="408" pin="4"/><net_sink comp="577" pin=0"/></net>

<net id="584"><net_src comp="441" pin="4"/><net_sink comp="577" pin=0"/></net>

<net id="585"><net_src comp="281" pin="3"/><net_sink comp="577" pin=0"/></net>

<net id="586"><net_src comp="504" pin="1"/><net_sink comp="577" pin=1"/></net>

<net id="591"><net_src comp="98" pin="0"/><net_sink comp="587" pin=0"/></net>

<net id="595"><net_src comp="558" pin="2"/><net_sink comp="592" pin=0"/></net>

<net id="596"><net_src comp="592" pin="1"/><net_sink comp="548" pin=1"/></net>

<net id="600"><net_src comp="548" pin="2"/><net_sink comp="597" pin=0"/></net>

<net id="601"><net_src comp="597" pin="1"/><net_sink comp="375" pin=2"/></net>

<net id="602"><net_src comp="597" pin="1"/><net_sink comp="408" pin=2"/></net>

<net id="603"><net_src comp="597" pin="1"/><net_sink comp="441" pin=2"/></net>

<net id="604"><net_src comp="597" pin="1"/><net_sink comp="474" pin=2"/></net>

<net id="605"><net_src comp="597" pin="1"/><net_sink comp="587" pin=1"/></net>

<net id="609"><net_src comp="281" pin="3"/><net_sink comp="606" pin=0"/></net>

<net id="610"><net_src comp="606" pin="1"/><net_sink comp="507" pin=0"/></net>

<net id="611"><net_src comp="606" pin="1"/><net_sink comp="548" pin=0"/></net>

<net id="616"><net_src comp="364" pin="4"/><net_sink comp="612" pin=0"/></net>

<net id="617"><net_src comp="32" pin="0"/><net_sink comp="612" pin=1"/></net>

<net id="622"><net_src comp="353" pin="4"/><net_sink comp="618" pin=0"/></net>

<net id="623"><net_src comp="34" pin="0"/><net_sink comp="618" pin=1"/></net>

<net id="628"><net_src comp="353" pin="4"/><net_sink comp="624" pin=0"/></net>

<net id="629"><net_src comp="40" pin="0"/><net_sink comp="624" pin=1"/></net>

<net id="633"><net_src comp="353" pin="4"/><net_sink comp="630" pin=0"/></net>

<net id="634"><net_src comp="630" pin="1"/><net_sink comp="120" pin=2"/></net>

<net id="639"><net_src comp="386" pin="4"/><net_sink comp="635" pin=0"/></net>

<net id="640"><net_src comp="52" pin="0"/><net_sink comp="635" pin=1"/></net>

<net id="645"><net_src comp="386" pin="4"/><net_sink comp="641" pin=0"/></net>

<net id="646"><net_src comp="54" pin="0"/><net_sink comp="641" pin=1"/></net>

<net id="650"><net_src comp="386" pin="4"/><net_sink comp="647" pin=0"/></net>

<net id="651"><net_src comp="647" pin="1"/><net_sink comp="140" pin=2"/></net>

<net id="655"><net_src comp="386" pin="4"/><net_sink comp="652" pin=0"/></net>

<net id="660"><net_src comp="360" pin="1"/><net_sink comp="656" pin=0"/></net>

<net id="661"><net_src comp="652" pin="1"/><net_sink comp="656" pin=1"/></net>

<net id="665"><net_src comp="656" pin="2"/><net_sink comp="662" pin=0"/></net>

<net id="666"><net_src comp="662" pin="1"/><net_sink comp="133" pin=2"/></net>

<net id="670"><net_src comp="372" pin="1"/><net_sink comp="667" pin=0"/></net>

<net id="677"><net_src comp="60" pin="0"/><net_sink comp="671" pin=0"/></net>

<net id="678"><net_src comp="667" pin="1"/><net_sink comp="671" pin=1"/></net>

<net id="679"><net_src comp="62" pin="0"/><net_sink comp="671" pin=2"/></net>

<net id="680"><net_src comp="64" pin="0"/><net_sink comp="671" pin=3"/></net>

<net id="684"><net_src comp="667" pin="1"/><net_sink comp="681" pin=0"/></net>

<net id="689"><net_src comp="671" pin="4"/><net_sink comp="685" pin=0"/></net>

<net id="690"><net_src comp="66" pin="0"/><net_sink comp="685" pin=1"/></net>

<net id="695"><net_src comp="681" pin="1"/><net_sink comp="691" pin=0"/></net>

<net id="696"><net_src comp="68" pin="0"/><net_sink comp="691" pin=1"/></net>

<net id="701"><net_src comp="691" pin="2"/><net_sink comp="697" pin=0"/></net>

<net id="702"><net_src comp="685" pin="2"/><net_sink comp="697" pin=1"/></net>

<net id="707"><net_src comp="697" pin="2"/><net_sink comp="703" pin=0"/></net>

<net id="708"><net_src comp="577" pin="2"/><net_sink comp="703" pin=1"/></net>

<net id="714"><net_src comp="703" pin="2"/><net_sink comp="709" pin=0"/></net>

<net id="715"><net_src comp="56" pin="0"/><net_sink comp="709" pin=1"/></net>

<net id="716"><net_src comp="372" pin="1"/><net_sink comp="709" pin=2"/></net>

<net id="717"><net_src comp="709" pin="3"/><net_sink comp="165" pin=1"/></net>

<net id="722"><net_src comp="397" pin="4"/><net_sink comp="718" pin=0"/></net>

<net id="723"><net_src comp="72" pin="0"/><net_sink comp="718" pin=1"/></net>

<net id="728"><net_src comp="397" pin="4"/><net_sink comp="724" pin=0"/></net>

<net id="729"><net_src comp="76" pin="0"/><net_sink comp="724" pin=1"/></net>

<net id="733"><net_src comp="397" pin="4"/><net_sink comp="730" pin=0"/></net>

<net id="734"><net_src comp="730" pin="1"/><net_sink comp="171" pin=2"/></net>

<net id="738"><net_src comp="393" pin="1"/><net_sink comp="735" pin=0"/></net>

<net id="744"><net_src comp="80" pin="0"/><net_sink comp="739" pin=0"/></net>

<net id="745"><net_src comp="393" pin="1"/><net_sink comp="739" pin=1"/></net>

<net id="746"><net_src comp="82" pin="0"/><net_sink comp="739" pin=2"/></net>

<net id="750"><net_src comp="739" pin="3"/><net_sink comp="747" pin=0"/></net>

<net id="755"><net_src comp="735" pin="1"/><net_sink comp="751" pin=0"/></net>

<net id="756"><net_src comp="747" pin="1"/><net_sink comp="751" pin=1"/></net>

<net id="761"><net_src comp="419" pin="4"/><net_sink comp="757" pin=0"/></net>

<net id="762"><net_src comp="34" pin="0"/><net_sink comp="757" pin=1"/></net>

<net id="767"><net_src comp="419" pin="4"/><net_sink comp="763" pin=0"/></net>

<net id="768"><net_src comp="40" pin="0"/><net_sink comp="763" pin=1"/></net>

<net id="772"><net_src comp="419" pin="4"/><net_sink comp="769" pin=0"/></net>

<net id="773"><net_src comp="769" pin="1"/><net_sink comp="191" pin=2"/></net>

<net id="777"><net_src comp="419" pin="4"/><net_sink comp="774" pin=0"/></net>

<net id="782"><net_src comp="774" pin="1"/><net_sink comp="778" pin=1"/></net>

<net id="786"><net_src comp="778" pin="2"/><net_sink comp="783" pin=0"/></net>

<net id="787"><net_src comp="783" pin="1"/><net_sink comp="184" pin=2"/></net>

<net id="791"><net_src comp="405" pin="1"/><net_sink comp="788" pin=0"/></net>

<net id="798"><net_src comp="60" pin="0"/><net_sink comp="792" pin=0"/></net>

<net id="799"><net_src comp="788" pin="1"/><net_sink comp="792" pin=1"/></net>

<net id="800"><net_src comp="62" pin="0"/><net_sink comp="792" pin=2"/></net>

<net id="801"><net_src comp="64" pin="0"/><net_sink comp="792" pin=3"/></net>

<net id="805"><net_src comp="788" pin="1"/><net_sink comp="802" pin=0"/></net>

<net id="810"><net_src comp="792" pin="4"/><net_sink comp="806" pin=0"/></net>

<net id="811"><net_src comp="66" pin="0"/><net_sink comp="806" pin=1"/></net>

<net id="816"><net_src comp="802" pin="1"/><net_sink comp="812" pin=0"/></net>

<net id="817"><net_src comp="68" pin="0"/><net_sink comp="812" pin=1"/></net>

<net id="822"><net_src comp="812" pin="2"/><net_sink comp="818" pin=0"/></net>

<net id="823"><net_src comp="806" pin="2"/><net_sink comp="818" pin=1"/></net>

<net id="828"><net_src comp="818" pin="2"/><net_sink comp="824" pin=0"/></net>

<net id="829"><net_src comp="577" pin="2"/><net_sink comp="824" pin=1"/></net>

<net id="835"><net_src comp="824" pin="2"/><net_sink comp="830" pin=0"/></net>

<net id="836"><net_src comp="56" pin="0"/><net_sink comp="830" pin=1"/></net>

<net id="837"><net_src comp="405" pin="1"/><net_sink comp="830" pin=2"/></net>

<net id="838"><net_src comp="830" pin="3"/><net_sink comp="210" pin=1"/></net>

<net id="843"><net_src comp="430" pin="4"/><net_sink comp="839" pin=0"/></net>

<net id="844"><net_src comp="72" pin="0"/><net_sink comp="839" pin=1"/></net>

<net id="849"><net_src comp="430" pin="4"/><net_sink comp="845" pin=0"/></net>

<net id="850"><net_src comp="76" pin="0"/><net_sink comp="845" pin=1"/></net>

<net id="854"><net_src comp="430" pin="4"/><net_sink comp="851" pin=0"/></net>

<net id="855"><net_src comp="851" pin="1"/><net_sink comp="216" pin=2"/></net>

<net id="861"><net_src comp="86" pin="0"/><net_sink comp="856" pin=0"/></net>

<net id="862"><net_src comp="426" pin="1"/><net_sink comp="856" pin=1"/></net>

<net id="863"><net_src comp="28" pin="0"/><net_sink comp="856" pin=2"/></net>

<net id="867"><net_src comp="856" pin="3"/><net_sink comp="864" pin=0"/></net>

<net id="872"><net_src comp="452" pin="4"/><net_sink comp="868" pin=0"/></net>

<net id="873"><net_src comp="72" pin="0"/><net_sink comp="868" pin=1"/></net>

<net id="878"><net_src comp="452" pin="4"/><net_sink comp="874" pin=0"/></net>

<net id="879"><net_src comp="76" pin="0"/><net_sink comp="874" pin=1"/></net>

<net id="883"><net_src comp="452" pin="4"/><net_sink comp="880" pin=0"/></net>

<net id="884"><net_src comp="880" pin="1"/><net_sink comp="236" pin=2"/></net>

<net id="888"><net_src comp="452" pin="4"/><net_sink comp="885" pin=0"/></net>

<net id="893"><net_src comp="885" pin="1"/><net_sink comp="889" pin=1"/></net>

<net id="897"><net_src comp="889" pin="2"/><net_sink comp="894" pin=0"/></net>

<net id="898"><net_src comp="894" pin="1"/><net_sink comp="229" pin=2"/></net>

<net id="902"><net_src comp="438" pin="1"/><net_sink comp="899" pin=0"/></net>

<net id="909"><net_src comp="60" pin="0"/><net_sink comp="903" pin=0"/></net>

<net id="910"><net_src comp="899" pin="1"/><net_sink comp="903" pin=1"/></net>

<net id="911"><net_src comp="62" pin="0"/><net_sink comp="903" pin=2"/></net>

<net id="912"><net_src comp="64" pin="0"/><net_sink comp="903" pin=3"/></net>

<net id="916"><net_src comp="899" pin="1"/><net_sink comp="913" pin=0"/></net>

<net id="921"><net_src comp="903" pin="4"/><net_sink comp="917" pin=0"/></net>

<net id="922"><net_src comp="66" pin="0"/><net_sink comp="917" pin=1"/></net>

<net id="927"><net_src comp="913" pin="1"/><net_sink comp="923" pin=0"/></net>

<net id="928"><net_src comp="68" pin="0"/><net_sink comp="923" pin=1"/></net>

<net id="933"><net_src comp="923" pin="2"/><net_sink comp="929" pin=0"/></net>

<net id="934"><net_src comp="917" pin="2"/><net_sink comp="929" pin=1"/></net>

<net id="939"><net_src comp="929" pin="2"/><net_sink comp="935" pin=0"/></net>

<net id="940"><net_src comp="577" pin="2"/><net_sink comp="935" pin=1"/></net>

<net id="946"><net_src comp="935" pin="2"/><net_sink comp="941" pin=0"/></net>

<net id="947"><net_src comp="56" pin="0"/><net_sink comp="941" pin=1"/></net>

<net id="948"><net_src comp="438" pin="1"/><net_sink comp="941" pin=2"/></net>

<net id="949"><net_src comp="941" pin="3"/><net_sink comp="255" pin=1"/></net>

<net id="954"><net_src comp="463" pin="4"/><net_sink comp="950" pin=0"/></net>

<net id="955"><net_src comp="88" pin="0"/><net_sink comp="950" pin=1"/></net>

<net id="960"><net_src comp="463" pin="4"/><net_sink comp="956" pin=0"/></net>

<net id="961"><net_src comp="76" pin="0"/><net_sink comp="956" pin=1"/></net>

<net id="965"><net_src comp="463" pin="4"/><net_sink comp="962" pin=0"/></net>

<net id="966"><net_src comp="962" pin="1"/><net_sink comp="261" pin=2"/></net>

<net id="972"><net_src comp="86" pin="0"/><net_sink comp="967" pin=0"/></net>

<net id="973"><net_src comp="459" pin="1"/><net_sink comp="967" pin=1"/></net>

<net id="974"><net_src comp="28" pin="0"/><net_sink comp="967" pin=2"/></net>

<net id="978"><net_src comp="967" pin="3"/><net_sink comp="975" pin=0"/></net>

<net id="983"><net_src comp="486" pin="4"/><net_sink comp="979" pin=0"/></net>

<net id="984"><net_src comp="72" pin="0"/><net_sink comp="979" pin=1"/></net>

<net id="989"><net_src comp="486" pin="4"/><net_sink comp="985" pin=0"/></net>

<net id="990"><net_src comp="76" pin="0"/><net_sink comp="985" pin=1"/></net>

<net id="994"><net_src comp="486" pin="4"/><net_sink comp="991" pin=0"/></net>

<net id="995"><net_src comp="991" pin="1"/><net_sink comp="294" pin=2"/></net>

<net id="999"><net_src comp="486" pin="4"/><net_sink comp="996" pin=0"/></net>

<net id="1004"><net_src comp="996" pin="1"/><net_sink comp="1000" pin=1"/></net>

<net id="1008"><net_src comp="1000" pin="2"/><net_sink comp="1005" pin=0"/></net>

<net id="1009"><net_src comp="1005" pin="1"/><net_sink comp="287" pin=2"/></net>

<net id="1014"><net_src comp="497" pin="4"/><net_sink comp="1010" pin=0"/></net>

<net id="1015"><net_src comp="88" pin="0"/><net_sink comp="1010" pin=1"/></net>

<net id="1019"><net_src comp="497" pin="4"/><net_sink comp="1016" pin=0"/></net>

<net id="1020"><net_src comp="1016" pin="1"/><net_sink comp="314" pin=2"/></net>

<net id="1025"><net_src comp="76" pin="0"/><net_sink comp="1021" pin=0"/></net>

<net id="1026"><net_src comp="497" pin="4"/><net_sink comp="1021" pin=1"/></net>

<net id="1036"><net_src comp="60" pin="0"/><net_sink comp="1030" pin=0"/></net>

<net id="1037"><net_src comp="1027" pin="1"/><net_sink comp="1030" pin=1"/></net>

<net id="1038"><net_src comp="62" pin="0"/><net_sink comp="1030" pin=2"/></net>

<net id="1039"><net_src comp="64" pin="0"/><net_sink comp="1030" pin=3"/></net>

<net id="1043"><net_src comp="1027" pin="1"/><net_sink comp="1040" pin=0"/></net>

<net id="1047"><net_src comp="504" pin="1"/><net_sink comp="1044" pin=0"/></net>

<net id="1054"><net_src comp="60" pin="0"/><net_sink comp="1048" pin=0"/></net>

<net id="1055"><net_src comp="1044" pin="1"/><net_sink comp="1048" pin=1"/></net>

<net id="1056"><net_src comp="62" pin="0"/><net_sink comp="1048" pin=2"/></net>

<net id="1057"><net_src comp="64" pin="0"/><net_sink comp="1048" pin=3"/></net>

<net id="1061"><net_src comp="1044" pin="1"/><net_sink comp="1058" pin=0"/></net>

<net id="1066"><net_src comp="1030" pin="4"/><net_sink comp="1062" pin=0"/></net>

<net id="1067"><net_src comp="66" pin="0"/><net_sink comp="1062" pin=1"/></net>

<net id="1072"><net_src comp="1040" pin="1"/><net_sink comp="1068" pin=0"/></net>

<net id="1073"><net_src comp="68" pin="0"/><net_sink comp="1068" pin=1"/></net>

<net id="1078"><net_src comp="1068" pin="2"/><net_sink comp="1074" pin=0"/></net>

<net id="1079"><net_src comp="1062" pin="2"/><net_sink comp="1074" pin=1"/></net>

<net id="1084"><net_src comp="1048" pin="4"/><net_sink comp="1080" pin=0"/></net>

<net id="1085"><net_src comp="66" pin="0"/><net_sink comp="1080" pin=1"/></net>

<net id="1090"><net_src comp="1058" pin="1"/><net_sink comp="1086" pin=0"/></net>

<net id="1091"><net_src comp="68" pin="0"/><net_sink comp="1086" pin=1"/></net>

<net id="1096"><net_src comp="1086" pin="2"/><net_sink comp="1092" pin=0"/></net>

<net id="1097"><net_src comp="1080" pin="2"/><net_sink comp="1092" pin=1"/></net>

<net id="1102"><net_src comp="1074" pin="2"/><net_sink comp="1098" pin=0"/></net>

<net id="1103"><net_src comp="1092" pin="2"/><net_sink comp="1098" pin=1"/></net>

<net id="1108"><net_src comp="1098" pin="2"/><net_sink comp="1104" pin=0"/></net>

<net id="1109"><net_src comp="577" pin="2"/><net_sink comp="1104" pin=1"/></net>

<net id="1115"><net_src comp="1104" pin="2"/><net_sink comp="1110" pin=0"/></net>

<net id="1116"><net_src comp="504" pin="1"/><net_sink comp="1110" pin=2"/></net>

<net id="1121"><net_src comp="530" pin="4"/><net_sink comp="1117" pin=0"/></net>

<net id="1122"><net_src comp="88" pin="0"/><net_sink comp="1117" pin=1"/></net>

<net id="1127"><net_src comp="530" pin="4"/><net_sink comp="1123" pin=0"/></net>

<net id="1128"><net_src comp="76" pin="0"/><net_sink comp="1123" pin=1"/></net>

<net id="1132"><net_src comp="530" pin="4"/><net_sink comp="1129" pin=0"/></net>

<net id="1133"><net_src comp="1129" pin="1"/><net_sink comp="321" pin=2"/></net>

<net id="1138"><net_src comp="541" pin="4"/><net_sink comp="1134" pin=0"/></net>

<net id="1139"><net_src comp="88" pin="0"/><net_sink comp="1134" pin=1"/></net>

<net id="1144"><net_src comp="541" pin="4"/><net_sink comp="1140" pin=0"/></net>

<net id="1145"><net_src comp="76" pin="0"/><net_sink comp="1140" pin=1"/></net>

<net id="1149"><net_src comp="541" pin="4"/><net_sink comp="1146" pin=0"/></net>

<net id="1150"><net_src comp="1146" pin="1"/><net_sink comp="341" pin=2"/></net>

<net id="1154"><net_src comp="612" pin="2"/><net_sink comp="1151" pin=0"/></net>

<net id="1155"><net_src comp="1151" pin="1"/><net_sink comp="364" pin=2"/></net>

<net id="1162"><net_src comp="624" pin="2"/><net_sink comp="1159" pin=0"/></net>

<net id="1163"><net_src comp="1159" pin="1"/><net_sink comp="353" pin=2"/></net>

<net id="1167"><net_src comp="630" pin="1"/><net_sink comp="1164" pin=0"/></net>

<net id="1168"><net_src comp="1164" pin="1"/><net_sink comp="159" pin=2"/></net>

<net id="1172"><net_src comp="120" pin="3"/><net_sink comp="1169" pin=0"/></net>

<net id="1173"><net_src comp="1169" pin="1"/><net_sink comp="127" pin=0"/></net>

<net id="1177"><net_src comp="127" pin="3"/><net_sink comp="1174" pin=0"/></net>

<net id="1178"><net_src comp="1174" pin="1"/><net_sink comp="375" pin=0"/></net>

<net id="1185"><net_src comp="641" pin="2"/><net_sink comp="1182" pin=0"/></net>

<net id="1186"><net_src comp="1182" pin="1"/><net_sink comp="386" pin=2"/></net>

<net id="1190"><net_src comp="133" pin="3"/><net_sink comp="1187" pin=0"/></net>

<net id="1191"><net_src comp="1187" pin="1"/><net_sink comp="153" pin=0"/></net>

<net id="1195"><net_src comp="140" pin="3"/><net_sink comp="1192" pin=0"/></net>

<net id="1196"><net_src comp="1192" pin="1"/><net_sink comp="147" pin=0"/></net>

<net id="1200"><net_src comp="147" pin="3"/><net_sink comp="1197" pin=0"/></net>

<net id="1201"><net_src comp="1197" pin="1"/><net_sink comp="558" pin=0"/></net>

<net id="1205"><net_src comp="153" pin="3"/><net_sink comp="1202" pin=0"/></net>

<net id="1206"><net_src comp="1202" pin="1"/><net_sink comp="558" pin=1"/></net>

<net id="1213"><net_src comp="724" pin="2"/><net_sink comp="1210" pin=0"/></net>

<net id="1214"><net_src comp="1210" pin="1"/><net_sink comp="397" pin=0"/></net>

<net id="1218"><net_src comp="730" pin="1"/><net_sink comp="1215" pin=0"/></net>

<net id="1219"><net_src comp="1215" pin="1"/><net_sink comp="204" pin=2"/></net>

<net id="1223"><net_src comp="171" pin="3"/><net_sink comp="1220" pin=0"/></net>

<net id="1224"><net_src comp="1220" pin="1"/><net_sink comp="178" pin=0"/></net>

<net id="1228"><net_src comp="751" pin="2"/><net_sink comp="1225" pin=0"/></net>

<net id="1229"><net_src comp="1225" pin="1"/><net_sink comp="778" pin=0"/></net>

<net id="1233"><net_src comp="178" pin="3"/><net_sink comp="1230" pin=0"/></net>

<net id="1234"><net_src comp="1230" pin="1"/><net_sink comp="408" pin=0"/></net>

<net id="1241"><net_src comp="763" pin="2"/><net_sink comp="1238" pin=0"/></net>

<net id="1242"><net_src comp="1238" pin="1"/><net_sink comp="419" pin=2"/></net>

<net id="1246"><net_src comp="184" pin="3"/><net_sink comp="1243" pin=0"/></net>

<net id="1247"><net_src comp="1243" pin="1"/><net_sink comp="198" pin=0"/></net>

<net id="1251"><net_src comp="191" pin="3"/><net_sink comp="1248" pin=0"/></net>

<net id="1252"><net_src comp="1248" pin="1"/><net_sink comp="165" pin=0"/></net>

<net id="1256"><net_src comp="165" pin="3"/><net_sink comp="1253" pin=0"/></net>

<net id="1257"><net_src comp="1253" pin="1"/><net_sink comp="558" pin=0"/></net>

<net id="1261"><net_src comp="198" pin="3"/><net_sink comp="1258" pin=0"/></net>

<net id="1262"><net_src comp="1258" pin="1"/><net_sink comp="558" pin=1"/></net>

<net id="1269"><net_src comp="845" pin="2"/><net_sink comp="1266" pin=0"/></net>

<net id="1270"><net_src comp="1266" pin="1"/><net_sink comp="430" pin=0"/></net>

<net id="1274"><net_src comp="851" pin="1"/><net_sink comp="1271" pin=0"/></net>

<net id="1275"><net_src comp="1271" pin="1"/><net_sink comp="249" pin=2"/></net>

<net id="1279"><net_src comp="216" pin="3"/><net_sink comp="1276" pin=0"/></net>

<net id="1280"><net_src comp="1276" pin="1"/><net_sink comp="223" pin=0"/></net>

<net id="1284"><net_src comp="864" pin="1"/><net_sink comp="1281" pin=0"/></net>

<net id="1285"><net_src comp="1281" pin="1"/><net_sink comp="889" pin=0"/></net>

<net id="1289"><net_src comp="223" pin="3"/><net_sink comp="1286" pin=0"/></net>

<net id="1290"><net_src comp="1286" pin="1"/><net_sink comp="441" pin=0"/></net>

<net id="1297"><net_src comp="874" pin="2"/><net_sink comp="1294" pin=0"/></net>

<net id="1298"><net_src comp="1294" pin="1"/><net_sink comp="452" pin=2"/></net>

<net id="1302"><net_src comp="229" pin="3"/><net_sink comp="1299" pin=0"/></net>

<net id="1303"><net_src comp="1299" pin="1"/><net_sink comp="243" pin=0"/></net>

<net id="1307"><net_src comp="236" pin="3"/><net_sink comp="1304" pin=0"/></net>

<net id="1308"><net_src comp="1304" pin="1"/><net_sink comp="210" pin=0"/></net>

<net id="1312"><net_src comp="210" pin="3"/><net_sink comp="1309" pin=0"/></net>

<net id="1313"><net_src comp="1309" pin="1"/><net_sink comp="558" pin=0"/></net>

<net id="1317"><net_src comp="243" pin="3"/><net_sink comp="1314" pin=0"/></net>

<net id="1318"><net_src comp="1314" pin="1"/><net_sink comp="558" pin=1"/></net>

<net id="1325"><net_src comp="956" pin="2"/><net_sink comp="1322" pin=0"/></net>

<net id="1326"><net_src comp="1322" pin="1"/><net_sink comp="463" pin=0"/></net>

<net id="1330"><net_src comp="962" pin="1"/><net_sink comp="1327" pin=0"/></net>

<net id="1331"><net_src comp="1327" pin="1"/><net_sink comp="307" pin=2"/></net>

<net id="1335"><net_src comp="261" pin="3"/><net_sink comp="1332" pin=0"/></net>

<net id="1336"><net_src comp="1332" pin="1"/><net_sink comp="268" pin=0"/></net>

<net id="1340"><net_src comp="274" pin="3"/><net_sink comp="1337" pin=0"/></net>

<net id="1341"><net_src comp="1337" pin="1"/><net_sink comp="281" pin=0"/></net>

<net id="1345"><net_src comp="975" pin="1"/><net_sink comp="1342" pin=0"/></net>

<net id="1346"><net_src comp="1342" pin="1"/><net_sink comp="1000" pin=0"/></net>

<net id="1350"><net_src comp="268" pin="3"/><net_sink comp="1347" pin=0"/></net>

<net id="1351"><net_src comp="1347" pin="1"/><net_sink comp="474" pin=0"/></net>

<net id="1358"><net_src comp="985" pin="2"/><net_sink comp="1355" pin=0"/></net>

<net id="1359"><net_src comp="1355" pin="1"/><net_sink comp="486" pin=2"/></net>

<net id="1363"><net_src comp="287" pin="3"/><net_sink comp="1360" pin=0"/></net>

<net id="1364"><net_src comp="1360" pin="1"/><net_sink comp="301" pin=0"/></net>

<net id="1368"><net_src comp="294" pin="3"/><net_sink comp="1365" pin=0"/></net>

<net id="1369"><net_src comp="1365" pin="1"/><net_sink comp="255" pin=0"/></net>

<net id="1373"><net_src comp="255" pin="3"/><net_sink comp="1370" pin=0"/></net>

<net id="1374"><net_src comp="1370" pin="1"/><net_sink comp="558" pin=0"/></net>

<net id="1378"><net_src comp="301" pin="3"/><net_sink comp="1375" pin=0"/></net>

<net id="1379"><net_src comp="1375" pin="1"/><net_sink comp="558" pin=1"/></net>

<net id="1386"><net_src comp="314" pin="3"/><net_sink comp="1383" pin=0"/></net>

<net id="1387"><net_src comp="1383" pin="1"/><net_sink comp="281" pin=0"/></net>

<net id="1391"><net_src comp="1021" pin="2"/><net_sink comp="1388" pin=0"/></net>

<net id="1392"><net_src comp="1388" pin="1"/><net_sink comp="497" pin=2"/></net>

<net id="1396"><net_src comp="281" pin="3"/><net_sink comp="1393" pin=0"/></net>

<net id="1397"><net_src comp="1393" pin="1"/><net_sink comp="1027" pin=0"/></net>

<net id="1398"><net_src comp="1393" pin="1"/><net_sink comp="577" pin=0"/></net>

<net id="1399"><net_src comp="1393" pin="1"/><net_sink comp="1110" pin=1"/></net>

<net id="1403"><net_src comp="1110" pin="3"/><net_sink comp="1400" pin=0"/></net>

<net id="1404"><net_src comp="1400" pin="1"/><net_sink comp="507" pin=2"/></net>

<net id="1411"><net_src comp="1123" pin="2"/><net_sink comp="1408" pin=0"/></net>

<net id="1412"><net_src comp="1408" pin="1"/><net_sink comp="530" pin=0"/></net>

<net id="1416"><net_src comp="1129" pin="1"/><net_sink comp="1413" pin=0"/></net>

<net id="1417"><net_src comp="1413" pin="1"/><net_sink comp="328" pin=2"/></net>

<net id="1421"><net_src comp="321" pin="3"/><net_sink comp="1418" pin=0"/></net>

<net id="1422"><net_src comp="1418" pin="1"/><net_sink comp="281" pin=0"/></net>

<net id="1426"><net_src comp="587" pin="2"/><net_sink comp="1423" pin=0"/></net>

<net id="1427"><net_src comp="1423" pin="1"/><net_sink comp="335" pin=1"/></net>

<net id="1428"><net_src comp="1423" pin="1"/><net_sink comp="548" pin=1"/></net>

<net id="1432"><net_src comp="548" pin="2"/><net_sink comp="1429" pin=0"/></net>

<net id="1433"><net_src comp="1429" pin="1"/><net_sink comp="518" pin=0"/></net>

<net id="1440"><net_src comp="1140" pin="2"/><net_sink comp="1437" pin=0"/></net>

<net id="1441"><net_src comp="1437" pin="1"/><net_sink comp="541" pin=0"/></net>

<net id="1445"><net_src comp="341" pin="3"/><net_sink comp="1442" pin=0"/></net>

<net id="1446"><net_src comp="1442" pin="1"/><net_sink comp="335" pin=0"/></net>

<net id="1450"><net_src comp="335" pin="3"/><net_sink comp="1447" pin=0"/></net>

<net id="1451"><net_src comp="1447" pin="1"/><net_sink comp="570" pin=0"/></net>

</net_list>

</model> 
---------------- Datapath Model END ------------------

* FSMD analyzer results:
  - Output states:
	Port: output_r | {72 89 }
 - Input state : 
	Port: mlp : input_r | {4 5 }
	Port: mlp : output_r | {77 78 }
	Port: mlp : B1 | {2 3 }
	Port: mlp : W1 | {4 5 }
	Port: mlp : B2 | {15 16 }
	Port: mlp : W2 | {17 18 }
	Port: mlp : B3 | {28 29 }
	Port: mlp : W3 | {30 31 }
	Port: mlp : B4 | {41 42 }
	Port: mlp : W4 | {43 44 }
  - Chain level:
	State 1
	State 2
		add_ln86 : 1
		icmp_ln86 : 1
		j : 1
		br_ln86 : 2
		zext_ln87 : 1
		B1_addr : 2
		acc : 3
	State 3
	State 4
		icmp_ln68 : 1
		i : 1
		br_ln68 : 2
		zext_ln69 : 1
		zext_ln69_6 : 1
		add_ln69_1 : 2
		zext_ln69_7 : 3
		W1_addr : 4
		input_addr : 2
		input_load : 3
		W1_load : 5
		tmp_1 : 1
	State 5
		tmp_i : 1
	State 6
	State 7
	State 8
	State 9
	State 10
	State 11
	State 12
	State 13
	State 14
		tmp : 1
		trunc_ln72 : 1
		icmp_ln72 : 2
		icmp_ln72_1 : 2
		or_ln72 : 3
		and_ln72 : 3
		select_ln72 : 3
		store_ln87 : 4
	State 15
		icmp_ln90 : 1
		j_1 : 1
		br_ln90 : 2
		zext_ln91 : 1
		B2_addr : 2
		acc_1 : 3
	State 16
		zext_ln69_5 : 1
		add_ln69 : 2
	State 17
		icmp_ln68_1 : 1
		i_1 : 1
		br_ln68 : 2
		zext_ln69_1 : 1
		zext_ln69_8 : 1
		add_ln69_2 : 2
		zext_ln69_9 : 3
		W2_addr : 4
		a1_addr_1 : 2
		a1_load : 3
		W2_load : 5
		tmp_3 : 1
	State 18
		tmp_i1 : 1
	State 19
	State 20
	State 21
	State 22
	State 23
	State 24
	State 25
	State 26
	State 27
		tmp_2 : 1
		trunc_ln72_1 : 1
		icmp_ln72_2 : 2
		icmp_ln72_3 : 2
		or_ln72_1 : 3
		and_ln72_1 : 3
		select_ln72_1 : 3
		store_ln91 : 4
	State 28
		icmp_ln94 : 1
		j_2 : 1
		br_ln94 : 2
		zext_ln95 : 1
		B3_addr : 2
		acc_3 : 3
	State 29
		zext_ln95_1 : 1
	State 30
		icmp_ln68_2 : 1
		i_2 : 1
		br_ln68 : 2
		zext_ln69_2 : 1
		zext_ln69_10 : 1
		add_ln69_3 : 2
		zext_ln69_11 : 3
		W3_addr : 4
		a2_addr_1 : 2
		a2_load : 3
		W3_load : 5
		tmp_5 : 1
	State 31
		tmp_i2 : 1
	State 32
	State 33
	State 34
	State 35
	State 36
	State 37
	State 38
	State 39
	State 40
		tmp_4 : 1
		trunc_ln72_2 : 1
		icmp_ln72_4 : 2
		icmp_ln72_5 : 2
		or_ln72_2 : 3
		and_ln72_2 : 3
		select_ln72_2 : 3
		store_ln95 : 4
	State 41
		icmp_ln98 : 1
		j_4 : 1
		br_ln98 : 2
		zext_ln99 : 1
		B4_addr : 2
		acc_5 : 3
		maxv : 1
	State 42
		zext_ln99_1 : 1
	State 43
		icmp_ln68_3 : 1
		i_3 : 1
		br_ln68 : 2
		zext_ln69_3 : 1
		zext_ln69_12 : 1
		add_ln69_4 : 2
		zext_ln69_13 : 3
		W4_addr : 4
		a3_addr_1 : 2
		a3_load : 3
		W4_load : 5
		store_ln99 : 1
	State 44
		tmp_i3 : 1
	State 45
	State 46
	State 47
	State 48
	State 49
	State 50
	State 51
	State 52
	State 53
	State 54
		icmp_ln103 : 1
		br_ln103 : 2
		zext_ln104 : 1
		z4_addr_2 : 2
		maxv_1 : 3
		j_3 : 1
	State 55
		tmp_s : 1
	State 56
		tmp_6 : 1
		trunc_ln104 : 1
		tmp_8 : 1
		trunc_ln104_1 : 1
		icmp_ln104 : 2
		icmp_ln104_1 : 2
		or_ln104 : 3
		icmp_ln104_2 : 2
		icmp_ln104_3 : 2
		or_ln104_1 : 3
		and_ln104 : 3
		and_ln104_1 : 3
		maxv_2 : 3
	State 57
		icmp_ln109 : 1
		j_5 : 1
		br_ln109 : 2
		zext_ln110 : 1
		z4_addr_3 : 2
		z4_load : 3
	State 58
	State 59
	State 60
	State 61
	State 62
	State 63
	State 64
	State 65
	State 66
	State 67
	State 68
	State 69
	State 70
	State 71
	State 72
		store_ln111 : 1
	State 73
	State 74
	State 75
	State 76
	State 77
		icmp_ln116 : 1
		j_6 : 1
		br_ln116 : 2
		zext_ln117 : 1
		output_addr_1 : 2
		output_load : 3
	State 78
		tmp_9 : 1
	State 79
	State 80
	State 81
	State 82
	State 83
	State 84
	State 85
	State 86
	State 87
	State 88
	State 89
		store_ln117 : 1


============================================================
+ Verbose Summary: Datapath Resource usage 
============================================================

* Functional unit list:
|----------|-----------------------|---------|---------|---------|
| Operation|    Functional Unit    |  DSP48E |    FF   |   LUT   |
|----------|-----------------------|---------|---------|---------|
|   fdiv   |       grp_fu_570      |    0    |   563   |   800   |
|----------|-----------------------|---------|---------|---------|
|   fexp   |       grp_fu_587      |    7    |   324   |   905   |
|----------|-----------------------|---------|---------|---------|
|   fadd   |       grp_fu_548      |    2    |   205   |   206   |
|----------|-----------------------|---------|---------|---------|
|   fmul   |       grp_fu_558      |    3    |   143   |   140   |
|----------|-----------------------|---------|---------|---------|
|          |    icmp_ln86_fu_618   |    0    |    0    |    9    |
|          |    icmp_ln68_fu_635   |    0    |    0    |    13   |
|          |    icmp_ln72_fu_685   |    0    |    0    |    11   |
|          |   icmp_ln72_1_fu_691  |    0    |    0    |    20   |
|          |    icmp_ln90_fu_718   |    0    |    0    |    9    |
|          |   icmp_ln68_1_fu_757  |    0    |    0    |    9    |
|          |   icmp_ln72_2_fu_806  |    0    |    0    |    11   |
|          |   icmp_ln72_3_fu_812  |    0    |    0    |    20   |
|          |    icmp_ln94_fu_839   |    0    |    0    |    9    |
|          |   icmp_ln68_2_fu_868  |    0    |    0    |    9    |
|   icmp   |   icmp_ln72_4_fu_917  |    0    |    0    |    11   |
|          |   icmp_ln72_5_fu_923  |    0    |    0    |    20   |
|          |    icmp_ln98_fu_950   |    0    |    0    |    9    |
|          |   icmp_ln68_3_fu_979  |    0    |    0    |    9    |
|          |   icmp_ln103_fu_1010  |    0    |    0    |    9    |
|          |   icmp_ln104_fu_1062  |    0    |    0    |    11   |
|          |  icmp_ln104_1_fu_1068 |    0    |    0    |    20   |
|          |  icmp_ln104_2_fu_1080 |    0    |    0    |    11   |
|          |  icmp_ln104_3_fu_1086 |    0    |    0    |    20   |
|          |   icmp_ln109_fu_1117  |    0    |    0    |    9    |
|          |   icmp_ln116_fu_1134  |    0    |    0    |    9    |
|----------|-----------------------|---------|---------|---------|
|          |    add_ln86_fu_612    |    0    |    0    |    19   |
|          |        j_fu_624       |    0    |    0    |    11   |
|          |        i_fu_641       |    0    |    0    |    17   |
|          |   add_ln69_1_fu_656   |    0    |    0    |    19   |
|          |       j_1_fu_724      |    0    |    0    |    12   |
|          |    add_ln69_fu_751    |    0    |    0    |    15   |
|          |       i_1_fu_763      |    0    |    0    |    11   |
|          |   add_ln69_2_fu_778   |    0    |    0    |    15   |
|    add   |       j_2_fu_845      |    0    |    0    |    12   |
|          |       i_2_fu_874      |    0    |    0    |    12   |
|          |   add_ln69_3_fu_889   |    0    |    0    |    15   |
|          |       j_4_fu_956      |    0    |    0    |    12   |
|          |       i_3_fu_985      |    0    |    0    |    12   |
|          |   add_ln69_4_fu_1000  |    0    |    0    |    15   |
|          |      j_3_fu_1021      |    0    |    0    |    12   |
|          |      j_5_fu_1123      |    0    |    0    |    12   |
|          |      j_6_fu_1140      |    0    |    0    |    12   |
|----------|-----------------------|---------|---------|---------|
|   fcmp   |       grp_fu_577      |    0    |    66   |    66   |
|----------|-----------------------|---------|---------|---------|
|          |   select_ln72_fu_709  |    0    |    0    |    32   |
|  select  |  select_ln72_1_fu_830 |    0    |    0    |    32   |
|          |  select_ln72_2_fu_941 |    0    |    0    |    32   |
|          |     maxv_2_fu_1110    |    0    |    0    |    32   |
|----------|-----------------------|---------|---------|---------|
|          |     or_ln72_fu_697    |    0    |    0    |    2    |
|          |    or_ln72_1_fu_818   |    0    |    0    |    2    |
|    or    |    or_ln72_2_fu_929   |    0    |    0    |    2    |
|          |    or_ln104_fu_1074   |    0    |    0    |    2    |
|          |   or_ln104_1_fu_1092  |    0    |    0    |    2    |
|----------|-----------------------|---------|---------|---------|
|          |    and_ln72_fu_703    |    0    |    0    |    2    |
|          |   and_ln72_1_fu_824   |    0    |    0    |    2    |
|    and   |   and_ln72_2_fu_935   |    0    |    0    |    2    |
|          |   and_ln104_fu_1098   |    0    |    0    |    2    |
|          |  and_ln104_1_fu_1104  |    0    |    0    |    2    |
|----------|-----------------------|---------|---------|---------|
|          |    zext_ln87_fu_630   |    0    |    0    |    0    |
|          |    zext_ln69_fu_647   |    0    |    0    |    0    |
|          |   zext_ln69_6_fu_652  |    0    |    0    |    0    |
|          |   zext_ln69_7_fu_662  |    0    |    0    |    0    |
|          |    zext_ln91_fu_730   |    0    |    0    |    0    |
|          |   zext_ln69_4_fu_735  |    0    |    0    |    0    |
|          |   zext_ln69_5_fu_747  |    0    |    0    |    0    |
|          |   zext_ln69_1_fu_769  |    0    |    0    |    0    |
|          |   zext_ln69_8_fu_774  |    0    |    0    |    0    |
|          |   zext_ln69_9_fu_783  |    0    |    0    |    0    |
|          |    zext_ln95_fu_851   |    0    |    0    |    0    |
|   zext   |   zext_ln95_1_fu_864  |    0    |    0    |    0    |
|          |   zext_ln69_2_fu_880  |    0    |    0    |    0    |
|          |  zext_ln69_10_fu_885  |    0    |    0    |    0    |
|          |  zext_ln69_11_fu_894  |    0    |    0    |    0    |
|          |    zext_ln99_fu_962   |    0    |    0    |    0    |
|          |   zext_ln99_1_fu_975  |    0    |    0    |    0    |
|          |   zext_ln69_3_fu_991  |    0    |    0    |    0    |
|          |  zext_ln69_12_fu_996  |    0    |    0    |    0    |
|          |  zext_ln69_13_fu_1005 |    0    |    0    |    0    |
|          |   zext_ln104_fu_1016  |    0    |    0    |    0    |
|          |   zext_ln110_fu_1129  |    0    |    0    |    0    |
|          |   zext_ln117_fu_1146  |    0    |    0    |    0    |
|----------|-----------------------|---------|---------|---------|
|          |       tmp_fu_671      |    0    |    0    |    0    |
|          |      tmp_2_fu_792     |    0    |    0    |    0    |
|partselect|      tmp_4_fu_903     |    0    |    0    |    0    |
|          |     tmp_6_fu_1030     |    0    |    0    |    0    |
|          |     tmp_8_fu_1048     |    0    |    0    |    0    |
|----------|-----------------------|---------|---------|---------|
|          |   trunc_ln72_fu_681   |    0    |    0    |    0    |
|          |  trunc_ln72_1_fu_802  |    0    |    0    |    0    |
|   trunc  |  trunc_ln72_2_fu_913  |    0    |    0    |    0    |
|          |  trunc_ln104_fu_1040  |    0    |    0    |    0    |
|          | trunc_ln104_1_fu_1058 |    0    |    0    |    0    |
|----------|-----------------------|---------|---------|---------|
|          |     tmp_10_fu_739     |    0    |    0    |    0    |
|bitconcatenate|     tmp_11_fu_856     |    0    |    0    |    0    |
|          |     tmp_12_fu_967     |    0    |    0    |    0    |
|----------|-----------------------|---------|---------|---------|
|   Total  |                       |    12   |   1301  |   2756  |
|----------|-----------------------|---------|---------|---------|

Memories:
+----+--------+--------+--------+--------+
|    |  BRAM  |   FF   |   LUT  |  URAM  |
+----+--------+--------+--------+--------+
| B1 |    0   |   32   |    3   |    -   |
| B2 |    0   |   32   |    4   |    -   |
| B3 |    0   |   32   |    4   |    -   |
| B4 |    0   |   32   |    5   |    -   |
| W1 |    8   |    0   |    0   |    -   |
| W2 |    1   |    0   |    0   |    -   |
| W3 |    1   |    0   |    0   |    -   |
| W4 |    1   |    0   |    0   |    -   |
| a1 |    0   |   64   |    3   |    0   |
| a2 |    0   |   64   |    4   |    0   |
| a3 |    0   |   64   |    4   |    0   |
| z4 |    0   |   64   |    5   |    0   |
+----+--------+--------+--------+--------+
|Total|   11   |   384  |   32   |    0   |
+----+--------+--------+--------+--------+

* Register list:
+----------------------+--------+
|                      |   FF   |
+----------------------+--------+
|   B1_addr_reg_1169   |    3   |
|   B2_addr_reg_1220   |    3   |
|   B3_addr_reg_1276   |    3   |
|   B4_addr_reg_1332   |    4   |
|   W1_addr_reg_1187   |   12   |
|   W1_load_reg_1202   |   32   |
|   W2_addr_reg_1243   |    6   |
|   W2_load_reg_1258   |   32   |
|   W3_addr_reg_1299   |    6   |
|   W3_load_reg_1314   |   32   |
|   W4_addr_reg_1360   |    7   |
|   W4_load_reg_1375   |   32   |
|  a1_addr_1_reg_1248  |    3   |
|   a1_load_reg_1253   |   32   |
|  a2_addr_1_reg_1304  |    3   |
|   a2_load_reg_1309   |   32   |
|  a3_addr_1_reg_1365  |    3   |
|   a3_load_reg_1370   |   32   |
|   acc_0_i17_reg_438  |   32   |
|   acc_0_i28_reg_471  |   32   |
|   acc_0_i6_reg_405   |   32   |
|    acc_0_i_reg_372   |   32   |
|    acc_1_reg_1230    |   32   |
|    acc_3_reg_1286    |   32   |
|    acc_5_reg_1347    |   32   |
|     acc_reg_1174     |   32   |
|   add_ln69_reg_1225  |    7   |
|   add_ln86_reg_1151  |   12   |
|      e_reg_1423      |   32   |
|    i_0_i18_reg_448   |    4   |
|    i_0_i29_reg_482   |    4   |
|    i_0_i7_reg_415    |    3   |
|     i_0_i_reg_382    |   10   |
|     i_1_reg_1238     |    3   |
|     i_2_reg_1294     |    4   |
|     i_3_reg_1355     |    4   |
|      i_reg_1182      |   10   |
|  input_addr_reg_1192 |   10   |
|  input_load_reg_1197 |   32   |
|     j1_0_reg_393     |    4   |
|     j2_0_reg_426     |    4   |
|     j3_0_reg_459     |    4   |
|     j4_0_reg_493     |    4   |
|     j5_0_reg_526     |    4   |
|     j6_0_reg_537     |    4   |
|      j_0_reg_349     |    3   |
|     j_1_reg_1210     |    4   |
|     j_2_reg_1266     |    4   |
|     j_3_reg_1388     |    4   |
|     j_4_reg_1322     |    4   |
|     j_5_reg_1408     |    4   |
|     j_6_reg_1437     |    4   |
|      j_reg_1159      |    3   |
|    maxv_0_reg_504    |   32   |
|    maxv_1_reg_1393   |   32   |
|    maxv_2_reg_1400   |   32   |
|output_addr_1_reg_1442|    4   |
| output_load_reg_1447 |   32   |
|    phi_mul_reg_360   |   12   |
|        reg_592       |   32   |
|        reg_597       |   32   |
|        reg_606       |   32   |
|     sum_0_reg_514    |   32   |
|     sum_reg_1429     |   32   |
|  z4_addr_2_reg_1383  |    4   |
|  z4_addr_3_reg_1418  |    4   |
|   z4_addr_reg_1337   |    4   |
|  zext_ln110_reg_1413 |   64   |
|  zext_ln87_reg_1164  |   64   |
|  zext_ln91_reg_1215  |   64   |
| zext_ln95_1_reg_1281 |    8   |
|  zext_ln95_reg_1271  |   64   |
| zext_ln99_1_reg_1342 |    8   |
|  zext_ln99_reg_1327  |   64   |
+----------------------+--------+
|         Total        |  1374  |
+----------------------+--------+

* Multiplexer (MUX) list: 
|-------------------|------|------|------|--------||---------||---------|
|        Comp       |  Pin | Size |  BW  | S x BW ||  Delay  ||   LUT   |
|-------------------|------|------|------|--------||---------||---------|
| grp_access_fu_127 |  p0  |   2  |   3  |    6   ||    9    |
| grp_access_fu_147 |  p0  |   2  |  10  |   20   ||    9    |
| grp_access_fu_153 |  p0  |   2  |  12  |   24   ||    9    |
| grp_access_fu_165 |  p0  |   3  |   3  |    9   ||    15   |
| grp_access_fu_178 |  p0  |   2  |   3  |    6   ||    9    |
| grp_access_fu_198 |  p0  |   2  |   6  |   12   ||    9    |
| grp_access_fu_210 |  p0  |   3  |   3  |    9   ||    15   |
| grp_access_fu_223 |  p0  |   2  |   3  |    6   ||    9    |
| grp_access_fu_243 |  p0  |   2  |   6  |   12   ||    9    |
| grp_access_fu_255 |  p0  |   3  |   3  |    9   ||    15   |
| grp_access_fu_268 |  p0  |   2  |   4  |    8   ||    9    |
| grp_access_fu_281 |  p0  |   7  |   4  |   28   ||    38   |
| grp_access_fu_301 |  p0  |   2  |   7  |   14   ||    9    |
| grp_access_fu_335 |  p0  |   3  |   4  |   12   ||    15   |
| grp_access_fu_335 |  p1  |   2  |  32  |   64   ||    9    |
|  phi_mul_reg_360  |  p0  |   2  |  12  |   24   ||    9    |
|    j1_0_reg_393   |  p0  |   2  |   4  |    8   ||    9    |
|    j2_0_reg_426   |  p0  |   2  |   4  |    8   ||    9    |
|    j3_0_reg_459   |  p0  |   2  |   4  |    8   ||    9    |
|   sum_0_reg_514   |  p0  |   2  |  32  |   64   ||    9    |
|     grp_fu_548    |  p0  |   6  |  32  |   192  ||    33   |
|     grp_fu_548    |  p1  |   3  |  32  |   96   ||    15   |
|     grp_fu_558    |  p0  |   8  |  32  |   256  ||    41   |
|     grp_fu_558    |  p1  |   8  |  32  |   256  ||    41   |
|     grp_fu_570    |  p0  |   2  |  32  |   64   ||    9    |
|     grp_fu_577    |  p0  |   5  |  32  |   160  ||    27   |
|     grp_fu_577    |  p1  |   2  |  32  |   64   ||    9    |
|-------------------|------|------|------|--------||---------||---------|
|       Total       |      |      |      |  1439  || 30.0815 ||   408   |
|-------------------|------|------|------|--------||---------||---------|



* Summary:
+-----------+--------+--------+--------+--------+--------+--------+
|           |  BRAM  | DSP48E |  Delay |   FF   |   LUT  |  URAM  |
+-----------+--------+--------+--------+--------+--------+--------+
|  Function |    -   |   12   |    -   |  1301  |  2756  |    -   |
|   Memory  |   11   |    -   |    -   |   384  |   32   |    0   |
|Multiplexer|    -   |    -   |   30   |    -   |   408  |    -   |
|  Register |    -   |    -   |    -   |  1374  |    -   |    -   |
+-----------+--------+--------+--------+--------+--------+--------+
|   Total   |   11   |   12   |   30   |  3059  |  3196  |    0   |
+-----------+--------+--------+--------+--------+--------+--------+
