

================================================================
== Vivado HLS Report for 'mlp'
================================================================
* Date:           Thu Sep  3 11:20:44 2026

* Version:        2019.1 (Build 2552052 on Fri May 24 15:28:33 MDT 2019)
* Project:        mlp_FP
* Solution:       sol_fp_10
* Product family: zynquplus
* Target device:  xczu3eg-sbva484-1-i


================================================================
== Performance Estimates
================================================================
+ Timing (ns): 
    * Summary: 
    +--------+-------+----------+------------+
    |  Clock | Target| Estimated| Uncertainty|
    +--------+-------+----------+------------+
    |ap_clk  |  10.00|     9.991|        1.25|
    +--------+-------+----------+------------+

+ Latency (clock cycles): 
    * Summary: 
    +-------+-------+-------+-------+---------+
    |    Latency    |    Interval   | Pipeline|
    |  min  |  max  |  min  |  max  |   Type  |
    +-------+-------+-------+-------+---------+
    |  37375|  37375|  37375|  37375|   none  |
    +-------+-------+-------+-------+---------+

    + Detail: 
        * Instance: 
        N/A

        * Loop: 
        +----------------+-------+-------+----------+-----------+-----------+------+----------+
        |                |    Latency    | Iteration|  Initiation Interval  | Trip |          |
        |    Loop Name   |  min  |  max  |  Latency |  achieved |   target  | Count| Pipelined|
        +----------------+-------+-------+----------+-----------+-----------+------+----------+
        |- layer1        |  35300|  35300|      7060|          -|          -|     5|    no    |
        | + neuron_mac   |   7056|   7056|         9|          -|          -|   784|    no    |
        |- layer2        |    392|    392|        49|          -|          -|     8|    no    |
        | + neuron_mac   |     45|     45|         9|          -|          -|     5|    no    |
        |- layer3        |    608|    608|        76|          -|          -|     8|    no    |
        | + neuron_mac   |     72|     72|         9|          -|          -|     8|    no    |
        |- layer4        |    750|    750|        75|          -|          -|    10|    no    |
        | + neuron_mac   |     72|     72|         9|          -|          -|     8|    no    |
        |- softmax_max   |     27|     27|         3|          -|          -|     9|    no    |
        |- softmax_exp   |    170|    170|        17|          -|          -|    10|    no    |
        |- softmax_norm  |    120|    120|        12|          -|          -|    10|    no    |
        +----------------+-------+-------+----------+-----------+-----------+------+----------+

============================================================
+ Verbose Summary: Synthesis Manager
============================================================
InlineROM: 1
ExposeGlobal: 0
============================================================
+ Verbose Summary: CDFG Model
============================================================
IsTopModel: 1
ResetActiveHigh: 1
IsCombinational: 0
IsDatapathOnly: 0
HasWiredReturn: 1
HasMFsm: 0
HasVarLatency: 1
IsPipeline: 0
IsRtlPipelined: 0
IsInstanceOverlapped: 0
IsDontTouch: 0
HasImplIP: 0
IsGatedGlobalClock: 0


============================================================
+ Verbose Summary: Schedule
============================================================
* Number of FSM states : 81
* Pipeline : 0
* Dataflow Pipeline: 0

* FSM state transitions: 
1 --> 2 
2 --> 3 14 
3 --> 4 
4 --> 5 13 
5 --> 6 
6 --> 7 
7 --> 8 
8 --> 9 
9 --> 10 
10 --> 11 
11 --> 12 
12 --> 4 
13 --> 2 
14 --> 15 26 
15 --> 16 
16 --> 17 25 
17 --> 18 
18 --> 19 
19 --> 20 
20 --> 21 
21 --> 22 
22 --> 23 
23 --> 24 
24 --> 16 
25 --> 14 
26 --> 27 38 
27 --> 28 
28 --> 29 37 
29 --> 30 
30 --> 31 
31 --> 32 
32 --> 33 
33 --> 34 
34 --> 35 
35 --> 36 
36 --> 28 
37 --> 26 
38 --> 39 49 
39 --> 40 
40 --> 41 38 
41 --> 42 
42 --> 43 
43 --> 44 
44 --> 45 
45 --> 46 
46 --> 47 
47 --> 48 
48 --> 40 
49 --> 50 
50 --> 51 53 
51 --> 52 
52 --> 50 
53 --> 54 70 
54 --> 55 
55 --> 56 
56 --> 57 
57 --> 58 
58 --> 59 
59 --> 60 
60 --> 61 
61 --> 62 
62 --> 63 
63 --> 64 
64 --> 65 
65 --> 66 
66 --> 67 
67 --> 68 
68 --> 69 
69 --> 53 
70 --> 71 
71 --> 72 
72 --> 73 
73 --> 74 
74 --> 75 
75 --> 76 
76 --> 77 
77 --> 78 
78 --> 79 
79 --> 80 
80 --> 81 
81 --> 70 

* FSM state operations: 

State 1 <SV = 0> <Delay = 0.79>
ST_1 : Operation 82 [1/1] (0.00ns)   --->   "call void (...)* @_ssdm_op_SpecBitsMap([784 x float]* %input_r) nounwind, !map !13"   --->   Operation 82 'specbitsmap' <Predicate = true> <Delay = 0.00>
ST_1 : Operation 83 [1/1] (0.00ns)   --->   "call void (...)* @_ssdm_op_SpecBitsMap([10 x float]* %output_r) nounwind, !map !19"   --->   Operation 83 'specbitsmap' <Predicate = true> <Delay = 0.00>
ST_1 : Operation 84 [1/1] (0.00ns)   --->   "call void (...)* @_ssdm_op_SpecTopModule([4 x i8]* @mlp_str) nounwind"   --->   Operation 84 'spectopmodule' <Predicate = true> <Delay = 0.00>
ST_1 : Operation 85 [1/1] (0.79ns)   --->   "%a1 = alloca [5 x float], align 16" [mlp_FP/mlp.cpp:80]   --->   Operation 85 'alloca' 'a1' <Predicate = true> <Delay = 0.79> <Core = "RAM">   --->   Core 37 'RAM' <Latency = 1> <II = 1> <Delay = 0.79> <Storage> <Opcode : 'load' 'store'> <Ports = 2> <Width = 32> <Depth = 10> <RAM>
ST_1 : Operation 86 [1/1] (0.79ns)   --->   "%a2 = alloca [8 x float], align 16" [mlp_FP/mlp.cpp:81]   --->   Operation 86 'alloca' 'a2' <Predicate = true> <Delay = 0.79> <Core = "RAM">   --->   Core 37 'RAM' <Latency = 1> <II = 1> <Delay = 0.79> <Storage> <Opcode : 'load' 'store'> <Ports = 2> <Width = 32> <Depth = 10> <RAM>
ST_1 : Operation 87 [1/1] (0.79ns)   --->   "%a3 = alloca [8 x float], align 16" [mlp_FP/mlp.cpp:82]   --->   Operation 87 'alloca' 'a3' <Predicate = true> <Delay = 0.79> <Core = "RAM">   --->   Core 37 'RAM' <Latency = 1> <II = 1> <Delay = 0.79> <Storage> <Opcode : 'load' 'store'> <Ports = 2> <Width = 32> <Depth = 10> <RAM>
ST_1 : Operation 88 [1/1] (0.79ns)   --->   "%z4 = alloca [10 x float], align 16" [mlp_FP/mlp.cpp:83]   --->   Operation 88 'alloca' 'z4' <Predicate = true> <Delay = 0.79> <Core = "RAM">   --->   Core 37 'RAM' <Latency = 1> <II = 1> <Delay = 0.79> <Storage> <Opcode : 'load' 'store'> <Ports = 2> <Width = 32> <Depth = 10> <RAM>
ST_1 : Operation 89 [1/1] (0.75ns)   --->   "br label %1" [mlp_FP/mlp.cpp:86]   --->   Operation 89 'br' <Predicate = true> <Delay = 0.75>

State 2 <SV = 1> <Delay = 1.35>
ST_2 : Operation 90 [1/1] (0.00ns)   --->   "%j_0 = phi i3 [ 0, %0 ], [ %j, %neuron.2.exit ]"   --->   Operation 90 'phi' 'j_0' <Predicate = true> <Delay = 0.00>
ST_2 : Operation 91 [1/1] (0.00ns)   --->   "%phi_mul = phi i12 [ 0, %0 ], [ %add_ln86, %neuron.2.exit ]" [mlp_FP/mlp.cpp:86]   --->   Operation 91 'phi' 'phi_mul' <Predicate = true> <Delay = 0.00>
ST_2 : Operation 92 [1/1] (0.96ns)   --->   "%add_ln86 = add i12 %phi_mul, 784" [mlp_FP/mlp.cpp:86]   --->   Operation 92 'add' 'add_ln86' <Predicate = true> <Delay = 0.96> <Core = "AddSub">   --->   Core 14 'AddSub' <Latency = 0> <II = 1> <Delay = 0.86> <FuncUnit> <Opcode : 'add' 'sub'> <InPorts = 2> <OutPorts = 1>
ST_2 : Operation 93 [1/1] (0.69ns)   --->   "%icmp_ln86 = icmp eq i3 %j_0, -3" [mlp_FP/mlp.cpp:86]   --->   Operation 93 'icmp' 'icmp_ln86' <Predicate = true> <Delay = 0.69> <Core = "Cmp">   --->   Core 25 'Cmp' <Latency = 0> <II = 1> <Delay = 0.88> <FuncUnit> <Opcode : 'icmp'> <InPorts = 2> <OutPorts = 1>
ST_2 : Operation 94 [1/1] (0.00ns)   --->   "%empty = call i32 (...)* @_ssdm_op_SpecLoopTripCount(i64 5, i64 5, i64 5) nounwind"   --->   Operation 94 'speclooptripcount' 'empty' <Predicate = true> <Delay = 0.00>
ST_2 : Operation 95 [1/1] (0.74ns)   --->   "%j = add i3 %j_0, 1" [mlp_FP/mlp.cpp:86]   --->   Operation 95 'add' 'j' <Predicate = true> <Delay = 0.74> <Core = "AddSub">   --->   Core 14 'AddSub' <Latency = 0> <II = 1> <Delay = 0.86> <FuncUnit> <Opcode : 'add' 'sub'> <InPorts = 2> <OutPorts = 1>
ST_2 : Operation 96 [1/1] (0.00ns)   --->   "br i1 %icmp_ln86, label %.preheader4.preheader, label %2" [mlp_FP/mlp.cpp:86]   --->   Operation 96 'br' <Predicate = true> <Delay = 0.00>
ST_2 : Operation 97 [1/1] (0.00ns)   --->   "%zext_ln87 = zext i3 %j_0 to i64" [mlp_FP/mlp.cpp:87]   --->   Operation 97 'zext' 'zext_ln87' <Predicate = (!icmp_ln86)> <Delay = 0.00>
ST_2 : Operation 98 [1/1] (0.00ns)   --->   "%B1_addr = getelementptr inbounds [5 x float]* @B1, i64 0, i64 %zext_ln87" [mlp_FP/mlp.cpp:87]   --->   Operation 98 'getelementptr' 'B1_addr' <Predicate = (!icmp_ln86)> <Delay = 0.00>
ST_2 : Operation 99 [2/2] (1.35ns)   --->   "%acc = load float* %B1_addr, align 4" [mlp_FP/mlp.cpp:87]   --->   Operation 99 'load' 'acc' <Predicate = (!icmp_ln86)> <Delay = 1.35> <Core = "ROM_nP">   --->   Core 52 'ROM_nP' <Latency = 1> <II = 1> <Delay = 1.35> <Storage> <Opcode : 'load'> <Ports = 0> <Width = 32> <Depth = 80> <ROM>
ST_2 : Operation 100 [1/1] (0.75ns)   --->   "br label %.preheader4" [mlp_FP/mlp.cpp:90]   --->   Operation 100 'br' <Predicate = (icmp_ln86)> <Delay = 0.75>

State 3 <SV = 2> <Delay = 1.35>
ST_3 : Operation 101 [1/1] (0.00ns)   --->   "call void (...)* @_ssdm_op_SpecLoopName([7 x i8]* @p_str1) nounwind" [mlp_FP/mlp.cpp:87]   --->   Operation 101 'specloopname' <Predicate = true> <Delay = 0.00>
ST_3 : Operation 102 [1/2] (1.35ns)   --->   "%acc = load float* %B1_addr, align 4" [mlp_FP/mlp.cpp:87]   --->   Operation 102 'load' 'acc' <Predicate = true> <Delay = 1.35> <Core = "ROM_nP">   --->   Core 52 'ROM_nP' <Latency = 1> <II = 1> <Delay = 1.35> <Storage> <Opcode : 'load'> <Ports = 0> <Width = 32> <Depth = 80> <ROM>
ST_3 : Operation 103 [1/1] (0.75ns)   --->   "br label %3" [mlp_FP/mlp.cpp:68->mlp_FP/mlp.cpp:87]   --->   Operation 103 'br' <Predicate = true> <Delay = 0.75>

State 4 <SV = 3> <Delay = 3.34>
ST_4 : Operation 104 [1/1] (0.00ns)   --->   "%acc_0_i = phi float [ %acc, %2 ], [ %acc_2, %4 ]"   --->   Operation 104 'phi' 'acc_0_i' <Predicate = true> <Delay = 0.00>
ST_4 : Operation 105 [1/1] (0.00ns)   --->   "%i_0_i = phi i10 [ 0, %2 ], [ %i, %4 ]"   --->   Operation 105 'phi' 'i_0_i' <Predicate = true> <Delay = 0.00>
ST_4 : Operation 106 [1/1] (0.00ns)   --->   "%empty_5 = call i32 (...)* @_ssdm_op_SpecLoopTripCount(i64 784, i64 784, i64 784) nounwind"   --->   Operation 106 'speclooptripcount' 'empty_5' <Predicate = true> <Delay = 0.00>
ST_4 : Operation 107 [1/1] (0.85ns)   --->   "%icmp_ln68 = icmp eq i10 %i_0_i, -240" [mlp_FP/mlp.cpp:68->mlp_FP/mlp.cpp:87]   --->   Operation 107 'icmp' 'icmp_ln68' <Predicate = true> <Delay = 0.85> <Core = "Cmp">   --->   Core 25 'Cmp' <Latency = 0> <II = 1> <Delay = 0.88> <FuncUnit> <Opcode : 'icmp'> <InPorts = 2> <OutPorts = 1>
ST_4 : Operation 108 [1/1] (0.93ns)   --->   "%i = add i10 %i_0_i, 1" [mlp_FP/mlp.cpp:68->mlp_FP/mlp.cpp:87]   --->   Operation 108 'add' 'i' <Predicate = true> <Delay = 0.93> <Core = "AddSub">   --->   Core 14 'AddSub' <Latency = 0> <II = 1> <Delay = 0.86> <FuncUnit> <Opcode : 'add' 'sub'> <InPorts = 2> <OutPorts = 1>
ST_4 : Operation 109 [1/1] (0.00ns)   --->   "br i1 %icmp_ln68, label %neuron.2.exit, label %4" [mlp_FP/mlp.cpp:68->mlp_FP/mlp.cpp:87]   --->   Operation 109 'br' <Predicate = true> <Delay = 0.00>
ST_4 : Operation 110 [1/1] (0.00ns)   --->   "%zext_ln69 = zext i10 %i_0_i to i64" [mlp_FP/mlp.cpp:69->mlp_FP/mlp.cpp:87]   --->   Operation 110 'zext' 'zext_ln69' <Predicate = (!icmp_ln68)> <Delay = 0.00>
ST_4 : Operation 111 [1/1] (0.00ns)   --->   "%zext_ln69_6 = zext i10 %i_0_i to i12" [mlp_FP/mlp.cpp:69->mlp_FP/mlp.cpp:87]   --->   Operation 111 'zext' 'zext_ln69_6' <Predicate = (!icmp_ln68)> <Delay = 0.00>
ST_4 : Operation 112 [1/1] (0.96ns)   --->   "%add_ln69_1 = add i12 %phi_mul, %zext_ln69_6" [mlp_FP/mlp.cpp:69->mlp_FP/mlp.cpp:87]   --->   Operation 112 'add' 'add_ln69_1' <Predicate = (!icmp_ln68)> <Delay = 0.96> <Core = "AddSub">   --->   Core 14 'AddSub' <Latency = 0> <II = 1> <Delay = 0.86> <FuncUnit> <Opcode : 'add' 'sub'> <InPorts = 2> <OutPorts = 1>
ST_4 : Operation 113 [1/1] (0.00ns)   --->   "%zext_ln69_7 = zext i12 %add_ln69_1 to i64" [mlp_FP/mlp.cpp:69->mlp_FP/mlp.cpp:87]   --->   Operation 113 'zext' 'zext_ln69_7' <Predicate = (!icmp_ln68)> <Delay = 0.00>
ST_4 : Operation 114 [1/1] (0.00ns)   --->   "%W1_addr = getelementptr [3920 x float]* @W1, i64 0, i64 %zext_ln69_7" [mlp_FP/mlp.cpp:69->mlp_FP/mlp.cpp:87]   --->   Operation 114 'getelementptr' 'W1_addr' <Predicate = (!icmp_ln68)> <Delay = 0.00>
ST_4 : Operation 115 [1/1] (0.00ns)   --->   "%input_addr = getelementptr [784 x float]* %input_r, i64 0, i64 %zext_ln69" [mlp_FP/mlp.cpp:69->mlp_FP/mlp.cpp:87]   --->   Operation 115 'getelementptr' 'input_addr' <Predicate = (!icmp_ln68)> <Delay = 0.00>
ST_4 : Operation 116 [2/2] (1.35ns)   --->   "%input_load = load float* %input_addr, align 4" [mlp_FP/mlp.cpp:69->mlp_FP/mlp.cpp:87]   --->   Operation 116 'load' 'input_load' <Predicate = (!icmp_ln68)> <Delay = 1.35> <Core = "RAM">   --->   Core 37 'RAM' <Latency = 1> <II = 1> <Delay = 0.79> <Storage> <Opcode : 'load' 'store'> <Ports = 2> <Width = 32> <Depth = 10> <RAM>
ST_4 : Operation 117 [2/2] (1.35ns)   --->   "%W1_load = load float* %W1_addr, align 4" [mlp_FP/mlp.cpp:69->mlp_FP/mlp.cpp:87]   --->   Operation 117 'load' 'W1_load' <Predicate = (!icmp_ln68)> <Delay = 1.35> <Core = "ROM_nP">   --->   Core 52 'ROM_nP' <Latency = 1> <II = 1> <Delay = 1.35> <Storage> <Opcode : 'load'> <Ports = 0> <Width = 32> <Depth = 80> <ROM>
ST_4 : Operation 118 [2/2] (3.34ns)   --->   "%tmp_1 = fcmp olt float %acc_0_i, 0.000000e+00" [mlp_FP/mlp.cpp:72->mlp_FP/mlp.cpp:87]   --->   Operation 118 'fcmp' 'tmp_1' <Predicate = (icmp_ln68)> <Delay = 3.34> <Core = "FCmp">   --->   Core 111 'FCmp' <Latency = 1> <II = 1> <Delay = 3.34> <FuncUnit> <Opcode : 'fcmp'> <InPorts = 2> <OutPorts = 1>

State 5 <SV = 4> <Delay = 1.35>
ST_5 : Operation 119 [1/2] (1.35ns)   --->   "%input_load = load float* %input_addr, align 4" [mlp_FP/mlp.cpp:69->mlp_FP/mlp.cpp:87]   --->   Operation 119 'load' 'input_load' <Predicate = true> <Delay = 1.35> <Core = "RAM">   --->   Core 37 'RAM' <Latency = 1> <II = 1> <Delay = 0.79> <Storage> <Opcode : 'load' 'store'> <Ports = 2> <Width = 32> <Depth = 10> <RAM>
ST_5 : Operation 120 [1/2] (1.35ns)   --->   "%W1_load = load float* %W1_addr, align 4" [mlp_FP/mlp.cpp:69->mlp_FP/mlp.cpp:87]   --->   Operation 120 'load' 'W1_load' <Predicate = true> <Delay = 1.35> <Core = "ROM_nP">   --->   Core 52 'ROM_nP' <Latency = 1> <II = 1> <Delay = 1.35> <Storage> <Opcode : 'load'> <Ports = 0> <Width = 32> <Depth = 80> <ROM>

State 6 <SV = 5> <Delay = 8.28>
ST_6 : Operation 121 [3/3] (8.28ns)   --->   "%tmp_i = fmul float %input_load, %W1_load" [mlp_FP/mlp.cpp:69->mlp_FP/mlp.cpp:87]   --->   Operation 121 'fmul' 'tmp_i' <Predicate = true> <Delay = 8.28> <Core = "FMul">   --->   Core 106 'FMul' <Latency = 2> <II = 1> <Delay = 8.28> <FuncUnit> <Opcode : 'fmul'> <InPorts = 2> <OutPorts = 1>

State 7 <SV = 6> <Delay = 8.28>
ST_7 : Operation 122 [2/3] (8.28ns)   --->   "%tmp_i = fmul float %input_load, %W1_load" [mlp_FP/mlp.cpp:69->mlp_FP/mlp.cpp:87]   --->   Operation 122 'fmul' 'tmp_i' <Predicate = true> <Delay = 8.28> <Core = "FMul">   --->   Core 106 'FMul' <Latency = 2> <II = 1> <Delay = 8.28> <FuncUnit> <Opcode : 'fmul'> <InPorts = 2> <OutPorts = 1>

State 8 <SV = 7> <Delay = 8.28>
ST_8 : Operation 123 [1/3] (8.28ns)   --->   "%tmp_i = fmul float %input_load, %W1_load" [mlp_FP/mlp.cpp:69->mlp_FP/mlp.cpp:87]   --->   Operation 123 'fmul' 'tmp_i' <Predicate = true> <Delay = 8.28> <Core = "FMul">   --->   Core 106 'FMul' <Latency = 2> <II = 1> <Delay = 8.28> <FuncUnit> <Opcode : 'fmul'> <InPorts = 2> <OutPorts = 1>

State 9 <SV = 8> <Delay = 9.20>
ST_9 : Operation 124 [4/4] (9.20ns)   --->   "%acc_2 = fadd float %acc_0_i, %tmp_i" [mlp_FP/mlp.cpp:69->mlp_FP/mlp.cpp:87]   --->   Operation 124 'fadd' 'acc_2' <Predicate = true> <Delay = 9.20> <Core = "FAddSub">   --->   Core 105 'FAddSub' <Latency = 3> <II = 1> <Delay = 7.71> <FuncUnit> <Opcode : 'fadd' 'fsub'> <InPorts = 2> <OutPorts = 1>

State 10 <SV = 9> <Delay = 7.71>
ST_10 : Operation 125 [3/4] (7.71ns)   --->   "%acc_2 = fadd float %acc_0_i, %tmp_i" [mlp_FP/mlp.cpp:69->mlp_FP/mlp.cpp:87]   --->   Operation 125 'fadd' 'acc_2' <Predicate = true> <Delay = 7.71> <Core = "FAddSub">   --->   Core 105 'FAddSub' <Latency = 3> <II = 1> <Delay = 7.71> <FuncUnit> <Opcode : 'fadd' 'fsub'> <InPorts = 2> <OutPorts = 1>

State 11 <SV = 10> <Delay = 7.71>
ST_11 : Operation 126 [2/4] (7.71ns)   --->   "%acc_2 = fadd float %acc_0_i, %tmp_i" [mlp_FP/mlp.cpp:69->mlp_FP/mlp.cpp:87]   --->   Operation 126 'fadd' 'acc_2' <Predicate = true> <Delay = 7.71> <Core = "FAddSub">   --->   Core 105 'FAddSub' <Latency = 3> <II = 1> <Delay = 7.71> <FuncUnit> <Opcode : 'fadd' 'fsub'> <InPorts = 2> <OutPorts = 1>

State 12 <SV = 11> <Delay = 7.71>
ST_12 : Operation 127 [1/1] (0.00ns)   --->   "call void (...)* @_ssdm_op_SpecLoopName([11 x i8]* @p_str) nounwind" [mlp_FP/mlp.cpp:68->mlp_FP/mlp.cpp:87]   --->   Operation 127 'specloopname' <Predicate = true> <Delay = 0.00>
ST_12 : Operation 128 [1/4] (7.71ns)   --->   "%acc_2 = fadd float %acc_0_i, %tmp_i" [mlp_FP/mlp.cpp:69->mlp_FP/mlp.cpp:87]   --->   Operation 128 'fadd' 'acc_2' <Predicate = true> <Delay = 7.71> <Core = "FAddSub">   --->   Core 105 'FAddSub' <Latency = 3> <II = 1> <Delay = 7.71> <FuncUnit> <Opcode : 'fadd' 'fsub'> <InPorts = 2> <OutPorts = 1>
ST_12 : Operation 129 [1/1] (0.00ns)   --->   "br label %3" [mlp_FP/mlp.cpp:68->mlp_FP/mlp.cpp:87]   --->   Operation 129 'br' <Predicate = true> <Delay = 0.00>

State 13 <SV = 4> <Delay = 4.66>
ST_13 : Operation 130 [1/1] (0.00ns)   --->   "%bitcast_ln72 = bitcast float %acc_0_i to i32" [mlp_FP/mlp.cpp:72->mlp_FP/mlp.cpp:87]   --->   Operation 130 'bitcast' 'bitcast_ln72' <Predicate = true> <Delay = 0.00>
ST_13 : Operation 131 [1/1] (0.00ns)   --->   "%tmp = call i8 @_ssdm_op_PartSelect.i8.i32.i32.i32(i32 %bitcast_ln72, i32 23, i32 30)" [mlp_FP/mlp.cpp:72->mlp_FP/mlp.cpp:87]   --->   Operation 131 'partselect' 'tmp' <Predicate = true> <Delay = 0.00>
ST_13 : Operation 132 [1/1] (0.00ns)   --->   "%trunc_ln72 = trunc i32 %bitcast_ln72 to i23" [mlp_FP/mlp.cpp:72->mlp_FP/mlp.cpp:87]   --->   Operation 132 'trunc' 'trunc_ln72' <Predicate = true> <Delay = 0.00>
ST_13 : Operation 133 [1/1] (0.85ns)   --->   "%icmp_ln72 = icmp ne i8 %tmp, -1" [mlp_FP/mlp.cpp:72->mlp_FP/mlp.cpp:87]   --->   Operation 133 'icmp' 'icmp_ln72' <Predicate = true> <Delay = 0.85> <Core = "Cmp">   --->   Core 25 'Cmp' <Latency = 0> <II = 1> <Delay = 0.88> <FuncUnit> <Opcode : 'icmp'> <InPorts = 2> <OutPorts = 1>
ST_13 : Operation 134 [1/1] (0.97ns)   --->   "%icmp_ln72_1 = icmp eq i23 %trunc_ln72, 0" [mlp_FP/mlp.cpp:72->mlp_FP/mlp.cpp:87]   --->   Operation 134 'icmp' 'icmp_ln72_1' <Predicate = true> <Delay = 0.97> <Core = "Cmp">   --->   Core 25 'Cmp' <Latency = 0> <II = 1> <Delay = 0.88> <FuncUnit> <Opcode : 'icmp'> <InPorts = 2> <OutPorts = 1>
ST_13 : Operation 135 [1/1] (0.00ns) (grouped into LUT with out node select_ln72)   --->   "%or_ln72 = or i1 %icmp_ln72_1, %icmp_ln72" [mlp_FP/mlp.cpp:72->mlp_FP/mlp.cpp:87]   --->   Operation 135 'or' 'or_ln72' <Predicate = true> <Delay = 0.00> <Core = "LogicGate">   --->   Core 27 'LogicGate' <Latency = 0> <II = 1> <Delay = 0.33> <FuncUnit> <Opcode : 'and' 'or' 'xor'> <InPorts = 2> <OutPorts = 1>
ST_13 : Operation 136 [1/2] (3.34ns)   --->   "%tmp_1 = fcmp olt float %acc_0_i, 0.000000e+00" [mlp_FP/mlp.cpp:72->mlp_FP/mlp.cpp:87]   --->   Operation 136 'fcmp' 'tmp_1' <Predicate = true> <Delay = 3.34> <Core = "FCmp">   --->   Core 111 'FCmp' <Latency = 1> <II = 1> <Delay = 3.34> <FuncUnit> <Opcode : 'fcmp'> <InPorts = 2> <OutPorts = 1>
ST_13 : Operation 137 [1/1] (0.00ns) (grouped into LUT with out node select_ln72)   --->   "%and_ln72 = and i1 %or_ln72, %tmp_1" [mlp_FP/mlp.cpp:72->mlp_FP/mlp.cpp:87]   --->   Operation 137 'and' 'and_ln72' <Predicate = true> <Delay = 0.00> <Core = "LogicGate">   --->   Core 27 'LogicGate' <Latency = 0> <II = 1> <Delay = 0.33> <FuncUnit> <Opcode : 'and' 'or' 'xor'> <InPorts = 2> <OutPorts = 1>
ST_13 : Operation 138 [1/1] (0.52ns) (out node of the LUT)   --->   "%select_ln72 = select i1 %and_ln72, float 0.000000e+00, float %acc_0_i" [mlp_FP/mlp.cpp:72->mlp_FP/mlp.cpp:87]   --->   Operation 138 'select' 'select_ln72' <Predicate = true> <Delay = 0.52> <Core = "Sel">   --->   Core 26 'Sel' <Latency = 0> <II = 1> <Delay = 0.52> <FuncUnit> <Opcode : 'select'> <InPorts = 3> <OutPorts = 1>
ST_13 : Operation 139 [1/1] (0.00ns)   --->   "%a1_addr = getelementptr inbounds [5 x float]* %a1, i64 0, i64 %zext_ln87" [mlp_FP/mlp.cpp:87]   --->   Operation 139 'getelementptr' 'a1_addr' <Predicate = true> <Delay = 0.00>
ST_13 : Operation 140 [1/1] (0.79ns)   --->   "store float %select_ln72, float* %a1_addr, align 4" [mlp_FP/mlp.cpp:87]   --->   Operation 140 'store' <Predicate = true> <Delay = 0.79> <Core = "RAM">   --->   Core 37 'RAM' <Latency = 1> <II = 1> <Delay = 0.79> <Storage> <Opcode : 'load' 'store'> <Ports = 2> <Width = 32> <Depth = 10> <RAM>
ST_13 : Operation 141 [1/1] (0.00ns)   --->   "br label %1" [mlp_FP/mlp.cpp:86]   --->   Operation 141 'br' <Predicate = true> <Delay = 0.00>

State 14 <SV = 2> <Delay = 1.35>
ST_14 : Operation 142 [1/1] (0.00ns)   --->   "%j1_0 = phi i4 [ %j_1, %neuron.1.exit ], [ 0, %.preheader4.preheader ]"   --->   Operation 142 'phi' 'j1_0' <Predicate = true> <Delay = 0.00>
ST_14 : Operation 143 [1/1] (0.88ns)   --->   "%icmp_ln90 = icmp eq i4 %j1_0, -8" [mlp_FP/mlp.cpp:90]   --->   Operation 143 'icmp' 'icmp_ln90' <Predicate = true> <Delay = 0.88> <Core = "Cmp">   --->   Core 25 'Cmp' <Latency = 0> <II = 1> <Delay = 0.88> <FuncUnit> <Opcode : 'icmp'> <InPorts = 2> <OutPorts = 1>
ST_14 : Operation 144 [1/1] (0.00ns)   --->   "%empty_6 = call i32 (...)* @_ssdm_op_SpecLoopTripCount(i64 8, i64 8, i64 8) nounwind"   --->   Operation 144 'speclooptripcount' 'empty_6' <Predicate = true> <Delay = 0.00>
ST_14 : Operation 145 [1/1] (0.86ns)   --->   "%j_1 = add i4 %j1_0, 1" [mlp_FP/mlp.cpp:90]   --->   Operation 145 'add' 'j_1' <Predicate = true> <Delay = 0.86> <Core = "AddSub">   --->   Core 14 'AddSub' <Latency = 0> <II = 1> <Delay = 0.86> <FuncUnit> <Opcode : 'add' 'sub'> <InPorts = 2> <OutPorts = 1>
ST_14 : Operation 146 [1/1] (0.00ns)   --->   "br i1 %icmp_ln90, label %.preheader3.preheader, label %5" [mlp_FP/mlp.cpp:90]   --->   Operation 146 'br' <Predicate = true> <Delay = 0.00>
ST_14 : Operation 147 [1/1] (0.00ns)   --->   "%zext_ln91 = zext i4 %j1_0 to i64" [mlp_FP/mlp.cpp:91]   --->   Operation 147 'zext' 'zext_ln91' <Predicate = (!icmp_ln90)> <Delay = 0.00>
ST_14 : Operation 148 [1/1] (0.00ns)   --->   "%B2_addr = getelementptr inbounds [8 x float]* @B2, i64 0, i64 %zext_ln91" [mlp_FP/mlp.cpp:91]   --->   Operation 148 'getelementptr' 'B2_addr' <Predicate = (!icmp_ln90)> <Delay = 0.00>
ST_14 : Operation 149 [2/2] (1.35ns)   --->   "%acc_1 = load float* %B2_addr, align 4" [mlp_FP/mlp.cpp:91]   --->   Operation 149 'load' 'acc_1' <Predicate = (!icmp_ln90)> <Delay = 1.35> <Core = "ROM_nP">   --->   Core 52 'ROM_nP' <Latency = 1> <II = 1> <Delay = 1.35> <Storage> <Opcode : 'load'> <Ports = 0> <Width = 32> <Depth = 80> <ROM>
ST_14 : Operation 150 [1/1] (0.75ns)   --->   "br label %.preheader3" [mlp_FP/mlp.cpp:94]   --->   Operation 150 'br' <Predicate = (icmp_ln90)> <Delay = 0.75>

State 15 <SV = 3> <Delay = 1.35>
ST_15 : Operation 151 [1/1] (0.00ns)   --->   "call void (...)* @_ssdm_op_SpecLoopName([7 x i8]* @p_str2) nounwind" [mlp_FP/mlp.cpp:91]   --->   Operation 151 'specloopname' <Predicate = true> <Delay = 0.00>
ST_15 : Operation 152 [1/1] (0.00ns)   --->   "%zext_ln69_4 = zext i4 %j1_0 to i7" [mlp_FP/mlp.cpp:69->mlp_FP/mlp.cpp:91]   --->   Operation 152 'zext' 'zext_ln69_4' <Predicate = true> <Delay = 0.00>
ST_15 : Operation 153 [1/1] (0.00ns)   --->   "%tmp_10 = call i6 @_ssdm_op_BitConcatenate.i6.i4.i2(i4 %j1_0, i2 0)" [mlp_FP/mlp.cpp:69->mlp_FP/mlp.cpp:91]   --->   Operation 153 'bitconcatenate' 'tmp_10' <Predicate = true> <Delay = 0.00>
ST_15 : Operation 154 [1/1] (0.00ns)   --->   "%zext_ln69_5 = zext i6 %tmp_10 to i7" [mlp_FP/mlp.cpp:69->mlp_FP/mlp.cpp:91]   --->   Operation 154 'zext' 'zext_ln69_5' <Predicate = true> <Delay = 0.00>
ST_15 : Operation 155 [1/1] (0.88ns)   --->   "%add_ln69 = add i7 %zext_ln69_4, %zext_ln69_5" [mlp_FP/mlp.cpp:69->mlp_FP/mlp.cpp:91]   --->   Operation 155 'add' 'add_ln69' <Predicate = true> <Delay = 0.88> <Core = "AddSub">   --->   Core 14 'AddSub' <Latency = 0> <II = 1> <Delay = 0.86> <FuncUnit> <Opcode : 'add' 'sub'> <InPorts = 2> <OutPorts = 1>
ST_15 : Operation 156 [1/2] (1.35ns)   --->   "%acc_1 = load float* %B2_addr, align 4" [mlp_FP/mlp.cpp:91]   --->   Operation 156 'load' 'acc_1' <Predicate = true> <Delay = 1.35> <Core = "ROM_nP">   --->   Core 52 'ROM_nP' <Latency = 1> <II = 1> <Delay = 1.35> <Storage> <Opcode : 'load'> <Ports = 0> <Width = 32> <Depth = 80> <ROM>
ST_15 : Operation 157 [1/1] (0.75ns)   --->   "br label %6" [mlp_FP/mlp.cpp:68->mlp_FP/mlp.cpp:91]   --->   Operation 157 'br' <Predicate = true> <Delay = 0.75>

State 16 <SV = 4> <Delay = 3.34>
ST_16 : Operation 158 [1/1] (0.00ns)   --->   "%acc_0_i6 = phi float [ %acc_1, %5 ], [ %acc_4, %7 ]"   --->   Operation 158 'phi' 'acc_0_i6' <Predicate = true> <Delay = 0.00>
ST_16 : Operation 159 [1/1] (0.00ns)   --->   "%i_0_i7 = phi i3 [ 0, %5 ], [ %i_1, %7 ]"   --->   Operation 159 'phi' 'i_0_i7' <Predicate = true> <Delay = 0.00>
ST_16 : Operation 160 [1/1] (0.00ns)   --->   "%empty_7 = call i32 (...)* @_ssdm_op_SpecLoopTripCount(i64 5, i64 5, i64 5) nounwind"   --->   Operation 160 'speclooptripcount' 'empty_7' <Predicate = true> <Delay = 0.00>
ST_16 : Operation 161 [1/1] (0.69ns)   --->   "%icmp_ln68_1 = icmp eq i3 %i_0_i7, -3" [mlp_FP/mlp.cpp:68->mlp_FP/mlp.cpp:91]   --->   Operation 161 'icmp' 'icmp_ln68_1' <Predicate = true> <Delay = 0.69> <Core = "Cmp">   --->   Core 25 'Cmp' <Latency = 0> <II = 1> <Delay = 0.88> <FuncUnit> <Opcode : 'icmp'> <InPorts = 2> <OutPorts = 1>
ST_16 : Operation 162 [1/1] (0.74ns)   --->   "%i_1 = add i3 %i_0_i7, 1" [mlp_FP/mlp.cpp:68->mlp_FP/mlp.cpp:91]   --->   Operation 162 'add' 'i_1' <Predicate = true> <Delay = 0.74> <Core = "AddSub">   --->   Core 14 'AddSub' <Latency = 0> <II = 1> <Delay = 0.86> <FuncUnit> <Opcode : 'add' 'sub'> <InPorts = 2> <OutPorts = 1>
ST_16 : Operation 163 [1/1] (0.00ns)   --->   "br i1 %icmp_ln68_1, label %neuron.1.exit, label %7" [mlp_FP/mlp.cpp:68->mlp_FP/mlp.cpp:91]   --->   Operation 163 'br' <Predicate = true> <Delay = 0.00>
ST_16 : Operation 164 [1/1] (0.00ns)   --->   "%zext_ln69_1 = zext i3 %i_0_i7 to i64" [mlp_FP/mlp.cpp:69->mlp_FP/mlp.cpp:91]   --->   Operation 164 'zext' 'zext_ln69_1' <Predicate = (!icmp_ln68_1)> <Delay = 0.00>
ST_16 : Operation 165 [1/1] (0.00ns)   --->   "%zext_ln69_8 = zext i3 %i_0_i7 to i7" [mlp_FP/mlp.cpp:69->mlp_FP/mlp.cpp:91]   --->   Operation 165 'zext' 'zext_ln69_8' <Predicate = (!icmp_ln68_1)> <Delay = 0.00>
ST_16 : Operation 166 [1/1] (0.89ns)   --->   "%add_ln69_2 = add i7 %add_ln69, %zext_ln69_8" [mlp_FP/mlp.cpp:69->mlp_FP/mlp.cpp:91]   --->   Operation 166 'add' 'add_ln69_2' <Predicate = (!icmp_ln68_1)> <Delay = 0.89> <Core = "AddSub">   --->   Core 14 'AddSub' <Latency = 0> <II = 1> <Delay = 0.86> <FuncUnit> <Opcode : 'add' 'sub'> <InPorts = 2> <OutPorts = 1>
ST_16 : Operation 167 [1/1] (0.00ns)   --->   "%zext_ln69_9 = zext i7 %add_ln69_2 to i64" [mlp_FP/mlp.cpp:69->mlp_FP/mlp.cpp:91]   --->   Operation 167 'zext' 'zext_ln69_9' <Predicate = (!icmp_ln68_1)> <Delay = 0.00>
ST_16 : Operation 168 [1/1] (0.00ns)   --->   "%W2_addr = getelementptr [40 x float]* @W2, i64 0, i64 %zext_ln69_9" [mlp_FP/mlp.cpp:69->mlp_FP/mlp.cpp:91]   --->   Operation 168 'getelementptr' 'W2_addr' <Predicate = (!icmp_ln68_1)> <Delay = 0.00>
ST_16 : Operation 169 [1/1] (0.00ns)   --->   "%a1_addr_1 = getelementptr [5 x float]* %a1, i64 0, i64 %zext_ln69_1" [mlp_FP/mlp.cpp:69->mlp_FP/mlp.cpp:91]   --->   Operation 169 'getelementptr' 'a1_addr_1' <Predicate = (!icmp_ln68_1)> <Delay = 0.00>
ST_16 : Operation 170 [2/2] (0.79ns)   --->   "%a1_load = load float* %a1_addr_1, align 4" [mlp_FP/mlp.cpp:69->mlp_FP/mlp.cpp:91]   --->   Operation 170 'load' 'a1_load' <Predicate = (!icmp_ln68_1)> <Delay = 0.79> <Core = "RAM">   --->   Core 37 'RAM' <Latency = 1> <II = 1> <Delay = 0.79> <Storage> <Opcode : 'load' 'store'> <Ports = 2> <Width = 32> <Depth = 10> <RAM>
ST_16 : Operation 171 [2/2] (1.35ns)   --->   "%W2_load = load float* %W2_addr, align 4" [mlp_FP/mlp.cpp:69->mlp_FP/mlp.cpp:91]   --->   Operation 171 'load' 'W2_load' <Predicate = (!icmp_ln68_1)> <Delay = 1.35> <Core = "ROM_nP">   --->   Core 52 'ROM_nP' <Latency = 1> <II = 1> <Delay = 1.35> <Storage> <Opcode : 'load'> <Ports = 0> <Width = 32> <Depth = 80> <ROM>
ST_16 : Operation 172 [2/2] (3.34ns)   --->   "%tmp_3 = fcmp olt float %acc_0_i6, 0.000000e+00" [mlp_FP/mlp.cpp:72->mlp_FP/mlp.cpp:91]   --->   Operation 172 'fcmp' 'tmp_3' <Predicate = (icmp_ln68_1)> <Delay = 3.34> <Core = "FCmp">   --->   Core 111 'FCmp' <Latency = 1> <II = 1> <Delay = 3.34> <FuncUnit> <Opcode : 'fcmp'> <InPorts = 2> <OutPorts = 1>

State 17 <SV = 5> <Delay = 1.35>
ST_17 : Operation 173 [1/2] (0.79ns)   --->   "%a1_load = load float* %a1_addr_1, align 4" [mlp_FP/mlp.cpp:69->mlp_FP/mlp.cpp:91]   --->   Operation 173 'load' 'a1_load' <Predicate = true> <Delay = 0.79> <Core = "RAM">   --->   Core 37 'RAM' <Latency = 1> <II = 1> <Delay = 0.79> <Storage> <Opcode : 'load' 'store'> <Ports = 2> <Width = 32> <Depth = 10> <RAM>
ST_17 : Operation 174 [1/2] (1.35ns)   --->   "%W2_load = load float* %W2_addr, align 4" [mlp_FP/mlp.cpp:69->mlp_FP/mlp.cpp:91]   --->   Operation 174 'load' 'W2_load' <Predicate = true> <Delay = 1.35> <Core = "ROM_nP">   --->   Core 52 'ROM_nP' <Latency = 1> <II = 1> <Delay = 1.35> <Storage> <Opcode : 'load'> <Ports = 0> <Width = 32> <Depth = 80> <ROM>

State 18 <SV = 6> <Delay = 8.28>
ST_18 : Operation 175 [3/3] (8.28ns)   --->   "%tmp_i1 = fmul float %a1_load, %W2_load" [mlp_FP/mlp.cpp:69->mlp_FP/mlp.cpp:91]   --->   Operation 175 'fmul' 'tmp_i1' <Predicate = true> <Delay = 8.28> <Core = "FMul">   --->   Core 106 'FMul' <Latency = 2> <II = 1> <Delay = 8.28> <FuncUnit> <Opcode : 'fmul'> <InPorts = 2> <OutPorts = 1>

State 19 <SV = 7> <Delay = 8.28>
ST_19 : Operation 176 [2/3] (8.28ns)   --->   "%tmp_i1 = fmul float %a1_load, %W2_load" [mlp_FP/mlp.cpp:69->mlp_FP/mlp.cpp:91]   --->   Operation 176 'fmul' 'tmp_i1' <Predicate = true> <Delay = 8.28> <Core = "FMul">   --->   Core 106 'FMul' <Latency = 2> <II = 1> <Delay = 8.28> <FuncUnit> <Opcode : 'fmul'> <InPorts = 2> <OutPorts = 1>

State 20 <SV = 8> <Delay = 8.28>
ST_20 : Operation 177 [1/3] (8.28ns)   --->   "%tmp_i1 = fmul float %a1_load, %W2_load" [mlp_FP/mlp.cpp:69->mlp_FP/mlp.cpp:91]   --->   Operation 177 'fmul' 'tmp_i1' <Predicate = true> <Delay = 8.28> <Core = "FMul">   --->   Core 106 'FMul' <Latency = 2> <II = 1> <Delay = 8.28> <FuncUnit> <Opcode : 'fmul'> <InPorts = 2> <OutPorts = 1>

State 21 <SV = 9> <Delay = 9.20>
ST_21 : Operation 178 [4/4] (9.20ns)   --->   "%acc_4 = fadd float %acc_0_i6, %tmp_i1" [mlp_FP/mlp.cpp:69->mlp_FP/mlp.cpp:91]   --->   Operation 178 'fadd' 'acc_4' <Predicate = true> <Delay = 9.20> <Core = "FAddSub">   --->   Core 105 'FAddSub' <Latency = 3> <II = 1> <Delay = 7.71> <FuncUnit> <Opcode : 'fadd' 'fsub'> <InPorts = 2> <OutPorts = 1>

State 22 <SV = 10> <Delay = 7.71>
ST_22 : Operation 179 [3/4] (7.71ns)   --->   "%acc_4 = fadd float %acc_0_i6, %tmp_i1" [mlp_FP/mlp.cpp:69->mlp_FP/mlp.cpp:91]   --->   Operation 179 'fadd' 'acc_4' <Predicate = true> <Delay = 7.71> <Core = "FAddSub">   --->   Core 105 'FAddSub' <Latency = 3> <II = 1> <Delay = 7.71> <FuncUnit> <Opcode : 'fadd' 'fsub'> <InPorts = 2> <OutPorts = 1>

State 23 <SV = 11> <Delay = 7.71>
ST_23 : Operation 180 [2/4] (7.71ns)   --->   "%acc_4 = fadd float %acc_0_i6, %tmp_i1" [mlp_FP/mlp.cpp:69->mlp_FP/mlp.cpp:91]   --->   Operation 180 'fadd' 'acc_4' <Predicate = true> <Delay = 7.71> <Core = "FAddSub">   --->   Core 105 'FAddSub' <Latency = 3> <II = 1> <Delay = 7.71> <FuncUnit> <Opcode : 'fadd' 'fsub'> <InPorts = 2> <OutPorts = 1>

State 24 <SV = 12> <Delay = 7.71>
ST_24 : Operation 181 [1/1] (0.00ns)   --->   "call void (...)* @_ssdm_op_SpecLoopName([11 x i8]* @p_str) nounwind" [mlp_FP/mlp.cpp:68->mlp_FP/mlp.cpp:91]   --->   Operation 181 'specloopname' <Predicate = true> <Delay = 0.00>
ST_24 : Operation 182 [1/4] (7.71ns)   --->   "%acc_4 = fadd float %acc_0_i6, %tmp_i1" [mlp_FP/mlp.cpp:69->mlp_FP/mlp.cpp:91]   --->   Operation 182 'fadd' 'acc_4' <Predicate = true> <Delay = 7.71> <Core = "FAddSub">   --->   Core 105 'FAddSub' <Latency = 3> <II = 1> <Delay = 7.71> <FuncUnit> <Opcode : 'fadd' 'fsub'> <InPorts = 2> <OutPorts = 1>
ST_24 : Operation 183 [1/1] (0.00ns)   --->   "br label %6" [mlp_FP/mlp.cpp:68->mlp_FP/mlp.cpp:91]   --->   Operation 183 'br' <Predicate = true> <Delay = 0.00>

State 25 <SV = 5> <Delay = 4.66>
ST_25 : Operation 184 [1/1] (0.00ns)   --->   "%bitcast_ln72_1 = bitcast float %acc_0_i6 to i32" [mlp_FP/mlp.cpp:72->mlp_FP/mlp.cpp:91]   --->   Operation 184 'bitcast' 'bitcast_ln72_1' <Predicate = true> <Delay = 0.00>
ST_25 : Operation 185 [1/1] (0.00ns)   --->   "%tmp_2 = call i8 @_ssdm_op_PartSelect.i8.i32.i32.i32(i32 %bitcast_ln72_1, i32 23, i32 30)" [mlp_FP/mlp.cpp:72->mlp_FP/mlp.cpp:91]   --->   Operation 185 'partselect' 'tmp_2' <Predicate = true> <Delay = 0.00>
ST_25 : Operation 186 [1/1] (0.00ns)   --->   "%trunc_ln72_1 = trunc i32 %bitcast_ln72_1 to i23" [mlp_FP/mlp.cpp:72->mlp_FP/mlp.cpp:91]   --->   Operation 186 'trunc' 'trunc_ln72_1' <Predicate = true> <Delay = 0.00>
ST_25 : Operation 187 [1/1] (0.85ns)   --->   "%icmp_ln72_2 = icmp ne i8 %tmp_2, -1" [mlp_FP/mlp.cpp:72->mlp_FP/mlp.cpp:91]   --->   Operation 187 'icmp' 'icmp_ln72_2' <Predicate = true> <Delay = 0.85> <Core = "Cmp">   --->   Core 25 'Cmp' <Latency = 0> <II = 1> <Delay = 0.88> <FuncUnit> <Opcode : 'icmp'> <InPorts = 2> <OutPorts = 1>
ST_25 : Operation 188 [1/1] (0.97ns)   --->   "%icmp_ln72_3 = icmp eq i23 %trunc_ln72_1, 0" [mlp_FP/mlp.cpp:72->mlp_FP/mlp.cpp:91]   --->   Operation 188 'icmp' 'icmp_ln72_3' <Predicate = true> <Delay = 0.97> <Core = "Cmp">   --->   Core 25 'Cmp' <Latency = 0> <II = 1> <Delay = 0.88> <FuncUnit> <Opcode : 'icmp'> <InPorts = 2> <OutPorts = 1>
ST_25 : Operation 189 [1/1] (0.00ns) (grouped into LUT with out node select_ln72_1)   --->   "%or_ln72_1 = or i1 %icmp_ln72_3, %icmp_ln72_2" [mlp_FP/mlp.cpp:72->mlp_FP/mlp.cpp:91]   --->   Operation 189 'or' 'or_ln72_1' <Predicate = true> <Delay = 0.00> <Core = "LogicGate">   --->   Core 27 'LogicGate' <Latency = 0> <II = 1> <Delay = 0.33> <FuncUnit> <Opcode : 'and' 'or' 'xor'> <InPorts = 2> <OutPorts = 1>
ST_25 : Operation 190 [1/2] (3.34ns)   --->   "%tmp_3 = fcmp olt float %acc_0_i6, 0.000000e+00" [mlp_FP/mlp.cpp:72->mlp_FP/mlp.cpp:91]   --->   Operation 190 'fcmp' 'tmp_3' <Predicate = true> <Delay = 3.34> <Core = "FCmp">   --->   Core 111 'FCmp' <Latency = 1> <II = 1> <Delay = 3.34> <FuncUnit> <Opcode : 'fcmp'> <InPorts = 2> <OutPorts = 1>
ST_25 : Operation 191 [1/1] (0.00ns) (grouped into LUT with out node select_ln72_1)   --->   "%and_ln72_1 = and i1 %or_ln72_1, %tmp_3" [mlp_FP/mlp.cpp:72->mlp_FP/mlp.cpp:91]   --->   Operation 191 'and' 'and_ln72_1' <Predicate = true> <Delay = 0.00> <Core = "LogicGate">   --->   Core 27 'LogicGate' <Latency = 0> <II = 1> <Delay = 0.33> <FuncUnit> <Opcode : 'and' 'or' 'xor'> <InPorts = 2> <OutPorts = 1>
ST_25 : Operation 192 [1/1] (0.52ns) (out node of the LUT)   --->   "%select_ln72_1 = select i1 %and_ln72_1, float 0.000000e+00, float %acc_0_i6" [mlp_FP/mlp.cpp:72->mlp_FP/mlp.cpp:91]   --->   Operation 192 'select' 'select_ln72_1' <Predicate = true> <Delay = 0.52> <Core = "Sel">   --->   Core 26 'Sel' <Latency = 0> <II = 1> <Delay = 0.52> <FuncUnit> <Opcode : 'select'> <InPorts = 3> <OutPorts = 1>
ST_25 : Operation 193 [1/1] (0.00ns)   --->   "%a2_addr = getelementptr inbounds [8 x float]* %a2, i64 0, i64 %zext_ln91" [mlp_FP/mlp.cpp:91]   --->   Operation 193 'getelementptr' 'a2_addr' <Predicate = true> <Delay = 0.00>
ST_25 : Operation 194 [1/1] (0.79ns)   --->   "store float %select_ln72_1, float* %a2_addr, align 4" [mlp_FP/mlp.cpp:91]   --->   Operation 194 'store' <Predicate = true> <Delay = 0.79> <Core = "RAM">   --->   Core 37 'RAM' <Latency = 1> <II = 1> <Delay = 0.79> <Storage> <Opcode : 'load' 'store'> <Ports = 2> <Width = 32> <Depth = 10> <RAM>
ST_25 : Operation 195 [1/1] (0.00ns)   --->   "br label %.preheader4" [mlp_FP/mlp.cpp:90]   --->   Operation 195 'br' <Predicate = true> <Delay = 0.00>

State 26 <SV = 3> <Delay = 1.35>
ST_26 : Operation 196 [1/1] (0.00ns)   --->   "%j2_0 = phi i4 [ %j_2, %neuron.exit ], [ 0, %.preheader3.preheader ]"   --->   Operation 196 'phi' 'j2_0' <Predicate = true> <Delay = 0.00>
ST_26 : Operation 197 [1/1] (0.88ns)   --->   "%icmp_ln94 = icmp eq i4 %j2_0, -8" [mlp_FP/mlp.cpp:94]   --->   Operation 197 'icmp' 'icmp_ln94' <Predicate = true> <Delay = 0.88> <Core = "Cmp">   --->   Core 25 'Cmp' <Latency = 0> <II = 1> <Delay = 0.88> <FuncUnit> <Opcode : 'icmp'> <InPorts = 2> <OutPorts = 1>
ST_26 : Operation 198 [1/1] (0.00ns)   --->   "%empty_8 = call i32 (...)* @_ssdm_op_SpecLoopTripCount(i64 8, i64 8, i64 8) nounwind"   --->   Operation 198 'speclooptripcount' 'empty_8' <Predicate = true> <Delay = 0.00>
ST_26 : Operation 199 [1/1] (0.86ns)   --->   "%j_2 = add i4 %j2_0, 1" [mlp_FP/mlp.cpp:94]   --->   Operation 199 'add' 'j_2' <Predicate = true> <Delay = 0.86> <Core = "AddSub">   --->   Core 14 'AddSub' <Latency = 0> <II = 1> <Delay = 0.86> <FuncUnit> <Opcode : 'add' 'sub'> <InPorts = 2> <OutPorts = 1>
ST_26 : Operation 200 [1/1] (0.00ns)   --->   "br i1 %icmp_ln94, label %.preheader2.preheader, label %8" [mlp_FP/mlp.cpp:94]   --->   Operation 200 'br' <Predicate = true> <Delay = 0.00>
ST_26 : Operation 201 [1/1] (0.00ns)   --->   "%zext_ln95 = zext i4 %j2_0 to i64" [mlp_FP/mlp.cpp:95]   --->   Operation 201 'zext' 'zext_ln95' <Predicate = (!icmp_ln94)> <Delay = 0.00>
ST_26 : Operation 202 [1/1] (0.00ns)   --->   "%B3_addr = getelementptr inbounds [8 x float]* @B3, i64 0, i64 %zext_ln95" [mlp_FP/mlp.cpp:95]   --->   Operation 202 'getelementptr' 'B3_addr' <Predicate = (!icmp_ln94)> <Delay = 0.00>
ST_26 : Operation 203 [2/2] (1.35ns)   --->   "%acc_3 = load float* %B3_addr, align 4" [mlp_FP/mlp.cpp:95]   --->   Operation 203 'load' 'acc_3' <Predicate = (!icmp_ln94)> <Delay = 1.35> <Core = "ROM_nP">   --->   Core 52 'ROM_nP' <Latency = 1> <II = 1> <Delay = 1.35> <Storage> <Opcode : 'load'> <Ports = 0> <Width = 32> <Depth = 80> <ROM>
ST_26 : Operation 204 [1/1] (0.75ns)   --->   "br label %.preheader2" [mlp_FP/mlp.cpp:98]   --->   Operation 204 'br' <Predicate = (icmp_ln94)> <Delay = 0.75>

State 27 <SV = 4> <Delay = 1.35>
ST_27 : Operation 205 [1/1] (0.00ns)   --->   "call void (...)* @_ssdm_op_SpecLoopName([7 x i8]* @p_str3) nounwind" [mlp_FP/mlp.cpp:95]   --->   Operation 205 'specloopname' <Predicate = true> <Delay = 0.00>
ST_27 : Operation 206 [1/1] (0.00ns)   --->   "%tmp_11 = call i7 @_ssdm_op_BitConcatenate.i7.i4.i3(i4 %j2_0, i3 0)" [mlp_FP/mlp.cpp:69->mlp_FP/mlp.cpp:95]   --->   Operation 206 'bitconcatenate' 'tmp_11' <Predicate = true> <Delay = 0.00>
ST_27 : Operation 207 [1/1] (0.00ns)   --->   "%zext_ln95_1 = zext i7 %tmp_11 to i8" [mlp_FP/mlp.cpp:95]   --->   Operation 207 'zext' 'zext_ln95_1' <Predicate = true> <Delay = 0.00>
ST_27 : Operation 208 [1/2] (1.35ns)   --->   "%acc_3 = load float* %B3_addr, align 4" [mlp_FP/mlp.cpp:95]   --->   Operation 208 'load' 'acc_3' <Predicate = true> <Delay = 1.35> <Core = "ROM_nP">   --->   Core 52 'ROM_nP' <Latency = 1> <II = 1> <Delay = 1.35> <Storage> <Opcode : 'load'> <Ports = 0> <Width = 32> <Depth = 80> <ROM>
ST_27 : Operation 209 [1/1] (0.75ns)   --->   "br label %9" [mlp_FP/mlp.cpp:68->mlp_FP/mlp.cpp:95]   --->   Operation 209 'br' <Predicate = true> <Delay = 0.75>

State 28 <SV = 5> <Delay = 3.34>
ST_28 : Operation 210 [1/1] (0.00ns)   --->   "%acc_0_i17 = phi float [ %acc_3, %8 ], [ %acc_6, %10 ]"   --->   Operation 210 'phi' 'acc_0_i17' <Predicate = true> <Delay = 0.00>
ST_28 : Operation 211 [1/1] (0.00ns)   --->   "%i_0_i18 = phi i4 [ 0, %8 ], [ %i_2, %10 ]"   --->   Operation 211 'phi' 'i_0_i18' <Predicate = true> <Delay = 0.00>
ST_28 : Operation 212 [1/1] (0.00ns)   --->   "%empty_9 = call i32 (...)* @_ssdm_op_SpecLoopTripCount(i64 8, i64 8, i64 8) nounwind"   --->   Operation 212 'speclooptripcount' 'empty_9' <Predicate = true> <Delay = 0.00>
ST_28 : Operation 213 [1/1] (0.88ns)   --->   "%icmp_ln68_2 = icmp eq i4 %i_0_i18, -8" [mlp_FP/mlp.cpp:68->mlp_FP/mlp.cpp:95]   --->   Operation 213 'icmp' 'icmp_ln68_2' <Predicate = true> <Delay = 0.88> <Core = "Cmp">   --->   Core 25 'Cmp' <Latency = 0> <II = 1> <Delay = 0.88> <FuncUnit> <Opcode : 'icmp'> <InPorts = 2> <OutPorts = 1>
ST_28 : Operation 214 [1/1] (0.86ns)   --->   "%i_2 = add i4 %i_0_i18, 1" [mlp_FP/mlp.cpp:68->mlp_FP/mlp.cpp:95]   --->   Operation 214 'add' 'i_2' <Predicate = true> <Delay = 0.86> <Core = "AddSub">   --->   Core 14 'AddSub' <Latency = 0> <II = 1> <Delay = 0.86> <FuncUnit> <Opcode : 'add' 'sub'> <InPorts = 2> <OutPorts = 1>
ST_28 : Operation 215 [1/1] (0.00ns)   --->   "br i1 %icmp_ln68_2, label %neuron.exit, label %10" [mlp_FP/mlp.cpp:68->mlp_FP/mlp.cpp:95]   --->   Operation 215 'br' <Predicate = true> <Delay = 0.00>
ST_28 : Operation 216 [1/1] (0.00ns)   --->   "%zext_ln69_2 = zext i4 %i_0_i18 to i64" [mlp_FP/mlp.cpp:69->mlp_FP/mlp.cpp:95]   --->   Operation 216 'zext' 'zext_ln69_2' <Predicate = (!icmp_ln68_2)> <Delay = 0.00>
ST_28 : Operation 217 [1/1] (0.00ns)   --->   "%zext_ln69_10 = zext i4 %i_0_i18 to i8" [mlp_FP/mlp.cpp:69->mlp_FP/mlp.cpp:95]   --->   Operation 217 'zext' 'zext_ln69_10' <Predicate = (!icmp_ln68_2)> <Delay = 0.00>
ST_28 : Operation 218 [1/1] (0.89ns)   --->   "%add_ln69_3 = add i8 %zext_ln95_1, %zext_ln69_10" [mlp_FP/mlp.cpp:69->mlp_FP/mlp.cpp:95]   --->   Operation 218 'add' 'add_ln69_3' <Predicate = (!icmp_ln68_2)> <Delay = 0.89> <Core = "AddSub">   --->   Core 14 'AddSub' <Latency = 0> <II = 1> <Delay = 0.86> <FuncUnit> <Opcode : 'add' 'sub'> <InPorts = 2> <OutPorts = 1>
ST_28 : Operation 219 [1/1] (0.00ns)   --->   "%zext_ln69_11 = zext i8 %add_ln69_3 to i64" [mlp_FP/mlp.cpp:69->mlp_FP/mlp.cpp:95]   --->   Operation 219 'zext' 'zext_ln69_11' <Predicate = (!icmp_ln68_2)> <Delay = 0.00>
ST_28 : Operation 220 [1/1] (0.00ns)   --->   "%W3_addr = getelementptr [64 x float]* @W3, i64 0, i64 %zext_ln69_11" [mlp_FP/mlp.cpp:69->mlp_FP/mlp.cpp:95]   --->   Operation 220 'getelementptr' 'W3_addr' <Predicate = (!icmp_ln68_2)> <Delay = 0.00>
ST_28 : Operation 221 [1/1] (0.00ns)   --->   "%a2_addr_1 = getelementptr [8 x float]* %a2, i64 0, i64 %zext_ln69_2" [mlp_FP/mlp.cpp:69->mlp_FP/mlp.cpp:95]   --->   Operation 221 'getelementptr' 'a2_addr_1' <Predicate = (!icmp_ln68_2)> <Delay = 0.00>
ST_28 : Operation 222 [2/2] (0.79ns)   --->   "%a2_load = load float* %a2_addr_1, align 4" [mlp_FP/mlp.cpp:69->mlp_FP/mlp.cpp:95]   --->   Operation 222 'load' 'a2_load' <Predicate = (!icmp_ln68_2)> <Delay = 0.79> <Core = "RAM">   --->   Core 37 'RAM' <Latency = 1> <II = 1> <Delay = 0.79> <Storage> <Opcode : 'load' 'store'> <Ports = 2> <Width = 32> <Depth = 10> <RAM>
ST_28 : Operation 223 [2/2] (1.35ns)   --->   "%W3_load = load float* %W3_addr, align 4" [mlp_FP/mlp.cpp:69->mlp_FP/mlp.cpp:95]   --->   Operation 223 'load' 'W3_load' <Predicate = (!icmp_ln68_2)> <Delay = 1.35> <Core = "ROM_nP">   --->   Core 52 'ROM_nP' <Latency = 1> <II = 1> <Delay = 1.35> <Storage> <Opcode : 'load'> <Ports = 0> <Width = 32> <Depth = 80> <ROM>
ST_28 : Operation 224 [2/2] (3.34ns)   --->   "%tmp_5 = fcmp olt float %acc_0_i17, 0.000000e+00" [mlp_FP/mlp.cpp:72->mlp_FP/mlp.cpp:95]   --->   Operation 224 'fcmp' 'tmp_5' <Predicate = (icmp_ln68_2)> <Delay = 3.34> <Core = "FCmp">   --->   Core 111 'FCmp' <Latency = 1> <II = 1> <Delay = 3.34> <FuncUnit> <Opcode : 'fcmp'> <InPorts = 2> <OutPorts = 1>

State 29 <SV = 6> <Delay = 1.35>
ST_29 : Operation 225 [1/2] (0.79ns)   --->   "%a2_load = load float* %a2_addr_1, align 4" [mlp_FP/mlp.cpp:69->mlp_FP/mlp.cpp:95]   --->   Operation 225 'load' 'a2_load' <Predicate = true> <Delay = 0.79> <Core = "RAM">   --->   Core 37 'RAM' <Latency = 1> <II = 1> <Delay = 0.79> <Storage> <Opcode : 'load' 'store'> <Ports = 2> <Width = 32> <Depth = 10> <RAM>
ST_29 : Operation 226 [1/2] (1.35ns)   --->   "%W3_load = load float* %W3_addr, align 4" [mlp_FP/mlp.cpp:69->mlp_FP/mlp.cpp:95]   --->   Operation 226 'load' 'W3_load' <Predicate = true> <Delay = 1.35> <Core = "ROM_nP">   --->   Core 52 'ROM_nP' <Latency = 1> <II = 1> <Delay = 1.35> <Storage> <Opcode : 'load'> <Ports = 0> <Width = 32> <Depth = 80> <ROM>

State 30 <SV = 7> <Delay = 8.28>
ST_30 : Operation 227 [3/3] (8.28ns)   --->   "%tmp_i2 = fmul float %a2_load, %W3_load" [mlp_FP/mlp.cpp:69->mlp_FP/mlp.cpp:95]   --->   Operation 227 'fmul' 'tmp_i2' <Predicate = true> <Delay = 8.28> <Core = "FMul">   --->   Core 106 'FMul' <Latency = 2> <II = 1> <Delay = 8.28> <FuncUnit> <Opcode : 'fmul'> <InPorts = 2> <OutPorts = 1>

State 31 <SV = 8> <Delay = 8.28>
ST_31 : Operation 228 [2/3] (8.28ns)   --->   "%tmp_i2 = fmul float %a2_load, %W3_load" [mlp_FP/mlp.cpp:69->mlp_FP/mlp.cpp:95]   --->   Operation 228 'fmul' 'tmp_i2' <Predicate = true> <Delay = 8.28> <Core = "FMul">   --->   Core 106 'FMul' <Latency = 2> <II = 1> <Delay = 8.28> <FuncUnit> <Opcode : 'fmul'> <InPorts = 2> <OutPorts = 1>

State 32 <SV = 9> <Delay = 8.28>
ST_32 : Operation 229 [1/3] (8.28ns)   --->   "%tmp_i2 = fmul float %a2_load, %W3_load" [mlp_FP/mlp.cpp:69->mlp_FP/mlp.cpp:95]   --->   Operation 229 'fmul' 'tmp_i2' <Predicate = true> <Delay = 8.28> <Core = "FMul">   --->   Core 106 'FMul' <Latency = 2> <II = 1> <Delay = 8.28> <FuncUnit> <Opcode : 'fmul'> <InPorts = 2> <OutPorts = 1>

State 33 <SV = 10> <Delay = 9.20>
ST_33 : Operation 230 [4/4] (9.20ns)   --->   "%acc_6 = fadd float %acc_0_i17, %tmp_i2" [mlp_FP/mlp.cpp:69->mlp_FP/mlp.cpp:95]   --->   Operation 230 'fadd' 'acc_6' <Predicate = true> <Delay = 9.20> <Core = "FAddSub">   --->   Core 105 'FAddSub' <Latency = 3> <II = 1> <Delay = 7.71> <FuncUnit> <Opcode : 'fadd' 'fsub'> <InPorts = 2> <OutPorts = 1>

State 34 <SV = 11> <Delay = 7.71>
ST_34 : Operation 231 [3/4] (7.71ns)   --->   "%acc_6 = fadd float %acc_0_i17, %tmp_i2" [mlp_FP/mlp.cpp:69->mlp_FP/mlp.cpp:95]   --->   Operation 231 'fadd' 'acc_6' <Predicate = true> <Delay = 7.71> <Core = "FAddSub">   --->   Core 105 'FAddSub' <Latency = 3> <II = 1> <Delay = 7.71> <FuncUnit> <Opcode : 'fadd' 'fsub'> <InPorts = 2> <OutPorts = 1>

State 35 <SV = 12> <Delay = 7.71>
ST_35 : Operation 232 [2/4] (7.71ns)   --->   "%acc_6 = fadd float %acc_0_i17, %tmp_i2" [mlp_FP/mlp.cpp:69->mlp_FP/mlp.cpp:95]   --->   Operation 232 'fadd' 'acc_6' <Predicate = true> <Delay = 7.71> <Core = "FAddSub">   --->   Core 105 'FAddSub' <Latency = 3> <II = 1> <Delay = 7.71> <FuncUnit> <Opcode : 'fadd' 'fsub'> <InPorts = 2> <OutPorts = 1>

State 36 <SV = 13> <Delay = 7.71>
ST_36 : Operation 233 [1/1] (0.00ns)   --->   "call void (...)* @_ssdm_op_SpecLoopName([11 x i8]* @p_str) nounwind" [mlp_FP/mlp.cpp:68->mlp_FP/mlp.cpp:95]   --->   Operation 233 'specloopname' <Predicate = true> <Delay = 0.00>
ST_36 : Operation 234 [1/4] (7.71ns)   --->   "%acc_6 = fadd float %acc_0_i17, %tmp_i2" [mlp_FP/mlp.cpp:69->mlp_FP/mlp.cpp:95]   --->   Operation 234 'fadd' 'acc_6' <Predicate = true> <Delay = 7.71> <Core = "FAddSub">   --->   Core 105 'FAddSub' <Latency = 3> <II = 1> <Delay = 7.71> <FuncUnit> <Opcode : 'fadd' 'fsub'> <InPorts = 2> <OutPorts = 1>
ST_36 : Operation 235 [1/1] (0.00ns)   --->   "br label %9" [mlp_FP/mlp.cpp:68->mlp_FP/mlp.cpp:95]   --->   Operation 235 'br' <Predicate = true> <Delay = 0.00>

State 37 <SV = 6> <Delay = 4.66>
ST_37 : Operation 236 [1/1] (0.00ns)   --->   "%bitcast_ln72_2 = bitcast float %acc_0_i17 to i32" [mlp_FP/mlp.cpp:72->mlp_FP/mlp.cpp:95]   --->   Operation 236 'bitcast' 'bitcast_ln72_2' <Predicate = true> <Delay = 0.00>
ST_37 : Operation 237 [1/1] (0.00ns)   --->   "%tmp_4 = call i8 @_ssdm_op_PartSelect.i8.i32.i32.i32(i32 %bitcast_ln72_2, i32 23, i32 30)" [mlp_FP/mlp.cpp:72->mlp_FP/mlp.cpp:95]   --->   Operation 237 'partselect' 'tmp_4' <Predicate = true> <Delay = 0.00>
ST_37 : Operation 238 [1/1] (0.00ns)   --->   "%trunc_ln72_2 = trunc i32 %bitcast_ln72_2 to i23" [mlp_FP/mlp.cpp:72->mlp_FP/mlp.cpp:95]   --->   Operation 238 'trunc' 'trunc_ln72_2' <Predicate = true> <Delay = 0.00>
ST_37 : Operation 239 [1/1] (0.85ns)   --->   "%icmp_ln72_4 = icmp ne i8 %tmp_4, -1" [mlp_FP/mlp.cpp:72->mlp_FP/mlp.cpp:95]   --->   Operation 239 'icmp' 'icmp_ln72_4' <Predicate = true> <Delay = 0.85> <Core = "Cmp">   --->   Core 25 'Cmp' <Latency = 0> <II = 1> <Delay = 0.88> <FuncUnit> <Opcode : 'icmp'> <InPorts = 2> <OutPorts = 1>
ST_37 : Operation 240 [1/1] (0.97ns)   --->   "%icmp_ln72_5 = icmp eq i23 %trunc_ln72_2, 0" [mlp_FP/mlp.cpp:72->mlp_FP/mlp.cpp:95]   --->   Operation 240 'icmp' 'icmp_ln72_5' <Predicate = true> <Delay = 0.97> <Core = "Cmp">   --->   Core 25 'Cmp' <Latency = 0> <II = 1> <Delay = 0.88> <FuncUnit> <Opcode : 'icmp'> <InPorts = 2> <OutPorts = 1>
ST_37 : Operation 241 [1/1] (0.00ns) (grouped into LUT with out node select_ln72_2)   --->   "%or_ln72_2 = or i1 %icmp_ln72_5, %icmp_ln72_4" [mlp_FP/mlp.cpp:72->mlp_FP/mlp.cpp:95]   --->   Operation 241 'or' 'or_ln72_2' <Predicate = true> <Delay = 0.00> <Core = "LogicGate">   --->   Core 27 'LogicGate' <Latency = 0> <II = 1> <Delay = 0.33> <FuncUnit> <Opcode : 'and' 'or' 'xor'> <InPorts = 2> <OutPorts = 1>
ST_37 : Operation 242 [1/2] (3.34ns)   --->   "%tmp_5 = fcmp olt float %acc_0_i17, 0.000000e+00" [mlp_FP/mlp.cpp:72->mlp_FP/mlp.cpp:95]   --->   Operation 242 'fcmp' 'tmp_5' <Predicate = true> <Delay = 3.34> <Core = "FCmp">   --->   Core 111 'FCmp' <Latency = 1> <II = 1> <Delay = 3.34> <FuncUnit> <Opcode : 'fcmp'> <InPorts = 2> <OutPorts = 1>
ST_37 : Operation 243 [1/1] (0.00ns) (grouped into LUT with out node select_ln72_2)   --->   "%and_ln72_2 = and i1 %or_ln72_2, %tmp_5" [mlp_FP/mlp.cpp:72->mlp_FP/mlp.cpp:95]   --->   Operation 243 'and' 'and_ln72_2' <Predicate = true> <Delay = 0.00> <Core = "LogicGate">   --->   Core 27 'LogicGate' <Latency = 0> <II = 1> <Delay = 0.33> <FuncUnit> <Opcode : 'and' 'or' 'xor'> <InPorts = 2> <OutPorts = 1>
ST_37 : Operation 244 [1/1] (0.52ns) (out node of the LUT)   --->   "%select_ln72_2 = select i1 %and_ln72_2, float 0.000000e+00, float %acc_0_i17" [mlp_FP/mlp.cpp:72->mlp_FP/mlp.cpp:95]   --->   Operation 244 'select' 'select_ln72_2' <Predicate = true> <Delay = 0.52> <Core = "Sel">   --->   Core 26 'Sel' <Latency = 0> <II = 1> <Delay = 0.52> <FuncUnit> <Opcode : 'select'> <InPorts = 3> <OutPorts = 1>
ST_37 : Operation 245 [1/1] (0.00ns)   --->   "%a3_addr = getelementptr inbounds [8 x float]* %a3, i64 0, i64 %zext_ln95" [mlp_FP/mlp.cpp:95]   --->   Operation 245 'getelementptr' 'a3_addr' <Predicate = true> <Delay = 0.00>
ST_37 : Operation 246 [1/1] (0.79ns)   --->   "store float %select_ln72_2, float* %a3_addr, align 4" [mlp_FP/mlp.cpp:95]   --->   Operation 246 'store' <Predicate = true> <Delay = 0.79> <Core = "RAM">   --->   Core 37 'RAM' <Latency = 1> <II = 1> <Delay = 0.79> <Storage> <Opcode : 'load' 'store'> <Ports = 2> <Width = 32> <Depth = 10> <RAM>
ST_37 : Operation 247 [1/1] (0.00ns)   --->   "br label %.preheader3" [mlp_FP/mlp.cpp:94]   --->   Operation 247 'br' <Predicate = true> <Delay = 0.00>

State 38 <SV = 4> <Delay = 1.35>
ST_38 : Operation 248 [1/1] (0.00ns)   --->   "%j3_0 = phi i4 [ %j_4, %neuron.18.exit ], [ 0, %.preheader2.preheader ]"   --->   Operation 248 'phi' 'j3_0' <Predicate = true> <Delay = 0.00>
ST_38 : Operation 249 [1/1] (0.88ns)   --->   "%icmp_ln98 = icmp eq i4 %j3_0, -6" [mlp_FP/mlp.cpp:98]   --->   Operation 249 'icmp' 'icmp_ln98' <Predicate = true> <Delay = 0.88> <Core = "Cmp">   --->   Core 25 'Cmp' <Latency = 0> <II = 1> <Delay = 0.88> <FuncUnit> <Opcode : 'icmp'> <InPorts = 2> <OutPorts = 1>
ST_38 : Operation 250 [1/1] (0.00ns)   --->   "%empty_10 = call i32 (...)* @_ssdm_op_SpecLoopTripCount(i64 10, i64 10, i64 10) nounwind"   --->   Operation 250 'speclooptripcount' 'empty_10' <Predicate = true> <Delay = 0.00>
ST_38 : Operation 251 [1/1] (0.86ns)   --->   "%j_4 = add i4 %j3_0, 1" [mlp_FP/mlp.cpp:98]   --->   Operation 251 'add' 'j_4' <Predicate = true> <Delay = 0.86> <Core = "AddSub">   --->   Core 14 'AddSub' <Latency = 0> <II = 1> <Delay = 0.86> <FuncUnit> <Opcode : 'add' 'sub'> <InPorts = 2> <OutPorts = 1>
ST_38 : Operation 252 [1/1] (0.00ns)   --->   "br i1 %icmp_ln98, label %14, label %11" [mlp_FP/mlp.cpp:98]   --->   Operation 252 'br' <Predicate = true> <Delay = 0.00>
ST_38 : Operation 253 [1/1] (0.00ns)   --->   "%zext_ln99 = zext i4 %j3_0 to i64" [mlp_FP/mlp.cpp:99]   --->   Operation 253 'zext' 'zext_ln99' <Predicate = (!icmp_ln98)> <Delay = 0.00>
ST_38 : Operation 254 [1/1] (0.00ns)   --->   "%B4_addr = getelementptr inbounds [10 x float]* @B4, i64 0, i64 %zext_ln99" [mlp_FP/mlp.cpp:99]   --->   Operation 254 'getelementptr' 'B4_addr' <Predicate = (!icmp_ln98)> <Delay = 0.00>
ST_38 : Operation 255 [2/2] (1.35ns)   --->   "%acc_5 = load float* %B4_addr, align 4" [mlp_FP/mlp.cpp:99]   --->   Operation 255 'load' 'acc_5' <Predicate = (!icmp_ln98)> <Delay = 1.35> <Core = "ROM_nP">   --->   Core 52 'ROM_nP' <Latency = 1> <II = 1> <Delay = 1.35> <Storage> <Opcode : 'load'> <Ports = 0> <Width = 32> <Depth = 80> <ROM>
ST_38 : Operation 256 [1/1] (0.00ns)   --->   "%z4_addr = getelementptr inbounds [10 x float]* %z4, i64 0, i64 0" [mlp_FP/mlp.cpp:101]   --->   Operation 256 'getelementptr' 'z4_addr' <Predicate = (icmp_ln98)> <Delay = 0.00>
ST_38 : Operation 257 [2/2] (0.79ns)   --->   "%maxv = load float* %z4_addr, align 16" [mlp_FP/mlp.cpp:101]   --->   Operation 257 'load' 'maxv' <Predicate = (icmp_ln98)> <Delay = 0.79> <Core = "RAM">   --->   Core 37 'RAM' <Latency = 1> <II = 1> <Delay = 0.79> <Storage> <Opcode : 'load' 'store'> <Ports = 2> <Width = 32> <Depth = 10> <RAM>

State 39 <SV = 5> <Delay = 1.35>
ST_39 : Operation 258 [1/1] (0.00ns)   --->   "call void (...)* @_ssdm_op_SpecLoopName([7 x i8]* @p_str4) nounwind" [mlp_FP/mlp.cpp:99]   --->   Operation 258 'specloopname' <Predicate = true> <Delay = 0.00>
ST_39 : Operation 259 [1/1] (0.00ns)   --->   "%tmp_12 = call i7 @_ssdm_op_BitConcatenate.i7.i4.i3(i4 %j3_0, i3 0)" [mlp_FP/mlp.cpp:69->mlp_FP/mlp.cpp:99]   --->   Operation 259 'bitconcatenate' 'tmp_12' <Predicate = true> <Delay = 0.00>
ST_39 : Operation 260 [1/1] (0.00ns)   --->   "%zext_ln99_1 = zext i7 %tmp_12 to i8" [mlp_FP/mlp.cpp:99]   --->   Operation 260 'zext' 'zext_ln99_1' <Predicate = true> <Delay = 0.00>
ST_39 : Operation 261 [1/2] (1.35ns)   --->   "%acc_5 = load float* %B4_addr, align 4" [mlp_FP/mlp.cpp:99]   --->   Operation 261 'load' 'acc_5' <Predicate = true> <Delay = 1.35> <Core = "ROM_nP">   --->   Core 52 'ROM_nP' <Latency = 1> <II = 1> <Delay = 1.35> <Storage> <Opcode : 'load'> <Ports = 0> <Width = 32> <Depth = 80> <ROM>
ST_39 : Operation 262 [1/1] (0.75ns)   --->   "br label %12" [mlp_FP/mlp.cpp:68->mlp_FP/mlp.cpp:99]   --->   Operation 262 'br' <Predicate = true> <Delay = 0.75>

State 40 <SV = 6> <Delay = 2.24>
ST_40 : Operation 263 [1/1] (0.00ns)   --->   "%acc_0_i28 = phi float [ %acc_5, %11 ], [ %acc_7, %13 ]"   --->   Operation 263 'phi' 'acc_0_i28' <Predicate = true> <Delay = 0.00>
ST_40 : Operation 264 [1/1] (0.00ns)   --->   "%i_0_i29 = phi i4 [ 0, %11 ], [ %i_3, %13 ]"   --->   Operation 264 'phi' 'i_0_i29' <Predicate = true> <Delay = 0.00>
ST_40 : Operation 265 [1/1] (0.00ns)   --->   "%empty_11 = call i32 (...)* @_ssdm_op_SpecLoopTripCount(i64 8, i64 8, i64 8) nounwind"   --->   Operation 265 'speclooptripcount' 'empty_11' <Predicate = true> <Delay = 0.00>
ST_40 : Operation 266 [1/1] (0.88ns)   --->   "%icmp_ln68_3 = icmp eq i4 %i_0_i29, -8" [mlp_FP/mlp.cpp:68->mlp_FP/mlp.cpp:99]   --->   Operation 266 'icmp' 'icmp_ln68_3' <Predicate = true> <Delay = 0.88> <Core = "Cmp">   --->   Core 25 'Cmp' <Latency = 0> <II = 1> <Delay = 0.88> <FuncUnit> <Opcode : 'icmp'> <InPorts = 2> <OutPorts = 1>
ST_40 : Operation 267 [1/1] (0.86ns)   --->   "%i_3 = add i4 %i_0_i29, 1" [mlp_FP/mlp.cpp:68->mlp_FP/mlp.cpp:99]   --->   Operation 267 'add' 'i_3' <Predicate = true> <Delay = 0.86> <Core = "AddSub">   --->   Core 14 'AddSub' <Latency = 0> <II = 1> <Delay = 0.86> <FuncUnit> <Opcode : 'add' 'sub'> <InPorts = 2> <OutPorts = 1>
ST_40 : Operation 268 [1/1] (0.00ns)   --->   "br i1 %icmp_ln68_3, label %neuron.18.exit, label %13" [mlp_FP/mlp.cpp:68->mlp_FP/mlp.cpp:99]   --->   Operation 268 'br' <Predicate = true> <Delay = 0.00>
ST_40 : Operation 269 [1/1] (0.00ns)   --->   "%zext_ln69_3 = zext i4 %i_0_i29 to i64" [mlp_FP/mlp.cpp:69->mlp_FP/mlp.cpp:99]   --->   Operation 269 'zext' 'zext_ln69_3' <Predicate = (!icmp_ln68_3)> <Delay = 0.00>
ST_40 : Operation 270 [1/1] (0.00ns)   --->   "%zext_ln69_12 = zext i4 %i_0_i29 to i8" [mlp_FP/mlp.cpp:69->mlp_FP/mlp.cpp:99]   --->   Operation 270 'zext' 'zext_ln69_12' <Predicate = (!icmp_ln68_3)> <Delay = 0.00>
ST_40 : Operation 271 [1/1] (0.89ns)   --->   "%add_ln69_4 = add i8 %zext_ln99_1, %zext_ln69_12" [mlp_FP/mlp.cpp:69->mlp_FP/mlp.cpp:99]   --->   Operation 271 'add' 'add_ln69_4' <Predicate = (!icmp_ln68_3)> <Delay = 0.89> <Core = "AddSub">   --->   Core 14 'AddSub' <Latency = 0> <II = 1> <Delay = 0.86> <FuncUnit> <Opcode : 'add' 'sub'> <InPorts = 2> <OutPorts = 1>
ST_40 : Operation 272 [1/1] (0.00ns)   --->   "%zext_ln69_13 = zext i8 %add_ln69_4 to i64" [mlp_FP/mlp.cpp:69->mlp_FP/mlp.cpp:99]   --->   Operation 272 'zext' 'zext_ln69_13' <Predicate = (!icmp_ln68_3)> <Delay = 0.00>
ST_40 : Operation 273 [1/1] (0.00ns)   --->   "%W4_addr = getelementptr [80 x float]* @W4, i64 0, i64 %zext_ln69_13" [mlp_FP/mlp.cpp:69->mlp_FP/mlp.cpp:99]   --->   Operation 273 'getelementptr' 'W4_addr' <Predicate = (!icmp_ln68_3)> <Delay = 0.00>
ST_40 : Operation 274 [1/1] (0.00ns)   --->   "%a3_addr_1 = getelementptr [8 x float]* %a3, i64 0, i64 %zext_ln69_3" [mlp_FP/mlp.cpp:69->mlp_FP/mlp.cpp:99]   --->   Operation 274 'getelementptr' 'a3_addr_1' <Predicate = (!icmp_ln68_3)> <Delay = 0.00>
ST_40 : Operation 275 [2/2] (0.79ns)   --->   "%a3_load = load float* %a3_addr_1, align 4" [mlp_FP/mlp.cpp:69->mlp_FP/mlp.cpp:99]   --->   Operation 275 'load' 'a3_load' <Predicate = (!icmp_ln68_3)> <Delay = 0.79> <Core = "RAM">   --->   Core 37 'RAM' <Latency = 1> <II = 1> <Delay = 0.79> <Storage> <Opcode : 'load' 'store'> <Ports = 2> <Width = 32> <Depth = 10> <RAM>
ST_40 : Operation 276 [2/2] (1.35ns)   --->   "%W4_load = load float* %W4_addr, align 4" [mlp_FP/mlp.cpp:69->mlp_FP/mlp.cpp:99]   --->   Operation 276 'load' 'W4_load' <Predicate = (!icmp_ln68_3)> <Delay = 1.35> <Core = "ROM_nP">   --->   Core 52 'ROM_nP' <Latency = 1> <II = 1> <Delay = 1.35> <Storage> <Opcode : 'load'> <Ports = 0> <Width = 32> <Depth = 80> <ROM>
ST_40 : Operation 277 [1/1] (0.00ns)   --->   "%z4_addr_1 = getelementptr inbounds [10 x float]* %z4, i64 0, i64 %zext_ln99" [mlp_FP/mlp.cpp:99]   --->   Operation 277 'getelementptr' 'z4_addr_1' <Predicate = (icmp_ln68_3)> <Delay = 0.00>
ST_40 : Operation 278 [1/1] (0.79ns)   --->   "store float %acc_0_i28, float* %z4_addr_1, align 4" [mlp_FP/mlp.cpp:99]   --->   Operation 278 'store' <Predicate = (icmp_ln68_3)> <Delay = 0.79> <Core = "RAM">   --->   Core 37 'RAM' <Latency = 1> <II = 1> <Delay = 0.79> <Storage> <Opcode : 'load' 'store'> <Ports = 2> <Width = 32> <Depth = 10> <RAM>
ST_40 : Operation 279 [1/1] (0.00ns)   --->   "br label %.preheader2" [mlp_FP/mlp.cpp:98]   --->   Operation 279 'br' <Predicate = (icmp_ln68_3)> <Delay = 0.00>

State 41 <SV = 7> <Delay = 1.35>
ST_41 : Operation 280 [1/2] (0.79ns)   --->   "%a3_load = load float* %a3_addr_1, align 4" [mlp_FP/mlp.cpp:69->mlp_FP/mlp.cpp:99]   --->   Operation 280 'load' 'a3_load' <Predicate = true> <Delay = 0.79> <Core = "RAM">   --->   Core 37 'RAM' <Latency = 1> <II = 1> <Delay = 0.79> <Storage> <Opcode : 'load' 'store'> <Ports = 2> <Width = 32> <Depth = 10> <RAM>
ST_41 : Operation 281 [1/2] (1.35ns)   --->   "%W4_load = load float* %W4_addr, align 4" [mlp_FP/mlp.cpp:69->mlp_FP/mlp.cpp:99]   --->   Operation 281 'load' 'W4_load' <Predicate = true> <Delay = 1.35> <Core = "ROM_nP">   --->   Core 52 'ROM_nP' <Latency = 1> <II = 1> <Delay = 1.35> <Storage> <Opcode : 'load'> <Ports = 0> <Width = 32> <Depth = 80> <ROM>

State 42 <SV = 8> <Delay = 8.28>
ST_42 : Operation 282 [3/3] (8.28ns)   --->   "%tmp_i3 = fmul float %a3_load, %W4_load" [mlp_FP/mlp.cpp:69->mlp_FP/mlp.cpp:99]   --->   Operation 282 'fmul' 'tmp_i3' <Predicate = true> <Delay = 8.28> <Core = "FMul">   --->   Core 106 'FMul' <Latency = 2> <II = 1> <Delay = 8.28> <FuncUnit> <Opcode : 'fmul'> <InPorts = 2> <OutPorts = 1>

State 43 <SV = 9> <Delay = 8.28>
ST_43 : Operation 283 [2/3] (8.28ns)   --->   "%tmp_i3 = fmul float %a3_load, %W4_load" [mlp_FP/mlp.cpp:69->mlp_FP/mlp.cpp:99]   --->   Operation 283 'fmul' 'tmp_i3' <Predicate = true> <Delay = 8.28> <Core = "FMul">   --->   Core 106 'FMul' <Latency = 2> <II = 1> <Delay = 8.28> <FuncUnit> <Opcode : 'fmul'> <InPorts = 2> <OutPorts = 1>

State 44 <SV = 10> <Delay = 8.28>
ST_44 : Operation 284 [1/3] (8.28ns)   --->   "%tmp_i3 = fmul float %a3_load, %W4_load" [mlp_FP/mlp.cpp:69->mlp_FP/mlp.cpp:99]   --->   Operation 284 'fmul' 'tmp_i3' <Predicate = true> <Delay = 8.28> <Core = "FMul">   --->   Core 106 'FMul' <Latency = 2> <II = 1> <Delay = 8.28> <FuncUnit> <Opcode : 'fmul'> <InPorts = 2> <OutPorts = 1>

State 45 <SV = 11> <Delay = 9.20>
ST_45 : Operation 285 [4/4] (9.20ns)   --->   "%acc_7 = fadd float %acc_0_i28, %tmp_i3" [mlp_FP/mlp.cpp:69->mlp_FP/mlp.cpp:99]   --->   Operation 285 'fadd' 'acc_7' <Predicate = true> <Delay = 9.20> <Core = "FAddSub">   --->   Core 105 'FAddSub' <Latency = 3> <II = 1> <Delay = 7.71> <FuncUnit> <Opcode : 'fadd' 'fsub'> <InPorts = 2> <OutPorts = 1>

State 46 <SV = 12> <Delay = 7.71>
ST_46 : Operation 286 [3/4] (7.71ns)   --->   "%acc_7 = fadd float %acc_0_i28, %tmp_i3" [mlp_FP/mlp.cpp:69->mlp_FP/mlp.cpp:99]   --->   Operation 286 'fadd' 'acc_7' <Predicate = true> <Delay = 7.71> <Core = "FAddSub">   --->   Core 105 'FAddSub' <Latency = 3> <II = 1> <Delay = 7.71> <FuncUnit> <Opcode : 'fadd' 'fsub'> <InPorts = 2> <OutPorts = 1>

State 47 <SV = 13> <Delay = 7.71>
ST_47 : Operation 287 [2/4] (7.71ns)   --->   "%acc_7 = fadd float %acc_0_i28, %tmp_i3" [mlp_FP/mlp.cpp:69->mlp_FP/mlp.cpp:99]   --->   Operation 287 'fadd' 'acc_7' <Predicate = true> <Delay = 7.71> <Core = "FAddSub">   --->   Core 105 'FAddSub' <Latency = 3> <II = 1> <Delay = 7.71> <FuncUnit> <Opcode : 'fadd' 'fsub'> <InPorts = 2> <OutPorts = 1>

State 48 <SV = 14> <Delay = 7.71>
ST_48 : Operation 288 [1/1] (0.00ns)   --->   "call void (...)* @_ssdm_op_SpecLoopName([11 x i8]* @p_str) nounwind" [mlp_FP/mlp.cpp:68->mlp_FP/mlp.cpp:99]   --->   Operation 288 'specloopname' <Predicate = true> <Delay = 0.00>
ST_48 : Operation 289 [1/4] (7.71ns)   --->   "%acc_7 = fadd float %acc_0_i28, %tmp_i3" [mlp_FP/mlp.cpp:69->mlp_FP/mlp.cpp:99]   --->   Operation 289 'fadd' 'acc_7' <Predicate = true> <Delay = 7.71> <Core = "FAddSub">   --->   Core 105 'FAddSub' <Latency = 3> <II = 1> <Delay = 7.71> <FuncUnit> <Opcode : 'fadd' 'fsub'> <InPorts = 2> <OutPorts = 1>
ST_48 : Operation 290 [1/1] (0.00ns)   --->   "br label %12" [mlp_FP/mlp.cpp:68->mlp_FP/mlp.cpp:99]   --->   Operation 290 'br' <Predicate = true> <Delay = 0.00>

State 49 <SV = 5> <Delay = 0.79>
ST_49 : Operation 291 [1/2] (0.79ns)   --->   "%maxv = load float* %z4_addr, align 16" [mlp_FP/mlp.cpp:101]   --->   Operation 291 'load' 'maxv' <Predicate = true> <Delay = 0.79> <Core = "RAM">   --->   Core 37 'RAM' <Latency = 1> <II = 1> <Delay = 0.79> <Storage> <Opcode : 'load' 'store'> <Ports = 2> <Width = 32> <Depth = 10> <RAM>
ST_49 : Operation 292 [1/1] (0.75ns)   --->   "br label %15" [mlp_FP/mlp.cpp:103]   --->   Operation 292 'br' <Predicate = true> <Delay = 0.75>

State 50 <SV = 6> <Delay = 0.88>
ST_50 : Operation 293 [1/1] (0.00ns)   --->   "%j4_0 = phi i4 [ 1, %14 ], [ %j_3, %._crit_edge ]"   --->   Operation 293 'phi' 'j4_0' <Predicate = true> <Delay = 0.00>
ST_50 : Operation 294 [1/1] (0.00ns)   --->   "%maxv_0 = phi float [ %maxv, %14 ], [ %maxv_2, %._crit_edge ]"   --->   Operation 294 'phi' 'maxv_0' <Predicate = true> <Delay = 0.00>
ST_50 : Operation 295 [1/1] (0.88ns)   --->   "%icmp_ln103 = icmp eq i4 %j4_0, -6" [mlp_FP/mlp.cpp:103]   --->   Operation 295 'icmp' 'icmp_ln103' <Predicate = true> <Delay = 0.88> <Core = "Cmp">   --->   Core 25 'Cmp' <Latency = 0> <II = 1> <Delay = 0.88> <FuncUnit> <Opcode : 'icmp'> <InPorts = 2> <OutPorts = 1>
ST_50 : Operation 296 [1/1] (0.00ns)   --->   "%empty_12 = call i32 (...)* @_ssdm_op_SpecLoopTripCount(i64 9, i64 9, i64 9) nounwind"   --->   Operation 296 'speclooptripcount' 'empty_12' <Predicate = true> <Delay = 0.00>
ST_50 : Operation 297 [1/1] (0.00ns)   --->   "br i1 %icmp_ln103, label %.preheader1.preheader, label %._crit_edge" [mlp_FP/mlp.cpp:103]   --->   Operation 297 'br' <Predicate = true> <Delay = 0.00>
ST_50 : Operation 298 [1/1] (0.00ns)   --->   "%zext_ln104 = zext i4 %j4_0 to i64" [mlp_FP/mlp.cpp:104]   --->   Operation 298 'zext' 'zext_ln104' <Predicate = (!icmp_ln103)> <Delay = 0.00>
ST_50 : Operation 299 [1/1] (0.00ns)   --->   "%z4_addr_2 = getelementptr inbounds [10 x float]* %z4, i64 0, i64 %zext_ln104" [mlp_FP/mlp.cpp:104]   --->   Operation 299 'getelementptr' 'z4_addr_2' <Predicate = (!icmp_ln103)> <Delay = 0.00>
ST_50 : Operation 300 [2/2] (0.79ns)   --->   "%maxv_1 = load float* %z4_addr_2, align 4" [mlp_FP/mlp.cpp:104]   --->   Operation 300 'load' 'maxv_1' <Predicate = (!icmp_ln103)> <Delay = 0.79> <Core = "RAM">   --->   Core 37 'RAM' <Latency = 1> <II = 1> <Delay = 0.79> <Storage> <Opcode : 'load' 'store'> <Ports = 2> <Width = 32> <Depth = 10> <RAM>
ST_50 : Operation 301 [1/1] (0.86ns)   --->   "%j_3 = add i4 1, %j4_0" [mlp_FP/mlp.cpp:103]   --->   Operation 301 'add' 'j_3' <Predicate = (!icmp_ln103)> <Delay = 0.86> <Core = "AddSub">   --->   Core 14 'AddSub' <Latency = 0> <II = 1> <Delay = 0.86> <FuncUnit> <Opcode : 'add' 'sub'> <InPorts = 2> <OutPorts = 1>
ST_50 : Operation 302 [1/1] (0.75ns)   --->   "br label %.preheader1" [mlp_FP/mlp.cpp:109]   --->   Operation 302 'br' <Predicate = (icmp_ln103)> <Delay = 0.75>

State 51 <SV = 7> <Delay = 4.13>
ST_51 : Operation 303 [1/2] (0.79ns)   --->   "%maxv_1 = load float* %z4_addr_2, align 4" [mlp_FP/mlp.cpp:104]   --->   Operation 303 'load' 'maxv_1' <Predicate = true> <Delay = 0.79> <Core = "RAM">   --->   Core 37 'RAM' <Latency = 1> <II = 1> <Delay = 0.79> <Storage> <Opcode : 'load' 'store'> <Ports = 2> <Width = 32> <Depth = 10> <RAM>
ST_51 : Operation 304 [2/2] (3.34ns)   --->   "%tmp_s = fcmp ogt float %maxv_1, %maxv_0" [mlp_FP/mlp.cpp:104]   --->   Operation 304 'fcmp' 'tmp_s' <Predicate = true> <Delay = 3.34> <Core = "FCmp">   --->   Core 111 'FCmp' <Latency = 1> <II = 1> <Delay = 3.34> <FuncUnit> <Opcode : 'fcmp'> <InPorts = 2> <OutPorts = 1>

State 52 <SV = 8> <Delay = 4.20>
ST_52 : Operation 305 [1/1] (0.00ns)   --->   "call void (...)* @_ssdm_op_SpecLoopName([12 x i8]* @p_str5) nounwind" [mlp_FP/mlp.cpp:104]   --->   Operation 305 'specloopname' <Predicate = true> <Delay = 0.00>
ST_52 : Operation 306 [1/1] (0.00ns)   --->   "%bitcast_ln104 = bitcast float %maxv_1 to i32" [mlp_FP/mlp.cpp:104]   --->   Operation 306 'bitcast' 'bitcast_ln104' <Predicate = true> <Delay = 0.00>
ST_52 : Operation 307 [1/1] (0.00ns)   --->   "%tmp_6 = call i8 @_ssdm_op_PartSelect.i8.i32.i32.i32(i32 %bitcast_ln104, i32 23, i32 30)" [mlp_FP/mlp.cpp:104]   --->   Operation 307 'partselect' 'tmp_6' <Predicate = true> <Delay = 0.00>
ST_52 : Operation 308 [1/1] (0.00ns)   --->   "%trunc_ln104 = trunc i32 %bitcast_ln104 to i23" [mlp_FP/mlp.cpp:104]   --->   Operation 308 'trunc' 'trunc_ln104' <Predicate = true> <Delay = 0.00>
ST_52 : Operation 309 [1/1] (0.00ns)   --->   "%bitcast_ln104_1 = bitcast float %maxv_0 to i32" [mlp_FP/mlp.cpp:104]   --->   Operation 309 'bitcast' 'bitcast_ln104_1' <Predicate = true> <Delay = 0.00>
ST_52 : Operation 310 [1/1] (0.00ns)   --->   "%tmp_8 = call i8 @_ssdm_op_PartSelect.i8.i32.i32.i32(i32 %bitcast_ln104_1, i32 23, i32 30)" [mlp_FP/mlp.cpp:104]   --->   Operation 310 'partselect' 'tmp_8' <Predicate = true> <Delay = 0.00>
ST_52 : Operation 311 [1/1] (0.00ns)   --->   "%trunc_ln104_1 = trunc i32 %bitcast_ln104_1 to i23" [mlp_FP/mlp.cpp:104]   --->   Operation 311 'trunc' 'trunc_ln104_1' <Predicate = true> <Delay = 0.00>
ST_52 : Operation 312 [1/1] (0.85ns)   --->   "%icmp_ln104 = icmp ne i8 %tmp_6, -1" [mlp_FP/mlp.cpp:104]   --->   Operation 312 'icmp' 'icmp_ln104' <Predicate = true> <Delay = 0.85> <Core = "Cmp">   --->   Core 25 'Cmp' <Latency = 0> <II = 1> <Delay = 0.88> <FuncUnit> <Opcode : 'icmp'> <InPorts = 2> <OutPorts = 1>
ST_52 : Operation 313 [1/1] (0.97ns)   --->   "%icmp_ln104_1 = icmp eq i23 %trunc_ln104, 0" [mlp_FP/mlp.cpp:104]   --->   Operation 313 'icmp' 'icmp_ln104_1' <Predicate = true> <Delay = 0.97> <Core = "Cmp">   --->   Core 25 'Cmp' <Latency = 0> <II = 1> <Delay = 0.88> <FuncUnit> <Opcode : 'icmp'> <InPorts = 2> <OutPorts = 1>
ST_52 : Operation 314 [1/1] (0.00ns) (grouped into LUT with out node and_ln104_1)   --->   "%or_ln104 = or i1 %icmp_ln104_1, %icmp_ln104" [mlp_FP/mlp.cpp:104]   --->   Operation 314 'or' 'or_ln104' <Predicate = true> <Delay = 0.00> <Core = "LogicGate">   --->   Core 27 'LogicGate' <Latency = 0> <II = 1> <Delay = 0.33> <FuncUnit> <Opcode : 'and' 'or' 'xor'> <InPorts = 2> <OutPorts = 1>
ST_52 : Operation 315 [1/1] (0.85ns)   --->   "%icmp_ln104_2 = icmp ne i8 %tmp_8, -1" [mlp_FP/mlp.cpp:104]   --->   Operation 315 'icmp' 'icmp_ln104_2' <Predicate = true> <Delay = 0.85> <Core = "Cmp">   --->   Core 25 'Cmp' <Latency = 0> <II = 1> <Delay = 0.88> <FuncUnit> <Opcode : 'icmp'> <InPorts = 2> <OutPorts = 1>
ST_52 : Operation 316 [1/1] (0.97ns)   --->   "%icmp_ln104_3 = icmp eq i23 %trunc_ln104_1, 0" [mlp_FP/mlp.cpp:104]   --->   Operation 316 'icmp' 'icmp_ln104_3' <Predicate = true> <Delay = 0.97> <Core = "Cmp">   --->   Core 25 'Cmp' <Latency = 0> <II = 1> <Delay = 0.88> <FuncUnit> <Opcode : 'icmp'> <InPorts = 2> <OutPorts = 1>
ST_52 : Operation 317 [1/1] (0.00ns) (grouped into LUT with out node and_ln104_1)   --->   "%or_ln104_1 = or i1 %icmp_ln104_3, %icmp_ln104_2" [mlp_FP/mlp.cpp:104]   --->   Operation 317 'or' 'or_ln104_1' <Predicate = true> <Delay = 0.00> <Core = "LogicGate">   --->   Core 27 'LogicGate' <Latency = 0> <II = 1> <Delay = 0.33> <FuncUnit> <Opcode : 'and' 'or' 'xor'> <InPorts = 2> <OutPorts = 1>
ST_52 : Operation 318 [1/1] (0.00ns) (grouped into LUT with out node and_ln104_1)   --->   "%and_ln104 = and i1 %or_ln104, %or_ln104_1" [mlp_FP/mlp.cpp:104]   --->   Operation 318 'and' 'and_ln104' <Predicate = true> <Delay = 0.00> <Core = "LogicGate">   --->   Core 27 'LogicGate' <Latency = 0> <II = 1> <Delay = 0.33> <FuncUnit> <Opcode : 'and' 'or' 'xor'> <InPorts = 2> <OutPorts = 1>
ST_52 : Operation 319 [1/2] (3.34ns)   --->   "%tmp_s = fcmp ogt float %maxv_1, %maxv_0" [mlp_FP/mlp.cpp:104]   --->   Operation 319 'fcmp' 'tmp_s' <Predicate = true> <Delay = 3.34> <Core = "FCmp">   --->   Core 111 'FCmp' <Latency = 1> <II = 1> <Delay = 3.34> <FuncUnit> <Opcode : 'fcmp'> <InPorts = 2> <OutPorts = 1>
ST_52 : Operation 320 [1/1] (0.33ns) (out node of the LUT)   --->   "%and_ln104_1 = and i1 %and_ln104, %tmp_s" [mlp_FP/mlp.cpp:104]   --->   Operation 320 'and' 'and_ln104_1' <Predicate = true> <Delay = 0.33> <Core = "LogicGate">   --->   Core 27 'LogicGate' <Latency = 0> <II = 1> <Delay = 0.33> <FuncUnit> <Opcode : 'and' 'or' 'xor'> <InPorts = 2> <OutPorts = 1>
ST_52 : Operation 321 [1/1] (0.52ns) (out node of the LUT)   --->   "%maxv_2 = select i1 %and_ln104_1, float %maxv_1, float %maxv_0" [mlp_FP/mlp.cpp:104]   --->   Operation 321 'select' 'maxv_2' <Predicate = true> <Delay = 0.52> <Core = "Sel">   --->   Core 26 'Sel' <Latency = 0> <II = 1> <Delay = 0.52> <FuncUnit> <Opcode : 'select'> <InPorts = 3> <OutPorts = 1>
ST_52 : Operation 322 [1/1] (0.00ns)   --->   "br label %15" [mlp_FP/mlp.cpp:103]   --->   Operation 322 'br' <Predicate = true> <Delay = 0.00>

State 53 <SV = 7> <Delay = 0.88>
ST_53 : Operation 323 [1/1] (0.00ns)   --->   "%sum_0 = phi float [ %sum, %16 ], [ 0.000000e+00, %.preheader1.preheader ]"   --->   Operation 323 'phi' 'sum_0' <Predicate = true> <Delay = 0.00>
ST_53 : Operation 324 [1/1] (0.00ns)   --->   "%j5_0 = phi i4 [ %j_5, %16 ], [ 0, %.preheader1.preheader ]"   --->   Operation 324 'phi' 'j5_0' <Predicate = true> <Delay = 0.00>
ST_53 : Operation 325 [1/1] (0.88ns)   --->   "%icmp_ln109 = icmp eq i4 %j5_0, -6" [mlp_FP/mlp.cpp:109]   --->   Operation 325 'icmp' 'icmp_ln109' <Predicate = true> <Delay = 0.88> <Core = "Cmp">   --->   Core 25 'Cmp' <Latency = 0> <II = 1> <Delay = 0.88> <FuncUnit> <Opcode : 'icmp'> <InPorts = 2> <OutPorts = 1>
ST_53 : Operation 326 [1/1] (0.00ns)   --->   "%empty_13 = call i32 (...)* @_ssdm_op_SpecLoopTripCount(i64 10, i64 10, i64 10) nounwind"   --->   Operation 326 'speclooptripcount' 'empty_13' <Predicate = true> <Delay = 0.00>
ST_53 : Operation 327 [1/1] (0.86ns)   --->   "%j_5 = add i4 %j5_0, 1" [mlp_FP/mlp.cpp:109]   --->   Operation 327 'add' 'j_5' <Predicate = true> <Delay = 0.86> <Core = "AddSub">   --->   Core 14 'AddSub' <Latency = 0> <II = 1> <Delay = 0.86> <FuncUnit> <Opcode : 'add' 'sub'> <InPorts = 2> <OutPorts = 1>
ST_53 : Operation 328 [1/1] (0.00ns)   --->   "br i1 %icmp_ln109, label %.preheader.preheader, label %16" [mlp_FP/mlp.cpp:109]   --->   Operation 328 'br' <Predicate = true> <Delay = 0.00>
ST_53 : Operation 329 [1/1] (0.00ns)   --->   "%zext_ln110 = zext i4 %j5_0 to i64" [mlp_FP/mlp.cpp:110]   --->   Operation 329 'zext' 'zext_ln110' <Predicate = (!icmp_ln109)> <Delay = 0.00>
ST_53 : Operation 330 [1/1] (0.00ns)   --->   "%z4_addr_3 = getelementptr inbounds [10 x float]* %z4, i64 0, i64 %zext_ln110" [mlp_FP/mlp.cpp:110]   --->   Operation 330 'getelementptr' 'z4_addr_3' <Predicate = (!icmp_ln109)> <Delay = 0.00>
ST_53 : Operation 331 [2/2] (0.79ns)   --->   "%z4_load = load float* %z4_addr_3, align 4" [mlp_FP/mlp.cpp:110]   --->   Operation 331 'load' 'z4_load' <Predicate = (!icmp_ln109)> <Delay = 0.79> <Core = "RAM">   --->   Core 37 'RAM' <Latency = 1> <II = 1> <Delay = 0.79> <Storage> <Opcode : 'load' 'store'> <Ports = 2> <Width = 32> <Depth = 10> <RAM>
ST_53 : Operation 332 [1/1] (0.75ns)   --->   "br label %.preheader" [mlp_FP/mlp.cpp:116]   --->   Operation 332 'br' <Predicate = (icmp_ln109)> <Delay = 0.75>

State 54 <SV = 8> <Delay = 9.99>
ST_54 : Operation 333 [1/2] (0.79ns)   --->   "%z4_load = load float* %z4_addr_3, align 4" [mlp_FP/mlp.cpp:110]   --->   Operation 333 'load' 'z4_load' <Predicate = true> <Delay = 0.79> <Core = "RAM">   --->   Core 37 'RAM' <Latency = 1> <II = 1> <Delay = 0.79> <Storage> <Opcode : 'load' 'store'> <Ports = 2> <Width = 32> <Depth = 10> <RAM>
ST_54 : Operation 334 [4/4] (9.20ns)   --->   "%tmp_7 = fsub float %z4_load, %maxv_0" [mlp_FP/mlp.cpp:110]   --->   Operation 334 'fsub' 'tmp_7' <Predicate = true> <Delay = 9.20> <Core = "FAddSub">   --->   Core 105 'FAddSub' <Latency = 3> <II = 1> <Delay = 7.71> <FuncUnit> <Opcode : 'fadd' 'fsub'> <InPorts = 2> <OutPorts = 1>

State 55 <SV = 9> <Delay = 7.71>
ST_55 : Operation 335 [3/4] (7.71ns)   --->   "%tmp_7 = fsub float %z4_load, %maxv_0" [mlp_FP/mlp.cpp:110]   --->   Operation 335 'fsub' 'tmp_7' <Predicate = true> <Delay = 7.71> <Core = "FAddSub">   --->   Core 105 'FAddSub' <Latency = 3> <II = 1> <Delay = 7.71> <FuncUnit> <Opcode : 'fadd' 'fsub'> <InPorts = 2> <OutPorts = 1>

State 56 <SV = 10> <Delay = 7.71>
ST_56 : Operation 336 [2/4] (7.71ns)   --->   "%tmp_7 = fsub float %z4_load, %maxv_0" [mlp_FP/mlp.cpp:110]   --->   Operation 336 'fsub' 'tmp_7' <Predicate = true> <Delay = 7.71> <Core = "FAddSub">   --->   Core 105 'FAddSub' <Latency = 3> <II = 1> <Delay = 7.71> <FuncUnit> <Opcode : 'fadd' 'fsub'> <InPorts = 2> <OutPorts = 1>

State 57 <SV = 11> <Delay = 7.71>
ST_57 : Operation 337 [1/4] (7.71ns)   --->   "%tmp_7 = fsub float %z4_load, %maxv_0" [mlp_FP/mlp.cpp:110]   --->   Operation 337 'fsub' 'tmp_7' <Predicate = true> <Delay = 7.71> <Core = "FAddSub">   --->   Core 105 'FAddSub' <Latency = 3> <II = 1> <Delay = 7.71> <FuncUnit> <Opcode : 'fadd' 'fsub'> <InPorts = 2> <OutPorts = 1>

State 58 <SV = 12> <Delay = 6.00>
ST_58 : Operation 338 [8/8] (6.00ns)   --->   "%e = call float @llvm.exp.f32(float %tmp_7)" [mlp_FP/mlp.cpp:110]   --->   Operation 338 'fexp' 'e' <Predicate = true> <Delay = 6.00> <Core = "FExp">   --->   Core 127 'FExp' <Latency = 7> <II = 1> <Delay = 6.00> <FuncUnit> <Opcode : 'fexp'> <InPorts = 1> <OutPorts = 1>

State 59 <SV = 13> <Delay = 6.00>
ST_59 : Operation 339 [7/8] (6.00ns)   --->   "%e = call float @llvm.exp.f32(float %tmp_7)" [mlp_FP/mlp.cpp:110]   --->   Operation 339 'fexp' 'e' <Predicate = true> <Delay = 6.00> <Core = "FExp">   --->   Core 127 'FExp' <Latency = 7> <II = 1> <Delay = 6.00> <FuncUnit> <Opcode : 'fexp'> <InPorts = 1> <OutPorts = 1>

State 60 <SV = 14> <Delay = 6.00>
ST_60 : Operation 340 [6/8] (6.00ns)   --->   "%e = call float @llvm.exp.f32(float %tmp_7)" [mlp_FP/mlp.cpp:110]   --->   Operation 340 'fexp' 'e' <Predicate = true> <Delay = 6.00> <Core = "FExp">   --->   Core 127 'FExp' <Latency = 7> <II = 1> <Delay = 6.00> <FuncUnit> <Opcode : 'fexp'> <InPorts = 1> <OutPorts = 1>

State 61 <SV = 15> <Delay = 6.00>
ST_61 : Operation 341 [5/8] (6.00ns)   --->   "%e = call float @llvm.exp.f32(float %tmp_7)" [mlp_FP/mlp.cpp:110]   --->   Operation 341 'fexp' 'e' <Predicate = true> <Delay = 6.00> <Core = "FExp">   --->   Core 127 'FExp' <Latency = 7> <II = 1> <Delay = 6.00> <FuncUnit> <Opcode : 'fexp'> <InPorts = 1> <OutPorts = 1>

State 62 <SV = 16> <Delay = 6.00>
ST_62 : Operation 342 [4/8] (6.00ns)   --->   "%e = call float @llvm.exp.f32(float %tmp_7)" [mlp_FP/mlp.cpp:110]   --->   Operation 342 'fexp' 'e' <Predicate = true> <Delay = 6.00> <Core = "FExp">   --->   Core 127 'FExp' <Latency = 7> <II = 1> <Delay = 6.00> <FuncUnit> <Opcode : 'fexp'> <InPorts = 1> <OutPorts = 1>

State 63 <SV = 17> <Delay = 6.00>
ST_63 : Operation 343 [3/8] (6.00ns)   --->   "%e = call float @llvm.exp.f32(float %tmp_7)" [mlp_FP/mlp.cpp:110]   --->   Operation 343 'fexp' 'e' <Predicate = true> <Delay = 6.00> <Core = "FExp">   --->   Core 127 'FExp' <Latency = 7> <II = 1> <Delay = 6.00> <FuncUnit> <Opcode : 'fexp'> <InPorts = 1> <OutPorts = 1>

State 64 <SV = 18> <Delay = 6.00>
ST_64 : Operation 344 [2/8] (6.00ns)   --->   "%e = call float @llvm.exp.f32(float %tmp_7)" [mlp_FP/mlp.cpp:110]   --->   Operation 344 'fexp' 'e' <Predicate = true> <Delay = 6.00> <Core = "FExp">   --->   Core 127 'FExp' <Latency = 7> <II = 1> <Delay = 6.00> <FuncUnit> <Opcode : 'fexp'> <InPorts = 1> <OutPorts = 1>

State 65 <SV = 19> <Delay = 6.79>
ST_65 : Operation 345 [1/8] (6.00ns)   --->   "%e = call float @llvm.exp.f32(float %tmp_7)" [mlp_FP/mlp.cpp:110]   --->   Operation 345 'fexp' 'e' <Predicate = true> <Delay = 6.00> <Core = "FExp">   --->   Core 127 'FExp' <Latency = 7> <II = 1> <Delay = 6.00> <FuncUnit> <Opcode : 'fexp'> <InPorts = 1> <OutPorts = 1>
ST_65 : Operation 346 [1/1] (0.00ns)   --->   "%output_addr = getelementptr [10 x float]* %output_r, i64 0, i64 %zext_ln110" [mlp_FP/mlp.cpp:111]   --->   Operation 346 'getelementptr' 'output_addr' <Predicate = true> <Delay = 0.00>
ST_65 : Operation 347 [1/1] (0.79ns)   --->   "store float %e, float* %output_addr, align 4" [mlp_FP/mlp.cpp:111]   --->   Operation 347 'store' <Predicate = true> <Delay = 0.79> <Core = "RAM">   --->   Core 37 'RAM' <Latency = 1> <II = 1> <Delay = 0.79> <Storage> <Opcode : 'load' 'store'> <Ports = 2> <Width = 32> <Depth = 10> <RAM>

State 66 <SV = 20> <Delay = 9.20>
ST_66 : Operation 348 [4/4] (9.20ns)   --->   "%sum = fadd float %sum_0, %e" [mlp_FP/mlp.cpp:112]   --->   Operation 348 'fadd' 'sum' <Predicate = true> <Delay = 9.20> <Core = "FAddSub">   --->   Core 105 'FAddSub' <Latency = 3> <II = 1> <Delay = 7.71> <FuncUnit> <Opcode : 'fadd' 'fsub'> <InPorts = 2> <OutPorts = 1>

State 67 <SV = 21> <Delay = 7.71>
ST_67 : Operation 349 [3/4] (7.71ns)   --->   "%sum = fadd float %sum_0, %e" [mlp_FP/mlp.cpp:112]   --->   Operation 349 'fadd' 'sum' <Predicate = true> <Delay = 7.71> <Core = "FAddSub">   --->   Core 105 'FAddSub' <Latency = 3> <II = 1> <Delay = 7.71> <FuncUnit> <Opcode : 'fadd' 'fsub'> <InPorts = 2> <OutPorts = 1>

State 68 <SV = 22> <Delay = 7.71>
ST_68 : Operation 350 [2/4] (7.71ns)   --->   "%sum = fadd float %sum_0, %e" [mlp_FP/mlp.cpp:112]   --->   Operation 350 'fadd' 'sum' <Predicate = true> <Delay = 7.71> <Core = "FAddSub">   --->   Core 105 'FAddSub' <Latency = 3> <II = 1> <Delay = 7.71> <FuncUnit> <Opcode : 'fadd' 'fsub'> <InPorts = 2> <OutPorts = 1>

State 69 <SV = 23> <Delay = 7.71>
ST_69 : Operation 351 [1/1] (0.00ns)   --->   "call void (...)* @_ssdm_op_SpecLoopName([12 x i8]* @p_str6) nounwind" [mlp_FP/mlp.cpp:109]   --->   Operation 351 'specloopname' <Predicate = true> <Delay = 0.00>
ST_69 : Operation 352 [1/4] (7.71ns)   --->   "%sum = fadd float %sum_0, %e" [mlp_FP/mlp.cpp:112]   --->   Operation 352 'fadd' 'sum' <Predicate = true> <Delay = 7.71> <Core = "FAddSub">   --->   Core 105 'FAddSub' <Latency = 3> <II = 1> <Delay = 7.71> <FuncUnit> <Opcode : 'fadd' 'fsub'> <InPorts = 2> <OutPorts = 1>
ST_69 : Operation 353 [1/1] (0.00ns)   --->   "br label %.preheader1" [mlp_FP/mlp.cpp:109]   --->   Operation 353 'br' <Predicate = true> <Delay = 0.00>

State 70 <SV = 8> <Delay = 0.88>
ST_70 : Operation 354 [1/1] (0.00ns)   --->   "%j6_0 = phi i4 [ %j_6, %17 ], [ 0, %.preheader.preheader ]"   --->   Operation 354 'phi' 'j6_0' <Predicate = true> <Delay = 0.00>
ST_70 : Operation 355 [1/1] (0.88ns)   --->   "%icmp_ln116 = icmp eq i4 %j6_0, -6" [mlp_FP/mlp.cpp:116]   --->   Operation 355 'icmp' 'icmp_ln116' <Predicate = true> <Delay = 0.88> <Core = "Cmp">   --->   Core 25 'Cmp' <Latency = 0> <II = 1> <Delay = 0.88> <FuncUnit> <Opcode : 'icmp'> <InPorts = 2> <OutPorts = 1>
ST_70 : Operation 356 [1/1] (0.00ns)   --->   "%empty_14 = call i32 (...)* @_ssdm_op_SpecLoopTripCount(i64 10, i64 10, i64 10) nounwind"   --->   Operation 356 'speclooptripcount' 'empty_14' <Predicate = true> <Delay = 0.00>
ST_70 : Operation 357 [1/1] (0.86ns)   --->   "%j_6 = add i4 %j6_0, 1" [mlp_FP/mlp.cpp:116]   --->   Operation 357 'add' 'j_6' <Predicate = true> <Delay = 0.86> <Core = "AddSub">   --->   Core 14 'AddSub' <Latency = 0> <II = 1> <Delay = 0.86> <FuncUnit> <Opcode : 'add' 'sub'> <InPorts = 2> <OutPorts = 1>
ST_70 : Operation 358 [1/1] (0.00ns)   --->   "br i1 %icmp_ln116, label %18, label %17" [mlp_FP/mlp.cpp:116]   --->   Operation 358 'br' <Predicate = true> <Delay = 0.00>
ST_70 : Operation 359 [1/1] (0.00ns)   --->   "%zext_ln117 = zext i4 %j6_0 to i64" [mlp_FP/mlp.cpp:117]   --->   Operation 359 'zext' 'zext_ln117' <Predicate = (!icmp_ln116)> <Delay = 0.00>
ST_70 : Operation 360 [1/1] (0.00ns)   --->   "%output_addr_1 = getelementptr [10 x float]* %output_r, i64 0, i64 %zext_ln117" [mlp_FP/mlp.cpp:117]   --->   Operation 360 'getelementptr' 'output_addr_1' <Predicate = (!icmp_ln116)> <Delay = 0.00>
ST_70 : Operation 361 [2/2] (0.79ns)   --->   "%output_load = load float* %output_addr_1, align 4" [mlp_FP/mlp.cpp:117]   --->   Operation 361 'load' 'output_load' <Predicate = (!icmp_ln116)> <Delay = 0.79> <Core = "RAM">   --->   Core 37 'RAM' <Latency = 1> <II = 1> <Delay = 0.79> <Storage> <Opcode : 'load' 'store'> <Ports = 2> <Width = 32> <Depth = 10> <RAM>
ST_70 : Operation 362 [1/1] (0.00ns)   --->   "ret void" [mlp_FP/mlp.cpp:118]   --->   Operation 362 'ret' <Predicate = (icmp_ln116)> <Delay = 0.00>

State 71 <SV = 9> <Delay = 0.79>
ST_71 : Operation 363 [1/2] (0.79ns)   --->   "%output_load = load float* %output_addr_1, align 4" [mlp_FP/mlp.cpp:117]   --->   Operation 363 'load' 'output_load' <Predicate = true> <Delay = 0.79> <Core = "RAM">   --->   Core 37 'RAM' <Latency = 1> <II = 1> <Delay = 0.79> <Storage> <Opcode : 'load' 'store'> <Ports = 2> <Width = 32> <Depth = 10> <RAM>

State 72 <SV = 10> <Delay = 8.19>
ST_72 : Operation 364 [9/9] (8.19ns)   --->   "%tmp_9 = fdiv float %output_load, %sum_0" [mlp_FP/mlp.cpp:117]   --->   Operation 364 'fdiv' 'tmp_9' <Predicate = true> <Delay = 8.19> <Core = "FDiv">   --->   Core 107 'FDiv' <Latency = 8> <II = 1> <Delay = 8.19> <FuncUnit> <Opcode : 'fdiv' 'frem'> <InPorts = 2> <OutPorts = 1>

State 73 <SV = 11> <Delay = 8.19>
ST_73 : Operation 365 [8/9] (8.19ns)   --->   "%tmp_9 = fdiv float %output_load, %sum_0" [mlp_FP/mlp.cpp:117]   --->   Operation 365 'fdiv' 'tmp_9' <Predicate = true> <Delay = 8.19> <Core = "FDiv">   --->   Core 107 'FDiv' <Latency = 8> <II = 1> <Delay = 8.19> <FuncUnit> <Opcode : 'fdiv' 'frem'> <InPorts = 2> <OutPorts = 1>

State 74 <SV = 12> <Delay = 8.19>
ST_74 : Operation 366 [7/9] (8.19ns)   --->   "%tmp_9 = fdiv float %output_load, %sum_0" [mlp_FP/mlp.cpp:117]   --->   Operation 366 'fdiv' 'tmp_9' <Predicate = true> <Delay = 8.19> <Core = "FDiv">   --->   Core 107 'FDiv' <Latency = 8> <II = 1> <Delay = 8.19> <FuncUnit> <Opcode : 'fdiv' 'frem'> <InPorts = 2> <OutPorts = 1>

State 75 <SV = 13> <Delay = 8.19>
ST_75 : Operation 367 [6/9] (8.19ns)   --->   "%tmp_9 = fdiv float %output_load, %sum_0" [mlp_FP/mlp.cpp:117]   --->   Operation 367 'fdiv' 'tmp_9' <Predicate = true> <Delay = 8.19> <Core = "FDiv">   --->   Core 107 'FDiv' <Latency = 8> <II = 1> <Delay = 8.19> <FuncUnit> <Opcode : 'fdiv' 'frem'> <InPorts = 2> <OutPorts = 1>

State 76 <SV = 14> <Delay = 8.19>
ST_76 : Operation 368 [5/9] (8.19ns)   --->   "%tmp_9 = fdiv float %output_load, %sum_0" [mlp_FP/mlp.cpp:117]   --->   Operation 368 'fdiv' 'tmp_9' <Predicate = true> <Delay = 8.19> <Core = "FDiv">   --->   Core 107 'FDiv' <Latency = 8> <II = 1> <Delay = 8.19> <FuncUnit> <Opcode : 'fdiv' 'frem'> <InPorts = 2> <OutPorts = 1>

State 77 <SV = 15> <Delay = 8.19>
ST_77 : Operation 369 [4/9] (8.19ns)   --->   "%tmp_9 = fdiv float %output_load, %sum_0" [mlp_FP/mlp.cpp:117]   --->   Operation 369 'fdiv' 'tmp_9' <Predicate = true> <Delay = 8.19> <Core = "FDiv">   --->   Core 107 'FDiv' <Latency = 8> <II = 1> <Delay = 8.19> <FuncUnit> <Opcode : 'fdiv' 'frem'> <InPorts = 2> <OutPorts = 1>

State 78 <SV = 16> <Delay = 8.19>
ST_78 : Operation 370 [3/9] (8.19ns)   --->   "%tmp_9 = fdiv float %output_load, %sum_0" [mlp_FP/mlp.cpp:117]   --->   Operation 370 'fdiv' 'tmp_9' <Predicate = true> <Delay = 8.19> <Core = "FDiv">   --->   Core 107 'FDiv' <Latency = 8> <II = 1> <Delay = 8.19> <FuncUnit> <Opcode : 'fdiv' 'frem'> <InPorts = 2> <OutPorts = 1>

State 79 <SV = 17> <Delay = 8.19>
ST_79 : Operation 371 [2/9] (8.19ns)   --->   "%tmp_9 = fdiv float %output_load, %sum_0" [mlp_FP/mlp.cpp:117]   --->   Operation 371 'fdiv' 'tmp_9' <Predicate = true> <Delay = 8.19> <Core = "FDiv">   --->   Core 107 'FDiv' <Latency = 8> <II = 1> <Delay = 8.19> <FuncUnit> <Opcode : 'fdiv' 'frem'> <InPorts = 2> <OutPorts = 1>

State 80 <SV = 18> <Delay = 8.19>
ST_80 : Operation 372 [1/9] (8.19ns)   --->   "%tmp_9 = fdiv float %output_load, %sum_0" [mlp_FP/mlp.cpp:117]   --->   Operation 372 'fdiv' 'tmp_9' <Predicate = true> <Delay = 8.19> <Core = "FDiv">   --->   Core 107 'FDiv' <Latency = 8> <II = 1> <Delay = 8.19> <FuncUnit> <Opcode : 'fdiv' 'frem'> <InPorts = 2> <OutPorts = 1>

State 81 <SV = 19> <Delay = 0.79>
ST_81 : Operation 373 [1/1] (0.00ns)   --->   "call void (...)* @_ssdm_op_SpecLoopName([13 x i8]* @p_str7) nounwind" [mlp_FP/mlp.cpp:117]   --->   Operation 373 'specloopname' <Predicate = true> <Delay = 0.00>
ST_81 : Operation 374 [1/1] (0.79ns)   --->   "store float %tmp_9, float* %output_addr_1, align 4" [mlp_FP/mlp.cpp:117]   --->   Operation 374 'store' <Predicate = true> <Delay = 0.79> <Core = "RAM">   --->   Core 37 'RAM' <Latency = 1> <II = 1> <Delay = 0.79> <Storage> <Opcode : 'load' 'store'> <Ports = 2> <Width = 32> <Depth = 10> <RAM>
ST_81 : Operation 375 [1/1] (0.00ns)   --->   "br label %.preheader" [mlp_FP/mlp.cpp:116]   --->   Operation 375 'br' <Predicate = true> <Delay = 0.00>


============================================================
+ Verbose Summary: Binding
============================================================
STG Binding: 
---------------- STG Properties BEGIN ----------------
- Is combinational: 0
- Is one-state seq: 0
- Is datapath-only: 0
- Is pipelined: 0
- Is top level: 1
Port [ Return ] is wired: 1; IO mode=ap_ctrl_hs:ce=0
Port [ input_r]:  wired=1; compound=1; hidden=0; nouse=0; global=0; static=0; extern=0; dir=0; type=1; pingpong=0; private_global=0; MemPort=[13]; IO mode=ap_memory:ce=0
Port [ output_r]:  wired=1; compound=1; hidden=0; nouse=0; global=0; static=0; extern=0; dir=2; type=1; pingpong=0; private_global=0; MemPort=[23]; IO mode=ap_memory:ce=0
Port [ B1]:  wired=0; compound=1; hidden=1; nouse=0; global=1; static=1; extern=0; dir=0; type=1; pingpong=0; private_global=1; linkage=7; visibility=0; MemPort=[1]; IO mode=ap_memory:ce=0
Port [ W1]:  wired=0; compound=1; hidden=1; nouse=0; global=1; static=1; extern=0; dir=0; type=1; pingpong=0; private_global=1; linkage=7; visibility=0; MemPort=[1]; IO mode=ap_memory:ce=0
Port [ B2]:  wired=0; compound=1; hidden=1; nouse=0; global=1; static=1; extern=0; dir=0; type=1; pingpong=0; private_global=1; linkage=7; visibility=0; MemPort=[1]; IO mode=ap_memory:ce=0
Port [ W2]:  wired=0; compound=1; hidden=1; nouse=0; global=1; static=1; extern=0; dir=0; type=1; pingpong=0; private_global=1; linkage=7; visibility=0; MemPort=[1]; IO mode=ap_memory:ce=0
Port [ B3]:  wired=0; compound=1; hidden=1; nouse=0; global=1; static=1; extern=0; dir=0; type=1; pingpong=0; private_global=1; linkage=7; visibility=0; MemPort=[1]; IO mode=ap_memory:ce=0
Port [ W3]:  wired=0; compound=1; hidden=1; nouse=0; global=1; static=1; extern=0; dir=0; type=1; pingpong=0; private_global=1; linkage=7; visibility=0; MemPort=[1]; IO mode=ap_memory:ce=0
Port [ B4]:  wired=0; compound=1; hidden=1; nouse=0; global=1; static=1; extern=0; dir=0; type=1; pingpong=0; private_global=1; linkage=7; visibility=0; MemPort=[1]; IO mode=ap_memory:ce=0
Port [ W4]:  wired=0; compound=1; hidden=1; nouse=0; global=1; static=1; extern=0; dir=0; type=1; pingpong=0; private_global=1; linkage=7; visibility=0; MemPort=[1]; IO mode=ap_memory:ce=0
---------------- STG Properties END ------------------

---------------- Datapath Model BEGIN ----------------

<LifeTime>
<method=bitvector/>
specbitsmap_ln0    (specbitsmap      ) [ 0000000000000000000000000000000000000000000000000000000000000000000000000000000000]
specbitsmap_ln0    (specbitsmap      ) [ 0000000000000000000000000000000000000000000000000000000000000000000000000000000000]
spectopmodule_ln0  (spectopmodule    ) [ 0000000000000000000000000000000000000000000000000000000000000000000000000000000000]
a1                 (alloca           ) [ 0011111111111111111111111100000000000000000000000000000000000000000000000000000000]
a2                 (alloca           ) [ 0011111111111111111111111111111111111100000000000000000000000000000000000000000000]
a3                 (alloca           ) [ 0011111111111111111111111111111111111111111111111000000000000000000000000000000000]
z4                 (alloca           ) [ 0011111111111111111111111111111111111111111111111111111111111111111111000000000000]
br_ln86            (br               ) [ 0111111111111100000000000000000000000000000000000000000000000000000000000000000000]
j_0                (phi              ) [ 0010000000000000000000000000000000000000000000000000000000000000000000000000000000]
phi_mul            (phi              ) [ 0011111111111000000000000000000000000000000000000000000000000000000000000000000000]
add_ln86           (add              ) [ 0111111111111100000000000000000000000000000000000000000000000000000000000000000000]
icmp_ln86          (icmp             ) [ 0011111111111100000000000000000000000000000000000000000000000000000000000000000000]
empty              (speclooptripcount) [ 0000000000000000000000000000000000000000000000000000000000000000000000000000000000]
j                  (add              ) [ 0111111111111100000000000000000000000000000000000000000000000000000000000000000000]
br_ln86            (br               ) [ 0000000000000000000000000000000000000000000000000000000000000000000000000000000000]
zext_ln87          (zext             ) [ 0001111111111100000000000000000000000000000000000000000000000000000000000000000000]
B1_addr            (getelementptr    ) [ 0001000000000000000000000000000000000000000000000000000000000000000000000000000000]
br_ln90            (br               ) [ 0011111111111111111111111100000000000000000000000000000000000000000000000000000000]
specloopname_ln87  (specloopname     ) [ 0000000000000000000000000000000000000000000000000000000000000000000000000000000000]
acc                (load             ) [ 0011111111111100000000000000000000000000000000000000000000000000000000000000000000]
br_ln68            (br               ) [ 0011111111111100000000000000000000000000000000000000000000000000000000000000000000]
acc_0_i            (phi              ) [ 0000111111111100000000000000000000000000000000000000000000000000000000000000000000]
i_0_i              (phi              ) [ 0000100000000000000000000000000000000000000000000000000000000000000000000000000000]
empty_5            (speclooptripcount) [ 0000000000000000000000000000000000000000000000000000000000000000000000000000000000]
icmp_ln68          (icmp             ) [ 0011111111111100000000000000000000000000000000000000000000000000000000000000000000]
i                  (add              ) [ 0011111111111100000000000000000000000000000000000000000000000000000000000000000000]
br_ln68            (br               ) [ 0000000000000000000000000000000000000000000000000000000000000000000000000000000000]
zext_ln69          (zext             ) [ 0000000000000000000000000000000000000000000000000000000000000000000000000000000000]
zext_ln69_6        (zext             ) [ 0000000000000000000000000000000000000000000000000000000000000000000000000000000000]
add_ln69_1         (add              ) [ 0000000000000000000000000000000000000000000000000000000000000000000000000000000000]
zext_ln69_7        (zext             ) [ 0000000000000000000000000000000000000000000000000000000000000000000000000000000000]
W1_addr            (getelementptr    ) [ 0000010000000000000000000000000000000000000000000000000000000000000000000000000000]
input_addr         (getelementptr    ) [ 0000010000000000000000000000000000000000000000000000000000000000000000000000000000]
input_load         (load             ) [ 0000001110000000000000000000000000000000000000000000000000000000000000000000000000]
W1_load            (load             ) [ 0000001110000000000000000000000000000000000000000000000000000000000000000000000000]
tmp_i              (fmul             ) [ 0000000001111000000000000000000000000000000000000000000000000000000000000000000000]
specloopname_ln68  (specloopname     ) [ 0000000000000000000000000000000000000000000000000000000000000000000000000000000000]
acc_2              (fadd             ) [ 0011111111111100000000000000000000000000000000000000000000000000000000000000000000]
br_ln68            (br               ) [ 0011111111111100000000000000000000000000000000000000000000000000000000000000000000]
bitcast_ln72       (bitcast          ) [ 0000000000000000000000000000000000000000000000000000000000000000000000000000000000]
tmp                (partselect       ) [ 0000000000000000000000000000000000000000000000000000000000000000000000000000000000]
trunc_ln72         (trunc            ) [ 0000000000000000000000000000000000000000000000000000000000000000000000000000000000]
icmp_ln72          (icmp             ) [ 0000000000000000000000000000000000000000000000000000000000000000000000000000000000]
icmp_ln72_1        (icmp             ) [ 0000000000000000000000000000000000000000000000000000000000000000000000000000000000]
or_ln72            (or               ) [ 0000000000000000000000000000000000000000000000000000000000000000000000000000000000]
tmp_1              (fcmp             ) [ 0000000000000000000000000000000000000000000000000000000000000000000000000000000000]
and_ln72           (and              ) [ 0000000000000000000000000000000000000000000000000000000000000000000000000000000000]
select_ln72        (select           ) [ 0000000000000000000000000000000000000000000000000000000000000000000000000000000000]
a1_addr            (getelementptr    ) [ 0000000000000000000000000000000000000000000000000000000000000000000000000000000000]
store_ln87         (store            ) [ 0000000000000000000000000000000000000000000000000000000000000000000000000000000000]
br_ln86            (br               ) [ 0111111111111100000000000000000000000000000000000000000000000000000000000000000000]
j1_0               (phi              ) [ 0000000000000011000000000000000000000000000000000000000000000000000000000000000000]
icmp_ln90          (icmp             ) [ 0000000000000011111111111100000000000000000000000000000000000000000000000000000000]
empty_6            (speclooptripcount) [ 0000000000000000000000000000000000000000000000000000000000000000000000000000000000]
j_1                (add              ) [ 0010000000000011111111111100000000000000000000000000000000000000000000000000000000]
br_ln90            (br               ) [ 0000000000000000000000000000000000000000000000000000000000000000000000000000000000]
zext_ln91          (zext             ) [ 0000000000000001111111111100000000000000000000000000000000000000000000000000000000]
B2_addr            (getelementptr    ) [ 0000000000000001000000000000000000000000000000000000000000000000000000000000000000]
br_ln94            (br               ) [ 0000000000000011111111111111111111111100000000000000000000000000000000000000000000]
specloopname_ln91  (specloopname     ) [ 0000000000000000000000000000000000000000000000000000000000000000000000000000000000]
zext_ln69_4        (zext             ) [ 0000000000000000000000000000000000000000000000000000000000000000000000000000000000]
tmp_10             (bitconcatenate   ) [ 0000000000000000000000000000000000000000000000000000000000000000000000000000000000]
zext_ln69_5        (zext             ) [ 0000000000000000000000000000000000000000000000000000000000000000000000000000000000]
add_ln69           (add              ) [ 0000000000000000111111111000000000000000000000000000000000000000000000000000000000]
acc_1              (load             ) [ 0000000000000011111111111100000000000000000000000000000000000000000000000000000000]
br_ln68            (br               ) [ 0000000000000011111111111100000000000000000000000000000000000000000000000000000000]
acc_0_i6           (phi              ) [ 0000000000000000111111111100000000000000000000000000000000000000000000000000000000]
i_0_i7             (phi              ) [ 0000000000000000100000000000000000000000000000000000000000000000000000000000000000]
empty_7            (speclooptripcount) [ 0000000000000000000000000000000000000000000000000000000000000000000000000000000000]
icmp_ln68_1        (icmp             ) [ 0000000000000011111111111100000000000000000000000000000000000000000000000000000000]
i_1                (add              ) [ 0000000000000011111111111100000000000000000000000000000000000000000000000000000000]
br_ln68            (br               ) [ 0000000000000000000000000000000000000000000000000000000000000000000000000000000000]
zext_ln69_1        (zext             ) [ 0000000000000000000000000000000000000000000000000000000000000000000000000000000000]
zext_ln69_8        (zext             ) [ 0000000000000000000000000000000000000000000000000000000000000000000000000000000000]
add_ln69_2         (add              ) [ 0000000000000000000000000000000000000000000000000000000000000000000000000000000000]
zext_ln69_9        (zext             ) [ 0000000000000000000000000000000000000000000000000000000000000000000000000000000000]
W2_addr            (getelementptr    ) [ 0000000000000000010000000000000000000000000000000000000000000000000000000000000000]
a1_addr_1          (getelementptr    ) [ 0000000000000000010000000000000000000000000000000000000000000000000000000000000000]
a1_load            (load             ) [ 0000000000000000001110000000000000000000000000000000000000000000000000000000000000]
W2_load            (load             ) [ 0000000000000000001110000000000000000000000000000000000000000000000000000000000000]
tmp_i1             (fmul             ) [ 0000000000000000000001111000000000000000000000000000000000000000000000000000000000]
specloopname_ln68  (specloopname     ) [ 0000000000000000000000000000000000000000000000000000000000000000000000000000000000]
acc_4              (fadd             ) [ 0000000000000011111111111100000000000000000000000000000000000000000000000000000000]
br_ln68            (br               ) [ 0000000000000011111111111100000000000000000000000000000000000000000000000000000000]
bitcast_ln72_1     (bitcast          ) [ 0000000000000000000000000000000000000000000000000000000000000000000000000000000000]
tmp_2              (partselect       ) [ 0000000000000000000000000000000000000000000000000000000000000000000000000000000000]
trunc_ln72_1       (trunc            ) [ 0000000000000000000000000000000000000000000000000000000000000000000000000000000000]
icmp_ln72_2        (icmp             ) [ 0000000000000000000000000000000000000000000000000000000000000000000000000000000000]
icmp_ln72_3        (icmp             ) [ 0000000000000000000000000000000000000000000000000000000000000000000000000000000000]
or_ln72_1          (or               ) [ 0000000000000000000000000000000000000000000000000000000000000000000000000000000000]
tmp_3              (fcmp             ) [ 0000000000000000000000000000000000000000000000000000000000000000000000000000000000]
and_ln72_1         (and              ) [ 0000000000000000000000000000000000000000000000000000000000000000000000000000000000]
select_ln72_1      (select           ) [ 0000000000000000000000000000000000000000000000000000000000000000000000000000000000]
a2_addr            (getelementptr    ) [ 0000000000000000000000000000000000000000000000000000000000000000000000000000000000]
store_ln91         (store            ) [ 0000000000000000000000000000000000000000000000000000000000000000000000000000000000]
br_ln90            (br               ) [ 0010000000000011111111111100000000000000000000000000000000000000000000000000000000]
j2_0               (phi              ) [ 0000000000000000000000000011000000000000000000000000000000000000000000000000000000]
icmp_ln94          (icmp             ) [ 0000000000000000000000000011111111111100000000000000000000000000000000000000000000]
empty_8            (speclooptripcount) [ 0000000000000000000000000000000000000000000000000000000000000000000000000000000000]
j_2                (add              ) [ 0000000000000010000000000011111111111100000000000000000000000000000000000000000000]
br_ln94            (br               ) [ 0000000000000000000000000000000000000000000000000000000000000000000000000000000000]
zext_ln95          (zext             ) [ 0000000000000000000000000001111111111100000000000000000000000000000000000000000000]
B3_addr            (getelementptr    ) [ 0000000000000000000000000001000000000000000000000000000000000000000000000000000000]
br_ln98            (br               ) [ 0000000000000000000000000011111111111111111111111000000000000000000000000000000000]
specloopname_ln95  (specloopname     ) [ 0000000000000000000000000000000000000000000000000000000000000000000000000000000000]
tmp_11             (bitconcatenate   ) [ 0000000000000000000000000000000000000000000000000000000000000000000000000000000000]
zext_ln95_1        (zext             ) [ 0000000000000000000000000000111111111000000000000000000000000000000000000000000000]
acc_3              (load             ) [ 0000000000000000000000000011111111111100000000000000000000000000000000000000000000]
br_ln68            (br               ) [ 0000000000000000000000000011111111111100000000000000000000000000000000000000000000]
acc_0_i17          (phi              ) [ 0000000000000000000000000000111111111100000000000000000000000000000000000000000000]
i_0_i18            (phi              ) [ 0000000000000000000000000000100000000000000000000000000000000000000000000000000000]
empty_9            (speclooptripcount) [ 0000000000000000000000000000000000000000000000000000000000000000000000000000000000]
icmp_ln68_2        (icmp             ) [ 0000000000000000000000000011111111111100000000000000000000000000000000000000000000]
i_2                (add              ) [ 0000000000000000000000000011111111111100000000000000000000000000000000000000000000]
br_ln68            (br               ) [ 0000000000000000000000000000000000000000000000000000000000000000000000000000000000]
zext_ln69_2        (zext             ) [ 0000000000000000000000000000000000000000000000000000000000000000000000000000000000]
zext_ln69_10       (zext             ) [ 0000000000000000000000000000000000000000000000000000000000000000000000000000000000]
add_ln69_3         (add              ) [ 0000000000000000000000000000000000000000000000000000000000000000000000000000000000]
zext_ln69_11       (zext             ) [ 0000000000000000000000000000000000000000000000000000000000000000000000000000000000]
W3_addr            (getelementptr    ) [ 0000000000000000000000000000010000000000000000000000000000000000000000000000000000]
a2_addr_1          (getelementptr    ) [ 0000000000000000000000000000010000000000000000000000000000000000000000000000000000]
a2_load            (load             ) [ 0000000000000000000000000000001110000000000000000000000000000000000000000000000000]
W3_load            (load             ) [ 0000000000000000000000000000001110000000000000000000000000000000000000000000000000]
tmp_i2             (fmul             ) [ 0000000000000000000000000000000001111000000000000000000000000000000000000000000000]
specloopname_ln68  (specloopname     ) [ 0000000000000000000000000000000000000000000000000000000000000000000000000000000000]
acc_6              (fadd             ) [ 0000000000000000000000000011111111111100000000000000000000000000000000000000000000]
br_ln68            (br               ) [ 0000000000000000000000000011111111111100000000000000000000000000000000000000000000]
bitcast_ln72_2     (bitcast          ) [ 0000000000000000000000000000000000000000000000000000000000000000000000000000000000]
tmp_4              (partselect       ) [ 0000000000000000000000000000000000000000000000000000000000000000000000000000000000]
trunc_ln72_2       (trunc            ) [ 0000000000000000000000000000000000000000000000000000000000000000000000000000000000]
icmp_ln72_4        (icmp             ) [ 0000000000000000000000000000000000000000000000000000000000000000000000000000000000]
icmp_ln72_5        (icmp             ) [ 0000000000000000000000000000000000000000000000000000000000000000000000000000000000]
or_ln72_2          (or               ) [ 0000000000000000000000000000000000000000000000000000000000000000000000000000000000]
tmp_5              (fcmp             ) [ 0000000000000000000000000000000000000000000000000000000000000000000000000000000000]
and_ln72_2         (and              ) [ 0000000000000000000000000000000000000000000000000000000000000000000000000000000000]
select_ln72_2      (select           ) [ 0000000000000000000000000000000000000000000000000000000000000000000000000000000000]
a3_addr            (getelementptr    ) [ 0000000000000000000000000000000000000000000000000000000000000000000000000000000000]
store_ln95         (store            ) [ 0000000000000000000000000000000000000000000000000000000000000000000000000000000000]
br_ln94            (br               ) [ 0000000000000010000000000011111111111100000000000000000000000000000000000000000000]
j3_0               (phi              ) [ 0000000000000000000000000000000000000011000000000000000000000000000000000000000000]
icmp_ln98          (icmp             ) [ 0000000000000000000000000000000000000011111111111000000000000000000000000000000000]
empty_10           (speclooptripcount) [ 0000000000000000000000000000000000000000000000000000000000000000000000000000000000]
j_4                (add              ) [ 0000000000000000000000000010000000000011111111111000000000000000000000000000000000]
br_ln98            (br               ) [ 0000000000000000000000000000000000000000000000000000000000000000000000000000000000]
zext_ln99          (zext             ) [ 0000000000000000000000000000000000000001111111111000000000000000000000000000000000]
B4_addr            (getelementptr    ) [ 0000000000000000000000000000000000000001000000000000000000000000000000000000000000]
z4_addr            (getelementptr    ) [ 0000000000000000000000000000000000000000000000000100000000000000000000000000000000]
specloopname_ln99  (specloopname     ) [ 0000000000000000000000000000000000000000000000000000000000000000000000000000000000]
tmp_12             (bitconcatenate   ) [ 0000000000000000000000000000000000000000000000000000000000000000000000000000000000]
zext_ln99_1        (zext             ) [ 0000000000000000000000000000000000000000111111111000000000000000000000000000000000]
acc_5              (load             ) [ 0000000000000000000000000000000000000011111111111000000000000000000000000000000000]
br_ln68            (br               ) [ 0000000000000000000000000000000000000011111111111000000000000000000000000000000000]
acc_0_i28          (phi              ) [ 0000000000000000000000000000000000000000111111111000000000000000000000000000000000]
i_0_i29            (phi              ) [ 0000000000000000000000000000000000000000100000000000000000000000000000000000000000]
empty_11           (speclooptripcount) [ 0000000000000000000000000000000000000000000000000000000000000000000000000000000000]
icmp_ln68_3        (icmp             ) [ 0000000000000000000000000000000000000011111111111000000000000000000000000000000000]
i_3                (add              ) [ 0000000000000000000000000000000000000011111111111000000000000000000000000000000000]
br_ln68            (br               ) [ 0000000000000000000000000000000000000000000000000000000000000000000000000000000000]
zext_ln69_3        (zext             ) [ 0000000000000000000000000000000000000000000000000000000000000000000000000000000000]
zext_ln69_12       (zext             ) [ 0000000000000000000000000000000000000000000000000000000000000000000000000000000000]
add_ln69_4         (add              ) [ 0000000000000000000000000000000000000000000000000000000000000000000000000000000000]
zext_ln69_13       (zext             ) [ 0000000000000000000000000000000000000000000000000000000000000000000000000000000000]
W4_addr            (getelementptr    ) [ 0000000000000000000000000000000000000000010000000000000000000000000000000000000000]
a3_addr_1          (getelementptr    ) [ 0000000000000000000000000000000000000000010000000000000000000000000000000000000000]
z4_addr_1          (getelementptr    ) [ 0000000000000000000000000000000000000000000000000000000000000000000000000000000000]
store_ln99         (store            ) [ 0000000000000000000000000000000000000000000000000000000000000000000000000000000000]
br_ln98            (br               ) [ 0000000000000000000000000010000000000011111111111000000000000000000000000000000000]
a3_load            (load             ) [ 0000000000000000000000000000000000000000001110000000000000000000000000000000000000]
W4_load            (load             ) [ 0000000000000000000000000000000000000000001110000000000000000000000000000000000000]
tmp_i3             (fmul             ) [ 0000000000000000000000000000000000000000000001111000000000000000000000000000000000]
specloopname_ln68  (specloopname     ) [ 0000000000000000000000000000000000000000000000000000000000000000000000000000000000]
acc_7              (fadd             ) [ 0000000000000000000000000000000000000011111111111000000000000000000000000000000000]
br_ln68            (br               ) [ 0000000000000000000000000000000000000011111111111000000000000000000000000000000000]
maxv               (load             ) [ 0000000000000000000000000000000000000000000000000111100000000000000000000000000000]
br_ln103           (br               ) [ 0000000000000000000000000000000000000000000000000111100000000000000000000000000000]
j4_0               (phi              ) [ 0000000000000000000000000000000000000000000000000010000000000000000000000000000000]
maxv_0             (phi              ) [ 0000000000000000000000000000000000000000000000000011111111111111111111000000000000]
icmp_ln103         (icmp             ) [ 0000000000000000000000000000000000000000000000000011100000000000000000000000000000]
empty_12           (speclooptripcount) [ 0000000000000000000000000000000000000000000000000000000000000000000000000000000000]
br_ln103           (br               ) [ 0000000000000000000000000000000000000000000000000000000000000000000000000000000000]
zext_ln104         (zext             ) [ 0000000000000000000000000000000000000000000000000000000000000000000000000000000000]
z4_addr_2          (getelementptr    ) [ 0000000000000000000000000000000000000000000000000001000000000000000000000000000000]
j_3                (add              ) [ 0000000000000000000000000000000000000000000000000111100000000000000000000000000000]
br_ln109           (br               ) [ 0000000000000000000000000000000000000000000000000011111111111111111111000000000000]
maxv_1             (load             ) [ 0000000000000000000000000000000000000000000000000000100000000000000000000000000000]
specloopname_ln104 (specloopname     ) [ 0000000000000000000000000000000000000000000000000000000000000000000000000000000000]
bitcast_ln104      (bitcast          ) [ 0000000000000000000000000000000000000000000000000000000000000000000000000000000000]
tmp_6              (partselect       ) [ 0000000000000000000000000000000000000000000000000000000000000000000000000000000000]
trunc_ln104        (trunc            ) [ 0000000000000000000000000000000000000000000000000000000000000000000000000000000000]
bitcast_ln104_1    (bitcast          ) [ 0000000000000000000000000000000000000000000000000000000000000000000000000000000000]
tmp_8              (partselect       ) [ 0000000000000000000000000000000000000000000000000000000000000000000000000000000000]
trunc_ln104_1      (trunc            ) [ 0000000000000000000000000000000000000000000000000000000000000000000000000000000000]
icmp_ln104         (icmp             ) [ 0000000000000000000000000000000000000000000000000000000000000000000000000000000000]
icmp_ln104_1       (icmp             ) [ 0000000000000000000000000000000000000000000000000000000000000000000000000000000000]
or_ln104           (or               ) [ 0000000000000000000000000000000000000000000000000000000000000000000000000000000000]
icmp_ln104_2       (icmp             ) [ 0000000000000000000000000000000000000000000000000000000000000000000000000000000000]
icmp_ln104_3       (icmp             ) [ 0000000000000000000000000000000000000000000000000000000000000000000000000000000000]
or_ln104_1         (or               ) [ 0000000000000000000000000000000000000000000000000000000000000000000000000000000000]
and_ln104          (and              ) [ 0000000000000000000000000000000000000000000000000000000000000000000000000000000000]
tmp_s              (fcmp             ) [ 0000000000000000000000000000000000000000000000000000000000000000000000000000000000]
and_ln104_1        (and              ) [ 0000000000000000000000000000000000000000000000000000000000000000000000000000000000]
maxv_2             (select           ) [ 0000000000000000000000000000000000000000000000000111100000000000000000000000000000]
br_ln103           (br               ) [ 0000000000000000000000000000000000000000000000000111100000000000000000000000000000]
sum_0              (phi              ) [ 0000000000000000000000000000000000000000000000000000011111111111111111111111111111]
j5_0               (phi              ) [ 0000000000000000000000000000000000000000000000000000010000000000000000000000000000]
icmp_ln109         (icmp             ) [ 0000000000000000000000000000000000000000000000000000011111111111111111000000000000]
empty_13           (speclooptripcount) [ 0000000000000000000000000000000000000000000000000000000000000000000000000000000000]
j_5                (add              ) [ 0000000000000000000000000000000000000000000000000010011111111111111111000000000000]
br_ln109           (br               ) [ 0000000000000000000000000000000000000000000000000000000000000000000000000000000000]
zext_ln110         (zext             ) [ 0000000000000000000000000000000000000000000000000000001111111111110000000000000000]
z4_addr_3          (getelementptr    ) [ 0000000000000000000000000000000000000000000000000000001000000000000000000000000000]
br_ln116           (br               ) [ 0000000000000000000000000000000000000000000000000000011111111111111111111111111111]
z4_load            (load             ) [ 0000000000000000000000000000000000000000000000000000000111000000000000000000000000]
tmp_7              (fsub             ) [ 0000000000000000000000000000000000000000000000000000000000111111110000000000000000]
e                  (fexp             ) [ 0000000000000000000000000000000000000000000000000000000000000000001111000000000000]
output_addr        (getelementptr    ) [ 0000000000000000000000000000000000000000000000000000000000000000000000000000000000]
store_ln111        (store            ) [ 0000000000000000000000000000000000000000000000000000000000000000000000000000000000]
specloopname_ln109 (specloopname     ) [ 0000000000000000000000000000000000000000000000000000000000000000000000000000000000]
sum                (fadd             ) [ 0000000000000000000000000000000000000000000000000010011111111111111111000000000000]
br_ln109           (br               ) [ 0000000000000000000000000000000000000000000000000010011111111111111111000000000000]
j6_0               (phi              ) [ 0000000000000000000000000000000000000000000000000000000000000000000000100000000000]
icmp_ln116         (icmp             ) [ 0000000000000000000000000000000000000000000000000000000000000000000000111111111111]
empty_14           (speclooptripcount) [ 0000000000000000000000000000000000000000000000000000000000000000000000000000000000]
j_6                (add              ) [ 0000000000000000000000000000000000000000000000000000010000000000000000111111111111]
br_ln116           (br               ) [ 0000000000000000000000000000000000000000000000000000000000000000000000000000000000]
zext_ln117         (zext             ) [ 0000000000000000000000000000000000000000000000000000000000000000000000000000000000]
output_addr_1      (getelementptr    ) [ 0000000000000000000000000000000000000000000000000000000000000000000000011111111111]
ret_ln118          (ret              ) [ 0000000000000000000000000000000000000000000000000000000000000000000000000000000000]
output_load        (load             ) [ 0000000000000000000000000000000000000000000000000000000000000000000000001111111110]
tmp_9              (fdiv             ) [ 0000000000000000000000000000000000000000000000000000000000000000000000000000000001]
specloopname_ln117 (specloopname     ) [ 0000000000000000000000000000000000000000000000000000000000000000000000000000000000]
store_ln117        (store            ) [ 0000000000000000000000000000000000000000000000000000000000000000000000000000000000]
br_ln116           (br               ) [ 0000000000000000000000000000000000000000000000000000010000000000000000111111111111]
</LifeTime>

<model>

<comp_list>
<comp id="0" class="1000" name="input_r">
<pin_list>
<pin id="1" dir="1" index="0" bw="1" slack="0"/>
</pin_list>
<bind>
<StgValue><ssdm name="input_r"/><MemPortTyVec>1 3 </MemPortTyVec>
</StgValue>
</bind>
</comp>

<comp id="2" class="1000" name="output_r">
<pin_list>
<pin id="3" dir="1" index="0" bw="1" slack="0"/>
</pin_list>
<bind>
<StgValue><ssdm name="output_r"/><MemPortTyVec>2 3 </MemPortTyVec>
</StgValue>
</bind>
</comp>

<comp id="4" class="1000" name="B1">
<pin_list>
<pin id="5" dir="1" index="0" bw="1" slack="0"/>
</pin_list>
<bind>
<StgValue><ssdm name="B1"/><MemPortTyVec>1 </MemPortTyVec>
</StgValue>
</bind>
</comp>

<comp id="6" class="1000" name="W1">
<pin_list>
<pin id="7" dir="1" index="0" bw="1" slack="0"/>
</pin_list>
<bind>
<StgValue><ssdm name="W1"/><MemPortTyVec>1 </MemPortTyVec>
</StgValue>
</bind>
</comp>

<comp id="8" class="1000" name="B2">
<pin_list>
<pin id="9" dir="1" index="0" bw="1" slack="0"/>
</pin_list>
<bind>
<StgValue><ssdm name="B2"/><MemPortTyVec>1 </MemPortTyVec>
</StgValue>
</bind>
</comp>

<comp id="10" class="1000" name="W2">
<pin_list>
<pin id="11" dir="1" index="0" bw="1" slack="0"/>
</pin_list>
<bind>
<StgValue><ssdm name="W2"/><MemPortTyVec>1 </MemPortTyVec>
</StgValue>
</bind>
</comp>

<comp id="12" class="1000" name="B3">
<pin_list>
<pin id="13" dir="1" index="0" bw="1" slack="0"/>
</pin_list>
<bind>
<StgValue><ssdm name="B3"/><MemPortTyVec>1 </MemPortTyVec>
</StgValue>
</bind>
</comp>

<comp id="14" class="1000" name="W3">
<pin_list>
<pin id="15" dir="1" index="0" bw="1" slack="0"/>
</pin_list>
<bind>
<StgValue><ssdm name="W3"/><MemPortTyVec>1 </MemPortTyVec>
</StgValue>
</bind>
</comp>

<comp id="16" class="1000" name="B4">
<pin_list>
<pin id="17" dir="1" index="0" bw="1" slack="0"/>
</pin_list>
<bind>
<StgValue><ssdm name="B4"/><MemPortTyVec>1 </MemPortTyVec>
</StgValue>
</bind>
</comp>

<comp id="18" class="1000" name="W4">
<pin_list>
<pin id="19" dir="1" index="0" bw="1" slack="0"/>
</pin_list>
<bind>
<StgValue><ssdm name="W4"/><MemPortTyVec>1 </MemPortTyVec>
</StgValue>
</bind>
</comp>

<comp id="20" class="1001" name="const_20">
<pin_list>
<pin id="21" dir="1" index="0" bw="1" slack="2147483647"/>
</pin_list>
<bind>
<StgValue><ssdm name="_ssdm_op_SpecBitsMap"/></StgValue>
</bind>
</comp>

<comp id="22" class="1001" name="const_22">
<pin_list>
<pin id="23" dir="1" index="0" bw="1" slack="2147483647"/>
</pin_list>
<bind>
<StgValue><ssdm name="_ssdm_op_SpecTopModule"/></StgValue>
</bind>
</comp>

<comp id="24" class="1001" name="const_24">
<pin_list>
<pin id="25" dir="1" index="0" bw="1" slack="2147483647"/>
</pin_list>
<bind>
<StgValue><ssdm name="mlp_str"/></StgValue>
</bind>
</comp>

<comp id="26" class="1001" name="const_26">
<pin_list>
<pin id="27" dir="1" index="0" bw="1" slack="0"/>
</pin_list>
<bind>
<StgValue><ssdm name=""/></StgValue>
</bind>
</comp>

<comp id="28" class="1001" name="const_28">
<pin_list>
<pin id="29" dir="1" index="0" bw="1" slack="0"/>
</pin_list>
<bind>
<StgValue><ssdm name=""/></StgValue>
</bind>
</comp>

<comp id="30" class="1001" name="const_30">
<pin_list>
<pin id="31" dir="1" index="0" bw="1" slack="1"/>
</pin_list>
<bind>
<StgValue><ssdm name=""/></StgValue>
</bind>
</comp>

<comp id="32" class="1001" name="const_32">
<pin_list>
<pin id="33" dir="1" index="0" bw="1" slack="0"/>
</pin_list>
<bind>
<StgValue><ssdm name=""/></StgValue>
</bind>
</comp>

<comp id="34" class="1001" name="const_34">
<pin_list>
<pin id="35" dir="1" index="0" bw="1" slack="0"/>
</pin_list>
<bind>
<StgValue><ssdm name=""/></StgValue>
</bind>
</comp>

<comp id="36" class="1001" name="const_36">
<pin_list>
<pin id="37" dir="1" index="0" bw="1" slack="2147483647"/>
</pin_list>
<bind>
<StgValue><ssdm name="_ssdm_op_SpecLoopTripCount"/></StgValue>
</bind>
</comp>

<comp id="38" class="1001" name="const_38">
<pin_list>
<pin id="39" dir="1" index="0" bw="1" slack="2147483647"/>
</pin_list>
<bind>
<StgValue><ssdm name=""/></StgValue>
</bind>
</comp>

<comp id="40" class="1001" name="const_40">
<pin_list>
<pin id="41" dir="1" index="0" bw="1" slack="0"/>
</pin_list>
<bind>
<StgValue><ssdm name=""/></StgValue>
</bind>
</comp>

<comp id="42" class="1001" name="const_42">
<pin_list>
<pin id="43" dir="1" index="0" bw="1" slack="0"/>
</pin_list>
<bind>
<StgValue><ssdm name=""/></StgValue>
</bind>
</comp>

<comp id="44" class="1001" name="const_44">
<pin_list>
<pin id="45" dir="1" index="0" bw="1" slack="2147483647"/>
</pin_list>
<bind>
<StgValue><ssdm name="_ssdm_op_SpecLoopName"/></StgValue>
</bind>
</comp>

<comp id="46" class="1001" name="const_46">
<pin_list>
<pin id="47" dir="1" index="0" bw="1" slack="2147483647"/>
</pin_list>
<bind>
<StgValue><ssdm name="p_str1"/></StgValue>
</bind>
</comp>

<comp id="48" class="1001" name="const_48">
<pin_list>
<pin id="49" dir="1" index="0" bw="1" slack="1"/>
</pin_list>
<bind>
<StgValue><ssdm name=""/></StgValue>
</bind>
</comp>

<comp id="50" class="1001" name="const_50">
<pin_list>
<pin id="51" dir="1" index="0" bw="1" slack="2147483647"/>
</pin_list>
<bind>
<StgValue><ssdm name=""/></StgValue>
</bind>
</comp>

<comp id="52" class="1001" name="const_52">
<pin_list>
<pin id="53" dir="1" index="0" bw="1" slack="0"/>
</pin_list>
<bind>
<StgValue><ssdm name=""/></StgValue>
</bind>
</comp>

<comp id="54" class="1001" name="const_54">
<pin_list>
<pin id="55" dir="1" index="0" bw="1" slack="0"/>
</pin_list>
<bind>
<StgValue><ssdm name=""/></StgValue>
</bind>
</comp>

<comp id="56" class="1001" name="const_56">
<pin_list>
<pin id="57" dir="1" index="0" bw="1" slack="0"/>
</pin_list>
<bind>
<StgValue><ssdm name=""/></StgValue>
</bind>
</comp>

<comp id="58" class="1001" name="const_58">
<pin_list>
<pin id="59" dir="1" index="0" bw="1" slack="2147483647"/>
</pin_list>
<bind>
<StgValue><ssdm name="p_str"/></StgValue>
</bind>
</comp>

<comp id="60" class="1001" name="const_60">
<pin_list>
<pin id="61" dir="1" index="0" bw="1" slack="0"/>
</pin_list>
<bind>
<StgValue><ssdm name="_ssdm_op_PartSelect.i8.i32.i32.i32"/></StgValue>
</bind>
</comp>

<comp id="62" class="1001" name="const_62">
<pin_list>
<pin id="63" dir="1" index="0" bw="1" slack="0"/>
</pin_list>
<bind>
<StgValue><ssdm name=""/></StgValue>
</bind>
</comp>

<comp id="64" class="1001" name="const_64">
<pin_list>
<pin id="65" dir="1" index="0" bw="1" slack="0"/>
</pin_list>
<bind>
<StgValue><ssdm name=""/></StgValue>
</bind>
</comp>

<comp id="66" class="1001" name="const_66">
<pin_list>
<pin id="67" dir="1" index="0" bw="1" slack="0"/>
</pin_list>
<bind>
<StgValue><ssdm name=""/></StgValue>
</bind>
</comp>

<comp id="68" class="1001" name="const_68">
<pin_list>
<pin id="69" dir="1" index="0" bw="1" slack="0"/>
</pin_list>
<bind>
<StgValue><ssdm name=""/></StgValue>
</bind>
</comp>

<comp id="70" class="1001" name="const_70">
<pin_list>
<pin id="71" dir="1" index="0" bw="1" slack="1"/>
</pin_list>
<bind>
<StgValue><ssdm name=""/></StgValue>
</bind>
</comp>

<comp id="72" class="1001" name="const_72">
<pin_list>
<pin id="73" dir="1" index="0" bw="1" slack="0"/>
</pin_list>
<bind>
<StgValue><ssdm name=""/></StgValue>
</bind>
</comp>

<comp id="74" class="1001" name="const_74">
<pin_list>
<pin id="75" dir="1" index="0" bw="1" slack="2147483647"/>
</pin_list>
<bind>
<StgValue><ssdm name=""/></StgValue>
</bind>
</comp>

<comp id="76" class="1001" name="const_76">
<pin_list>
<pin id="77" dir="1" index="0" bw="1" slack="0"/>
</pin_list>
<bind>
<StgValue><ssdm name=""/></StgValue>
</bind>
</comp>

<comp id="78" class="1001" name="const_78">
<pin_list>
<pin id="79" dir="1" index="0" bw="1" slack="2147483647"/>
</pin_list>
<bind>
<StgValue><ssdm name="p_str2"/></StgValue>
</bind>
</comp>

<comp id="80" class="1001" name="const_80">
<pin_list>
<pin id="81" dir="1" index="0" bw="1" slack="0"/>
</pin_list>
<bind>
<StgValue><ssdm name="_ssdm_op_BitConcatenate.i6.i4.i2"/></StgValue>
</bind>
</comp>

<comp id="82" class="1001" name="const_82">
<pin_list>
<pin id="83" dir="1" index="0" bw="1" slack="0"/>
</pin_list>
<bind>
<StgValue><ssdm name=""/></StgValue>
</bind>
</comp>

<comp id="84" class="1001" name="const_84">
<pin_list>
<pin id="85" dir="1" index="0" bw="1" slack="2147483647"/>
</pin_list>
<bind>
<StgValue><ssdm name="p_str3"/></StgValue>
</bind>
</comp>

<comp id="86" class="1001" name="const_86">
<pin_list>
<pin id="87" dir="1" index="0" bw="1" slack="0"/>
</pin_list>
<bind>
<StgValue><ssdm name="_ssdm_op_BitConcatenate.i7.i4.i3"/></StgValue>
</bind>
</comp>

<comp id="88" class="1001" name="const_88">
<pin_list>
<pin id="89" dir="1" index="0" bw="1" slack="0"/>
</pin_list>
<bind>
<StgValue><ssdm name=""/></StgValue>
</bind>
</comp>

<comp id="90" class="1001" name="const_90">
<pin_list>
<pin id="91" dir="1" index="0" bw="1" slack="2147483647"/>
</pin_list>
<bind>
<StgValue><ssdm name=""/></StgValue>
</bind>
</comp>

<comp id="92" class="1001" name="const_92">
<pin_list>
<pin id="93" dir="1" index="0" bw="1" slack="2147483647"/>
</pin_list>
<bind>
<StgValue><ssdm name="p_str4"/></StgValue>
</bind>
</comp>

<comp id="94" class="1001" name="const_94">
<pin_list>
<pin id="95" dir="1" index="0" bw="1" slack="2147483647"/>
</pin_list>
<bind>
<StgValue><ssdm name=""/></StgValue>
</bind>
</comp>

<comp id="96" class="1001" name="const_96">
<pin_list>
<pin id="97" dir="1" index="0" bw="1" slack="2147483647"/>
</pin_list>
<bind>
<StgValue><ssdm name="p_str5"/></StgValue>
</bind>
</comp>

<comp id="98" class="1001" name="const_98">
<pin_list>
<pin id="99" dir="1" index="0" bw="1" slack="0"/>
</pin_list>
<bind>
<StgValue><ssdm name="llvm.exp.f32"/></StgValue>
</bind>
</comp>

<comp id="100" class="1001" name="const_100">
<pin_list>
<pin id="101" dir="1" index="0" bw="1" slack="2147483647"/>
</pin_list>
<bind>
<StgValue><ssdm name="p_str6"/></StgValue>
</bind>
</comp>

<comp id="102" class="1001" name="const_102">
<pin_list>
<pin id="103" dir="1" index="0" bw="1" slack="2147483647"/>
</pin_list>
<bind>
<StgValue><ssdm name="p_str7"/></StgValue>
</bind>
</comp>

<comp id="104" class="1004" name="a1_alloca_fu_104">
<pin_list>
<pin id="105" dir="0" index="0" bw="1" slack="0"/>
<pin id="106" dir="1" index="1" bw="32" slack="2147483647"/>
</pin_list>
<bind>
<opcode="alloca(26) " fcode="alloca"/>
<opset="a1/1 "/>
</bind>
</comp>

<comp id="108" class="1004" name="a2_alloca_fu_108">
<pin_list>
<pin id="109" dir="0" index="0" bw="1" slack="0"/>
<pin id="110" dir="1" index="1" bw="32" slack="2147483647"/>
</pin_list>
<bind>
<opcode="alloca(26) " fcode="alloca"/>
<opset="a2/1 "/>
</bind>
</comp>

<comp id="112" class="1004" name="a3_alloca_fu_112">
<pin_list>
<pin id="113" dir="0" index="0" bw="1" slack="0"/>
<pin id="114" dir="1" index="1" bw="32" slack="2147483647"/>
</pin_list>
<bind>
<opcode="alloca(26) " fcode="alloca"/>
<opset="a3/1 "/>
</bind>
</comp>

<comp id="116" class="1004" name="z4_alloca_fu_116">
<pin_list>
<pin id="117" dir="0" index="0" bw="1" slack="0"/>
<pin id="118" dir="1" index="1" bw="32" slack="2147483647"/>
</pin_list>
<bind>
<opcode="alloca(26) " fcode="alloca"/>
<opset="z4/1 "/>
</bind>
</comp>

<comp id="120" class="1004" name="B1_addr_gep_fu_120">
<pin_list>
<pin id="121" dir="0" index="0" bw="32" slack="0"/>
<pin id="122" dir="0" index="1" bw="1" slack="0"/>
<pin id="123" dir="0" index="2" bw="3" slack="0"/>
<pin id="124" dir="1" index="3" bw="3" slack="0"/>
</pin_list>
<bind>
<opcode="getelementptr(29) " fcode="getelementptr"/>
<opset="B1_addr/2 "/>
</bind>
</comp>

<comp id="127" class="1004" name="grp_access_fu_127">
<pin_list>
<pin id="128" dir="0" index="0" bw="3" slack="0"/>
<pin id="129" dir="0" index="1" bw="32" slack="2147483647"/>
<pin id="130" dir="0" index="2" bw="0" slack="2147483647"/>
<pin id="131" dir="1" index="3" bw="32" slack="1"/>
</pin_list>
<bind>
<opcode="load(27) " fcode="load"/>
<opset="acc/2 "/>
</bind>
</comp>

<comp id="133" class="1004" name="W1_addr_gep_fu_133">
<pin_list>
<pin id="134" dir="0" index="0" bw="32" slack="0"/>
<pin id="135" dir="0" index="1" bw="1" slack="0"/>
<pin id="136" dir="0" index="2" bw="12" slack="0"/>
<pin id="137" dir="1" index="3" bw="12" slack="0"/>
</pin_list>
<bind>
<opcode="getelementptr(29) " fcode="getelementptr"/>
<opset="W1_addr/4 "/>
</bind>
</comp>

<comp id="140" class="1004" name="input_addr_gep_fu_140">
<pin_list>
<pin id="141" dir="0" index="0" bw="32" slack="0"/>
<pin id="142" dir="0" index="1" bw="1" slack="0"/>
<pin id="143" dir="0" index="2" bw="10" slack="0"/>
<pin id="144" dir="1" index="3" bw="10" slack="0"/>
</pin_list>
<bind>
<opcode="getelementptr(29) " fcode="getelementptr"/>
<opset="input_addr/4 "/>
</bind>
</comp>

<comp id="147" class="1004" name="grp_access_fu_147">
<pin_list>
<pin id="148" dir="0" index="0" bw="10" slack="0"/>
<pin id="149" dir="0" index="1" bw="32" slack="2147483647"/>
<pin id="150" dir="0" index="2" bw="0" slack="2147483647"/>
<pin id="151" dir="1" index="3" bw="32" slack="1"/>
</pin_list>
<bind>
<opcode="load(27) " fcode="load"/>
<opset="input_load/4 "/>
</bind>
</comp>

<comp id="153" class="1004" name="grp_access_fu_153">
<pin_list>
<pin id="154" dir="0" index="0" bw="12" slack="0"/>
<pin id="155" dir="0" index="1" bw="32" slack="2147483647"/>
<pin id="156" dir="0" index="2" bw="0" slack="2147483647"/>
<pin id="157" dir="1" index="3" bw="32" slack="1"/>
</pin_list>
<bind>
<opcode="load(27) " fcode="load"/>
<opset="W1_load/4 "/>
</bind>
</comp>

<comp id="159" class="1004" name="a1_addr_gep_fu_159">
<pin_list>
<pin id="160" dir="0" index="0" bw="32" slack="2147483647"/>
<pin id="161" dir="0" index="1" bw="1" slack="0"/>
<pin id="162" dir="0" index="2" bw="3" slack="3"/>
<pin id="163" dir="1" index="3" bw="3" slack="0"/>
</pin_list>
<bind>
<opcode="getelementptr(29) " fcode="getelementptr"/>
<opset="a1_addr/13 "/>
</bind>
</comp>

<comp id="165" class="1004" name="grp_access_fu_165">
<pin_list>
<pin id="166" dir="0" index="0" bw="3" slack="0"/>
<pin id="167" dir="0" index="1" bw="32" slack="0"/>
<pin id="168" dir="0" index="2" bw="0" slack="2147483647"/>
<pin id="169" dir="1" index="3" bw="32" slack="1"/>
</pin_list>
<bind>
<opcode="load(27) store(28) " fcode="load"/>
<opset="store_ln87/13 a1_load/16 "/>
</bind>
</comp>

<comp id="171" class="1004" name="B2_addr_gep_fu_171">
<pin_list>
<pin id="172" dir="0" index="0" bw="32" slack="0"/>
<pin id="173" dir="0" index="1" bw="1" slack="0"/>
<pin id="174" dir="0" index="2" bw="4" slack="0"/>
<pin id="175" dir="1" index="3" bw="3" slack="0"/>
</pin_list>
<bind>
<opcode="getelementptr(29) " fcode="getelementptr"/>
<opset="B2_addr/14 "/>
</bind>
</comp>

<comp id="178" class="1004" name="grp_access_fu_178">
<pin_list>
<pin id="179" dir="0" index="0" bw="3" slack="0"/>
<pin id="180" dir="0" index="1" bw="32" slack="2147483647"/>
<pin id="181" dir="0" index="2" bw="0" slack="2147483647"/>
<pin id="182" dir="1" index="3" bw="32" slack="1"/>
</pin_list>
<bind>
<opcode="load(27) " fcode="load"/>
<opset="acc_1/14 "/>
</bind>
</comp>

<comp id="184" class="1004" name="W2_addr_gep_fu_184">
<pin_list>
<pin id="185" dir="0" index="0" bw="32" slack="0"/>
<pin id="186" dir="0" index="1" bw="1" slack="0"/>
<pin id="187" dir="0" index="2" bw="7" slack="0"/>
<pin id="188" dir="1" index="3" bw="6" slack="0"/>
</pin_list>
<bind>
<opcode="getelementptr(29) " fcode="getelementptr"/>
<opset="W2_addr/16 "/>
</bind>
</comp>

<comp id="191" class="1004" name="a1_addr_1_gep_fu_191">
<pin_list>
<pin id="192" dir="0" index="0" bw="32" slack="2147483647"/>
<pin id="193" dir="0" index="1" bw="1" slack="0"/>
<pin id="194" dir="0" index="2" bw="3" slack="0"/>
<pin id="195" dir="1" index="3" bw="3" slack="0"/>
</pin_list>
<bind>
<opcode="getelementptr(29) " fcode="getelementptr"/>
<opset="a1_addr_1/16 "/>
</bind>
</comp>

<comp id="198" class="1004" name="grp_access_fu_198">
<pin_list>
<pin id="199" dir="0" index="0" bw="6" slack="0"/>
<pin id="200" dir="0" index="1" bw="32" slack="2147483647"/>
<pin id="201" dir="0" index="2" bw="0" slack="2147483647"/>
<pin id="202" dir="1" index="3" bw="32" slack="1"/>
</pin_list>
<bind>
<opcode="load(27) " fcode="load"/>
<opset="W2_load/16 "/>
</bind>
</comp>

<comp id="204" class="1004" name="a2_addr_gep_fu_204">
<pin_list>
<pin id="205" dir="0" index="0" bw="32" slack="2147483647"/>
<pin id="206" dir="0" index="1" bw="1" slack="0"/>
<pin id="207" dir="0" index="2" bw="4" slack="3"/>
<pin id="208" dir="1" index="3" bw="3" slack="0"/>
</pin_list>
<bind>
<opcode="getelementptr(29) " fcode="getelementptr"/>
<opset="a2_addr/25 "/>
</bind>
</comp>

<comp id="210" class="1004" name="grp_access_fu_210">
<pin_list>
<pin id="211" dir="0" index="0" bw="3" slack="0"/>
<pin id="212" dir="0" index="1" bw="32" slack="0"/>
<pin id="213" dir="0" index="2" bw="0" slack="2147483647"/>
<pin id="214" dir="1" index="3" bw="32" slack="1"/>
</pin_list>
<bind>
<opcode="load(27) store(28) " fcode="load"/>
<opset="store_ln91/25 a2_load/28 "/>
</bind>
</comp>

<comp id="216" class="1004" name="B3_addr_gep_fu_216">
<pin_list>
<pin id="217" dir="0" index="0" bw="32" slack="0"/>
<pin id="218" dir="0" index="1" bw="1" slack="0"/>
<pin id="219" dir="0" index="2" bw="4" slack="0"/>
<pin id="220" dir="1" index="3" bw="3" slack="0"/>
</pin_list>
<bind>
<opcode="getelementptr(29) " fcode="getelementptr"/>
<opset="B3_addr/26 "/>
</bind>
</comp>

<comp id="223" class="1004" name="grp_access_fu_223">
<pin_list>
<pin id="224" dir="0" index="0" bw="3" slack="0"/>
<pin id="225" dir="0" index="1" bw="32" slack="2147483647"/>
<pin id="226" dir="0" index="2" bw="0" slack="2147483647"/>
<pin id="227" dir="1" index="3" bw="32" slack="1"/>
</pin_list>
<bind>
<opcode="load(27) " fcode="load"/>
<opset="acc_3/26 "/>
</bind>
</comp>

<comp id="229" class="1004" name="W3_addr_gep_fu_229">
<pin_list>
<pin id="230" dir="0" index="0" bw="32" slack="0"/>
<pin id="231" dir="0" index="1" bw="1" slack="0"/>
<pin id="232" dir="0" index="2" bw="8" slack="0"/>
<pin id="233" dir="1" index="3" bw="6" slack="0"/>
</pin_list>
<bind>
<opcode="getelementptr(29) " fcode="getelementptr"/>
<opset="W3_addr/28 "/>
</bind>
</comp>

<comp id="236" class="1004" name="a2_addr_1_gep_fu_236">
<pin_list>
<pin id="237" dir="0" index="0" bw="32" slack="2147483647"/>
<pin id="238" dir="0" index="1" bw="1" slack="0"/>
<pin id="239" dir="0" index="2" bw="4" slack="0"/>
<pin id="240" dir="1" index="3" bw="3" slack="0"/>
</pin_list>
<bind>
<opcode="getelementptr(29) " fcode="getelementptr"/>
<opset="a2_addr_1/28 "/>
</bind>
</comp>

<comp id="243" class="1004" name="grp_access_fu_243">
<pin_list>
<pin id="244" dir="0" index="0" bw="6" slack="0"/>
<pin id="245" dir="0" index="1" bw="32" slack="2147483647"/>
<pin id="246" dir="0" index="2" bw="0" slack="2147483647"/>
<pin id="247" dir="1" index="3" bw="32" slack="1"/>
</pin_list>
<bind>
<opcode="load(27) " fcode="load"/>
<opset="W3_load/28 "/>
</bind>
</comp>

<comp id="249" class="1004" name="a3_addr_gep_fu_249">
<pin_list>
<pin id="250" dir="0" index="0" bw="32" slack="2147483647"/>
<pin id="251" dir="0" index="1" bw="1" slack="0"/>
<pin id="252" dir="0" index="2" bw="4" slack="3"/>
<pin id="253" dir="1" index="3" bw="3" slack="0"/>
</pin_list>
<bind>
<opcode="getelementptr(29) " fcode="getelementptr"/>
<opset="a3_addr/37 "/>
</bind>
</comp>

<comp id="255" class="1004" name="grp_access_fu_255">
<pin_list>
<pin id="256" dir="0" index="0" bw="3" slack="0"/>
<pin id="257" dir="0" index="1" bw="32" slack="0"/>
<pin id="258" dir="0" index="2" bw="0" slack="2147483647"/>
<pin id="259" dir="1" index="3" bw="32" slack="1"/>
</pin_list>
<bind>
<opcode="load(27) store(28) " fcode="load"/>
<opset="store_ln95/37 a3_load/40 "/>
</bind>
</comp>

<comp id="261" class="1004" name="B4_addr_gep_fu_261">
<pin_list>
<pin id="262" dir="0" index="0" bw="32" slack="0"/>
<pin id="263" dir="0" index="1" bw="1" slack="0"/>
<pin id="264" dir="0" index="2" bw="4" slack="0"/>
<pin id="265" dir="1" index="3" bw="4" slack="0"/>
</pin_list>
<bind>
<opcode="getelementptr(29) " fcode="getelementptr"/>
<opset="B4_addr/38 "/>
</bind>
</comp>

<comp id="268" class="1004" name="grp_access_fu_268">
<pin_list>
<pin id="269" dir="0" index="0" bw="4" slack="0"/>
<pin id="270" dir="0" index="1" bw="32" slack="2147483647"/>
<pin id="271" dir="0" index="2" bw="0" slack="2147483647"/>
<pin id="272" dir="1" index="3" bw="32" slack="1"/>
</pin_list>
<bind>
<opcode="load(27) " fcode="load"/>
<opset="acc_5/38 "/>
</bind>
</comp>

<comp id="274" class="1004" name="z4_addr_gep_fu_274">
<pin_list>
<pin id="275" dir="0" index="0" bw="32" slack="2147483647"/>
<pin id="276" dir="0" index="1" bw="1" slack="0"/>
<pin id="277" dir="0" index="2" bw="1" slack="0"/>
<pin id="278" dir="1" index="3" bw="4" slack="0"/>
</pin_list>
<bind>
<opcode="getelementptr(29) " fcode="getelementptr"/>
<opset="z4_addr/38 "/>
</bind>
</comp>

<comp id="281" class="1004" name="grp_access_fu_281">
<pin_list>
<pin id="282" dir="0" index="0" bw="4" slack="0"/>
<pin id="283" dir="0" index="1" bw="32" slack="0"/>
<pin id="284" dir="0" index="2" bw="0" slack="2147483647"/>
<pin id="285" dir="1" index="3" bw="32" slack="0"/>
</pin_list>
<bind>
<opcode="load(27) store(28) " fcode="load"/>
<opset="maxv/38 store_ln99/40 maxv_1/50 z4_load/53 "/>
</bind>
</comp>

<comp id="287" class="1004" name="W4_addr_gep_fu_287">
<pin_list>
<pin id="288" dir="0" index="0" bw="32" slack="0"/>
<pin id="289" dir="0" index="1" bw="1" slack="0"/>
<pin id="290" dir="0" index="2" bw="8" slack="0"/>
<pin id="291" dir="1" index="3" bw="7" slack="0"/>
</pin_list>
<bind>
<opcode="getelementptr(29) " fcode="getelementptr"/>
<opset="W4_addr/40 "/>
</bind>
</comp>

<comp id="294" class="1004" name="a3_addr_1_gep_fu_294">
<pin_list>
<pin id="295" dir="0" index="0" bw="32" slack="2147483647"/>
<pin id="296" dir="0" index="1" bw="1" slack="0"/>
<pin id="297" dir="0" index="2" bw="4" slack="0"/>
<pin id="298" dir="1" index="3" bw="3" slack="0"/>
</pin_list>
<bind>
<opcode="getelementptr(29) " fcode="getelementptr"/>
<opset="a3_addr_1/40 "/>
</bind>
</comp>

<comp id="301" class="1004" name="grp_access_fu_301">
<pin_list>
<pin id="302" dir="0" index="0" bw="7" slack="0"/>
<pin id="303" dir="0" index="1" bw="32" slack="2147483647"/>
<pin id="304" dir="0" index="2" bw="0" slack="2147483647"/>
<pin id="305" dir="1" index="3" bw="32" slack="1"/>
</pin_list>
<bind>
<opcode="load(27) " fcode="load"/>
<opset="W4_load/40 "/>
</bind>
</comp>

<comp id="307" class="1004" name="z4_addr_1_gep_fu_307">
<pin_list>
<pin id="308" dir="0" index="0" bw="32" slack="2147483647"/>
<pin id="309" dir="0" index="1" bw="1" slack="0"/>
<pin id="310" dir="0" index="2" bw="4" slack="2"/>
<pin id="311" dir="1" index="3" bw="4" slack="0"/>
</pin_list>
<bind>
<opcode="getelementptr(29) " fcode="getelementptr"/>
<opset="z4_addr_1/40 "/>
</bind>
</comp>

<comp id="314" class="1004" name="z4_addr_2_gep_fu_314">
<pin_list>
<pin id="315" dir="0" index="0" bw="32" slack="2147483647"/>
<pin id="316" dir="0" index="1" bw="1" slack="0"/>
<pin id="317" dir="0" index="2" bw="4" slack="0"/>
<pin id="318" dir="1" index="3" bw="4" slack="0"/>
</pin_list>
<bind>
<opcode="getelementptr(29) " fcode="getelementptr"/>
<opset="z4_addr_2/50 "/>
</bind>
</comp>

<comp id="321" class="1004" name="z4_addr_3_gep_fu_321">
<pin_list>
<pin id="322" dir="0" index="0" bw="32" slack="2147483647"/>
<pin id="323" dir="0" index="1" bw="1" slack="0"/>
<pin id="324" dir="0" index="2" bw="4" slack="0"/>
<pin id="325" dir="1" index="3" bw="4" slack="0"/>
</pin_list>
<bind>
<opcode="getelementptr(29) " fcode="getelementptr"/>
<opset="z4_addr_3/53 "/>
</bind>
</comp>

<comp id="328" class="1004" name="output_addr_gep_fu_328">
<pin_list>
<pin id="329" dir="0" index="0" bw="32" slack="0"/>
<pin id="330" dir="0" index="1" bw="1" slack="0"/>
<pin id="331" dir="0" index="2" bw="4" slack="12"/>
<pin id="332" dir="1" index="3" bw="4" slack="0"/>
</pin_list>
<bind>
<opcode="getelementptr(29) " fcode="getelementptr"/>
<opset="output_addr/65 "/>
</bind>
</comp>

<comp id="335" class="1004" name="grp_access_fu_335">
<pin_list>
<pin id="336" dir="0" index="0" bw="4" slack="0"/>
<pin id="337" dir="0" index="1" bw="32" slack="0"/>
<pin id="338" dir="0" index="2" bw="0" slack="2147483647"/>
<pin id="339" dir="1" index="3" bw="32" slack="1"/>
</pin_list>
<bind>
<opcode="load(27) store(28) " fcode="store"/>
<opset="store_ln111/65 output_load/70 store_ln117/81 "/>
</bind>
</comp>

<comp id="341" class="1004" name="output_addr_1_gep_fu_341">
<pin_list>
<pin id="342" dir="0" index="0" bw="32" slack="0"/>
<pin id="343" dir="0" index="1" bw="1" slack="0"/>
<pin id="344" dir="0" index="2" bw="4" slack="0"/>
<pin id="345" dir="1" index="3" bw="4" slack="0"/>
</pin_list>
<bind>
<opcode="getelementptr(29) " fcode="getelementptr"/>
<opset="output_addr_1/70 "/>
</bind>
</comp>

<comp id="349" class="1005" name="j_0_reg_349">
<pin_list>
<pin id="350" dir="0" index="0" bw="3" slack="1"/>
<pin id="351" dir="1" index="1" bw="3" slack="1"/>
</pin_list>
<bind>
<opset="j_0 (phireg) "/>
</bind>
</comp>

<comp id="353" class="1004" name="j_0_phi_fu_353">
<pin_list>
<pin id="354" dir="0" index="0" bw="1" slack="1"/>
<pin id="355" dir="0" index="1" bw="0" slack="2147483647"/>
<pin id="356" dir="0" index="2" bw="3" slack="0"/>
<pin id="357" dir="0" index="3" bw="0" slack="2147483647"/>
<pin id="358" dir="1" index="4" bw="3" slack="0"/>
</pin_list>
<bind>
<opcode="phi(47) " fcode="phi"/>
<opset="j_0/2 "/>
</bind>
</comp>

<comp id="360" class="1005" name="phi_mul_reg_360">
<pin_list>
<pin id="361" dir="0" index="0" bw="12" slack="1"/>
<pin id="362" dir="1" index="1" bw="12" slack="1"/>
</pin_list>
<bind>
<opset="phi_mul (phireg) "/>
</bind>
</comp>

<comp id="364" class="1004" name="phi_mul_phi_fu_364">
<pin_list>
<pin id="365" dir="0" index="0" bw="1" slack="1"/>
<pin id="366" dir="0" index="1" bw="0" slack="2147483647"/>
<pin id="367" dir="0" index="2" bw="12" slack="0"/>
<pin id="368" dir="0" index="3" bw="0" slack="2147483647"/>
<pin id="369" dir="1" index="4" bw="12" slack="0"/>
</pin_list>
<bind>
<opcode="phi(47) " fcode="phi"/>
<opset="phi_mul/2 "/>
</bind>
</comp>

<comp id="372" class="1005" name="acc_0_i_reg_372">
<pin_list>
<pin id="373" dir="0" index="0" bw="32" slack="1"/>
<pin id="374" dir="1" index="1" bw="32" slack="1"/>
</pin_list>
<bind>
<opset="acc_0_i (phireg) "/>
</bind>
</comp>

<comp id="375" class="1004" name="acc_0_i_phi_fu_375">
<pin_list>
<pin id="376" dir="0" index="0" bw="32" slack="1"/>
<pin id="377" dir="0" index="1" bw="0" slack="2147483647"/>
<pin id="378" dir="0" index="2" bw="32" slack="1"/>
<pin id="379" dir="0" index="3" bw="0" slack="2147483647"/>
<pin id="380" dir="1" index="4" bw="32" slack="0"/>
</pin_list>
<bind>
<opcode="phi(47) " fcode="phi"/>
<opset="acc_0_i/4 "/>
</bind>
</comp>

<comp id="382" class="1005" name="i_0_i_reg_382">
<pin_list>
<pin id="383" dir="0" index="0" bw="10" slack="1"/>
<pin id="384" dir="1" index="1" bw="10" slack="1"/>
</pin_list>
<bind>
<opset="i_0_i (phireg) "/>
</bind>
</comp>

<comp id="386" class="1004" name="i_0_i_phi_fu_386">
<pin_list>
<pin id="387" dir="0" index="0" bw="1" slack="1"/>
<pin id="388" dir="0" index="1" bw="0" slack="2147483647"/>
<pin id="389" dir="0" index="2" bw="10" slack="0"/>
<pin id="390" dir="0" index="3" bw="0" slack="2147483647"/>
<pin id="391" dir="1" index="4" bw="10" slack="0"/>
</pin_list>
<bind>
<opcode="phi(47) " fcode="phi"/>
<opset="i_0_i/4 "/>
</bind>
</comp>

<comp id="393" class="1005" name="j1_0_reg_393">
<pin_list>
<pin id="394" dir="0" index="0" bw="4" slack="1"/>
<pin id="395" dir="1" index="1" bw="4" slack="1"/>
</pin_list>
<bind>
<opset="j1_0 (phireg) "/>
</bind>
</comp>

<comp id="397" class="1004" name="j1_0_phi_fu_397">
<pin_list>
<pin id="398" dir="0" index="0" bw="4" slack="0"/>
<pin id="399" dir="0" index="1" bw="0" slack="2147483647"/>
<pin id="400" dir="0" index="2" bw="1" slack="1"/>
<pin id="401" dir="0" index="3" bw="0" slack="2147483647"/>
<pin id="402" dir="1" index="4" bw="4" slack="0"/>
</pin_list>
<bind>
<opcode="phi(47) " fcode="phi"/>
<opset="j1_0/14 "/>
</bind>
</comp>

<comp id="405" class="1005" name="acc_0_i6_reg_405">
<pin_list>
<pin id="406" dir="0" index="0" bw="32" slack="1"/>
<pin id="407" dir="1" index="1" bw="32" slack="1"/>
</pin_list>
<bind>
<opset="acc_0_i6 (phireg) "/>
</bind>
</comp>

<comp id="408" class="1004" name="acc_0_i6_phi_fu_408">
<pin_list>
<pin id="409" dir="0" index="0" bw="32" slack="1"/>
<pin id="410" dir="0" index="1" bw="0" slack="2147483647"/>
<pin id="411" dir="0" index="2" bw="32" slack="1"/>
<pin id="412" dir="0" index="3" bw="0" slack="2147483647"/>
<pin id="413" dir="1" index="4" bw="32" slack="0"/>
</pin_list>
<bind>
<opcode="phi(47) " fcode="phi"/>
<opset="acc_0_i6/16 "/>
</bind>
</comp>

<comp id="415" class="1005" name="i_0_i7_reg_415">
<pin_list>
<pin id="416" dir="0" index="0" bw="3" slack="1"/>
<pin id="417" dir="1" index="1" bw="3" slack="1"/>
</pin_list>
<bind>
<opset="i_0_i7 (phireg) "/>
</bind>
</comp>

<comp id="419" class="1004" name="i_0_i7_phi_fu_419">
<pin_list>
<pin id="420" dir="0" index="0" bw="1" slack="1"/>
<pin id="421" dir="0" index="1" bw="0" slack="2147483647"/>
<pin id="422" dir="0" index="2" bw="3" slack="0"/>
<pin id="423" dir="0" index="3" bw="0" slack="2147483647"/>
<pin id="424" dir="1" index="4" bw="3" slack="0"/>
</pin_list>
<bind>
<opcode="phi(47) " fcode="phi"/>
<opset="i_0_i7/16 "/>
</bind>
</comp>

<comp id="426" class="1005" name="j2_0_reg_426">
<pin_list>
<pin id="427" dir="0" index="0" bw="4" slack="1"/>
<pin id="428" dir="1" index="1" bw="4" slack="1"/>
</pin_list>
<bind>
<opset="j2_0 (phireg) "/>
</bind>
</comp>

<comp id="430" class="1004" name="j2_0_phi_fu_430">
<pin_list>
<pin id="431" dir="0" index="0" bw="4" slack="0"/>
<pin id="432" dir="0" index="1" bw="0" slack="2147483647"/>
<pin id="433" dir="0" index="2" bw="1" slack="1"/>
<pin id="434" dir="0" index="3" bw="0" slack="2147483647"/>
<pin id="435" dir="1" index="4" bw="4" slack="0"/>
</pin_list>
<bind>
<opcode="phi(47) " fcode="phi"/>
<opset="j2_0/26 "/>
</bind>
</comp>

<comp id="438" class="1005" name="acc_0_i17_reg_438">
<pin_list>
<pin id="439" dir="0" index="0" bw="32" slack="1"/>
<pin id="440" dir="1" index="1" bw="32" slack="1"/>
</pin_list>
<bind>
<opset="acc_0_i17 (phireg) "/>
</bind>
</comp>

<comp id="441" class="1004" name="acc_0_i17_phi_fu_441">
<pin_list>
<pin id="442" dir="0" index="0" bw="32" slack="1"/>
<pin id="443" dir="0" index="1" bw="0" slack="2147483647"/>
<pin id="444" dir="0" index="2" bw="32" slack="1"/>
<pin id="445" dir="0" index="3" bw="0" slack="2147483647"/>
<pin id="446" dir="1" index="4" bw="32" slack="0"/>
</pin_list>
<bind>
<opcode="phi(47) " fcode="phi"/>
<opset="acc_0_i17/28 "/>
</bind>
</comp>

<comp id="448" class="1005" name="i_0_i18_reg_448">
<pin_list>
<pin id="449" dir="0" index="0" bw="4" slack="1"/>
<pin id="450" dir="1" index="1" bw="4" slack="1"/>
</pin_list>
<bind>
<opset="i_0_i18 (phireg) "/>
</bind>
</comp>

<comp id="452" class="1004" name="i_0_i18_phi_fu_452">
<pin_list>
<pin id="453" dir="0" index="0" bw="1" slack="1"/>
<pin id="454" dir="0" index="1" bw="0" slack="2147483647"/>
<pin id="455" dir="0" index="2" bw="4" slack="0"/>
<pin id="456" dir="0" index="3" bw="0" slack="2147483647"/>
<pin id="457" dir="1" index="4" bw="4" slack="0"/>
</pin_list>
<bind>
<opcode="phi(47) " fcode="phi"/>
<opset="i_0_i18/28 "/>
</bind>
</comp>

<comp id="459" class="1005" name="j3_0_reg_459">
<pin_list>
<pin id="460" dir="0" index="0" bw="4" slack="1"/>
<pin id="461" dir="1" index="1" bw="4" slack="1"/>
</pin_list>
<bind>
<opset="j3_0 (phireg) "/>
</bind>
</comp>

<comp id="463" class="1004" name="j3_0_phi_fu_463">
<pin_list>
<pin id="464" dir="0" index="0" bw="4" slack="0"/>
<pin id="465" dir="0" index="1" bw="0" slack="2147483647"/>
<pin id="466" dir="0" index="2" bw="1" slack="1"/>
<pin id="467" dir="0" index="3" bw="0" slack="2147483647"/>
<pin id="468" dir="1" index="4" bw="4" slack="0"/>
</pin_list>
<bind>
<opcode="phi(47) " fcode="phi"/>
<opset="j3_0/38 "/>
</bind>
</comp>

<comp id="471" class="1005" name="acc_0_i28_reg_471">
<pin_list>
<pin id="472" dir="0" index="0" bw="32" slack="5"/>
<pin id="473" dir="1" index="1" bw="32" slack="5"/>
</pin_list>
<bind>
<opset="acc_0_i28 (phireg) "/>
</bind>
</comp>

<comp id="474" class="1004" name="acc_0_i28_phi_fu_474">
<pin_list>
<pin id="475" dir="0" index="0" bw="32" slack="1"/>
<pin id="476" dir="0" index="1" bw="0" slack="2147483647"/>
<pin id="477" dir="0" index="2" bw="32" slack="1"/>
<pin id="478" dir="0" index="3" bw="0" slack="2147483647"/>
<pin id="479" dir="1" index="4" bw="32" slack="0"/>
</pin_list>
<bind>
<opcode="phi(47) " fcode="phi"/>
<opset="acc_0_i28/40 "/>
</bind>
</comp>

<comp id="482" class="1005" name="i_0_i29_reg_482">
<pin_list>
<pin id="483" dir="0" index="0" bw="4" slack="1"/>
<pin id="484" dir="1" index="1" bw="4" slack="1"/>
</pin_list>
<bind>
<opset="i_0_i29 (phireg) "/>
</bind>
</comp>

<comp id="486" class="1004" name="i_0_i29_phi_fu_486">
<pin_list>
<pin id="487" dir="0" index="0" bw="1" slack="1"/>
<pin id="488" dir="0" index="1" bw="0" slack="2147483647"/>
<pin id="489" dir="0" index="2" bw="4" slack="0"/>
<pin id="490" dir="0" index="3" bw="0" slack="2147483647"/>
<pin id="491" dir="1" index="4" bw="4" slack="0"/>
</pin_list>
<bind>
<opcode="phi(47) " fcode="phi"/>
<opset="i_0_i29/40 "/>
</bind>
</comp>

<comp id="493" class="1005" name="j4_0_reg_493">
<pin_list>
<pin id="494" dir="0" index="0" bw="4" slack="1"/>
<pin id="495" dir="1" index="1" bw="4" slack="1"/>
</pin_list>
<bind>
<opset="j4_0 (phireg) "/>
</bind>
</comp>

<comp id="497" class="1004" name="j4_0_phi_fu_497">
<pin_list>
<pin id="498" dir="0" index="0" bw="1" slack="1"/>
<pin id="499" dir="0" index="1" bw="0" slack="2147483647"/>
<pin id="500" dir="0" index="2" bw="4" slack="0"/>
<pin id="501" dir="0" index="3" bw="0" slack="2147483647"/>
<pin id="502" dir="1" index="4" bw="4" slack="0"/>
</pin_list>
<bind>
<opcode="phi(47) " fcode="phi"/>
<opset="j4_0/50 "/>
</bind>
</comp>

<comp id="504" class="1005" name="maxv_0_reg_504">
<pin_list>
<pin id="505" dir="0" index="0" bw="32" slack="1"/>
<pin id="506" dir="1" index="1" bw="32" slack="1"/>
</pin_list>
<bind>
<opset="maxv_0 (phireg) "/>
</bind>
</comp>

<comp id="507" class="1004" name="maxv_0_phi_fu_507">
<pin_list>
<pin id="508" dir="0" index="0" bw="32" slack="1"/>
<pin id="509" dir="0" index="1" bw="0" slack="2147483647"/>
<pin id="510" dir="0" index="2" bw="32" slack="1"/>
<pin id="511" dir="0" index="3" bw="0" slack="2147483647"/>
<pin id="512" dir="1" index="4" bw="32" slack="1"/>
</pin_list>
<bind>
<opcode="phi(47) " fcode="phi"/>
<opset="maxv_0/50 "/>
</bind>
</comp>

<comp id="514" class="1005" name="sum_0_reg_514">
<pin_list>
<pin id="515" dir="0" index="0" bw="32" slack="1"/>
<pin id="516" dir="1" index="1" bw="32" slack="1"/>
</pin_list>
<bind>
<opset="sum_0 (phireg) "/>
</bind>
</comp>

<comp id="518" class="1004" name="sum_0_phi_fu_518">
<pin_list>
<pin id="519" dir="0" index="0" bw="32" slack="1"/>
<pin id="520" dir="0" index="1" bw="0" slack="2147483647"/>
<pin id="521" dir="0" index="2" bw="32" slack="1"/>
<pin id="522" dir="0" index="3" bw="0" slack="2147483647"/>
<pin id="523" dir="1" index="4" bw="32" slack="3"/>
</pin_list>
<bind>
<opcode="phi(47) " fcode="phi"/>
<opset="sum_0/53 "/>
</bind>
</comp>

<comp id="526" class="1005" name="j5_0_reg_526">
<pin_list>
<pin id="527" dir="0" index="0" bw="4" slack="1"/>
<pin id="528" dir="1" index="1" bw="4" slack="1"/>
</pin_list>
<bind>
<opset="j5_0 (phireg) "/>
</bind>
</comp>

<comp id="530" class="1004" name="j5_0_phi_fu_530">
<pin_list>
<pin id="531" dir="0" index="0" bw="4" slack="0"/>
<pin id="532" dir="0" index="1" bw="0" slack="2147483647"/>
<pin id="533" dir="0" index="2" bw="1" slack="1"/>
<pin id="534" dir="0" index="3" bw="0" slack="2147483647"/>
<pin id="535" dir="1" index="4" bw="4" slack="0"/>
</pin_list>
<bind>
<opcode="phi(47) " fcode="phi"/>
<opset="j5_0/53 "/>
</bind>
</comp>

<comp id="537" class="1005" name="j6_0_reg_537">
<pin_list>
<pin id="538" dir="0" index="0" bw="4" slack="1"/>
<pin id="539" dir="1" index="1" bw="4" slack="1"/>
</pin_list>
<bind>
<opset="j6_0 (phireg) "/>
</bind>
</comp>

<comp id="541" class="1004" name="j6_0_phi_fu_541">
<pin_list>
<pin id="542" dir="0" index="0" bw="4" slack="0"/>
<pin id="543" dir="0" index="1" bw="0" slack="2147483647"/>
<pin id="544" dir="0" index="2" bw="1" slack="1"/>
<pin id="545" dir="0" index="3" bw="0" slack="2147483647"/>
<pin id="546" dir="1" index="4" bw="4" slack="0"/>
</pin_list>
<bind>
<opcode="phi(47) " fcode="phi"/>
<opset="j6_0/70 "/>
</bind>
</comp>

<comp id="548" class="1004" name="grp_fu_548">
<pin_list>
<pin id="549" dir="0" index="0" bw="32" slack="0"/>
<pin id="550" dir="0" index="1" bw="32" slack="1"/>
<pin id="551" dir="1" index="2" bw="32" slack="1"/>
</pin_list>
<bind>
<opcode="fadd(9) fsub(11) " fcode="fadd"/>
<opset="acc_2/9 acc_4/21 acc_6/33 acc_7/45 tmp_7/54 sum/66 "/>
</bind>
</comp>

<comp id="559" class="1004" name="grp_fu_559">
<pin_list>
<pin id="560" dir="0" index="0" bw="32" slack="1"/>
<pin id="561" dir="0" index="1" bw="32" slack="1"/>
<pin id="562" dir="1" index="2" bw="32" slack="1"/>
</pin_list>
<bind>
<opcode="fmul(13) " fcode="fmul"/>
<opset="tmp_i/6 tmp_i1/18 tmp_i2/30 tmp_i3/42 "/>
</bind>
</comp>

<comp id="563" class="1004" name="grp_fu_563">
<pin_list>
<pin id="564" dir="0" index="0" bw="32" slack="1"/>
<pin id="565" dir="0" index="1" bw="32" slack="3"/>
<pin id="566" dir="1" index="2" bw="32" slack="1"/>
</pin_list>
<bind>
<opcode="fdiv(16) " fcode="fdiv"/>
<opset="tmp_9/72 "/>
</bind>
</comp>

<comp id="568" class="1004" name="grp_fu_568">
<pin_list>
<pin id="569" dir="0" index="0" bw="32" slack="0"/>
<pin id="570" dir="0" index="1" bw="32" slack="0"/>
<pin id="571" dir="1" index="2" bw="1" slack="0"/>
</pin_list>
<bind>
<opcode="fcmp(46) " fcode="fcmp"/>
<opset="tmp_1/4 tmp_3/16 tmp_5/28 tmp_s/51 "/>
</bind>
</comp>

<comp id="578" class="1004" name="grp_fu_578">
<pin_list>
<pin id="579" dir="0" index="0" bw="32" slack="0"/>
<pin id="580" dir="0" index="1" bw="32" slack="1"/>
<pin id="581" dir="1" index="2" bw="32" slack="0"/>
</pin_list>
<bind>
<opcode="fexp(507) " fcode="fexp"/>
<opset="e/58 "/>
</bind>
</comp>

<comp id="584" class="1005" name="reg_584">
<pin_list>
<pin id="585" dir="0" index="0" bw="32" slack="1"/>
<pin id="586" dir="1" index="1" bw="32" slack="1"/>
</pin_list>
<bind>
<opset="tmp_i tmp_i1 tmp_i2 tmp_i3 "/>
</bind>
</comp>

<comp id="589" class="1005" name="reg_589">
<pin_list>
<pin id="590" dir="0" index="0" bw="32" slack="1"/>
<pin id="591" dir="1" index="1" bw="32" slack="1"/>
</pin_list>
<bind>
<opset="acc_2 acc_4 acc_6 acc_7 tmp_7 "/>
</bind>
</comp>

<comp id="598" class="1005" name="reg_598">
<pin_list>
<pin id="599" dir="0" index="0" bw="32" slack="1"/>
<pin id="600" dir="1" index="1" bw="32" slack="1"/>
</pin_list>
<bind>
<opset="maxv z4_load "/>
</bind>
</comp>

<comp id="604" class="1004" name="add_ln86_fu_604">
<pin_list>
<pin id="605" dir="0" index="0" bw="12" slack="0"/>
<pin id="606" dir="0" index="1" bw="11" slack="0"/>
<pin id="607" dir="1" index="2" bw="12" slack="0"/>
</pin_list>
<bind>
<opcode="add(8) " fcode="add"/>
<opset="add_ln86/2 "/>
</bind>
</comp>

<comp id="610" class="1004" name="icmp_ln86_fu_610">
<pin_list>
<pin id="611" dir="0" index="0" bw="3" slack="0"/>
<pin id="612" dir="0" index="1" bw="3" slack="0"/>
<pin id="613" dir="1" index="2" bw="1" slack="2147483647"/>
</pin_list>
<bind>
<opcode="icmp(45) " fcode="icmp"/>
<opset="icmp_ln86/2 "/>
</bind>
</comp>

<comp id="616" class="1004" name="j_fu_616">
<pin_list>
<pin id="617" dir="0" index="0" bw="3" slack="0"/>
<pin id="618" dir="0" index="1" bw="1" slack="0"/>
<pin id="619" dir="1" index="2" bw="3" slack="0"/>
</pin_list>
<bind>
<opcode="add(8) " fcode="add"/>
<opset="j/2 "/>
</bind>
</comp>

<comp id="622" class="1004" name="zext_ln87_fu_622">
<pin_list>
<pin id="623" dir="0" index="0" bw="3" slack="0"/>
<pin id="624" dir="1" index="1" bw="64" slack="0"/>
</pin_list>
<bind>
<opcode="zext(34) " fcode="zext"/>
<opset="zext_ln87/2 "/>
</bind>
</comp>

<comp id="627" class="1004" name="icmp_ln68_fu_627">
<pin_list>
<pin id="628" dir="0" index="0" bw="10" slack="0"/>
<pin id="629" dir="0" index="1" bw="9" slack="0"/>
<pin id="630" dir="1" index="2" bw="1" slack="2147483647"/>
</pin_list>
<bind>
<opcode="icmp(45) " fcode="icmp"/>
<opset="icmp_ln68/4 "/>
</bind>
</comp>

<comp id="633" class="1004" name="i_fu_633">
<pin_list>
<pin id="634" dir="0" index="0" bw="10" slack="0"/>
<pin id="635" dir="0" index="1" bw="1" slack="0"/>
<pin id="636" dir="1" index="2" bw="10" slack="0"/>
</pin_list>
<bind>
<opcode="add(8) " fcode="add"/>
<opset="i/4 "/>
</bind>
</comp>

<comp id="639" class="1004" name="zext_ln69_fu_639">
<pin_list>
<pin id="640" dir="0" index="0" bw="10" slack="0"/>
<pin id="641" dir="1" index="1" bw="64" slack="0"/>
</pin_list>
<bind>
<opcode="zext(34) " fcode="zext"/>
<opset="zext_ln69/4 "/>
</bind>
</comp>

<comp id="644" class="1004" name="zext_ln69_6_fu_644">
<pin_list>
<pin id="645" dir="0" index="0" bw="10" slack="0"/>
<pin id="646" dir="1" index="1" bw="12" slack="0"/>
</pin_list>
<bind>
<opcode="zext(34) " fcode="zext"/>
<opset="zext_ln69_6/4 "/>
</bind>
</comp>

<comp id="648" class="1004" name="add_ln69_1_fu_648">
<pin_list>
<pin id="649" dir="0" index="0" bw="12" slack="2"/>
<pin id="650" dir="0" index="1" bw="10" slack="0"/>
<pin id="651" dir="1" index="2" bw="12" slack="0"/>
</pin_list>
<bind>
<opcode="add(8) " fcode="add"/>
<opset="add_ln69_1/4 "/>
</bind>
</comp>

<comp id="654" class="1004" name="zext_ln69_7_fu_654">
<pin_list>
<pin id="655" dir="0" index="0" bw="12" slack="0"/>
<pin id="656" dir="1" index="1" bw="64" slack="0"/>
</pin_list>
<bind>
<opcode="zext(34) " fcode="zext"/>
<opset="zext_ln69_7/4 "/>
</bind>
</comp>

<comp id="659" class="1004" name="bitcast_ln72_fu_659">
<pin_list>
<pin id="660" dir="0" index="0" bw="32" slack="1"/>
<pin id="661" dir="1" index="1" bw="32" slack="0"/>
</pin_list>
<bind>
<opcode="bitcast(44) " fcode="bitcast"/>
<opset="bitcast_ln72/13 "/>
</bind>
</comp>

<comp id="663" class="1004" name="tmp_fu_663">
<pin_list>
<pin id="664" dir="0" index="0" bw="8" slack="0"/>
<pin id="665" dir="0" index="1" bw="32" slack="0"/>
<pin id="666" dir="0" index="2" bw="6" slack="0"/>
<pin id="667" dir="0" index="3" bw="6" slack="0"/>
<pin id="668" dir="1" index="4" bw="8" slack="0"/>
</pin_list>
<bind>
<opcode="partselect(1002) " fcode="partselect"/>
<opset="tmp/13 "/>
</bind>
</comp>

<comp id="673" class="1004" name="trunc_ln72_fu_673">
<pin_list>
<pin id="674" dir="0" index="0" bw="32" slack="0"/>
<pin id="675" dir="1" index="1" bw="23" slack="0"/>
</pin_list>
<bind>
<opcode="trunc(33) " fcode="trunc"/>
<opset="trunc_ln72/13 "/>
</bind>
</comp>

<comp id="677" class="1004" name="icmp_ln72_fu_677">
<pin_list>
<pin id="678" dir="0" index="0" bw="8" slack="0"/>
<pin id="679" dir="0" index="1" bw="1" slack="0"/>
<pin id="680" dir="1" index="2" bw="1" slack="0"/>
</pin_list>
<bind>
<opcode="icmp(45) " fcode="icmp"/>
<opset="icmp_ln72/13 "/>
</bind>
</comp>

<comp id="683" class="1004" name="icmp_ln72_1_fu_683">
<pin_list>
<pin id="684" dir="0" index="0" bw="23" slack="0"/>
<pin id="685" dir="0" index="1" bw="1" slack="0"/>
<pin id="686" dir="1" index="2" bw="1" slack="0"/>
</pin_list>
<bind>
<opcode="icmp(45) " fcode="icmp"/>
<opset="icmp_ln72_1/13 "/>
</bind>
</comp>

<comp id="689" class="1004" name="or_ln72_fu_689">
<pin_list>
<pin id="690" dir="0" index="0" bw="1" slack="0"/>
<pin id="691" dir="0" index="1" bw="1" slack="0"/>
<pin id="692" dir="1" index="2" bw="1" slack="0"/>
</pin_list>
<bind>
<opcode="or(24) " fcode="or"/>
<opset="or_ln72/13 "/>
</bind>
</comp>

<comp id="695" class="1004" name="and_ln72_fu_695">
<pin_list>
<pin id="696" dir="0" index="0" bw="1" slack="0"/>
<pin id="697" dir="0" index="1" bw="1" slack="0"/>
<pin id="698" dir="1" index="2" bw="1" slack="0"/>
</pin_list>
<bind>
<opcode="and(23) " fcode="and"/>
<opset="and_ln72/13 "/>
</bind>
</comp>

<comp id="701" class="1004" name="select_ln72_fu_701">
<pin_list>
<pin id="702" dir="0" index="0" bw="1" slack="0"/>
<pin id="703" dir="0" index="1" bw="32" slack="0"/>
<pin id="704" dir="0" index="2" bw="32" slack="1"/>
<pin id="705" dir="1" index="3" bw="32" slack="0"/>
</pin_list>
<bind>
<opcode="select(49) " fcode="select"/>
<opset="select_ln72/13 "/>
</bind>
</comp>

<comp id="710" class="1004" name="icmp_ln90_fu_710">
<pin_list>
<pin id="711" dir="0" index="0" bw="4" slack="0"/>
<pin id="712" dir="0" index="1" bw="4" slack="0"/>
<pin id="713" dir="1" index="2" bw="1" slack="2147483647"/>
</pin_list>
<bind>
<opcode="icmp(45) " fcode="icmp"/>
<opset="icmp_ln90/14 "/>
</bind>
</comp>

<comp id="716" class="1004" name="j_1_fu_716">
<pin_list>
<pin id="717" dir="0" index="0" bw="4" slack="0"/>
<pin id="718" dir="0" index="1" bw="1" slack="0"/>
<pin id="719" dir="1" index="2" bw="4" slack="0"/>
</pin_list>
<bind>
<opcode="add(8) " fcode="add"/>
<opset="j_1/14 "/>
</bind>
</comp>

<comp id="722" class="1004" name="zext_ln91_fu_722">
<pin_list>
<pin id="723" dir="0" index="0" bw="4" slack="0"/>
<pin id="724" dir="1" index="1" bw="64" slack="0"/>
</pin_list>
<bind>
<opcode="zext(34) " fcode="zext"/>
<opset="zext_ln91/14 "/>
</bind>
</comp>

<comp id="727" class="1004" name="zext_ln69_4_fu_727">
<pin_list>
<pin id="728" dir="0" index="0" bw="4" slack="1"/>
<pin id="729" dir="1" index="1" bw="7" slack="0"/>
</pin_list>
<bind>
<opcode="zext(34) " fcode="zext"/>
<opset="zext_ln69_4/15 "/>
</bind>
</comp>

<comp id="731" class="1004" name="tmp_10_fu_731">
<pin_list>
<pin id="732" dir="0" index="0" bw="6" slack="0"/>
<pin id="733" dir="0" index="1" bw="4" slack="1"/>
<pin id="734" dir="0" index="2" bw="1" slack="0"/>
<pin id="735" dir="1" index="3" bw="6" slack="0"/>
</pin_list>
<bind>
<opcode="bitconcatenate(1004) " fcode="bitconcatenate"/>
<opset="tmp_10/15 "/>
</bind>
</comp>

<comp id="739" class="1004" name="zext_ln69_5_fu_739">
<pin_list>
<pin id="740" dir="0" index="0" bw="6" slack="0"/>
<pin id="741" dir="1" index="1" bw="7" slack="0"/>
</pin_list>
<bind>
<opcode="zext(34) " fcode="zext"/>
<opset="zext_ln69_5/15 "/>
</bind>
</comp>

<comp id="743" class="1004" name="add_ln69_fu_743">
<pin_list>
<pin id="744" dir="0" index="0" bw="4" slack="0"/>
<pin id="745" dir="0" index="1" bw="6" slack="0"/>
<pin id="746" dir="1" index="2" bw="7" slack="1"/>
</pin_list>
<bind>
<opcode="add(8) " fcode="add"/>
<opset="add_ln69/15 "/>
</bind>
</comp>

<comp id="749" class="1004" name="icmp_ln68_1_fu_749">
<pin_list>
<pin id="750" dir="0" index="0" bw="3" slack="0"/>
<pin id="751" dir="0" index="1" bw="3" slack="0"/>
<pin id="752" dir="1" index="2" bw="1" slack="2147483647"/>
</pin_list>
<bind>
<opcode="icmp(45) " fcode="icmp"/>
<opset="icmp_ln68_1/16 "/>
</bind>
</comp>

<comp id="755" class="1004" name="i_1_fu_755">
<pin_list>
<pin id="756" dir="0" index="0" bw="3" slack="0"/>
<pin id="757" dir="0" index="1" bw="1" slack="0"/>
<pin id="758" dir="1" index="2" bw="3" slack="0"/>
</pin_list>
<bind>
<opcode="add(8) " fcode="add"/>
<opset="i_1/16 "/>
</bind>
</comp>

<comp id="761" class="1004" name="zext_ln69_1_fu_761">
<pin_list>
<pin id="762" dir="0" index="0" bw="3" slack="0"/>
<pin id="763" dir="1" index="1" bw="64" slack="0"/>
</pin_list>
<bind>
<opcode="zext(34) " fcode="zext"/>
<opset="zext_ln69_1/16 "/>
</bind>
</comp>

<comp id="766" class="1004" name="zext_ln69_8_fu_766">
<pin_list>
<pin id="767" dir="0" index="0" bw="3" slack="0"/>
<pin id="768" dir="1" index="1" bw="7" slack="0"/>
</pin_list>
<bind>
<opcode="zext(34) " fcode="zext"/>
<opset="zext_ln69_8/16 "/>
</bind>
</comp>

<comp id="770" class="1004" name="add_ln69_2_fu_770">
<pin_list>
<pin id="771" dir="0" index="0" bw="7" slack="1"/>
<pin id="772" dir="0" index="1" bw="3" slack="0"/>
<pin id="773" dir="1" index="2" bw="7" slack="0"/>
</pin_list>
<bind>
<opcode="add(8) " fcode="add"/>
<opset="add_ln69_2/16 "/>
</bind>
</comp>

<comp id="775" class="1004" name="zext_ln69_9_fu_775">
<pin_list>
<pin id="776" dir="0" index="0" bw="7" slack="0"/>
<pin id="777" dir="1" index="1" bw="64" slack="0"/>
</pin_list>
<bind>
<opcode="zext(34) " fcode="zext"/>
<opset="zext_ln69_9/16 "/>
</bind>
</comp>

<comp id="780" class="1004" name="bitcast_ln72_1_fu_780">
<pin_list>
<pin id="781" dir="0" index="0" bw="32" slack="1"/>
<pin id="782" dir="1" index="1" bw="32" slack="0"/>
</pin_list>
<bind>
<opcode="bitcast(44) " fcode="bitcast"/>
<opset="bitcast_ln72_1/25 "/>
</bind>
</comp>

<comp id="784" class="1004" name="tmp_2_fu_784">
<pin_list>
<pin id="785" dir="0" index="0" bw="8" slack="0"/>
<pin id="786" dir="0" index="1" bw="32" slack="0"/>
<pin id="787" dir="0" index="2" bw="6" slack="0"/>
<pin id="788" dir="0" index="3" bw="6" slack="0"/>
<pin id="789" dir="1" index="4" bw="8" slack="0"/>
</pin_list>
<bind>
<opcode="partselect(1002) " fcode="partselect"/>
<opset="tmp_2/25 "/>
</bind>
</comp>

<comp id="794" class="1004" name="trunc_ln72_1_fu_794">
<pin_list>
<pin id="795" dir="0" index="0" bw="32" slack="0"/>
<pin id="796" dir="1" index="1" bw="23" slack="0"/>
</pin_list>
<bind>
<opcode="trunc(33) " fcode="trunc"/>
<opset="trunc_ln72_1/25 "/>
</bind>
</comp>

<comp id="798" class="1004" name="icmp_ln72_2_fu_798">
<pin_list>
<pin id="799" dir="0" index="0" bw="8" slack="0"/>
<pin id="800" dir="0" index="1" bw="1" slack="0"/>
<pin id="801" dir="1" index="2" bw="1" slack="0"/>
</pin_list>
<bind>
<opcode="icmp(45) " fcode="icmp"/>
<opset="icmp_ln72_2/25 "/>
</bind>
</comp>

<comp id="804" class="1004" name="icmp_ln72_3_fu_804">
<pin_list>
<pin id="805" dir="0" index="0" bw="23" slack="0"/>
<pin id="806" dir="0" index="1" bw="1" slack="0"/>
<pin id="807" dir="1" index="2" bw="1" slack="0"/>
</pin_list>
<bind>
<opcode="icmp(45) " fcode="icmp"/>
<opset="icmp_ln72_3/25 "/>
</bind>
</comp>

<comp id="810" class="1004" name="or_ln72_1_fu_810">
<pin_list>
<pin id="811" dir="0" index="0" bw="1" slack="0"/>
<pin id="812" dir="0" index="1" bw="1" slack="0"/>
<pin id="813" dir="1" index="2" bw="1" slack="0"/>
</pin_list>
<bind>
<opcode="or(24) " fcode="or"/>
<opset="or_ln72_1/25 "/>
</bind>
</comp>

<comp id="816" class="1004" name="and_ln72_1_fu_816">
<pin_list>
<pin id="817" dir="0" index="0" bw="1" slack="0"/>
<pin id="818" dir="0" index="1" bw="1" slack="0"/>
<pin id="819" dir="1" index="2" bw="1" slack="0"/>
</pin_list>
<bind>
<opcode="and(23) " fcode="and"/>
<opset="and_ln72_1/25 "/>
</bind>
</comp>

<comp id="822" class="1004" name="select_ln72_1_fu_822">
<pin_list>
<pin id="823" dir="0" index="0" bw="1" slack="0"/>
<pin id="824" dir="0" index="1" bw="32" slack="0"/>
<pin id="825" dir="0" index="2" bw="32" slack="1"/>
<pin id="826" dir="1" index="3" bw="32" slack="0"/>
</pin_list>
<bind>
<opcode="select(49) " fcode="select"/>
<opset="select_ln72_1/25 "/>
</bind>
</comp>

<comp id="831" class="1004" name="icmp_ln94_fu_831">
<pin_list>
<pin id="832" dir="0" index="0" bw="4" slack="0"/>
<pin id="833" dir="0" index="1" bw="4" slack="0"/>
<pin id="834" dir="1" index="2" bw="1" slack="2147483647"/>
</pin_list>
<bind>
<opcode="icmp(45) " fcode="icmp"/>
<opset="icmp_ln94/26 "/>
</bind>
</comp>

<comp id="837" class="1004" name="j_2_fu_837">
<pin_list>
<pin id="838" dir="0" index="0" bw="4" slack="0"/>
<pin id="839" dir="0" index="1" bw="1" slack="0"/>
<pin id="840" dir="1" index="2" bw="4" slack="0"/>
</pin_list>
<bind>
<opcode="add(8) " fcode="add"/>
<opset="j_2/26 "/>
</bind>
</comp>

<comp id="843" class="1004" name="zext_ln95_fu_843">
<pin_list>
<pin id="844" dir="0" index="0" bw="4" slack="0"/>
<pin id="845" dir="1" index="1" bw="64" slack="0"/>
</pin_list>
<bind>
<opcode="zext(34) " fcode="zext"/>
<opset="zext_ln95/26 "/>
</bind>
</comp>

<comp id="848" class="1004" name="tmp_11_fu_848">
<pin_list>
<pin id="849" dir="0" index="0" bw="7" slack="0"/>
<pin id="850" dir="0" index="1" bw="4" slack="1"/>
<pin id="851" dir="0" index="2" bw="1" slack="0"/>
<pin id="852" dir="1" index="3" bw="7" slack="0"/>
</pin_list>
<bind>
<opcode="bitconcatenate(1004) " fcode="bitconcatenate"/>
<opset="tmp_11/27 "/>
</bind>
</comp>

<comp id="856" class="1004" name="zext_ln95_1_fu_856">
<pin_list>
<pin id="857" dir="0" index="0" bw="7" slack="0"/>
<pin id="858" dir="1" index="1" bw="8" slack="1"/>
</pin_list>
<bind>
<opcode="zext(34) " fcode="zext"/>
<opset="zext_ln95_1/27 "/>
</bind>
</comp>

<comp id="860" class="1004" name="icmp_ln68_2_fu_860">
<pin_list>
<pin id="861" dir="0" index="0" bw="4" slack="0"/>
<pin id="862" dir="0" index="1" bw="4" slack="0"/>
<pin id="863" dir="1" index="2" bw="1" slack="2147483647"/>
</pin_list>
<bind>
<opcode="icmp(45) " fcode="icmp"/>
<opset="icmp_ln68_2/28 "/>
</bind>
</comp>

<comp id="866" class="1004" name="i_2_fu_866">
<pin_list>
<pin id="867" dir="0" index="0" bw="4" slack="0"/>
<pin id="868" dir="0" index="1" bw="1" slack="0"/>
<pin id="869" dir="1" index="2" bw="4" slack="0"/>
</pin_list>
<bind>
<opcode="add(8) " fcode="add"/>
<opset="i_2/28 "/>
</bind>
</comp>

<comp id="872" class="1004" name="zext_ln69_2_fu_872">
<pin_list>
<pin id="873" dir="0" index="0" bw="4" slack="0"/>
<pin id="874" dir="1" index="1" bw="64" slack="0"/>
</pin_list>
<bind>
<opcode="zext(34) " fcode="zext"/>
<opset="zext_ln69_2/28 "/>
</bind>
</comp>

<comp id="877" class="1004" name="zext_ln69_10_fu_877">
<pin_list>
<pin id="878" dir="0" index="0" bw="4" slack="0"/>
<pin id="879" dir="1" index="1" bw="8" slack="0"/>
</pin_list>
<bind>
<opcode="zext(34) " fcode="zext"/>
<opset="zext_ln69_10/28 "/>
</bind>
</comp>

<comp id="881" class="1004" name="add_ln69_3_fu_881">
<pin_list>
<pin id="882" dir="0" index="0" bw="7" slack="1"/>
<pin id="883" dir="0" index="1" bw="4" slack="0"/>
<pin id="884" dir="1" index="2" bw="8" slack="0"/>
</pin_list>
<bind>
<opcode="add(8) " fcode="add"/>
<opset="add_ln69_3/28 "/>
</bind>
</comp>

<comp id="886" class="1004" name="zext_ln69_11_fu_886">
<pin_list>
<pin id="887" dir="0" index="0" bw="8" slack="0"/>
<pin id="888" dir="1" index="1" bw="64" slack="0"/>
</pin_list>
<bind>
<opcode="zext(34) " fcode="zext"/>
<opset="zext_ln69_11/28 "/>
</bind>
</comp>

<comp id="891" class="1004" name="bitcast_ln72_2_fu_891">
<pin_list>
<pin id="892" dir="0" index="0" bw="32" slack="1"/>
<pin id="893" dir="1" index="1" bw="32" slack="0"/>
</pin_list>
<bind>
<opcode="bitcast(44) " fcode="bitcast"/>
<opset="bitcast_ln72_2/37 "/>
</bind>
</comp>

<comp id="895" class="1004" name="tmp_4_fu_895">
<pin_list>
<pin id="896" dir="0" index="0" bw="8" slack="0"/>
<pin id="897" dir="0" index="1" bw="32" slack="0"/>
<pin id="898" dir="0" index="2" bw="6" slack="0"/>
<pin id="899" dir="0" index="3" bw="6" slack="0"/>
<pin id="900" dir="1" index="4" bw="8" slack="0"/>
</pin_list>
<bind>
<opcode="partselect(1002) " fcode="partselect"/>
<opset="tmp_4/37 "/>
</bind>
</comp>

<comp id="905" class="1004" name="trunc_ln72_2_fu_905">
<pin_list>
<pin id="906" dir="0" index="0" bw="32" slack="0"/>
<pin id="907" dir="1" index="1" bw="23" slack="0"/>
</pin_list>
<bind>
<opcode="trunc(33) " fcode="trunc"/>
<opset="trunc_ln72_2/37 "/>
</bind>
</comp>

<comp id="909" class="1004" name="icmp_ln72_4_fu_909">
<pin_list>
<pin id="910" dir="0" index="0" bw="8" slack="0"/>
<pin id="911" dir="0" index="1" bw="1" slack="0"/>
<pin id="912" dir="1" index="2" bw="1" slack="0"/>
</pin_list>
<bind>
<opcode="icmp(45) " fcode="icmp"/>
<opset="icmp_ln72_4/37 "/>
</bind>
</comp>

<comp id="915" class="1004" name="icmp_ln72_5_fu_915">
<pin_list>
<pin id="916" dir="0" index="0" bw="23" slack="0"/>
<pin id="917" dir="0" index="1" bw="1" slack="0"/>
<pin id="918" dir="1" index="2" bw="1" slack="0"/>
</pin_list>
<bind>
<opcode="icmp(45) " fcode="icmp"/>
<opset="icmp_ln72_5/37 "/>
</bind>
</comp>

<comp id="921" class="1004" name="or_ln72_2_fu_921">
<pin_list>
<pin id="922" dir="0" index="0" bw="1" slack="0"/>
<pin id="923" dir="0" index="1" bw="1" slack="0"/>
<pin id="924" dir="1" index="2" bw="1" slack="0"/>
</pin_list>
<bind>
<opcode="or(24) " fcode="or"/>
<opset="or_ln72_2/37 "/>
</bind>
</comp>

<comp id="927" class="1004" name="and_ln72_2_fu_927">
<pin_list>
<pin id="928" dir="0" index="0" bw="1" slack="0"/>
<pin id="929" dir="0" index="1" bw="1" slack="0"/>
<pin id="930" dir="1" index="2" bw="1" slack="0"/>
</pin_list>
<bind>
<opcode="and(23) " fcode="and"/>
<opset="and_ln72_2/37 "/>
</bind>
</comp>

<comp id="933" class="1004" name="select_ln72_2_fu_933">
<pin_list>
<pin id="934" dir="0" index="0" bw="1" slack="0"/>
<pin id="935" dir="0" index="1" bw="32" slack="0"/>
<pin id="936" dir="0" index="2" bw="32" slack="1"/>
<pin id="937" dir="1" index="3" bw="32" slack="0"/>
</pin_list>
<bind>
<opcode="select(49) " fcode="select"/>
<opset="select_ln72_2/37 "/>
</bind>
</comp>

<comp id="942" class="1004" name="icmp_ln98_fu_942">
<pin_list>
<pin id="943" dir="0" index="0" bw="4" slack="0"/>
<pin id="944" dir="0" index="1" bw="4" slack="0"/>
<pin id="945" dir="1" index="2" bw="1" slack="2147483647"/>
</pin_list>
<bind>
<opcode="icmp(45) " fcode="icmp"/>
<opset="icmp_ln98/38 "/>
</bind>
</comp>

<comp id="948" class="1004" name="j_4_fu_948">
<pin_list>
<pin id="949" dir="0" index="0" bw="4" slack="0"/>
<pin id="950" dir="0" index="1" bw="1" slack="0"/>
<pin id="951" dir="1" index="2" bw="4" slack="0"/>
</pin_list>
<bind>
<opcode="add(8) " fcode="add"/>
<opset="j_4/38 "/>
</bind>
</comp>

<comp id="954" class="1004" name="zext_ln99_fu_954">
<pin_list>
<pin id="955" dir="0" index="0" bw="4" slack="0"/>
<pin id="956" dir="1" index="1" bw="64" slack="0"/>
</pin_list>
<bind>
<opcode="zext(34) " fcode="zext"/>
<opset="zext_ln99/38 "/>
</bind>
</comp>

<comp id="959" class="1004" name="tmp_12_fu_959">
<pin_list>
<pin id="960" dir="0" index="0" bw="7" slack="0"/>
<pin id="961" dir="0" index="1" bw="4" slack="1"/>
<pin id="962" dir="0" index="2" bw="1" slack="0"/>
<pin id="963" dir="1" index="3" bw="7" slack="0"/>
</pin_list>
<bind>
<opcode="bitconcatenate(1004) " fcode="bitconcatenate"/>
<opset="tmp_12/39 "/>
</bind>
</comp>

<comp id="967" class="1004" name="zext_ln99_1_fu_967">
<pin_list>
<pin id="968" dir="0" index="0" bw="7" slack="0"/>
<pin id="969" dir="1" index="1" bw="8" slack="1"/>
</pin_list>
<bind>
<opcode="zext(34) " fcode="zext"/>
<opset="zext_ln99_1/39 "/>
</bind>
</comp>

<comp id="971" class="1004" name="icmp_ln68_3_fu_971">
<pin_list>
<pin id="972" dir="0" index="0" bw="4" slack="0"/>
<pin id="973" dir="0" index="1" bw="4" slack="0"/>
<pin id="974" dir="1" index="2" bw="1" slack="2147483647"/>
</pin_list>
<bind>
<opcode="icmp(45) " fcode="icmp"/>
<opset="icmp_ln68_3/40 "/>
</bind>
</comp>

<comp id="977" class="1004" name="i_3_fu_977">
<pin_list>
<pin id="978" dir="0" index="0" bw="4" slack="0"/>
<pin id="979" dir="0" index="1" bw="1" slack="0"/>
<pin id="980" dir="1" index="2" bw="4" slack="0"/>
</pin_list>
<bind>
<opcode="add(8) " fcode="add"/>
<opset="i_3/40 "/>
</bind>
</comp>

<comp id="983" class="1004" name="zext_ln69_3_fu_983">
<pin_list>
<pin id="984" dir="0" index="0" bw="4" slack="0"/>
<pin id="985" dir="1" index="1" bw="64" slack="0"/>
</pin_list>
<bind>
<opcode="zext(34) " fcode="zext"/>
<opset="zext_ln69_3/40 "/>
</bind>
</comp>

<comp id="988" class="1004" name="zext_ln69_12_fu_988">
<pin_list>
<pin id="989" dir="0" index="0" bw="4" slack="0"/>
<pin id="990" dir="1" index="1" bw="8" slack="0"/>
</pin_list>
<bind>
<opcode="zext(34) " fcode="zext"/>
<opset="zext_ln69_12/40 "/>
</bind>
</comp>

<comp id="992" class="1004" name="add_ln69_4_fu_992">
<pin_list>
<pin id="993" dir="0" index="0" bw="7" slack="1"/>
<pin id="994" dir="0" index="1" bw="4" slack="0"/>
<pin id="995" dir="1" index="2" bw="8" slack="0"/>
</pin_list>
<bind>
<opcode="add(8) " fcode="add"/>
<opset="add_ln69_4/40 "/>
</bind>
</comp>

<comp id="997" class="1004" name="zext_ln69_13_fu_997">
<pin_list>
<pin id="998" dir="0" index="0" bw="8" slack="0"/>
<pin id="999" dir="1" index="1" bw="64" slack="0"/>
</pin_list>
<bind>
<opcode="zext(34) " fcode="zext"/>
<opset="zext_ln69_13/40 "/>
</bind>
</comp>

<comp id="1002" class="1004" name="icmp_ln103_fu_1002">
<pin_list>
<pin id="1003" dir="0" index="0" bw="4" slack="0"/>
<pin id="1004" dir="0" index="1" bw="4" slack="0"/>
<pin id="1005" dir="1" index="2" bw="1" slack="2147483647"/>
</pin_list>
<bind>
<opcode="icmp(45) " fcode="icmp"/>
<opset="icmp_ln103/50 "/>
</bind>
</comp>

<comp id="1008" class="1004" name="zext_ln104_fu_1008">
<pin_list>
<pin id="1009" dir="0" index="0" bw="4" slack="0"/>
<pin id="1010" dir="1" index="1" bw="64" slack="0"/>
</pin_list>
<bind>
<opcode="zext(34) " fcode="zext"/>
<opset="zext_ln104/50 "/>
</bind>
</comp>

<comp id="1013" class="1004" name="j_3_fu_1013">
<pin_list>
<pin id="1014" dir="0" index="0" bw="1" slack="0"/>
<pin id="1015" dir="0" index="1" bw="4" slack="0"/>
<pin id="1016" dir="1" index="2" bw="4" slack="0"/>
</pin_list>
<bind>
<opcode="add(8) " fcode="add"/>
<opset="j_3/50 "/>
</bind>
</comp>

<comp id="1019" class="1004" name="bitcast_ln104_fu_1019">
<pin_list>
<pin id="1020" dir="0" index="0" bw="32" slack="1"/>
<pin id="1021" dir="1" index="1" bw="32" slack="0"/>
</pin_list>
<bind>
<opcode="bitcast(44) " fcode="bitcast"/>
<opset="bitcast_ln104/52 "/>
</bind>
</comp>

<comp id="1022" class="1004" name="tmp_6_fu_1022">
<pin_list>
<pin id="1023" dir="0" index="0" bw="8" slack="0"/>
<pin id="1024" dir="0" index="1" bw="32" slack="0"/>
<pin id="1025" dir="0" index="2" bw="6" slack="0"/>
<pin id="1026" dir="0" index="3" bw="6" slack="0"/>
<pin id="1027" dir="1" index="4" bw="8" slack="0"/>
</pin_list>
<bind>
<opcode="partselect(1002) " fcode="partselect"/>
<opset="tmp_6/52 "/>
</bind>
</comp>

<comp id="1032" class="1004" name="trunc_ln104_fu_1032">
<pin_list>
<pin id="1033" dir="0" index="0" bw="32" slack="0"/>
<pin id="1034" dir="1" index="1" bw="23" slack="0"/>
</pin_list>
<bind>
<opcode="trunc(33) " fcode="trunc"/>
<opset="trunc_ln104/52 "/>
</bind>
</comp>

<comp id="1036" class="1004" name="bitcast_ln104_1_fu_1036">
<pin_list>
<pin id="1037" dir="0" index="0" bw="32" slack="2"/>
<pin id="1038" dir="1" index="1" bw="32" slack="0"/>
</pin_list>
<bind>
<opcode="bitcast(44) " fcode="bitcast"/>
<opset="bitcast_ln104_1/52 "/>
</bind>
</comp>

<comp id="1040" class="1004" name="tmp_8_fu_1040">
<pin_list>
<pin id="1041" dir="0" index="0" bw="8" slack="0"/>
<pin id="1042" dir="0" index="1" bw="32" slack="0"/>
<pin id="1043" dir="0" index="2" bw="6" slack="0"/>
<pin id="1044" dir="0" index="3" bw="6" slack="0"/>
<pin id="1045" dir="1" index="4" bw="8" slack="0"/>
</pin_list>
<bind>
<opcode="partselect(1002) " fcode="partselect"/>
<opset="tmp_8/52 "/>
</bind>
</comp>

<comp id="1050" class="1004" name="trunc_ln104_1_fu_1050">
<pin_list>
<pin id="1051" dir="0" index="0" bw="32" slack="0"/>
<pin id="1052" dir="1" index="1" bw="23" slack="0"/>
</pin_list>
<bind>
<opcode="trunc(33) " fcode="trunc"/>
<opset="trunc_ln104_1/52 "/>
</bind>
</comp>

<comp id="1054" class="1004" name="icmp_ln104_fu_1054">
<pin_list>
<pin id="1055" dir="0" index="0" bw="8" slack="0"/>
<pin id="1056" dir="0" index="1" bw="1" slack="0"/>
<pin id="1057" dir="1" index="2" bw="1" slack="0"/>
</pin_list>
<bind>
<opcode="icmp(45) " fcode="icmp"/>
<opset="icmp_ln104/52 "/>
</bind>
</comp>

<comp id="1060" class="1004" name="icmp_ln104_1_fu_1060">
<pin_list>
<pin id="1061" dir="0" index="0" bw="23" slack="0"/>
<pin id="1062" dir="0" index="1" bw="1" slack="0"/>
<pin id="1063" dir="1" index="2" bw="1" slack="0"/>
</pin_list>
<bind>
<opcode="icmp(45) " fcode="icmp"/>
<opset="icmp_ln104_1/52 "/>
</bind>
</comp>

<comp id="1066" class="1004" name="or_ln104_fu_1066">
<pin_list>
<pin id="1067" dir="0" index="0" bw="1" slack="0"/>
<pin id="1068" dir="0" index="1" bw="1" slack="0"/>
<pin id="1069" dir="1" index="2" bw="1" slack="0"/>
</pin_list>
<bind>
<opcode="or(24) " fcode="or"/>
<opset="or_ln104/52 "/>
</bind>
</comp>

<comp id="1072" class="1004" name="icmp_ln104_2_fu_1072">
<pin_list>
<pin id="1073" dir="0" index="0" bw="8" slack="0"/>
<pin id="1074" dir="0" index="1" bw="1" slack="0"/>
<pin id="1075" dir="1" index="2" bw="1" slack="0"/>
</pin_list>
<bind>
<opcode="icmp(45) " fcode="icmp"/>
<opset="icmp_ln104_2/52 "/>
</bind>
</comp>

<comp id="1078" class="1004" name="icmp_ln104_3_fu_1078">
<pin_list>
<pin id="1079" dir="0" index="0" bw="23" slack="0"/>
<pin id="1080" dir="0" index="1" bw="1" slack="0"/>
<pin id="1081" dir="1" index="2" bw="1" slack="0"/>
</pin_list>
<bind>
<opcode="icmp(45) " fcode="icmp"/>
<opset="icmp_ln104_3/52 "/>
</bind>
</comp>

<comp id="1084" class="1004" name="or_ln104_1_fu_1084">
<pin_list>
<pin id="1085" dir="0" index="0" bw="1" slack="0"/>
<pin id="1086" dir="0" index="1" bw="1" slack="0"/>
<pin id="1087" dir="1" index="2" bw="1" slack="0"/>
</pin_list>
<bind>
<opcode="or(24) " fcode="or"/>
<opset="or_ln104_1/52 "/>
</bind>
</comp>

<comp id="1090" class="1004" name="and_ln104_fu_1090">
<pin_list>
<pin id="1091" dir="0" index="0" bw="1" slack="0"/>
<pin id="1092" dir="0" index="1" bw="1" slack="0"/>
<pin id="1093" dir="1" index="2" bw="1" slack="0"/>
</pin_list>
<bind>
<opcode="and(23) " fcode="and"/>
<opset="and_ln104/52 "/>
</bind>
</comp>

<comp id="1096" class="1004" name="and_ln104_1_fu_1096">
<pin_list>
<pin id="1097" dir="0" index="0" bw="1" slack="0"/>
<pin id="1098" dir="0" index="1" bw="1" slack="0"/>
<pin id="1099" dir="1" index="2" bw="1" slack="0"/>
</pin_list>
<bind>
<opcode="and(23) " fcode="and"/>
<opset="and_ln104_1/52 "/>
</bind>
</comp>

<comp id="1102" class="1004" name="maxv_2_fu_1102">
<pin_list>
<pin id="1103" dir="0" index="0" bw="1" slack="0"/>
<pin id="1104" dir="0" index="1" bw="32" slack="1"/>
<pin id="1105" dir="0" index="2" bw="32" slack="2"/>
<pin id="1106" dir="1" index="3" bw="32" slack="1"/>
</pin_list>
<bind>
<opcode="select(49) " fcode="select"/>
<opset="maxv_2/52 "/>
</bind>
</comp>

<comp id="1109" class="1004" name="icmp_ln109_fu_1109">
<pin_list>
<pin id="1110" dir="0" index="0" bw="4" slack="0"/>
<pin id="1111" dir="0" index="1" bw="4" slack="0"/>
<pin id="1112" dir="1" index="2" bw="1" slack="2147483647"/>
</pin_list>
<bind>
<opcode="icmp(45) " fcode="icmp"/>
<opset="icmp_ln109/53 "/>
</bind>
</comp>

<comp id="1115" class="1004" name="j_5_fu_1115">
<pin_list>
<pin id="1116" dir="0" index="0" bw="4" slack="0"/>
<pin id="1117" dir="0" index="1" bw="1" slack="0"/>
<pin id="1118" dir="1" index="2" bw="4" slack="0"/>
</pin_list>
<bind>
<opcode="add(8) " fcode="add"/>
<opset="j_5/53 "/>
</bind>
</comp>

<comp id="1121" class="1004" name="zext_ln110_fu_1121">
<pin_list>
<pin id="1122" dir="0" index="0" bw="4" slack="0"/>
<pin id="1123" dir="1" index="1" bw="64" slack="0"/>
</pin_list>
<bind>
<opcode="zext(34) " fcode="zext"/>
<opset="zext_ln110/53 "/>
</bind>
</comp>

<comp id="1126" class="1004" name="icmp_ln116_fu_1126">
<pin_list>
<pin id="1127" dir="0" index="0" bw="4" slack="0"/>
<pin id="1128" dir="0" index="1" bw="4" slack="0"/>
<pin id="1129" dir="1" index="2" bw="1" slack="2147483647"/>
</pin_list>
<bind>
<opcode="icmp(45) " fcode="icmp"/>
<opset="icmp_ln116/70 "/>
</bind>
</comp>

<comp id="1132" class="1004" name="j_6_fu_1132">
<pin_list>
<pin id="1133" dir="0" index="0" bw="4" slack="0"/>
<pin id="1134" dir="0" index="1" bw="1" slack="0"/>
<pin id="1135" dir="1" index="2" bw="4" slack="0"/>
</pin_list>
<bind>
<opcode="add(8) " fcode="add"/>
<opset="j_6/70 "/>
</bind>
</comp>

<comp id="1138" class="1004" name="zext_ln117_fu_1138">
<pin_list>
<pin id="1139" dir="0" index="0" bw="4" slack="0"/>
<pin id="1140" dir="1" index="1" bw="64" slack="0"/>
</pin_list>
<bind>
<opcode="zext(34) " fcode="zext"/>
<opset="zext_ln117/70 "/>
</bind>
</comp>

<comp id="1143" class="1005" name="add_ln86_reg_1143">
<pin_list>
<pin id="1144" dir="0" index="0" bw="12" slack="0"/>
<pin id="1145" dir="1" index="1" bw="12" slack="0"/>
</pin_list>
<bind>
<opset="add_ln86 "/>
</bind>
</comp>

<comp id="1151" class="1005" name="j_reg_1151">
<pin_list>
<pin id="1152" dir="0" index="0" bw="3" slack="0"/>
<pin id="1153" dir="1" index="1" bw="3" slack="0"/>
</pin_list>
<bind>
<opset="j "/>
</bind>
</comp>

<comp id="1156" class="1005" name="zext_ln87_reg_1156">
<pin_list>
<pin id="1157" dir="0" index="0" bw="64" slack="3"/>
<pin id="1158" dir="1" index="1" bw="64" slack="3"/>
</pin_list>
<bind>
<opset="zext_ln87 "/>
</bind>
</comp>

<comp id="1161" class="1005" name="B1_addr_reg_1161">
<pin_list>
<pin id="1162" dir="0" index="0" bw="3" slack="1"/>
<pin id="1163" dir="1" index="1" bw="3" slack="1"/>
</pin_list>
<bind>
<opset="B1_addr "/>
</bind>
</comp>

<comp id="1166" class="1005" name="acc_reg_1166">
<pin_list>
<pin id="1167" dir="0" index="0" bw="32" slack="1"/>
<pin id="1168" dir="1" index="1" bw="32" slack="1"/>
</pin_list>
<bind>
<opset="acc "/>
</bind>
</comp>

<comp id="1174" class="1005" name="i_reg_1174">
<pin_list>
<pin id="1175" dir="0" index="0" bw="10" slack="0"/>
<pin id="1176" dir="1" index="1" bw="10" slack="0"/>
</pin_list>
<bind>
<opset="i "/>
</bind>
</comp>

<comp id="1179" class="1005" name="W1_addr_reg_1179">
<pin_list>
<pin id="1180" dir="0" index="0" bw="12" slack="1"/>
<pin id="1181" dir="1" index="1" bw="12" slack="1"/>
</pin_list>
<bind>
<opset="W1_addr "/>
</bind>
</comp>

<comp id="1184" class="1005" name="input_addr_reg_1184">
<pin_list>
<pin id="1185" dir="0" index="0" bw="10" slack="1"/>
<pin id="1186" dir="1" index="1" bw="10" slack="1"/>
</pin_list>
<bind>
<opset="input_addr "/>
</bind>
</comp>

<comp id="1189" class="1005" name="input_load_reg_1189">
<pin_list>
<pin id="1190" dir="0" index="0" bw="32" slack="1"/>
<pin id="1191" dir="1" index="1" bw="32" slack="1"/>
</pin_list>
<bind>
<opset="input_load "/>
</bind>
</comp>

<comp id="1194" class="1005" name="W1_load_reg_1194">
<pin_list>
<pin id="1195" dir="0" index="0" bw="32" slack="1"/>
<pin id="1196" dir="1" index="1" bw="32" slack="1"/>
</pin_list>
<bind>
<opset="W1_load "/>
</bind>
</comp>

<comp id="1202" class="1005" name="j_1_reg_1202">
<pin_list>
<pin id="1203" dir="0" index="0" bw="4" slack="0"/>
<pin id="1204" dir="1" index="1" bw="4" slack="0"/>
</pin_list>
<bind>
<opset="j_1 "/>
</bind>
</comp>

<comp id="1207" class="1005" name="zext_ln91_reg_1207">
<pin_list>
<pin id="1208" dir="0" index="0" bw="64" slack="3"/>
<pin id="1209" dir="1" index="1" bw="64" slack="3"/>
</pin_list>
<bind>
<opset="zext_ln91 "/>
</bind>
</comp>

<comp id="1212" class="1005" name="B2_addr_reg_1212">
<pin_list>
<pin id="1213" dir="0" index="0" bw="3" slack="1"/>
<pin id="1214" dir="1" index="1" bw="3" slack="1"/>
</pin_list>
<bind>
<opset="B2_addr "/>
</bind>
</comp>

<comp id="1217" class="1005" name="add_ln69_reg_1217">
<pin_list>
<pin id="1218" dir="0" index="0" bw="7" slack="1"/>
<pin id="1219" dir="1" index="1" bw="7" slack="1"/>
</pin_list>
<bind>
<opset="add_ln69 "/>
</bind>
</comp>

<comp id="1222" class="1005" name="acc_1_reg_1222">
<pin_list>
<pin id="1223" dir="0" index="0" bw="32" slack="1"/>
<pin id="1224" dir="1" index="1" bw="32" slack="1"/>
</pin_list>
<bind>
<opset="acc_1 "/>
</bind>
</comp>

<comp id="1230" class="1005" name="i_1_reg_1230">
<pin_list>
<pin id="1231" dir="0" index="0" bw="3" slack="0"/>
<pin id="1232" dir="1" index="1" bw="3" slack="0"/>
</pin_list>
<bind>
<opset="i_1 "/>
</bind>
</comp>

<comp id="1235" class="1005" name="W2_addr_reg_1235">
<pin_list>
<pin id="1236" dir="0" index="0" bw="6" slack="1"/>
<pin id="1237" dir="1" index="1" bw="6" slack="1"/>
</pin_list>
<bind>
<opset="W2_addr "/>
</bind>
</comp>

<comp id="1240" class="1005" name="a1_addr_1_reg_1240">
<pin_list>
<pin id="1241" dir="0" index="0" bw="3" slack="1"/>
<pin id="1242" dir="1" index="1" bw="3" slack="1"/>
</pin_list>
<bind>
<opset="a1_addr_1 "/>
</bind>
</comp>

<comp id="1245" class="1005" name="a1_load_reg_1245">
<pin_list>
<pin id="1246" dir="0" index="0" bw="32" slack="1"/>
<pin id="1247" dir="1" index="1" bw="32" slack="1"/>
</pin_list>
<bind>
<opset="a1_load "/>
</bind>
</comp>

<comp id="1250" class="1005" name="W2_load_reg_1250">
<pin_list>
<pin id="1251" dir="0" index="0" bw="32" slack="1"/>
<pin id="1252" dir="1" index="1" bw="32" slack="1"/>
</pin_list>
<bind>
<opset="W2_load "/>
</bind>
</comp>

<comp id="1258" class="1005" name="j_2_reg_1258">
<pin_list>
<pin id="1259" dir="0" index="0" bw="4" slack="0"/>
<pin id="1260" dir="1" index="1" bw="4" slack="0"/>
</pin_list>
<bind>
<opset="j_2 "/>
</bind>
</comp>

<comp id="1263" class="1005" name="zext_ln95_reg_1263">
<pin_list>
<pin id="1264" dir="0" index="0" bw="64" slack="3"/>
<pin id="1265" dir="1" index="1" bw="64" slack="3"/>
</pin_list>
<bind>
<opset="zext_ln95 "/>
</bind>
</comp>

<comp id="1268" class="1005" name="B3_addr_reg_1268">
<pin_list>
<pin id="1269" dir="0" index="0" bw="3" slack="1"/>
<pin id="1270" dir="1" index="1" bw="3" slack="1"/>
</pin_list>
<bind>
<opset="B3_addr "/>
</bind>
</comp>

<comp id="1273" class="1005" name="zext_ln95_1_reg_1273">
<pin_list>
<pin id="1274" dir="0" index="0" bw="8" slack="1"/>
<pin id="1275" dir="1" index="1" bw="8" slack="1"/>
</pin_list>
<bind>
<opset="zext_ln95_1 "/>
</bind>
</comp>

<comp id="1278" class="1005" name="acc_3_reg_1278">
<pin_list>
<pin id="1279" dir="0" index="0" bw="32" slack="1"/>
<pin id="1280" dir="1" index="1" bw="32" slack="1"/>
</pin_list>
<bind>
<opset="acc_3 "/>
</bind>
</comp>

<comp id="1286" class="1005" name="i_2_reg_1286">
<pin_list>
<pin id="1287" dir="0" index="0" bw="4" slack="0"/>
<pin id="1288" dir="1" index="1" bw="4" slack="0"/>
</pin_list>
<bind>
<opset="i_2 "/>
</bind>
</comp>

<comp id="1291" class="1005" name="W3_addr_reg_1291">
<pin_list>
<pin id="1292" dir="0" index="0" bw="6" slack="1"/>
<pin id="1293" dir="1" index="1" bw="6" slack="1"/>
</pin_list>
<bind>
<opset="W3_addr "/>
</bind>
</comp>

<comp id="1296" class="1005" name="a2_addr_1_reg_1296">
<pin_list>
<pin id="1297" dir="0" index="0" bw="3" slack="1"/>
<pin id="1298" dir="1" index="1" bw="3" slack="1"/>
</pin_list>
<bind>
<opset="a2_addr_1 "/>
</bind>
</comp>

<comp id="1301" class="1005" name="a2_load_reg_1301">
<pin_list>
<pin id="1302" dir="0" index="0" bw="32" slack="1"/>
<pin id="1303" dir="1" index="1" bw="32" slack="1"/>
</pin_list>
<bind>
<opset="a2_load "/>
</bind>
</comp>

<comp id="1306" class="1005" name="W3_load_reg_1306">
<pin_list>
<pin id="1307" dir="0" index="0" bw="32" slack="1"/>
<pin id="1308" dir="1" index="1" bw="32" slack="1"/>
</pin_list>
<bind>
<opset="W3_load "/>
</bind>
</comp>

<comp id="1314" class="1005" name="j_4_reg_1314">
<pin_list>
<pin id="1315" dir="0" index="0" bw="4" slack="0"/>
<pin id="1316" dir="1" index="1" bw="4" slack="0"/>
</pin_list>
<bind>
<opset="j_4 "/>
</bind>
</comp>

<comp id="1319" class="1005" name="zext_ln99_reg_1319">
<pin_list>
<pin id="1320" dir="0" index="0" bw="64" slack="2"/>
<pin id="1321" dir="1" index="1" bw="64" slack="2"/>
</pin_list>
<bind>
<opset="zext_ln99 "/>
</bind>
</comp>

<comp id="1324" class="1005" name="B4_addr_reg_1324">
<pin_list>
<pin id="1325" dir="0" index="0" bw="4" slack="1"/>
<pin id="1326" dir="1" index="1" bw="4" slack="1"/>
</pin_list>
<bind>
<opset="B4_addr "/>
</bind>
</comp>

<comp id="1329" class="1005" name="z4_addr_reg_1329">
<pin_list>
<pin id="1330" dir="0" index="0" bw="4" slack="1"/>
<pin id="1331" dir="1" index="1" bw="4" slack="1"/>
</pin_list>
<bind>
<opset="z4_addr "/>
</bind>
</comp>

<comp id="1334" class="1005" name="zext_ln99_1_reg_1334">
<pin_list>
<pin id="1335" dir="0" index="0" bw="8" slack="1"/>
<pin id="1336" dir="1" index="1" bw="8" slack="1"/>
</pin_list>
<bind>
<opset="zext_ln99_1 "/>
</bind>
</comp>

<comp id="1339" class="1005" name="acc_5_reg_1339">
<pin_list>
<pin id="1340" dir="0" index="0" bw="32" slack="1"/>
<pin id="1341" dir="1" index="1" bw="32" slack="1"/>
</pin_list>
<bind>
<opset="acc_5 "/>
</bind>
</comp>

<comp id="1347" class="1005" name="i_3_reg_1347">
<pin_list>
<pin id="1348" dir="0" index="0" bw="4" slack="0"/>
<pin id="1349" dir="1" index="1" bw="4" slack="0"/>
</pin_list>
<bind>
<opset="i_3 "/>
</bind>
</comp>

<comp id="1352" class="1005" name="W4_addr_reg_1352">
<pin_list>
<pin id="1353" dir="0" index="0" bw="7" slack="1"/>
<pin id="1354" dir="1" index="1" bw="7" slack="1"/>
</pin_list>
<bind>
<opset="W4_addr "/>
</bind>
</comp>

<comp id="1357" class="1005" name="a3_addr_1_reg_1357">
<pin_list>
<pin id="1358" dir="0" index="0" bw="3" slack="1"/>
<pin id="1359" dir="1" index="1" bw="3" slack="1"/>
</pin_list>
<bind>
<opset="a3_addr_1 "/>
</bind>
</comp>

<comp id="1362" class="1005" name="a3_load_reg_1362">
<pin_list>
<pin id="1363" dir="0" index="0" bw="32" slack="1"/>
<pin id="1364" dir="1" index="1" bw="32" slack="1"/>
</pin_list>
<bind>
<opset="a3_load "/>
</bind>
</comp>

<comp id="1367" class="1005" name="W4_load_reg_1367">
<pin_list>
<pin id="1368" dir="0" index="0" bw="32" slack="1"/>
<pin id="1369" dir="1" index="1" bw="32" slack="1"/>
</pin_list>
<bind>
<opset="W4_load "/>
</bind>
</comp>

<comp id="1375" class="1005" name="z4_addr_2_reg_1375">
<pin_list>
<pin id="1376" dir="0" index="0" bw="4" slack="1"/>
<pin id="1377" dir="1" index="1" bw="4" slack="1"/>
</pin_list>
<bind>
<opset="z4_addr_2 "/>
</bind>
</comp>

<comp id="1380" class="1005" name="j_3_reg_1380">
<pin_list>
<pin id="1381" dir="0" index="0" bw="4" slack="0"/>
<pin id="1382" dir="1" index="1" bw="4" slack="0"/>
</pin_list>
<bind>
<opset="j_3 "/>
</bind>
</comp>

<comp id="1385" class="1005" name="maxv_1_reg_1385">
<pin_list>
<pin id="1386" dir="0" index="0" bw="32" slack="1"/>
<pin id="1387" dir="1" index="1" bw="32" slack="1"/>
</pin_list>
<bind>
<opset="maxv_1 "/>
</bind>
</comp>

<comp id="1392" class="1005" name="maxv_2_reg_1392">
<pin_list>
<pin id="1393" dir="0" index="0" bw="32" slack="1"/>
<pin id="1394" dir="1" index="1" bw="32" slack="1"/>
</pin_list>
<bind>
<opset="maxv_2 "/>
</bind>
</comp>

<comp id="1400" class="1005" name="j_5_reg_1400">
<pin_list>
<pin id="1401" dir="0" index="0" bw="4" slack="0"/>
<pin id="1402" dir="1" index="1" bw="4" slack="0"/>
</pin_list>
<bind>
<opset="j_5 "/>
</bind>
</comp>

<comp id="1405" class="1005" name="zext_ln110_reg_1405">
<pin_list>
<pin id="1406" dir="0" index="0" bw="64" slack="12"/>
<pin id="1407" dir="1" index="1" bw="64" slack="12"/>
</pin_list>
<bind>
<opset="zext_ln110 "/>
</bind>
</comp>

<comp id="1410" class="1005" name="z4_addr_3_reg_1410">
<pin_list>
<pin id="1411" dir="0" index="0" bw="4" slack="1"/>
<pin id="1412" dir="1" index="1" bw="4" slack="1"/>
</pin_list>
<bind>
<opset="z4_addr_3 "/>
</bind>
</comp>

<comp id="1415" class="1005" name="e_reg_1415">
<pin_list>
<pin id="1416" dir="0" index="0" bw="32" slack="1"/>
<pin id="1417" dir="1" index="1" bw="32" slack="1"/>
</pin_list>
<bind>
<opset="e "/>
</bind>
</comp>

<comp id="1420" class="1005" name="sum_reg_1420">
<pin_list>
<pin id="1421" dir="0" index="0" bw="32" slack="1"/>
<pin id="1422" dir="1" index="1" bw="32" slack="1"/>
</pin_list>
<bind>
<opset="sum "/>
</bind>
</comp>

<comp id="1428" class="1005" name="j_6_reg_1428">
<pin_list>
<pin id="1429" dir="0" index="0" bw="4" slack="0"/>
<pin id="1430" dir="1" index="1" bw="4" slack="0"/>
</pin_list>
<bind>
<opset="j_6 "/>
</bind>
</comp>

<comp id="1433" class="1005" name="output_addr_1_reg_1433">
<pin_list>
<pin id="1434" dir="0" index="0" bw="4" slack="1"/>
<pin id="1435" dir="1" index="1" bw="4" slack="1"/>
</pin_list>
<bind>
<opset="output_addr_1 "/>
</bind>
</comp>

<comp id="1438" class="1005" name="output_load_reg_1438">
<pin_list>
<pin id="1439" dir="0" index="0" bw="32" slack="1"/>
<pin id="1440" dir="1" index="1" bw="32" slack="1"/>
</pin_list>
<bind>
<opset="output_load "/>
</bind>
</comp>

<comp id="1443" class="1005" name="tmp_9_reg_1443">
<pin_list>
<pin id="1444" dir="0" index="0" bw="32" slack="1"/>
<pin id="1445" dir="1" index="1" bw="32" slack="1"/>
</pin_list>
<bind>
<opset="tmp_9 "/>
</bind>
</comp>

</comp_list>

<net_list>
<net id="107"><net_src comp="26" pin="0"/><net_sink comp="104" pin=0"/></net>

<net id="111"><net_src comp="26" pin="0"/><net_sink comp="108" pin=0"/></net>

<net id="115"><net_src comp="26" pin="0"/><net_sink comp="112" pin=0"/></net>

<net id="119"><net_src comp="26" pin="0"/><net_sink comp="116" pin=0"/></net>

<net id="125"><net_src comp="4" pin="0"/><net_sink comp="120" pin=0"/></net>

<net id="126"><net_src comp="42" pin="0"/><net_sink comp="120" pin=1"/></net>

<net id="132"><net_src comp="120" pin="3"/><net_sink comp="127" pin=0"/></net>

<net id="138"><net_src comp="6" pin="0"/><net_sink comp="133" pin=0"/></net>

<net id="139"><net_src comp="42" pin="0"/><net_sink comp="133" pin=1"/></net>

<net id="145"><net_src comp="0" pin="0"/><net_sink comp="140" pin=0"/></net>

<net id="146"><net_src comp="42" pin="0"/><net_sink comp="140" pin=1"/></net>

<net id="152"><net_src comp="140" pin="3"/><net_sink comp="147" pin=0"/></net>

<net id="158"><net_src comp="133" pin="3"/><net_sink comp="153" pin=0"/></net>

<net id="164"><net_src comp="42" pin="0"/><net_sink comp="159" pin=1"/></net>

<net id="170"><net_src comp="159" pin="3"/><net_sink comp="165" pin=0"/></net>

<net id="176"><net_src comp="8" pin="0"/><net_sink comp="171" pin=0"/></net>

<net id="177"><net_src comp="42" pin="0"/><net_sink comp="171" pin=1"/></net>

<net id="183"><net_src comp="171" pin="3"/><net_sink comp="178" pin=0"/></net>

<net id="189"><net_src comp="10" pin="0"/><net_sink comp="184" pin=0"/></net>

<net id="190"><net_src comp="42" pin="0"/><net_sink comp="184" pin=1"/></net>

<net id="196"><net_src comp="42" pin="0"/><net_sink comp="191" pin=1"/></net>

<net id="197"><net_src comp="191" pin="3"/><net_sink comp="165" pin=0"/></net>

<net id="203"><net_src comp="184" pin="3"/><net_sink comp="198" pin=0"/></net>

<net id="209"><net_src comp="42" pin="0"/><net_sink comp="204" pin=1"/></net>

<net id="215"><net_src comp="204" pin="3"/><net_sink comp="210" pin=0"/></net>

<net id="221"><net_src comp="12" pin="0"/><net_sink comp="216" pin=0"/></net>

<net id="222"><net_src comp="42" pin="0"/><net_sink comp="216" pin=1"/></net>

<net id="228"><net_src comp="216" pin="3"/><net_sink comp="223" pin=0"/></net>

<net id="234"><net_src comp="14" pin="0"/><net_sink comp="229" pin=0"/></net>

<net id="235"><net_src comp="42" pin="0"/><net_sink comp="229" pin=1"/></net>

<net id="241"><net_src comp="42" pin="0"/><net_sink comp="236" pin=1"/></net>

<net id="242"><net_src comp="236" pin="3"/><net_sink comp="210" pin=0"/></net>

<net id="248"><net_src comp="229" pin="3"/><net_sink comp="243" pin=0"/></net>

<net id="254"><net_src comp="42" pin="0"/><net_sink comp="249" pin=1"/></net>

<net id="260"><net_src comp="249" pin="3"/><net_sink comp="255" pin=0"/></net>

<net id="266"><net_src comp="16" pin="0"/><net_sink comp="261" pin=0"/></net>

<net id="267"><net_src comp="42" pin="0"/><net_sink comp="261" pin=1"/></net>

<net id="273"><net_src comp="261" pin="3"/><net_sink comp="268" pin=0"/></net>

<net id="279"><net_src comp="42" pin="0"/><net_sink comp="274" pin=1"/></net>

<net id="280"><net_src comp="42" pin="0"/><net_sink comp="274" pin=2"/></net>

<net id="286"><net_src comp="274" pin="3"/><net_sink comp="281" pin=0"/></net>

<net id="292"><net_src comp="18" pin="0"/><net_sink comp="287" pin=0"/></net>

<net id="293"><net_src comp="42" pin="0"/><net_sink comp="287" pin=1"/></net>

<net id="299"><net_src comp="42" pin="0"/><net_sink comp="294" pin=1"/></net>

<net id="300"><net_src comp="294" pin="3"/><net_sink comp="255" pin=0"/></net>

<net id="306"><net_src comp="287" pin="3"/><net_sink comp="301" pin=0"/></net>

<net id="312"><net_src comp="42" pin="0"/><net_sink comp="307" pin=1"/></net>

<net id="313"><net_src comp="307" pin="3"/><net_sink comp="281" pin=0"/></net>

<net id="319"><net_src comp="42" pin="0"/><net_sink comp="314" pin=1"/></net>

<net id="320"><net_src comp="314" pin="3"/><net_sink comp="281" pin=0"/></net>

<net id="326"><net_src comp="42" pin="0"/><net_sink comp="321" pin=1"/></net>

<net id="327"><net_src comp="321" pin="3"/><net_sink comp="281" pin=0"/></net>

<net id="333"><net_src comp="2" pin="0"/><net_sink comp="328" pin=0"/></net>

<net id="334"><net_src comp="42" pin="0"/><net_sink comp="328" pin=1"/></net>

<net id="340"><net_src comp="328" pin="3"/><net_sink comp="335" pin=0"/></net>

<net id="346"><net_src comp="2" pin="0"/><net_sink comp="341" pin=0"/></net>

<net id="347"><net_src comp="42" pin="0"/><net_sink comp="341" pin=1"/></net>

<net id="348"><net_src comp="341" pin="3"/><net_sink comp="335" pin=0"/></net>

<net id="352"><net_src comp="28" pin="0"/><net_sink comp="349" pin=0"/></net>

<net id="359"><net_src comp="349" pin="1"/><net_sink comp="353" pin=0"/></net>

<net id="363"><net_src comp="30" pin="0"/><net_sink comp="360" pin=0"/></net>

<net id="370"><net_src comp="360" pin="1"/><net_sink comp="364" pin=0"/></net>

<net id="371"><net_src comp="364" pin="4"/><net_sink comp="360" pin=0"/></net>

<net id="381"><net_src comp="375" pin="4"/><net_sink comp="372" pin=0"/></net>

<net id="385"><net_src comp="48" pin="0"/><net_sink comp="382" pin=0"/></net>

<net id="392"><net_src comp="382" pin="1"/><net_sink comp="386" pin=0"/></net>

<net id="396"><net_src comp="70" pin="0"/><net_sink comp="393" pin=0"/></net>

<net id="403"><net_src comp="393" pin="1"/><net_sink comp="397" pin=2"/></net>

<net id="404"><net_src comp="397" pin="4"/><net_sink comp="393" pin=0"/></net>

<net id="414"><net_src comp="408" pin="4"/><net_sink comp="405" pin=0"/></net>

<net id="418"><net_src comp="28" pin="0"/><net_sink comp="415" pin=0"/></net>

<net id="425"><net_src comp="415" pin="1"/><net_sink comp="419" pin=0"/></net>

<net id="429"><net_src comp="70" pin="0"/><net_sink comp="426" pin=0"/></net>

<net id="436"><net_src comp="426" pin="1"/><net_sink comp="430" pin=2"/></net>

<net id="437"><net_src comp="430" pin="4"/><net_sink comp="426" pin=0"/></net>

<net id="447"><net_src comp="441" pin="4"/><net_sink comp="438" pin=0"/></net>

<net id="451"><net_src comp="70" pin="0"/><net_sink comp="448" pin=0"/></net>

<net id="458"><net_src comp="448" pin="1"/><net_sink comp="452" pin=0"/></net>

<net id="462"><net_src comp="70" pin="0"/><net_sink comp="459" pin=0"/></net>

<net id="469"><net_src comp="459" pin="1"/><net_sink comp="463" pin=2"/></net>

<net id="470"><net_src comp="463" pin="4"/><net_sink comp="459" pin=0"/></net>

<net id="480"><net_src comp="474" pin="4"/><net_sink comp="281" pin=1"/></net>

<net id="481"><net_src comp="474" pin="4"/><net_sink comp="471" pin=0"/></net>

<net id="485"><net_src comp="70" pin="0"/><net_sink comp="482" pin=0"/></net>

<net id="492"><net_src comp="482" pin="1"/><net_sink comp="486" pin=0"/></net>

<net id="496"><net_src comp="76" pin="0"/><net_sink comp="493" pin=0"/></net>

<net id="503"><net_src comp="493" pin="1"/><net_sink comp="497" pin=0"/></net>

<net id="513"><net_src comp="507" pin="4"/><net_sink comp="504" pin=0"/></net>

<net id="517"><net_src comp="56" pin="0"/><net_sink comp="514" pin=0"/></net>

<net id="524"><net_src comp="514" pin="1"/><net_sink comp="518" pin=2"/></net>

<net id="525"><net_src comp="518" pin="4"/><net_sink comp="514" pin=0"/></net>

<net id="529"><net_src comp="70" pin="0"/><net_sink comp="526" pin=0"/></net>

<net id="536"><net_src comp="526" pin="1"/><net_sink comp="530" pin=2"/></net>

<net id="540"><net_src comp="70" pin="0"/><net_sink comp="537" pin=0"/></net>

<net id="547"><net_src comp="537" pin="1"/><net_sink comp="541" pin=2"/></net>

<net id="552"><net_src comp="372" pin="1"/><net_sink comp="548" pin=0"/></net>

<net id="553"><net_src comp="405" pin="1"/><net_sink comp="548" pin=0"/></net>

<net id="554"><net_src comp="438" pin="1"/><net_sink comp="548" pin=0"/></net>

<net id="555"><net_src comp="471" pin="1"/><net_sink comp="548" pin=0"/></net>

<net id="556"><net_src comp="281" pin="3"/><net_sink comp="548" pin=0"/></net>

<net id="557"><net_src comp="504" pin="1"/><net_sink comp="548" pin=1"/></net>

<net id="558"><net_src comp="514" pin="1"/><net_sink comp="548" pin=0"/></net>

<net id="567"><net_src comp="514" pin="1"/><net_sink comp="563" pin=1"/></net>

<net id="572"><net_src comp="375" pin="4"/><net_sink comp="568" pin=0"/></net>

<net id="573"><net_src comp="56" pin="0"/><net_sink comp="568" pin=1"/></net>

<net id="574"><net_src comp="408" pin="4"/><net_sink comp="568" pin=0"/></net>

<net id="575"><net_src comp="441" pin="4"/><net_sink comp="568" pin=0"/></net>

<net id="576"><net_src comp="281" pin="3"/><net_sink comp="568" pin=0"/></net>

<net id="577"><net_src comp="504" pin="1"/><net_sink comp="568" pin=1"/></net>

<net id="582"><net_src comp="578" pin="2"/><net_sink comp="335" pin=1"/></net>

<net id="583"><net_src comp="98" pin="0"/><net_sink comp="578" pin=0"/></net>

<net id="587"><net_src comp="559" pin="2"/><net_sink comp="584" pin=0"/></net>

<net id="588"><net_src comp="584" pin="1"/><net_sink comp="548" pin=1"/></net>

<net id="592"><net_src comp="548" pin="2"/><net_sink comp="589" pin=0"/></net>

<net id="593"><net_src comp="589" pin="1"/><net_sink comp="375" pin=2"/></net>

<net id="594"><net_src comp="589" pin="1"/><net_sink comp="408" pin=2"/></net>

<net id="595"><net_src comp="589" pin="1"/><net_sink comp="441" pin=2"/></net>

<net id="596"><net_src comp="589" pin="1"/><net_sink comp="474" pin=2"/></net>

<net id="597"><net_src comp="589" pin="1"/><net_sink comp="578" pin=1"/></net>

<net id="601"><net_src comp="281" pin="3"/><net_sink comp="598" pin=0"/></net>

<net id="602"><net_src comp="598" pin="1"/><net_sink comp="507" pin=0"/></net>

<net id="603"><net_src comp="598" pin="1"/><net_sink comp="548" pin=0"/></net>

<net id="608"><net_src comp="364" pin="4"/><net_sink comp="604" pin=0"/></net>

<net id="609"><net_src comp="32" pin="0"/><net_sink comp="604" pin=1"/></net>

<net id="614"><net_src comp="353" pin="4"/><net_sink comp="610" pin=0"/></net>

<net id="615"><net_src comp="34" pin="0"/><net_sink comp="610" pin=1"/></net>

<net id="620"><net_src comp="353" pin="4"/><net_sink comp="616" pin=0"/></net>

<net id="621"><net_src comp="40" pin="0"/><net_sink comp="616" pin=1"/></net>

<net id="625"><net_src comp="353" pin="4"/><net_sink comp="622" pin=0"/></net>

<net id="626"><net_src comp="622" pin="1"/><net_sink comp="120" pin=2"/></net>

<net id="631"><net_src comp="386" pin="4"/><net_sink comp="627" pin=0"/></net>

<net id="632"><net_src comp="52" pin="0"/><net_sink comp="627" pin=1"/></net>

<net id="637"><net_src comp="386" pin="4"/><net_sink comp="633" pin=0"/></net>

<net id="638"><net_src comp="54" pin="0"/><net_sink comp="633" pin=1"/></net>

<net id="642"><net_src comp="386" pin="4"/><net_sink comp="639" pin=0"/></net>

<net id="643"><net_src comp="639" pin="1"/><net_sink comp="140" pin=2"/></net>

<net id="647"><net_src comp="386" pin="4"/><net_sink comp="644" pin=0"/></net>

<net id="652"><net_src comp="360" pin="1"/><net_sink comp="648" pin=0"/></net>

<net id="653"><net_src comp="644" pin="1"/><net_sink comp="648" pin=1"/></net>

<net id="657"><net_src comp="648" pin="2"/><net_sink comp="654" pin=0"/></net>

<net id="658"><net_src comp="654" pin="1"/><net_sink comp="133" pin=2"/></net>

<net id="662"><net_src comp="372" pin="1"/><net_sink comp="659" pin=0"/></net>

<net id="669"><net_src comp="60" pin="0"/><net_sink comp="663" pin=0"/></net>

<net id="670"><net_src comp="659" pin="1"/><net_sink comp="663" pin=1"/></net>

<net id="671"><net_src comp="62" pin="0"/><net_sink comp="663" pin=2"/></net>

<net id="672"><net_src comp="64" pin="0"/><net_sink comp="663" pin=3"/></net>

<net id="676"><net_src comp="659" pin="1"/><net_sink comp="673" pin=0"/></net>

<net id="681"><net_src comp="663" pin="4"/><net_sink comp="677" pin=0"/></net>

<net id="682"><net_src comp="66" pin="0"/><net_sink comp="677" pin=1"/></net>

<net id="687"><net_src comp="673" pin="1"/><net_sink comp="683" pin=0"/></net>

<net id="688"><net_src comp="68" pin="0"/><net_sink comp="683" pin=1"/></net>

<net id="693"><net_src comp="683" pin="2"/><net_sink comp="689" pin=0"/></net>

<net id="694"><net_src comp="677" pin="2"/><net_sink comp="689" pin=1"/></net>

<net id="699"><net_src comp="689" pin="2"/><net_sink comp="695" pin=0"/></net>

<net id="700"><net_src comp="568" pin="2"/><net_sink comp="695" pin=1"/></net>

<net id="706"><net_src comp="695" pin="2"/><net_sink comp="701" pin=0"/></net>

<net id="707"><net_src comp="56" pin="0"/><net_sink comp="701" pin=1"/></net>

<net id="708"><net_src comp="372" pin="1"/><net_sink comp="701" pin=2"/></net>

<net id="709"><net_src comp="701" pin="3"/><net_sink comp="165" pin=1"/></net>

<net id="714"><net_src comp="397" pin="4"/><net_sink comp="710" pin=0"/></net>

<net id="715"><net_src comp="72" pin="0"/><net_sink comp="710" pin=1"/></net>

<net id="720"><net_src comp="397" pin="4"/><net_sink comp="716" pin=0"/></net>

<net id="721"><net_src comp="76" pin="0"/><net_sink comp="716" pin=1"/></net>

<net id="725"><net_src comp="397" pin="4"/><net_sink comp="722" pin=0"/></net>

<net id="726"><net_src comp="722" pin="1"/><net_sink comp="171" pin=2"/></net>

<net id="730"><net_src comp="393" pin="1"/><net_sink comp="727" pin=0"/></net>

<net id="736"><net_src comp="80" pin="0"/><net_sink comp="731" pin=0"/></net>

<net id="737"><net_src comp="393" pin="1"/><net_sink comp="731" pin=1"/></net>

<net id="738"><net_src comp="82" pin="0"/><net_sink comp="731" pin=2"/></net>

<net id="742"><net_src comp="731" pin="3"/><net_sink comp="739" pin=0"/></net>

<net id="747"><net_src comp="727" pin="1"/><net_sink comp="743" pin=0"/></net>

<net id="748"><net_src comp="739" pin="1"/><net_sink comp="743" pin=1"/></net>

<net id="753"><net_src comp="419" pin="4"/><net_sink comp="749" pin=0"/></net>

<net id="754"><net_src comp="34" pin="0"/><net_sink comp="749" pin=1"/></net>

<net id="759"><net_src comp="419" pin="4"/><net_sink comp="755" pin=0"/></net>

<net id="760"><net_src comp="40" pin="0"/><net_sink comp="755" pin=1"/></net>

<net id="764"><net_src comp="419" pin="4"/><net_sink comp="761" pin=0"/></net>

<net id="765"><net_src comp="761" pin="1"/><net_sink comp="191" pin=2"/></net>

<net id="769"><net_src comp="419" pin="4"/><net_sink comp="766" pin=0"/></net>

<net id="774"><net_src comp="766" pin="1"/><net_sink comp="770" pin=1"/></net>

<net id="778"><net_src comp="770" pin="2"/><net_sink comp="775" pin=0"/></net>

<net id="779"><net_src comp="775" pin="1"/><net_sink comp="184" pin=2"/></net>

<net id="783"><net_src comp="405" pin="1"/><net_sink comp="780" pin=0"/></net>

<net id="790"><net_src comp="60" pin="0"/><net_sink comp="784" pin=0"/></net>

<net id="791"><net_src comp="780" pin="1"/><net_sink comp="784" pin=1"/></net>

<net id="792"><net_src comp="62" pin="0"/><net_sink comp="784" pin=2"/></net>

<net id="793"><net_src comp="64" pin="0"/><net_sink comp="784" pin=3"/></net>

<net id="797"><net_src comp="780" pin="1"/><net_sink comp="794" pin=0"/></net>

<net id="802"><net_src comp="784" pin="4"/><net_sink comp="798" pin=0"/></net>

<net id="803"><net_src comp="66" pin="0"/><net_sink comp="798" pin=1"/></net>

<net id="808"><net_src comp="794" pin="1"/><net_sink comp="804" pin=0"/></net>

<net id="809"><net_src comp="68" pin="0"/><net_sink comp="804" pin=1"/></net>

<net id="814"><net_src comp="804" pin="2"/><net_sink comp="810" pin=0"/></net>

<net id="815"><net_src comp="798" pin="2"/><net_sink comp="810" pin=1"/></net>

<net id="820"><net_src comp="810" pin="2"/><net_sink comp="816" pin=0"/></net>

<net id="821"><net_src comp="568" pin="2"/><net_sink comp="816" pin=1"/></net>

<net id="827"><net_src comp="816" pin="2"/><net_sink comp="822" pin=0"/></net>

<net id="828"><net_src comp="56" pin="0"/><net_sink comp="822" pin=1"/></net>

<net id="829"><net_src comp="405" pin="1"/><net_sink comp="822" pin=2"/></net>

<net id="830"><net_src comp="822" pin="3"/><net_sink comp="210" pin=1"/></net>

<net id="835"><net_src comp="430" pin="4"/><net_sink comp="831" pin=0"/></net>

<net id="836"><net_src comp="72" pin="0"/><net_sink comp="831" pin=1"/></net>

<net id="841"><net_src comp="430" pin="4"/><net_sink comp="837" pin=0"/></net>

<net id="842"><net_src comp="76" pin="0"/><net_sink comp="837" pin=1"/></net>

<net id="846"><net_src comp="430" pin="4"/><net_sink comp="843" pin=0"/></net>

<net id="847"><net_src comp="843" pin="1"/><net_sink comp="216" pin=2"/></net>

<net id="853"><net_src comp="86" pin="0"/><net_sink comp="848" pin=0"/></net>

<net id="854"><net_src comp="426" pin="1"/><net_sink comp="848" pin=1"/></net>

<net id="855"><net_src comp="28" pin="0"/><net_sink comp="848" pin=2"/></net>

<net id="859"><net_src comp="848" pin="3"/><net_sink comp="856" pin=0"/></net>

<net id="864"><net_src comp="452" pin="4"/><net_sink comp="860" pin=0"/></net>

<net id="865"><net_src comp="72" pin="0"/><net_sink comp="860" pin=1"/></net>

<net id="870"><net_src comp="452" pin="4"/><net_sink comp="866" pin=0"/></net>

<net id="871"><net_src comp="76" pin="0"/><net_sink comp="866" pin=1"/></net>

<net id="875"><net_src comp="452" pin="4"/><net_sink comp="872" pin=0"/></net>

<net id="876"><net_src comp="872" pin="1"/><net_sink comp="236" pin=2"/></net>

<net id="880"><net_src comp="452" pin="4"/><net_sink comp="877" pin=0"/></net>

<net id="885"><net_src comp="877" pin="1"/><net_sink comp="881" pin=1"/></net>

<net id="889"><net_src comp="881" pin="2"/><net_sink comp="886" pin=0"/></net>

<net id="890"><net_src comp="886" pin="1"/><net_sink comp="229" pin=2"/></net>

<net id="894"><net_src comp="438" pin="1"/><net_sink comp="891" pin=0"/></net>

<net id="901"><net_src comp="60" pin="0"/><net_sink comp="895" pin=0"/></net>

<net id="902"><net_src comp="891" pin="1"/><net_sink comp="895" pin=1"/></net>

<net id="903"><net_src comp="62" pin="0"/><net_sink comp="895" pin=2"/></net>

<net id="904"><net_src comp="64" pin="0"/><net_sink comp="895" pin=3"/></net>

<net id="908"><net_src comp="891" pin="1"/><net_sink comp="905" pin=0"/></net>

<net id="913"><net_src comp="895" pin="4"/><net_sink comp="909" pin=0"/></net>

<net id="914"><net_src comp="66" pin="0"/><net_sink comp="909" pin=1"/></net>

<net id="919"><net_src comp="905" pin="1"/><net_sink comp="915" pin=0"/></net>

<net id="920"><net_src comp="68" pin="0"/><net_sink comp="915" pin=1"/></net>

<net id="925"><net_src comp="915" pin="2"/><net_sink comp="921" pin=0"/></net>

<net id="926"><net_src comp="909" pin="2"/><net_sink comp="921" pin=1"/></net>

<net id="931"><net_src comp="921" pin="2"/><net_sink comp="927" pin=0"/></net>

<net id="932"><net_src comp="568" pin="2"/><net_sink comp="927" pin=1"/></net>

<net id="938"><net_src comp="927" pin="2"/><net_sink comp="933" pin=0"/></net>

<net id="939"><net_src comp="56" pin="0"/><net_sink comp="933" pin=1"/></net>

<net id="940"><net_src comp="438" pin="1"/><net_sink comp="933" pin=2"/></net>

<net id="941"><net_src comp="933" pin="3"/><net_sink comp="255" pin=1"/></net>

<net id="946"><net_src comp="463" pin="4"/><net_sink comp="942" pin=0"/></net>

<net id="947"><net_src comp="88" pin="0"/><net_sink comp="942" pin=1"/></net>

<net id="952"><net_src comp="463" pin="4"/><net_sink comp="948" pin=0"/></net>

<net id="953"><net_src comp="76" pin="0"/><net_sink comp="948" pin=1"/></net>

<net id="957"><net_src comp="463" pin="4"/><net_sink comp="954" pin=0"/></net>

<net id="958"><net_src comp="954" pin="1"/><net_sink comp="261" pin=2"/></net>

<net id="964"><net_src comp="86" pin="0"/><net_sink comp="959" pin=0"/></net>

<net id="965"><net_src comp="459" pin="1"/><net_sink comp="959" pin=1"/></net>

<net id="966"><net_src comp="28" pin="0"/><net_sink comp="959" pin=2"/></net>

<net id="970"><net_src comp="959" pin="3"/><net_sink comp="967" pin=0"/></net>

<net id="975"><net_src comp="486" pin="4"/><net_sink comp="971" pin=0"/></net>

<net id="976"><net_src comp="72" pin="0"/><net_sink comp="971" pin=1"/></net>

<net id="981"><net_src comp="486" pin="4"/><net_sink comp="977" pin=0"/></net>

<net id="982"><net_src comp="76" pin="0"/><net_sink comp="977" pin=1"/></net>

<net id="986"><net_src comp="486" pin="4"/><net_sink comp="983" pin=0"/></net>

<net id="987"><net_src comp="983" pin="1"/><net_sink comp="294" pin=2"/></net>

<net id="991"><net_src comp="486" pin="4"/><net_sink comp="988" pin=0"/></net>

<net id="996"><net_src comp="988" pin="1"/><net_sink comp="992" pin=1"/></net>

<net id="1000"><net_src comp="992" pin="2"/><net_sink comp="997" pin=0"/></net>

<net id="1001"><net_src comp="997" pin="1"/><net_sink comp="287" pin=2"/></net>

<net id="1006"><net_src comp="497" pin="4"/><net_sink comp="1002" pin=0"/></net>

<net id="1007"><net_src comp="88" pin="0"/><net_sink comp="1002" pin=1"/></net>

<net id="1011"><net_src comp="497" pin="4"/><net_sink comp="1008" pin=0"/></net>

<net id="1012"><net_src comp="1008" pin="1"/><net_sink comp="314" pin=2"/></net>

<net id="1017"><net_src comp="76" pin="0"/><net_sink comp="1013" pin=0"/></net>

<net id="1018"><net_src comp="497" pin="4"/><net_sink comp="1013" pin=1"/></net>

<net id="1028"><net_src comp="60" pin="0"/><net_sink comp="1022" pin=0"/></net>

<net id="1029"><net_src comp="1019" pin="1"/><net_sink comp="1022" pin=1"/></net>

<net id="1030"><net_src comp="62" pin="0"/><net_sink comp="1022" pin=2"/></net>

<net id="1031"><net_src comp="64" pin="0"/><net_sink comp="1022" pin=3"/></net>

<net id="1035"><net_src comp="1019" pin="1"/><net_sink comp="1032" pin=0"/></net>

<net id="1039"><net_src comp="504" pin="1"/><net_sink comp="1036" pin=0"/></net>

<net id="1046"><net_src comp="60" pin="0"/><net_sink comp="1040" pin=0"/></net>

<net id="1047"><net_src comp="1036" pin="1"/><net_sink comp="1040" pin=1"/></net>

<net id="1048"><net_src comp="62" pin="0"/><net_sink comp="1040" pin=2"/></net>

<net id="1049"><net_src comp="64" pin="0"/><net_sink comp="1040" pin=3"/></net>

<net id="1053"><net_src comp="1036" pin="1"/><net_sink comp="1050" pin=0"/></net>

<net id="1058"><net_src comp="1022" pin="4"/><net_sink comp="1054" pin=0"/></net>

<net id="1059"><net_src comp="66" pin="0"/><net_sink comp="1054" pin=1"/></net>

<net id="1064"><net_src comp="1032" pin="1"/><net_sink comp="1060" pin=0"/></net>

<net id="1065"><net_src comp="68" pin="0"/><net_sink comp="1060" pin=1"/></net>

<net id="1070"><net_src comp="1060" pin="2"/><net_sink comp="1066" pin=0"/></net>

<net id="1071"><net_src comp="1054" pin="2"/><net_sink comp="1066" pin=1"/></net>

<net id="1076"><net_src comp="1040" pin="4"/><net_sink comp="1072" pin=0"/></net>

<net id="1077"><net_src comp="66" pin="0"/><net_sink comp="1072" pin=1"/></net>

<net id="1082"><net_src comp="1050" pin="1"/><net_sink comp="1078" pin=0"/></net>

<net id="1083"><net_src comp="68" pin="0"/><net_sink comp="1078" pin=1"/></net>

<net id="1088"><net_src comp="1078" pin="2"/><net_sink comp="1084" pin=0"/></net>

<net id="1089"><net_src comp="1072" pin="2"/><net_sink comp="1084" pin=1"/></net>

<net id="1094"><net_src comp="1066" pin="2"/><net_sink comp="1090" pin=0"/></net>

<net id="1095"><net_src comp="1084" pin="2"/><net_sink comp="1090" pin=1"/></net>

<net id="1100"><net_src comp="1090" pin="2"/><net_sink comp="1096" pin=0"/></net>

<net id="1101"><net_src comp="568" pin="2"/><net_sink comp="1096" pin=1"/></net>

<net id="1107"><net_src comp="1096" pin="2"/><net_sink comp="1102" pin=0"/></net>

<net id="1108"><net_src comp="504" pin="1"/><net_sink comp="1102" pin=2"/></net>

<net id="1113"><net_src comp="530" pin="4"/><net_sink comp="1109" pin=0"/></net>

<net id="1114"><net_src comp="88" pin="0"/><net_sink comp="1109" pin=1"/></net>

<net id="1119"><net_src comp="530" pin="4"/><net_sink comp="1115" pin=0"/></net>

<net id="1120"><net_src comp="76" pin="0"/><net_sink comp="1115" pin=1"/></net>

<net id="1124"><net_src comp="530" pin="4"/><net_sink comp="1121" pin=0"/></net>

<net id="1125"><net_src comp="1121" pin="1"/><net_sink comp="321" pin=2"/></net>

<net id="1130"><net_src comp="541" pin="4"/><net_sink comp="1126" pin=0"/></net>

<net id="1131"><net_src comp="88" pin="0"/><net_sink comp="1126" pin=1"/></net>

<net id="1136"><net_src comp="541" pin="4"/><net_sink comp="1132" pin=0"/></net>

<net id="1137"><net_src comp="76" pin="0"/><net_sink comp="1132" pin=1"/></net>

<net id="1141"><net_src comp="541" pin="4"/><net_sink comp="1138" pin=0"/></net>

<net id="1142"><net_src comp="1138" pin="1"/><net_sink comp="341" pin=2"/></net>

<net id="1146"><net_src comp="604" pin="2"/><net_sink comp="1143" pin=0"/></net>

<net id="1147"><net_src comp="1143" pin="1"/><net_sink comp="364" pin=2"/></net>

<net id="1154"><net_src comp="616" pin="2"/><net_sink comp="1151" pin=0"/></net>

<net id="1155"><net_src comp="1151" pin="1"/><net_sink comp="353" pin=2"/></net>

<net id="1159"><net_src comp="622" pin="1"/><net_sink comp="1156" pin=0"/></net>

<net id="1160"><net_src comp="1156" pin="1"/><net_sink comp="159" pin=2"/></net>

<net id="1164"><net_src comp="120" pin="3"/><net_sink comp="1161" pin=0"/></net>

<net id="1165"><net_src comp="1161" pin="1"/><net_sink comp="127" pin=0"/></net>

<net id="1169"><net_src comp="127" pin="3"/><net_sink comp="1166" pin=0"/></net>

<net id="1170"><net_src comp="1166" pin="1"/><net_sink comp="375" pin=0"/></net>

<net id="1177"><net_src comp="633" pin="2"/><net_sink comp="1174" pin=0"/></net>

<net id="1178"><net_src comp="1174" pin="1"/><net_sink comp="386" pin=2"/></net>

<net id="1182"><net_src comp="133" pin="3"/><net_sink comp="1179" pin=0"/></net>

<net id="1183"><net_src comp="1179" pin="1"/><net_sink comp="153" pin=0"/></net>

<net id="1187"><net_src comp="140" pin="3"/><net_sink comp="1184" pin=0"/></net>

<net id="1188"><net_src comp="1184" pin="1"/><net_sink comp="147" pin=0"/></net>

<net id="1192"><net_src comp="147" pin="3"/><net_sink comp="1189" pin=0"/></net>

<net id="1193"><net_src comp="1189" pin="1"/><net_sink comp="559" pin=0"/></net>

<net id="1197"><net_src comp="153" pin="3"/><net_sink comp="1194" pin=0"/></net>

<net id="1198"><net_src comp="1194" pin="1"/><net_sink comp="559" pin=1"/></net>

<net id="1205"><net_src comp="716" pin="2"/><net_sink comp="1202" pin=0"/></net>

<net id="1206"><net_src comp="1202" pin="1"/><net_sink comp="397" pin=0"/></net>

<net id="1210"><net_src comp="722" pin="1"/><net_sink comp="1207" pin=0"/></net>

<net id="1211"><net_src comp="1207" pin="1"/><net_sink comp="204" pin=2"/></net>

<net id="1215"><net_src comp="171" pin="3"/><net_sink comp="1212" pin=0"/></net>

<net id="1216"><net_src comp="1212" pin="1"/><net_sink comp="178" pin=0"/></net>

<net id="1220"><net_src comp="743" pin="2"/><net_sink comp="1217" pin=0"/></net>

<net id="1221"><net_src comp="1217" pin="1"/><net_sink comp="770" pin=0"/></net>

<net id="1225"><net_src comp="178" pin="3"/><net_sink comp="1222" pin=0"/></net>

<net id="1226"><net_src comp="1222" pin="1"/><net_sink comp="408" pin=0"/></net>

<net id="1233"><net_src comp="755" pin="2"/><net_sink comp="1230" pin=0"/></net>

<net id="1234"><net_src comp="1230" pin="1"/><net_sink comp="419" pin=2"/></net>

<net id="1238"><net_src comp="184" pin="3"/><net_sink comp="1235" pin=0"/></net>

<net id="1239"><net_src comp="1235" pin="1"/><net_sink comp="198" pin=0"/></net>

<net id="1243"><net_src comp="191" pin="3"/><net_sink comp="1240" pin=0"/></net>

<net id="1244"><net_src comp="1240" pin="1"/><net_sink comp="165" pin=0"/></net>

<net id="1248"><net_src comp="165" pin="3"/><net_sink comp="1245" pin=0"/></net>

<net id="1249"><net_src comp="1245" pin="1"/><net_sink comp="559" pin=0"/></net>

<net id="1253"><net_src comp="198" pin="3"/><net_sink comp="1250" pin=0"/></net>

<net id="1254"><net_src comp="1250" pin="1"/><net_sink comp="559" pin=1"/></net>

<net id="1261"><net_src comp="837" pin="2"/><net_sink comp="1258" pin=0"/></net>

<net id="1262"><net_src comp="1258" pin="1"/><net_sink comp="430" pin=0"/></net>

<net id="1266"><net_src comp="843" pin="1"/><net_sink comp="1263" pin=0"/></net>

<net id="1267"><net_src comp="1263" pin="1"/><net_sink comp="249" pin=2"/></net>

<net id="1271"><net_src comp="216" pin="3"/><net_sink comp="1268" pin=0"/></net>

<net id="1272"><net_src comp="1268" pin="1"/><net_sink comp="223" pin=0"/></net>

<net id="1276"><net_src comp="856" pin="1"/><net_sink comp="1273" pin=0"/></net>

<net id="1277"><net_src comp="1273" pin="1"/><net_sink comp="881" pin=0"/></net>

<net id="1281"><net_src comp="223" pin="3"/><net_sink comp="1278" pin=0"/></net>

<net id="1282"><net_src comp="1278" pin="1"/><net_sink comp="441" pin=0"/></net>

<net id="1289"><net_src comp="866" pin="2"/><net_sink comp="1286" pin=0"/></net>

<net id="1290"><net_src comp="1286" pin="1"/><net_sink comp="452" pin=2"/></net>

<net id="1294"><net_src comp="229" pin="3"/><net_sink comp="1291" pin=0"/></net>

<net id="1295"><net_src comp="1291" pin="1"/><net_sink comp="243" pin=0"/></net>

<net id="1299"><net_src comp="236" pin="3"/><net_sink comp="1296" pin=0"/></net>

<net id="1300"><net_src comp="1296" pin="1"/><net_sink comp="210" pin=0"/></net>

<net id="1304"><net_src comp="210" pin="3"/><net_sink comp="1301" pin=0"/></net>

<net id="1305"><net_src comp="1301" pin="1"/><net_sink comp="559" pin=0"/></net>

<net id="1309"><net_src comp="243" pin="3"/><net_sink comp="1306" pin=0"/></net>

<net id="1310"><net_src comp="1306" pin="1"/><net_sink comp="559" pin=1"/></net>

<net id="1317"><net_src comp="948" pin="2"/><net_sink comp="1314" pin=0"/></net>

<net id="1318"><net_src comp="1314" pin="1"/><net_sink comp="463" pin=0"/></net>

<net id="1322"><net_src comp="954" pin="1"/><net_sink comp="1319" pin=0"/></net>

<net id="1323"><net_src comp="1319" pin="1"/><net_sink comp="307" pin=2"/></net>

<net id="1327"><net_src comp="261" pin="3"/><net_sink comp="1324" pin=0"/></net>

<net id="1328"><net_src comp="1324" pin="1"/><net_sink comp="268" pin=0"/></net>

<net id="1332"><net_src comp="274" pin="3"/><net_sink comp="1329" pin=0"/></net>

<net id="1333"><net_src comp="1329" pin="1"/><net_sink comp="281" pin=0"/></net>

<net id="1337"><net_src comp="967" pin="1"/><net_sink comp="1334" pin=0"/></net>

<net id="1338"><net_src comp="1334" pin="1"/><net_sink comp="992" pin=0"/></net>

<net id="1342"><net_src comp="268" pin="3"/><net_sink comp="1339" pin=0"/></net>

<net id="1343"><net_src comp="1339" pin="1"/><net_sink comp="474" pin=0"/></net>

<net id="1350"><net_src comp="977" pin="2"/><net_sink comp="1347" pin=0"/></net>

<net id="1351"><net_src comp="1347" pin="1"/><net_sink comp="486" pin=2"/></net>

<net id="1355"><net_src comp="287" pin="3"/><net_sink comp="1352" pin=0"/></net>

<net id="1356"><net_src comp="1352" pin="1"/><net_sink comp="301" pin=0"/></net>

<net id="1360"><net_src comp="294" pin="3"/><net_sink comp="1357" pin=0"/></net>

<net id="1361"><net_src comp="1357" pin="1"/><net_sink comp="255" pin=0"/></net>

<net id="1365"><net_src comp="255" pin="3"/><net_sink comp="1362" pin=0"/></net>

<net id="1366"><net_src comp="1362" pin="1"/><net_sink comp="559" pin=0"/></net>

<net id="1370"><net_src comp="301" pin="3"/><net_sink comp="1367" pin=0"/></net>

<net id="1371"><net_src comp="1367" pin="1"/><net_sink comp="559" pin=1"/></net>

<net id="1378"><net_src comp="314" pin="3"/><net_sink comp="1375" pin=0"/></net>

<net id="1379"><net_src comp="1375" pin="1"/><net_sink comp="281" pin=0"/></net>

<net id="1383"><net_src comp="1013" pin="2"/><net_sink comp="1380" pin=0"/></net>

<net id="1384"><net_src comp="1380" pin="1"/><net_sink comp="497" pin=2"/></net>

<net id="1388"><net_src comp="281" pin="3"/><net_sink comp="1385" pin=0"/></net>

<net id="1389"><net_src comp="1385" pin="1"/><net_sink comp="1019" pin=0"/></net>

<net id="1390"><net_src comp="1385" pin="1"/><net_sink comp="568" pin=0"/></net>

<net id="1391"><net_src comp="1385" pin="1"/><net_sink comp="1102" pin=1"/></net>

<net id="1395"><net_src comp="1102" pin="3"/><net_sink comp="1392" pin=0"/></net>

<net id="1396"><net_src comp="1392" pin="1"/><net_sink comp="507" pin=2"/></net>

<net id="1403"><net_src comp="1115" pin="2"/><net_sink comp="1400" pin=0"/></net>

<net id="1404"><net_src comp="1400" pin="1"/><net_sink comp="530" pin=0"/></net>

<net id="1408"><net_src comp="1121" pin="1"/><net_sink comp="1405" pin=0"/></net>

<net id="1409"><net_src comp="1405" pin="1"/><net_sink comp="328" pin=2"/></net>

<net id="1413"><net_src comp="321" pin="3"/><net_sink comp="1410" pin=0"/></net>

<net id="1414"><net_src comp="1410" pin="1"/><net_sink comp="281" pin=0"/></net>

<net id="1418"><net_src comp="578" pin="2"/><net_sink comp="1415" pin=0"/></net>

<net id="1419"><net_src comp="1415" pin="1"/><net_sink comp="548" pin=1"/></net>

<net id="1423"><net_src comp="548" pin="2"/><net_sink comp="1420" pin=0"/></net>

<net id="1424"><net_src comp="1420" pin="1"/><net_sink comp="518" pin=0"/></net>

<net id="1431"><net_src comp="1132" pin="2"/><net_sink comp="1428" pin=0"/></net>

<net id="1432"><net_src comp="1428" pin="1"/><net_sink comp="541" pin=0"/></net>

<net id="1436"><net_src comp="341" pin="3"/><net_sink comp="1433" pin=0"/></net>

<net id="1437"><net_src comp="1433" pin="1"/><net_sink comp="335" pin=0"/></net>

<net id="1441"><net_src comp="335" pin="3"/><net_sink comp="1438" pin=0"/></net>

<net id="1442"><net_src comp="1438" pin="1"/><net_sink comp="563" pin=0"/></net>

<net id="1446"><net_src comp="563" pin="2"/><net_sink comp="1443" pin=0"/></net>

<net id="1447"><net_src comp="1443" pin="1"/><net_sink comp="335" pin=1"/></net>

</net_list>

</model> 
---------------- Datapath Model END ------------------

* FSMD analyzer results:
  - Output states:
	Port: output_r | {65 81 }
 - Input state : 
	Port: mlp : input_r | {4 5 }
	Port: mlp : output_r | {70 71 }
	Port: mlp : B1 | {2 3 }
	Port: mlp : W1 | {4 5 }
	Port: mlp : B2 | {14 15 }
	Port: mlp : W2 | {16 17 }
	Port: mlp : B3 | {26 27 }
	Port: mlp : W3 | {28 29 }
	Port: mlp : B4 | {38 39 }
	Port: mlp : W4 | {40 41 }
  - Chain level:
	State 1
	State 2
		add_ln86 : 1
		icmp_ln86 : 1
		j : 1
		br_ln86 : 2
		zext_ln87 : 1
		B1_addr : 2
		acc : 3
	State 3
	State 4
		icmp_ln68 : 1
		i : 1
		br_ln68 : 2
		zext_ln69 : 1
		zext_ln69_6 : 1
		add_ln69_1 : 2
		zext_ln69_7 : 3
		W1_addr : 4
		input_addr : 2
		input_load : 3
		W1_load : 5
		tmp_1 : 1
	State 5
	State 6
	State 7
	State 8
	State 9
	State 10
	State 11
	State 12
	State 13
		tmp : 1
		trunc_ln72 : 1
		icmp_ln72 : 2
		icmp_ln72_1 : 2
		or_ln72 : 3
		and_ln72 : 3
		select_ln72 : 3
		store_ln87 : 4
	State 14
		icmp_ln90 : 1
		j_1 : 1
		br_ln90 : 2
		zext_ln91 : 1
		B2_addr : 2
		acc_1 : 3
	State 15
		zext_ln69_5 : 1
		add_ln69 : 2
	State 16
		icmp_ln68_1 : 1
		i_1 : 1
		br_ln68 : 2
		zext_ln69_1 : 1
		zext_ln69_8 : 1
		add_ln69_2 : 2
		zext_ln69_9 : 3
		W2_addr : 4
		a1_addr_1 : 2
		a1_load : 3
		W2_load : 5
		tmp_3 : 1
	State 17
	State 18
	State 19
	State 20
	State 21
	State 22
	State 23
	State 24
	State 25
		tmp_2 : 1
		trunc_ln72_1 : 1
		icmp_ln72_2 : 2
		icmp_ln72_3 : 2
		or_ln72_1 : 3
		and_ln72_1 : 3
		select_ln72_1 : 3
		store_ln91 : 4
	State 26
		icmp_ln94 : 1
		j_2 : 1
		br_ln94 : 2
		zext_ln95 : 1
		B3_addr : 2
		acc_3 : 3
	State 27
		zext_ln95_1 : 1
	State 28
		icmp_ln68_2 : 1
		i_2 : 1
		br_ln68 : 2
		zext_ln69_2 : 1
		zext_ln69_10 : 1
		add_ln69_3 : 2
		zext_ln69_11 : 3
		W3_addr : 4
		a2_addr_1 : 2
		a2_load : 3
		W3_load : 5
		tmp_5 : 1
	State 29
	State 30
	State 31
	State 32
	State 33
	State 34
	State 35
	State 36
	State 37
		tmp_4 : 1
		trunc_ln72_2 : 1
		icmp_ln72_4 : 2
		icmp_ln72_5 : 2
		or_ln72_2 : 3
		and_ln72_2 : 3
		select_ln72_2 : 3
		store_ln95 : 4
	State 38
		icmp_ln98 : 1
		j_4 : 1
		br_ln98 : 2
		zext_ln99 : 1
		B4_addr : 2
		acc_5 : 3
		maxv : 1
	State 39
		zext_ln99_1 : 1
	State 40
		icmp_ln68_3 : 1
		i_3 : 1
		br_ln68 : 2
		zext_ln69_3 : 1
		zext_ln69_12 : 1
		add_ln69_4 : 2
		zext_ln69_13 : 3
		W4_addr : 4
		a3_addr_1 : 2
		a3_load : 3
		W4_load : 5
		store_ln99 : 1
	State 41
	State 42
	State 43
	State 44
	State 45
	State 46
	State 47
	State 48
	State 49
	State 50
		icmp_ln103 : 1
		br_ln103 : 2
		zext_ln104 : 1
		z4_addr_2 : 2
		maxv_1 : 3
		j_3 : 1
	State 51
		tmp_s : 1
	State 52
		tmp_6 : 1
		trunc_ln104 : 1
		tmp_8 : 1
		trunc_ln104_1 : 1
		icmp_ln104 : 2
		icmp_ln104_1 : 2
		or_ln104 : 3
		icmp_ln104_2 : 2
		icmp_ln104_3 : 2
		or_ln104_1 : 3
		and_ln104 : 3
		and_ln104_1 : 3
		maxv_2 : 3
	State 53
		icmp_ln109 : 1
		j_5 : 1
		br_ln109 : 2
		zext_ln110 : 1
		z4_addr_3 : 2
		z4_load : 3
	State 54
		tmp_7 : 1
	State 55
	State 56
	State 57
	State 58
	State 59
	State 60
	State 61
	State 62
	State 63
	State 64
	State 65
		store_ln111 : 1
	State 66
	State 67
	State 68
	State 69
	State 70
		icmp_ln116 : 1
		j_6 : 1
		br_ln116 : 2
		zext_ln117 : 1
		output_addr_1 : 2
		output_load : 3
	State 71
	State 72
	State 73
	State 74
	State 75
	State 76
	State 77
	State 78
	State 79
	State 80
	State 81


============================================================
+ Verbose Summary: Datapath Resource usage 
============================================================

* Functional unit list:
|----------|-----------------------|---------|---------|---------|
| Operation|    Functional Unit    |  DSP48E |    FF   |   LUT   |
|----------|-----------------------|---------|---------|---------|
|   fexp   |       grp_fu_578      |    7    |   324   |   905   |
|----------|-----------------------|---------|---------|---------|
|   fdiv   |       grp_fu_563      |    0    |   411   |   802   |
|----------|-----------------------|---------|---------|---------|
|   fadd   |       grp_fu_548      |    2    |   227   |   214   |
|----------|-----------------------|---------|---------|---------|
|   fmul   |       grp_fu_559      |    3    |   128   |   138   |
|----------|-----------------------|---------|---------|---------|
|          |    icmp_ln86_fu_610   |    0    |    0    |    9    |
|          |    icmp_ln68_fu_627   |    0    |    0    |    13   |
|          |    icmp_ln72_fu_677   |    0    |    0    |    11   |
|          |   icmp_ln72_1_fu_683  |    0    |    0    |    20   |
|          |    icmp_ln90_fu_710   |    0    |    0    |    9    |
|          |   icmp_ln68_1_fu_749  |    0    |    0    |    9    |
|          |   icmp_ln72_2_fu_798  |    0    |    0    |    11   |
|          |   icmp_ln72_3_fu_804  |    0    |    0    |    20   |
|          |    icmp_ln94_fu_831   |    0    |    0    |    9    |
|          |   icmp_ln68_2_fu_860  |    0    |    0    |    9    |
|   icmp   |   icmp_ln72_4_fu_909  |    0    |    0    |    11   |
|          |   icmp_ln72_5_fu_915  |    0    |    0    |    20   |
|          |    icmp_ln98_fu_942   |    0    |    0    |    9    |
|          |   icmp_ln68_3_fu_971  |    0    |    0    |    9    |
|          |   icmp_ln103_fu_1002  |    0    |    0    |    9    |
|          |   icmp_ln104_fu_1054  |    0    |    0    |    11   |
|          |  icmp_ln104_1_fu_1060 |    0    |    0    |    20   |
|          |  icmp_ln104_2_fu_1072 |    0    |    0    |    11   |
|          |  icmp_ln104_3_fu_1078 |    0    |    0    |    20   |
|          |   icmp_ln109_fu_1109  |    0    |    0    |    9    |
|          |   icmp_ln116_fu_1126  |    0    |    0    |    9    |
|----------|-----------------------|---------|---------|---------|
|          |    add_ln86_fu_604    |    0    |    0    |    19   |
|          |        j_fu_616       |    0    |    0    |    11   |
|          |        i_fu_633       |    0    |    0    |    17   |
|          |   add_ln69_1_fu_648   |    0    |    0    |    19   |
|          |       j_1_fu_716      |    0    |    0    |    12   |
|          |    add_ln69_fu_743    |    0    |    0    |    15   |
|          |       i_1_fu_755      |    0    |    0    |    11   |
|          |   add_ln69_2_fu_770   |    0    |    0    |    15   |
|    add   |       j_2_fu_837      |    0    |    0    |    12   |
|          |       i_2_fu_866      |    0    |    0    |    12   |
|          |   add_ln69_3_fu_881   |    0    |    0    |    15   |
|          |       j_4_fu_948      |    0    |    0    |    12   |
|          |       i_3_fu_977      |    0    |    0    |    12   |
|          |   add_ln69_4_fu_992   |    0    |    0    |    15   |
|          |      j_3_fu_1013      |    0    |    0    |    12   |
|          |      j_5_fu_1115      |    0    |    0    |    12   |
|          |      j_6_fu_1132      |    0    |    0    |    12   |
|----------|-----------------------|---------|---------|---------|
|   fcmp   |       grp_fu_568      |    0    |    66   |    66   |
|----------|-----------------------|---------|---------|---------|
|          |   select_ln72_fu_701  |    0    |    0    |    32   |
|  select  |  select_ln72_1_fu_822 |    0    |    0    |    32   |
|          |  select_ln72_2_fu_933 |    0    |    0    |    32   |
|          |     maxv_2_fu_1102    |    0    |    0    |    32   |
|----------|-----------------------|---------|---------|---------|
|          |     or_ln72_fu_689    |    0    |    0    |    2    |
|          |    or_ln72_1_fu_810   |    0    |    0    |    2    |
|    or    |    or_ln72_2_fu_921   |    0    |    0    |    2    |
|          |    or_ln104_fu_1066   |    0    |    0    |    2    |
|          |   or_ln104_1_fu_1084  |    0    |    0    |    2    |
|----------|-----------------------|---------|---------|---------|
|          |    and_ln72_fu_695    |    0    |    0    |    2    |
|          |   and_ln72_1_fu_816   |    0    |    0    |    2    |
|    and   |   and_ln72_2_fu_927   |    0    |    0    |    2    |
|          |   and_ln104_fu_1090   |    0    |    0    |    2    |
|          |  and_ln104_1_fu_1096  |    0    |    0    |    2    |
|----------|-----------------------|---------|---------|---------|
|          |    zext_ln87_fu_622   |    0    |    0    |    0    |
|          |    zext_ln69_fu_639   |    0    |    0    |    0    |
|          |   zext_ln69_6_fu_644  |    0    |    0    |    0    |
|          |   zext_ln69_7_fu_654  |    0    |    0    |    0    |
|          |    zext_ln91_fu_722   |    0    |    0    |    0    |
|          |   zext_ln69_4_fu_727  |    0    |    0    |    0    |
|          |   zext_ln69_5_fu_739  |    0    |    0    |    0    |
|          |   zext_ln69_1_fu_761  |    0    |    0    |    0    |
|          |   zext_ln69_8_fu_766  |    0    |    0    |    0    |
|          |   zext_ln69_9_fu_775  |    0    |    0    |    0    |
|          |    zext_ln95_fu_843   |    0    |    0    |    0    |
|   zext   |   zext_ln95_1_fu_856  |    0    |    0    |    0    |
|          |   zext_ln69_2_fu_872  |    0    |    0    |    0    |
|          |  zext_ln69_10_fu_877  |    0    |    0    |    0    |
|          |  zext_ln69_11_fu_886  |    0    |    0    |    0    |
|          |    zext_ln99_fu_954   |    0    |    0    |    0    |
|          |   zext_ln99_1_fu_967  |    0    |    0    |    0    |
|          |   zext_ln69_3_fu_983  |    0    |    0    |    0    |
|          |  zext_ln69_12_fu_988  |    0    |    0    |    0    |
|          |  zext_ln69_13_fu_997  |    0    |    0    |    0    |
|          |   zext_ln104_fu_1008  |    0    |    0    |    0    |
|          |   zext_ln110_fu_1121  |    0    |    0    |    0    |
|          |   zext_ln117_fu_1138  |    0    |    0    |    0    |
|----------|-----------------------|---------|---------|---------|
|          |       tmp_fu_663      |    0    |    0    |    0    |
|          |      tmp_2_fu_784     |    0    |    0    |    0    |
|partselect|      tmp_4_fu_895     |    0    |    0    |    0    |
|          |     tmp_6_fu_1022     |    0    |    0    |    0    |
|          |     tmp_8_fu_1040     |    0    |    0    |    0    |
|----------|-----------------------|---------|---------|---------|
|          |   trunc_ln72_fu_673   |    0    |    0    |    0    |
|          |  trunc_ln72_1_fu_794  |    0    |    0    |    0    |
|   trunc  |  trunc_ln72_2_fu_905  |    0    |    0    |    0    |
|          |  trunc_ln104_fu_1032  |    0    |    0    |    0    |
|          | trunc_ln104_1_fu_1050 |    0    |    0    |    0    |
|----------|-----------------------|---------|---------|---------|
|          |     tmp_10_fu_731     |    0    |    0    |    0    |
|bitconcatenate|     tmp_11_fu_848     |    0    |    0    |    0    |
|          |     tmp_12_fu_959     |    0    |    0    |    0    |
|----------|-----------------------|---------|---------|---------|
|   Total  |                       |    12   |   1156  |   2764  |
|----------|-----------------------|---------|---------|---------|

Memories:
+----+--------+--------+--------+--------+
|    |  BRAM  |   FF   |   LUT  |  URAM  |
+----+--------+--------+--------+--------+
| B1 |    0   |   32   |    3   |    -   |
| B2 |    0   |   32   |    4   |    -   |
| B3 |    0   |   32   |    4   |    -   |
| B4 |    0   |   32   |    5   |    -   |
| W1 |    8   |    0   |    0   |    -   |
| W2 |    1   |    0   |    0   |    -   |
| W3 |    1   |    0   |    0   |    -   |
| W4 |    1   |    0   |    0   |    -   |
| a1 |    0   |   64   |    3   |    0   |
| a2 |    0   |   64   |    4   |    0   |
| a3 |    0   |   64   |    4   |    0   |
| z4 |    0   |   64   |    5   |    0   |
+----+--------+--------+--------+--------+
|Total|   11   |   384  |   32   |    0   |
+----+--------+--------+--------+--------+

* Register list:
+----------------------+--------+
|                      |   FF   |
+----------------------+--------+
|   B1_addr_reg_1161   |    3   |
|   B2_addr_reg_1212   |    3   |
|   B3_addr_reg_1268   |    3   |
|   B4_addr_reg_1324   |    4   |
|   W1_addr_reg_1179   |   12   |
|   W1_load_reg_1194   |   32   |
|   W2_addr_reg_1235   |    6   |
|   W2_load_reg_1250   |   32   |
|   W3_addr_reg_1291   |    6   |
|   W3_load_reg_1306   |   32   |
|   W4_addr_reg_1352   |    7   |
|   W4_load_reg_1367   |   32   |
|  a1_addr_1_reg_1240  |    3   |
|   a1_load_reg_1245   |   32   |
|  a2_addr_1_reg_1296  |    3   |
|   a2_load_reg_1301   |   32   |
|  a3_addr_1_reg_1357  |    3   |
|   a3_load_reg_1362   |   32   |
|   acc_0_i17_reg_438  |   32   |
|   acc_0_i28_reg_471  |   32   |
|   acc_0_i6_reg_405   |   32   |
|    acc_0_i_reg_372   |   32   |
|    acc_1_reg_1222    |   32   |
|    acc_3_reg_1278    |   32   |
|    acc_5_reg_1339    |   32   |
|     acc_reg_1166     |   32   |
|   add_ln69_reg_1217  |    7   |
|   add_ln86_reg_1143  |   12   |
|      e_reg_1415      |   32   |
|    i_0_i18_reg_448   |    4   |
|    i_0_i29_reg_482   |    4   |
|    i_0_i7_reg_415    |    3   |
|     i_0_i_reg_382    |   10   |
|     i_1_reg_1230     |    3   |
|     i_2_reg_1286     |    4   |
|     i_3_reg_1347     |    4   |
|      i_reg_1174      |   10   |
|  input_addr_reg_1184 |   10   |
|  input_load_reg_1189 |   32   |
|     j1_0_reg_393     |    4   |
|     j2_0_reg_426     |    4   |
|     j3_0_reg_459     |    4   |
|     j4_0_reg_493     |    4   |
|     j5_0_reg_526     |    4   |
|     j6_0_reg_537     |    4   |
|      j_0_reg_349     |    3   |
|     j_1_reg_1202     |    4   |
|     j_2_reg_1258     |    4   |
|     j_3_reg_1380     |    4   |
|     j_4_reg_1314     |    4   |
|     j_5_reg_1400     |    4   |
|     j_6_reg_1428     |    4   |
|      j_reg_1151      |    3   |
|    maxv_0_reg_504    |   32   |
|    maxv_1_reg_1385   |   32   |
|    maxv_2_reg_1392   |   32   |
|output_addr_1_reg_1433|    4   |
| output_load_reg_1438 |   32   |
|    phi_mul_reg_360   |   12   |
|        reg_584       |   32   |
|        reg_589       |   32   |
|        reg_598       |   32   |
|     sum_0_reg_514    |   32   |
|     sum_reg_1420     |   32   |
|    tmp_9_reg_1443    |   32   |
|  z4_addr_2_reg_1375  |    4   |
|  z4_addr_3_reg_1410  |    4   |
|   z4_addr_reg_1329   |    4   |
|  zext_ln110_reg_1405 |   64   |
|  zext_ln87_reg_1156  |   64   |
|  zext_ln91_reg_1207  |   64   |
| zext_ln95_1_reg_1273 |    8   |
|  zext_ln95_reg_1263  |   64   |
| zext_ln99_1_reg_1334 |    8   |
|  zext_ln99_reg_1319  |   64   |
+----------------------+--------+
|         Total        |  1406  |
+----------------------+--------+

* Multiplexer (MUX) list: 
|-------------------|------|------|------|--------||---------||---------|
|        Comp       |  Pin | Size |  BW  | S x BW ||  Delay  ||   LUT   |
|-------------------|------|------|------|--------||---------||---------|
| grp_access_fu_127 |  p0  |   2  |   3  |    6   ||    9    |
| grp_access_fu_147 |  p0  |   2  |  10  |   20   ||    9    |
| grp_access_fu_153 |  p0  |   2  |  12  |   24   ||    9    |
| grp_access_fu_165 |  p0  |   3  |   3  |    9   ||    15   |
| grp_access_fu_178 |  p0  |   2  |   3  |    6   ||    9    |
| grp_access_fu_198 |  p0  |   2  |   6  |   12   ||    9    |
| grp_access_fu_210 |  p0  |   3  |   3  |    9   ||    15   |
| grp_access_fu_223 |  p0  |   2  |   3  |    6   ||    9    |
| grp_access_fu_243 |  p0  |   2  |   6  |   12   ||    9    |
| grp_access_fu_255 |  p0  |   3  |   3  |    9   ||    15   |
| grp_access_fu_268 |  p0  |   2  |   4  |    8   ||    9    |
| grp_access_fu_281 |  p0  |   7  |   4  |   28   ||    38   |
| grp_access_fu_301 |  p0  |   2  |   7  |   14   ||    9    |
| grp_access_fu_335 |  p0  |   3  |   4  |   12   ||    15   |
| grp_access_fu_335 |  p1  |   2  |  32  |   64   ||    9    |
|  phi_mul_reg_360  |  p0  |   2  |  12  |   24   ||    9    |
|    j1_0_reg_393   |  p0  |   2  |   4  |    8   ||    9    |
|    j2_0_reg_426   |  p0  |   2  |   4  |    8   ||    9    |
|    j3_0_reg_459   |  p0  |   2  |   4  |    8   ||    9    |
|   sum_0_reg_514   |  p0  |   2  |  32  |   64   ||    9    |
|     grp_fu_548    |  p0  |   7  |  32  |   224  ||    38   |
|     grp_fu_548    |  p1  |   3  |  32  |   96   ||    15   |
|     grp_fu_559    |  p0  |   4  |  32  |   128  ||    21   |
|     grp_fu_559    |  p1  |   4  |  32  |   128  ||    21   |
|     grp_fu_568    |  p0  |   5  |  32  |   160  ||    27   |
|     grp_fu_568    |  p1  |   2  |  32  |   64   ||    9    |
|-------------------|------|------|------|--------||---------||---------|
|       Total       |      |      |      |  1151  ||  27.978 ||   364   |
|-------------------|------|------|------|--------||---------||---------|



* Summary:
+-----------+--------+--------+--------+--------+--------+--------+
|           |  BRAM  | DSP48E |  Delay |   FF   |   LUT  |  URAM  |
+-----------+--------+--------+--------+--------+--------+--------+
|  Function |    -   |   12   |    -   |  1156  |  2764  |    -   |
|   Memory  |   11   |    -   |    -   |   384  |   32   |    0   |
|Multiplexer|    -   |    -   |   27   |    -   |   364  |    -   |
|  Register |    -   |    -   |    -   |  1406  |    -   |    -   |
+-----------+--------+--------+--------+--------+--------+--------+
|   Total   |   11   |   12   |   27   |  2946  |  3160  |    0   |
+-----------+--------+--------+--------+--------+--------+--------+
