================================================================================
 HARDWARE ARCHITECTURES FOR AI - LAB 5
 MLP training on MNIST  +  fixed-point weight quantization
 Full Python execution log & deliverables
================================================================================

Notebook          : HAAI_Lab6_source.ipynb
Kernel run        : sequential, cells In[99] .. In[135]
Framework         : TensorFlow / Keras (functional API), NumPy reference implementation
Dataset           : MNIST via keras.datasets.mnist  (60000 train / 10000 test, 28x28 grey)
                    pixels normalised to [0, 1] by dividing through the per-set max (255)
Device            : CPU  (PhysicalDevice '/physical_device:CPU:0')
Weight files      : weights_floatingpoint.weights.h5      (float32 reference)
                    weights_q_int2_frac_5.weights.h5       (Q1.2.5 fixed-point, 8 bit)

The eight requested statements are given first (sections 1-8); the complete
cell-by-cell execution log follows in section 9.


################################################################################
# EXERCISE 1 : MLP TRAINING
################################################################################

================================================================================
 1. TRAINED MLP DESCRIPTION
================================================================================

Fully-connected feed-forward network (Keras functional API, In [107]):

    Input(shape=(28, 28))
      -> Flatten()                         -> 784
      -> Dense(5,  name='dense_1')         -> Activation('relu',    name='act_1')
      -> Dense(8,  name='dense_2')         -> Activation('relu',    name='act_2')
      -> Dense(8,  name='dense_3')         -> Activation('relu',    name='act_3')
      -> Dense(10, name='output_layer')    -> Activation('softmax', name='softmax')

model.summary()  (In [109]):

    Model: "functional_5"
    +---------------------------------+------------------------+---------------+
    | Layer (type)                    | Output Shape           |       Param # |
    +---------------------------------+------------------------+---------------+
    | input_layer_3 (InputLayer)      | (None, 28, 28)         |             0 |
    | flatten_3 (Flatten)             | (None, 784)            |             0 |
    | dense_1 (Dense)                 | (None, 5)              |         3,925 |   784*5 + 5
    | act_1 (Activation)              | (None, 5)              |             0 |
    | dense_2 (Dense)                 | (None, 8)              |            48 |   5*8 + 8
    | act_2 (Activation)              | (None, 8)              |             0 |
    | dense_3 (Dense)                 | (None, 8)              |            72 |   8*8 + 8
    | act_3 (Activation)              | (None, 8)              |             0 |
    | output_layer (Dense)            | (None, 10)             |            90 |   8*10 + 10
    | softmax (Activation)            | (None, 10)             |             0 |
    +---------------------------------+------------------------+---------------+
     Total params: 4,135 (16.15 KB)
     Trainable params: 4,135
     Non-trainable params: 0

Memory of the weights in float32 (In [108]): 4135 * 4 B / 1024 = 16.15234375 KB
Per input image in float32 (In [105]): 28*28*4 / 1024 = 3.0625 KB

A NumPy re-implementation (In [118]-[123]) reproduces the Keras forward pass:
for the all-ones input the own softmax output equals model.predict() to ~1e-7
(class 3 = 0.99923, class 2 = 0.000768, rest ~0).


================================================================================
 2. TRAINING ALGORITHM
================================================================================

    model.compile(optimizer='adam',
                  loss='sparse_categorical_crossentropy',
                  metrics=['accuracy'])                              # In [110]

    r = model.fit(data_train, label_train,
                  validation_split=0.2, epochs=10)                   # In [111]

  * Optimiser      : Adam (adaptive-moment gradient descent), Keras default
                     hyper-parameters (learning rate 1e-3, beta_1 0.9,
                     beta_2 0.999, epsilon 1e-7).
  * Loss           : sparse categorical cross-entropy on the 10 softmax outputs.
  * Weight update  : mini-batch back-propagation, batch size 32 (Keras default)
                     -> 48000 train samples / 32 = 1500 steps per epoch.
  * Data split     : 80 % train (48000) / 20 % validation (12000), no shuffle
                     of the split; training batches shuffled each epoch.
  * Duration       : 10 epochs (~3-4 s/epoch on CPU).
  * Initialisation : Glorot-uniform kernels, zero biases (Keras Dense default).
  * After training  model.save_weights("weights_floatingpoint.weights.h5")  (In [115]).

The optimiser state saved alongside the weights confirms Adam: the file
weights_floatingpoint.weights.h5 also stores optimizer/vars/0..17
(iteration counter + 1st/2nd moment estimate for every kernel and bias).


================================================================================
 3. TRAINED MLP WEIGHTS   (from weights_floatingpoint.weights.h5, float32)
================================================================================

------------------------------------------------------------------------------
FP32 :: dense_1  (hidden 1, 784->5)
  kernel W shape (784, 5)  (3920 values)   bias b shape (5,)  (5 values)
  W  min=-0.98054516  max=+1.15918386  mean=+0.04373411  std=0.22101203
  distinct values in this layer (W and b): 3925
  --- kernel W (rows = inputs, cols = neurons) ---
[[-0.05204246  0.08551212 -0.00583602 -0.03047577 -0.0370555 ]
 [ 0.04436047  0.00402062  0.00391941  0.02444215 -0.07539593]
 [ 0.08675867 -0.00584707  0.055859    0.00568221  0.02700663]
 [ 0.07885461 -0.08479942  0.06717141 -0.07201636  0.05210835]
 [ 0.07851227  0.06136999 -0.0302843   0.0520855   0.06776859]
 [ 0.08633161 -0.00449578  0.00440582  0.05928679  0.00095153]
 [ 0.03584914  0.07173562  0.02362601 -0.0455514  -0.06170078]
 [ 0.08067863  0.00592586  0.05048656 -0.03458308 -0.08467915]
 [-0.02490357  0.07958886 -0.06563844 -0.05312921 -0.00980444]
 [ 0.04803267  0.03052729  0.0636041   0.06125787  0.08369404]
 [ 0.02092852  0.02837755  0.02248265  0.03241853 -0.08040943]
 [ 0.05072807 -0.0633851   0.07251655 -0.0035181   0.01408112]
 [ 0.18819682  0.12090216  0.00543207 -0.14636669  0.2743749 ]
 [ 0.03781901  0.24161287  0.05319406 -0.21735834  0.20745786]
 [-0.20212631  0.17754771  0.07807712 -0.09407756  0.21645172]
 [-0.1822887   0.18342529  0.07246193 -0.03239192  0.09616393]
 [-0.07581996  0.03755257 -0.06916303 -0.05758917 -0.01266861]
 [ 0.05042207  0.05032513 -0.06148203 -0.0537023  -0.07556371]
 [-0.00447796  0.00091963 -0.07491073 -0.07274939  0.0143536 ]
 [-0.0575067  -0.07678292  0.05459043 -0.08617043 -0.07379231]
 [-0.05770562  0.03422949  0.00074929  0.08011205 -0.02341796]
 [-0.06986207  0.06269751  0.02613866  0.02951919 -0.00017495]
 [-0.04973865 -0.04456748 -0.07649553 -0.04847058 -0.00034395]
 [ 0.05562013  0.01843485  0.00500315 -0.04964666  0.08271314]
 [ 0.04595964 -0.04336865 -0.03765399 -0.06348875  0.08263336]
 [ 0.0281719   0.07053298 -0.03363807  0.07958181 -0.01320488]
 [ 0.06244487  0.05605206  0.03985974 -0.00570273 -0.02241082]
 [ 0.04080997  0.05378877  0.03412036 -0.04991782  0.06914806]
 [ 0.06306118 -0.08559866  0.04795541 -0.0256261  -0.0191642 ]
 [ 0.08135998 -0.03712529  0.00224128  0.054333   -0.06315653]
 [-0.03392351  0.00644707 -0.0465275   0.07147196 -0.05135991]
 [ 0.01464321 -0.08093344  0.04704042  0.06574209  0.021367  ]
 [ 0.27700007  0.00683069 -0.00242794  0.12967238 -0.09948799]
 [ 0.36668214  0.20652068 -0.08687371  0.08556882 -0.13430354]
 [ 0.38132837  0.33457232 -0.07906206 -0.08363107 -0.04763551]
 [ 0.62350357  0.44772896 -0.10472506 -0.21142437 -0.23933901]
 [ 0.42792466  0.4760053  -0.03947549 -0.12443368 -0.06380839]
 [ 0.53784335  0.610912    0.00237471  0.0336491  -0.33508545]
 [ 0.70538646  0.3473401  -0.07644986  0.07254671 -0.5236891 ]
 [ 0.28582188  0.35796836  0.06619114  0.10358629 -0.62103844]
 [ 0.12595613  0.25185367  0.14683403  0.12380759 -0.649301  ]
 [ 0.462826    0.13684441  0.08556859  0.12170456 -0.16771251]
 [-0.08113287  0.27387866  0.00255112 -0.24166761  0.25401676]
 [-0.18713082  0.4068074  -0.06350958 -0.44126126  0.2622628 ]
 [-0.2603631   0.74578446 -0.08957367 -0.57612693  0.23616353]
 [ 0.36455834  0.3243341  -0.03014317 -0.3150418  -0.2732674 ]
 [ 0.7146567   0.05716538 -0.10439233  0.16142336 -0.5531499 ]
 [ 0.5154519   0.31176525  0.0697635  -0.04012944 -0.23416238]
 [ 0.7129153   0.24215636  0.04712752 -0.10831625 -0.38940373]
 [ 0.49500203  0.0573352   0.05174338  0.12910533 -0.39939442]
 [ 0.26550153  0.32142136  0.05735467 -0.14630467 -0.26897183]
 [ 0.26754108  0.20873195 -0.07648582 -0.14213647 -0.2710329 ]
 [-0.0776292  -0.08519828  0.04261148 -0.04586177  0.00004657]
 [-0.07141691 -0.08488891  0.01183275 -0.0428617   0.02275803]
 [ 0.05138993 -0.05587669  0.01671889 -0.04887941 -0.03175383]
 [ 0.02802385 -0.07219373  0.05847213 -0.04815815  0.0359548 ]
 [ 0.00691179 -0.01619031 -0.04574715  0.08176829  0.08323891]
 [-0.05225819 -0.07135383 -0.0063775   0.02265191  0.05621272]
 [ 0.08600722  0.08284055  0.05440339 -0.05776463  0.08222625]
 [-0.09381903  0.01865148  0.23069239  0.00282916 -0.26108786]
 [ 0.30005142 -0.10960591  0.324323    0.2022267  -0.28142563]
 [ 0.57903117  0.14875852 -0.10589723 -0.08692744 -0.4197251 ]
 [ 0.631916    0.3982517   0.07340684 -0.26387936 -0.21812478]
 [ 0.6151204   0.2781097   0.11188866 -0.10014816 -0.4059989 ]
 [ 0.5853125   0.327041   -0.2762484   0.03367732 -0.2544013 ]
 [ 0.6533712   0.14652449 -0.575973    0.04526535 -0.52332854]
 [ 0.55686295  0.2104452  -0.69638866 -0.17476714 -0.5892108 ]
 [ 0.42595425  0.41335383 -0.5321496  -0.09158178 -0.39466128]
 [ 0.4939432   0.43329793 -0.47917226 -0.13156736 -0.45458674]
 [ 0.2292269   0.14531113 -0.6066299  -0.01886963 -0.1699401 ]
 [ 0.35649657  0.2121928  -0.90027523 -0.1852532   0.05350365]
 [ 0.06390817  0.2137574  -0.8577839  -0.12310772  0.10715064]
 [ 0.20204416  0.3182445  -0.56654    -0.23789328 -0.1139053 ]
 [ 0.466912    0.24441962 -0.3086713  -0.29768458 -0.27976817]
 [ 0.5621154   0.32186532 -0.15027882 -0.12661242 -0.25251028]
 [ 0.57049847  0.36194515 -0.34162426  0.24383192 -0.52686906]
 [ 0.7262879   0.19037752 -0.68912494 -0.08109114 -0.34329328]
 [ 0.7553162   0.38633573 -0.35926425 -0.39499536 -0.50445884]
 [ 0.924176    0.34914136 -0.11352369 -0.49927104 -0.5890157 ]
 [ 0.42254165  0.30350336  0.06298976 -0.4690157  -0.27930045]
 [-0.10401031  0.36018857 -0.12023062 -0.46178114  0.20813759]
 [-0.30603006  0.3545844  -0.05331175 -0.3160391   0.18712135]
 [ 0.02306634 -0.05993139  0.04145026 -0.0662514  -0.0240536 ]
 [-0.0770098   0.04293391 -0.04990909  0.04107259  0.04370931]
 [ 0.02204333  0.01400483 -0.05520194  0.0254847  -0.01641273]
 [-0.03318268  0.05492517  0.03320557 -0.05453101  0.0252262 ]
 [ 0.23327428  0.23009181  0.13872273 -0.32248643 -0.06274126]
 [ 0.14002356  0.28209347  0.2608115  -0.3516271  -0.42676285]
 [ 0.33361602 -0.0422933   0.22575662 -0.03988477 -0.31589085]
 [-0.14916275  0.42559493 -0.35503122  0.01281973  0.14363024]
 [ 0.04580019  0.32584256 -0.51668805 -0.02596782 -0.44977996]
 [ 0.34308663  0.19346777 -0.4610221  -0.28521612 -0.5201668 ]
 [ 0.39551684  0.35753766 -0.15131903 -0.13314664 -0.6292785 ]
 [ 0.49300995  0.4088363  -0.10406694 -0.06872415 -0.5596302 ]
 [ 0.36641166  0.5793814  -0.26052532 -0.22324625 -0.6601992 ]
 [ 0.32455257  0.4989641  -0.01470685 -0.1459347  -0.73788774]
 [ 0.0940602   0.8252675  -0.15183173 -0.15761964 -0.66701794]
 [ 0.21624136  0.88356197 -0.2792712  -0.36562884 -0.98054516]
 [ 0.21584845  0.5532876  -0.35011247 -0.10436966 -0.85746086]
 [ 0.12546253  0.4866083  -0.29615244  0.02768451 -0.653587  ]
 [ 0.10405928  0.5272503  -0.19598709 -0.14972566 -0.49008796]
 [ 0.14650427  0.29243812  0.0443754  -0.10612846 -0.32221296]
 [ 0.21790177  0.21427178 -0.2688737   0.26742837 -0.21259259]
 [ 0.23966987  0.22031733 -0.2673958   0.00579859 -0.24896206]
 [ 0.11888832  0.33126527 -0.15342866  0.03920697 -0.24523586]
 [ 0.27762678 -0.03713633 -0.08703617  0.22371139 -0.09291577]
 [ 0.5268084  -0.05958226 -0.1255899   0.29657713 -0.16289856]
 [ 0.40994206  0.08730327  0.20680319  0.23546147 -0.14680555]
 [ 0.13833344  0.33959487  0.3083399  -0.00822757 -0.4902011 ]
 [-0.3036683   0.32712537  0.25941247  0.06094617  0.0652107 ]
 [-0.02331815  0.28952047  0.18589564  0.0381444  -0.16875118]
 [ 0.0080523   0.08659029 -0.03420658  0.00768713 -0.05773801]
 [ 0.06997316  0.02445032 -0.00090466 -0.04636872 -0.01710522]
 [-0.29448926  0.22614601 -0.2435738   0.09480578  0.22424676]
 [-0.18825479  0.22848524 -0.01422685  0.10317735  0.3662182 ]
 [-0.20615514  0.41090545  0.05896968 -0.14880246 -0.34154356]
 [ 0.2389915   0.0909364  -0.2594652   0.22385046 -0.35830566]
 [-0.06401981  0.558404   -0.03836144  0.25085837 -0.40331185]
 [ 0.02698631  0.40735045 -0.03179868 -0.15832192 -0.7224278 ]
 [ 0.07608708  0.27484143  0.20173928  0.02374754 -0.39116243]
 [-0.06103841  0.44433537 -0.12620384 -0.03075249 -0.13647577]
 [ 0.02557692  0.4977196  -0.07866205 -0.08623145 -0.10304323]
 [ 0.11142512  0.48272848  0.13208763 -0.02553914 -0.01508824]
 [-0.05036103  0.335944    0.23400524  0.0994802   0.13147867]
 [ 0.08799992  0.24821633  0.1754156   0.04984919  0.22985832]
 [ 0.0495982   0.2949523   0.11413827  0.0900474   0.12514932]
 [ 0.0969215   0.3516831   0.02887186  0.00566636  0.09148871]
 [ 0.01764899  0.31893188  0.17634124 -0.01365217  0.02403784]
 [ 0.06235021  0.22395657 -0.03827769  0.05303078  0.01471384]
 [ 0.0237593   0.13902108  0.12310292  0.0633108   0.01283862]
 [-0.08479214  0.15751472  0.09915193  0.20749159 -0.07532731]
 [-0.00012254 -0.04149872 -0.07358664  0.09834351 -0.03300562]
 [-0.12680641 -0.09462173 -0.16704029 -0.1345462   0.01270098]
 [-0.05309052 -0.11515903 -0.13822073  0.09281359 -0.09009609]
 [-0.15259774 -0.26591673 -0.19215049  0.07632835 -0.09026863]
 [ 0.1522773  -0.51730305 -0.17264707  0.17830314 -0.09287476]
 [-0.23256688 -0.25092018  0.11197263  0.5944837  -0.1599864 ]
 [-0.22567369  0.16029951  0.32964462  0.13361163 -0.04674859]
 [-0.37234345  0.4640532   0.3499915  -0.05933018  0.15764637]
 [ 0.16592295  0.22131878  0.23526947 -0.36849752 -0.15026028]
 [ 0.03783889  0.02297338  0.05464666 -0.02562337  0.04175539]
 [ 0.04205416 -0.02651167 -0.00149132 -0.04472766  0.00065519]
 [-0.06898708  0.41893813 -0.3345553  -0.06181554  0.32125983]
 [-0.3973567   0.5592376  -0.00045746  0.13444884 -0.22707208]
 [-0.15848757  0.26600403 -0.1827187   0.06357712 -0.22477372]
 [-0.40958416  0.24161611 -0.20547885  0.06483565 -0.06178671]
 [-0.2506816   0.1304116  -0.13537979  0.05905214 -0.13138984]
 [-0.06913334  0.19246879 -0.03846453 -0.06054652 -0.06613909]
 [-0.07065371  0.1482314   0.11786103 -0.05026692 -0.10414178]
 [ 0.05971157  0.2138223   0.07247584  0.04627951  0.11469366]
 [ 0.08754738  0.18295291  0.12382886  0.05825849  0.09227785]
 [ 0.04128632  0.22116363  0.24262813  0.15602759  0.25530508]
 [ 0.16560718  0.16935621  0.16681212  0.14565861  0.18925683]
 [ 0.06639145  0.2284472   0.1414946   0.08461348  0.30604902]
 [ 0.18547322  0.17134029  0.12542644  0.03712158  0.14595038]
 [ 0.17756107  0.20410243 -0.07341409  0.0976233   0.21000114]
 [ 0.12876618  0.24497317  0.01797191  0.08529288 -0.06307799]
 [ 0.22489159  0.09831546  0.07379398  0.03846027 -0.049197  ]
 [ 0.09182628  0.06081156 -0.03760279  0.01556177 -0.05878878]
 [ 0.0921727   0.08396317 -0.04102273 -0.0174642  -0.07028758]
 [-0.00227312  0.01787469  0.08729171  0.13662899 -0.1462121 ]
 [-0.0577994   0.02669209 -0.11844826 -0.06963857 -0.09988437]
 [-0.13423592 -0.15289186 -0.08513048  0.08286936 -0.23180544]
 [-0.02311634 -0.12727529 -0.21304089  0.17931633 -0.21903528]
 [-0.09226141  0.02088969 -0.08839145  0.3384992  -0.08029262]
 [ 0.09530082  0.21580517  0.39181158  0.38234583  0.11977572]
 [ 0.11254949  0.3725543   0.1003952   0.2661361  -0.08807039]
 [ 0.27348113  0.06404515 -0.26274362  0.02903514 -0.22263376]
 [ 0.06149715 -0.04243449  0.02174278  0.08248769  0.03264939]
 [-0.22626653  0.26471025  0.04015823  0.13446048 -0.08196628]
 [-0.13639508 -0.14746834  0.3887099   0.0154607  -0.02135684]
 [-0.6085833   0.43654892  0.13014837  0.21445534 -0.10166056]
 [-0.07700809  0.17420882 -0.06201648 -0.10017402 -0.14030929]
 [-0.11934815 -0.12677972  0.06981353  0.00568582 -0.04878969]
 [-0.35644624  0.036001   -0.01138796 -0.15874444  0.1229001 ]
 [ 0.02865378 -0.0513781   0.00427135 -0.13160473 -0.00845096]
 [-0.1101556   0.10171084  0.1607562  -0.03931331  0.11865153]
 [-0.15630949  0.04264745  0.09933392  0.12253503  0.1715469 ]
 [-0.10632662  0.10204439  0.16170806  0.01516656  0.17855294]
 [ 0.00867741  0.18624686  0.22997417  0.06696567  0.19955625]
 [ 0.05807386  0.12208351  0.18596786  0.09236999  0.21086866]
 [-0.02072238  0.13551262  0.21965873  0.09590916  0.19295971]
 [ 0.00449125  0.09228556  0.292294    0.09059629  0.25733423]
 [ 0.03866087  0.1198872   0.21510816  0.05781673  0.2472287 ]
 [-0.02633064  0.17683282  0.1731054   0.02505321  0.24804369]
 [ 0.00163355 -0.00836315  0.29073358  0.1099287   0.19871928]
 [-0.08921216  0.09496856  0.19430639  0.05709185  0.19708593]
 [ 0.04685901 -0.11007459  0.12121366  0.07658426 -0.00670458]
 [-0.07981837  0.0379866   0.16444378  0.07915528  0.03005717]
 [ 0.01054465 -0.02259612  0.12459344  0.03085402  0.04967945]
 [ 0.05864967 -0.11857478  0.08337895  0.15779614 -0.0725632 ]
 [ 0.30627352 -0.06998098 -0.15150434  0.41109666 -0.19918305]
 [ 0.16148445  0.2736414   0.12382884  0.8031233  -0.24878626]
 [ 0.17774197  0.39023224  0.24392456  0.66779226  0.22174631]
 [-0.03656978  0.33704734 -0.02324534  0.68298936 -0.01961698]
 [ 0.08816355  0.36695784 -0.23300175  0.2404699  -0.1483541 ]
 [ 0.03125439  0.00039071  0.14145347 -0.07099613  0.13534139]
 [-0.42648906  0.45649904  0.23876587  0.04398828 -0.22843863]
 [-0.22427686 -0.03411104  0.21402134 -0.36776716  0.27771574]
 [-0.4338569   0.04297352  0.13278227 -0.01854262  0.31950286]
 [-0.15673043  0.27408466 -0.00568021 -0.21404587  0.10778909]
 [-0.12908013  0.08452631  0.12823863 -0.03835999 -0.08366707]
 [-0.17962384  0.00506659  0.1952291  -0.18793635  0.05374874]
 [-0.02101152  0.03600135  0.0870157   0.03907099  0.06312458]
 [-0.01720886  0.04876463  0.17473745  0.05405603  0.02979783]
 [ 0.01371169 -0.02092043  0.16323487  0.03370366  0.07978788]
 [ 0.00727851  0.03493062  0.17588317  0.10724857  0.19138505]
 [ 0.06356028  0.0301155   0.18839554  0.04442578  0.1165122 ]
 [-0.04064208  0.11704025  0.24926104  0.09165268  0.24764678]
 [ 0.02563551  0.11331309  0.16680041  0.04171315  0.3026636 ]
 [-0.00250279  0.21764027  0.28545177  0.1254488   0.17771329]
 [ 0.10532131  0.15229963  0.26609063  0.15068626  0.3085956 ]
 [ 0.04565625  0.04985911  0.27849     0.13383085  0.29049075]
 [-0.06532017  0.05335701  0.16801491  0.12298982  0.10698806]
 [-0.09291928 -0.03349027  0.25573406 -0.0034586   0.08252987]
 [-0.08454759  0.02931604  0.13286428  0.0588138   0.07263115]
 [-0.16024968 -0.03421533  0.11542527  0.08409332  0.11572658]
 [ 0.09910012 -0.02359766  0.17278373  0.0141665  -0.01307688]
 [ 0.00942998  0.09349829 -0.00828699 -0.05331426  0.07240991]
 [ 0.13275988 -0.09353907  0.05798268  0.31904092 -0.10364711]
 [ 0.5187577   0.0728382   0.17312203  0.87059563 -0.08455345]
 [ 0.27877495  0.44093248  0.36173204  0.94478095 -0.05560015]
 [ 0.17306678  0.2635307  -0.05722303  0.31582323  0.20618552]
 [-0.06123257  0.42473918  0.13128985  0.2695903  -0.19268055]
 [-0.00557756 -0.06229533  0.11065359 -0.21129194  0.1372513 ]
 [-0.4753325   0.15622859  0.23489244 -0.539827    0.48410007]
 [-0.24134836  0.02188198  0.28625715 -0.26856318  0.4551581 ]
 [-0.26579323 -0.00568145  0.34191868  0.04063857  0.20890589]
 [-0.1568548   0.10878949 -0.16341718 -0.00153265  0.18670984]
 [-0.10612907  0.08039992  0.00288869  0.0962919   0.06536925]
 [-0.05368     0.08376624  0.06439778 -0.0038989   0.1389754 ]
 [-0.07033955 -0.05246878 -0.06439375 -0.07955403  0.10982788]
 [-0.03082412 -0.10593719  0.26842594  0.04129293  0.22649607]
 [ 0.08611409 -0.05133119  0.03441583  0.02256787  0.08763441]
 [ 0.03727293  0.06324053  0.16037759 -0.03251864  0.09117787]
 [-0.03588001  0.05377109  0.10894897  0.05183611  0.05812274]
 [-0.08636534  0.1128948   0.26696095  0.02722075  0.16989653]
 [ 0.19088879  0.16175021  0.21471864  0.06159991  0.2360983 ]
 [ 0.06957699  0.19657038  0.28295687  0.02454997  0.34155822]
 [-0.02042106  0.08053508  0.24867924 -0.08484478  0.18930572]
 [-0.03858359  0.05139244  0.30973518  0.0700388   0.14795446]
 [-0.09057929  0.04428315  0.13250606  0.02128591  0.1472704 ]
 [-0.23650774  0.01752821  0.16858521  0.08165297  0.12629351]
 [-0.141341    0.09791442  0.12818767  0.02345246  0.07768462]
 [-0.04485385  0.06226239  0.20769128  0.12808989  0.08927312]
 [-0.05305959  0.08621244  0.10166083  0.17704567  0.08556475]
 [ 0.00472058  0.18566398  0.1275248   0.12237336  0.06457264]
 [ 0.3409128  -0.01759189  0.4332031   0.20047921 -0.01253125]
 [ 0.56143504  0.06726994  0.5740166   1.0374779   0.06191271]
 [ 0.4544261   0.22168648  0.2707892   1.0958562   0.2131707 ]
 [-0.04117596  0.37620363  0.14605066  0.420617    0.29771248]
 [-0.4148631   0.2552916   0.24330136  0.29240337  0.22061992]
 [ 0.00849383 -0.04127825 -0.01131517 -0.15660882  0.03421043]
 [-0.47166213  0.18890563  0.31719396 -0.5748873   0.65712094]
 [-0.36235458  0.20179173  0.41594443 -0.14463407  0.15951034]
 [-0.36428088  0.04023286  0.48687103  0.01205079  0.23892763]
 [-0.29825923  0.39868236 -0.01949397 -0.09325402  0.11147265]
 [ 0.04861067  0.17330474  0.07934014 -0.2794968   0.19776428]
 [ 0.10449088  0.08315194  0.00213452  0.10729343  0.1871405 ]
 [-0.00647705  0.10530672  0.01960119  0.1590387   0.09954615]
 [ 0.06103776  0.0951058   0.01903224  0.07104477 -0.00482487]
 [ 0.05844226  0.0616848   0.02536069  0.03071728  0.16796112]
 [ 0.07580082 -0.04658467  0.13006333 -0.00956177  0.14868823]
 [ 0.16260487  0.02738368  0.1290899   0.10668342  0.1413223 ]
 [ 0.07792927 -0.04430235  0.17707579 -0.004498    0.20292881]
 [-0.03111538  0.02584345  0.15647699  0.01308658  0.1749717 ]
 [-0.11067712  0.1361505   0.17436746 -0.15543152  0.15031952]
 [-0.26156485  0.07094789  0.00193062 -0.14333983  0.15586424]
 [-0.18974765 -0.04339652  0.24299714 -0.15390211  0.03253341]
 [-0.20317097 -0.07219355  0.12405343 -0.05003713  0.12885109]
 [-0.03857275 -0.0800091   0.13242424 -0.02509054  0.17481925]
 [-0.04544184  0.02627882  0.22330286  0.01836543  0.13730378]
 [ 0.02611817  0.0041418   0.17720689  0.12323413  0.09799127]
 [-0.00432648  0.12771629  0.14337537  0.21037531  0.0100872 ]
 [ 0.0190313   0.21995027  0.06108683  0.36252803  0.16541477]
 [ 0.24157333  0.07757229  0.4845691   0.3266036   0.14949064]
 [ 0.64805716  0.19008419  0.7673861   0.89960283 -0.1094114 ]
 [ 0.20812221  0.66006416  0.5392894   1.1591839   0.07142432]
 [-0.25948134  0.4900796   0.42872643  0.26144284  0.35381627]
 [-0.4138151  -0.02352189  0.2497588  -0.07590896  0.15140826]
 [ 0.02176628  0.0065321   0.09862512  0.03878472  0.00304526]
 [-0.2971058   0.2127913   0.17595945 -0.3248989   0.5573766 ]
 [-0.5975458   0.21455167  0.48351243 -0.6265022   0.47410592]
 [-0.40242082  0.25534377  0.5590863  -0.04077312  0.11568648]
 [-0.13934389 -0.00473889  0.16637522  0.05959169 -0.11688262]
 [-0.00765038  0.10126742  0.07207403 -0.24928583 -0.01488579]
 [-0.00296761  0.17125534 -0.05875656 -0.07584247  0.17530064]
 [ 0.08031958  0.14982088 -0.03626372 -0.01288973  0.0311162 ]
 [ 0.04651088 -0.0002467   0.03821573 -0.01998063 -0.01791798]
 [ 0.16697961 -0.17525882  0.08067489  0.04917308  0.08939285]
 [ 0.06668843 -0.1690566   0.16380906  0.0482513   0.01710677]
 [ 0.17246728 -0.18822889  0.16546503  0.11345819 -0.04959812]
 [-0.00547064 -0.25849777  0.12814184  0.07225309 -0.023596  ]
 [-0.21502341 -0.15925601  0.09867229 -0.06601506 -0.03432084]
 [-0.38268557  0.0399687   0.10442144 -0.19898957  0.0552344 ]
 [-0.44690526 -0.02775556  0.02973711 -0.18691337  0.04156986]
 [-0.4159493  -0.01415473  0.1597098  -0.28094795  0.07371306]
 [-0.16483945  0.02577619  0.07274914 -0.21766952  0.03725465]
 [-0.02139582  0.04877638  0.11932459 -0.05439518  0.07771497]
 [-0.04537174 -0.05341171  0.07442078 -0.07259412  0.22687551]
 [ 0.0216467   0.03594427  0.15836796  0.00858313  0.13221925]
 [ 0.00037171 -0.05703593  0.21046425 -0.02926892  0.21124229]
 [ 0.02914096  0.1023829   0.11712886  0.1673135   0.254246  ]
 [ 0.13033557  0.2080343   0.50611657  0.40684903  0.14520982]
 [ 0.41485316  0.35335252  0.7125273   0.837711   -0.3851636 ]
 [-0.37188306  0.56428933  0.6937865   1.0600765  -0.2021953 ]
 [-0.32456416  0.5137223   0.6065435   0.44721705 -0.187283  ]
 [-0.56263226  0.18656088  0.27471507 -0.31003174  0.21200301]
 [-0.11398653  0.01792927  0.10453876 -0.2606273   0.35548466]
 [ 0.03798853 -0.02609554  0.21491194 -0.3001472   0.31582016]
 [-0.1376571  -0.21773945  0.29732412 -0.37785065  0.29789138]
 [-0.27354625  0.05261729  0.30495346 -0.00130059  0.03801826]
 [ 0.00327661 -0.11809356  0.07638443  0.09669617  0.00272102]
 [-0.03359715  0.07697055 -0.12824404 -0.03878016  0.19484131]
 [ 0.1026782  -0.1399981   0.24357422 -0.00851373 -0.07398939]
 [ 0.12201143 -0.35119012  0.10667903  0.01830887  0.11389914]
 [ 0.2183605  -0.18321054  0.19491045  0.10729765  0.08295989]
 [ 0.10485788 -0.34294194  0.11246974  0.13602228 -0.00205985]
 [ 0.01854381 -0.3340772   0.02057154  0.15137295  0.09972844]
 [-0.03222472 -0.20340455  0.12726487  0.11076955  0.0367923 ]
 [-0.00361504 -0.24163742 -0.08919873  0.12875213 -0.08281202]
 [-0.06932886 -0.17940165  0.09400348  0.2620099  -0.11494917]
 [-0.24489442  0.01378427 -0.10736608  0.17392422  0.1342653 ]
 [-0.25296187 -0.10394626 -0.20057498  0.1432659   0.22411194]
 [-0.1392676  -0.14719492 -0.02842917  0.08393615  0.12253676]
 [-0.18072173 -0.06292425  0.05161129  0.0194528   0.18600288]
 [-0.21023488 -0.06380808 -0.04207227  0.03088364  0.18615314]
 [ 0.02912939  0.05359551 -0.00047909 -0.11825734  0.06785739]
 [-0.03019264 -0.0923813  -0.03833807 -0.17640847  0.25787103]
 [ 0.19638185 -0.04197996  0.1212258  -0.20657453  0.1440118 ]
 [ 0.06845755 -0.01456302  0.08189313 -0.21940245  0.30067903]
 [ 0.3614001   0.11883805  0.07727568  0.02869947  0.19541961]
 [ 0.35123125  0.3565587   0.33166447  0.34632707  0.00716762]
 [-0.38036838  0.5955762   0.23572604  0.8880966  -0.05007266]
 [-0.43315285  0.44317207  0.43586767  0.5113272   0.15497617]
 [-0.17303827  0.19250835  0.16874424 -0.24166292  0.1310259 ]
 [-0.09399217 -0.07338988 -0.00432937 -0.20847194  0.27846524]
 [ 0.10105162 -0.13663909  0.30921373 -0.21757033  0.1182351 ]
 [ 0.12718254 -0.22872654  0.31911564 -0.4926875   0.39678344]
 [ 0.02991205 -0.3114007   0.03120793 -0.13739033  0.03666126]
 [-0.16349347 -0.27642825 -0.0141546   0.09411893  0.04026844]
 [-0.08967579 -0.16333596  0.09001286  0.02308515 -0.02512299]
 [ 0.05775007 -0.4265905   0.1732793   0.27036238 -0.05942229]
 [-0.10009811 -0.43761647  0.05305434  0.276068    0.05676717]
 [ 0.04536306 -0.3458141   0.05017629  0.19794716 -0.08735511]
 [-0.08245088 -0.18756467 -0.07729755  0.1437282  -0.05265595]
 [-0.13601132 -0.1528738  -0.1537552   0.28846425 -0.20049334]
 [ 0.0778792  -0.2115091  -0.0864113   0.252175   -0.21761152]
 [ 0.07722197 -0.02275044 -0.10702582  0.25011992 -0.21279766]
 [ 0.22698437  0.03867032 -0.15781504  0.4248789  -0.14544107]
 [-0.00883949  0.20875408 -0.21205941  0.37271807  0.11699732]
 [-0.02007562  0.1536085  -0.1499758   0.27901125  0.2561718 ]
 [ 0.01982941  0.00629345 -0.13158318  0.16280958  0.18160358]
 [-0.01492479 -0.03487195  0.07680807  0.16475627  0.15352774]
 [-0.08860879 -0.0392997  -0.04202263  0.04467567  0.12699766]
 [ 0.11512589  0.0146746   0.0485701   0.00512821  0.2361923 ]
 [ 0.10418224 -0.03573455  0.08214899  0.00871931  0.1478384 ]
 [ 0.20144062 -0.03930921 -0.05169173 -0.15608594  0.11163156]
 [ 0.30728698 -0.39336565 -0.02403477 -0.41568628  0.3913772 ]
 [ 0.7021017  -0.22747555  0.00366813 -0.1356407   0.30544582]
 [ 0.9608986   0.1664088   0.0539301  -0.09195241  0.00142438]
 [-0.18873344  0.7616619   0.02580276 -0.00118815  0.13703533]
 [-0.6120331   0.48972958 -0.01280197  0.28667006  0.17777167]
 [-0.17157634  0.04309255 -0.12157492 -0.1888294   0.44560838]
 [ 0.12145422  0.2096315   0.08431083 -0.17137718 -0.03620255]
 [ 0.19688609 -0.1792173   0.30765748  0.05830999 -0.03063439]
 [ 0.15027878 -0.1844671   0.4288077  -0.42668685  0.35097003]
 [-0.02228434 -0.20160392 -0.23716637  0.00344485 -0.05163564]
 [-0.27223963 -0.5840892  -0.03890964  0.39997265  0.19929373]
 [-0.00776929 -0.59909236  0.10957768  0.32533956 -0.15122145]
 [ 0.03721594 -0.60708165  0.00599155  0.38216794 -0.18375413]
 [ 0.0653987  -0.26594108 -0.0808218   0.28465784 -0.06808744]
 [-0.13147227 -0.0948834  -0.06446853  0.29755762 -0.09428475]
 [-0.01806065 -0.04291413 -0.27421197  0.05637825 -0.14594911]
 [-0.04110259 -0.2354086  -0.05222392 -0.00154677 -0.15087274]
 [ 0.12169149 -0.03345754 -0.02128253  0.07998956 -0.10703611]
 [ 0.24962363  0.16365062 -0.01924694  0.25738358 -0.15065457]
 [ 0.1441618   0.29150382 -0.09557459  0.46250218  0.06500475]
 [ 0.1332186   0.32902005 -0.12017235  0.32266286  0.35977122]
 [ 0.23189135  0.05794423 -0.20339568  0.14986868  0.1972576 ]
 [-0.00584462  0.00365543 -0.07546175  0.10643765  0.21039668]
 [ 0.14909528 -0.05563763 -0.13366365  0.13763474  0.175602  ]
 [-0.00637971  0.05081047  0.0497808   0.14746481  0.12012102]
 [ 0.10443938 -0.08871026 -0.05510115  0.08587101  0.17260082]
 [-0.00779288 -0.08999805 -0.01091162  0.10504244  0.21637857]
 [ 0.16064869 -0.2317215  -0.1534361  -0.02005457  0.1558866 ]
 [ 0.45024619 -0.31224242  0.09961883 -0.11919978  0.03352268]
 [ 0.67727137 -0.17524062 -0.00523241 -0.29904208 -0.13011557]
 [ 0.5785342   0.19973731  0.05304702 -0.47197378 -0.2552037 ]
 [-0.0214832   0.40106577 -0.09621292 -0.27540186  0.13500772]
 [-0.20763628  0.35277385  0.01527926 -0.3162995   0.269554  ]
 [-0.24824189 -0.02313235  0.20398079 -0.09206212  0.23484917]
 [ 0.27181664 -0.2589177   0.17562257  0.17503741 -0.26951388]
 [ 0.15123835 -0.10400481  0.07494601  0.0159628  -0.13724725]
 [ 0.14525563 -0.08516839  0.25045556 -0.2518254   0.15728392]
 [ 0.05740755 -0.23069431 -0.09686405  0.3672963  -0.09906044]
 [-0.12922688 -0.59304935 -0.11701144  0.36884823  0.06846213]
 [ 0.06570292 -0.36012897 -0.05688934  0.16106229 -0.26320392]
 [ 0.01790371 -0.20817718 -0.1438495  -0.00562789 -0.07782293]
 [ 0.09910614 -0.21363972 -0.00425967 -0.09559038 -0.06936818]
 [-0.00870656 -0.16064112 -0.12021034  0.0408444  -0.1139689 ]
 [-0.12692796 -0.08858602 -0.06796407  0.0989168  -0.12606315]
 [ 0.05495214 -0.09132767  0.02198819  0.00650323 -0.23995091]
 [ 0.2616425  -0.00107587 -0.11416649 -0.02147322 -0.14943276]
 [ 0.22747171  0.11110449 -0.11004401  0.2589163  -0.04695807]
 [ 0.35151908  0.2823187   0.00778561  0.3507298   0.22351728]
 [ 0.2578405   0.40669745 -0.13354217  0.26890364  0.23747145]
 [ 0.1461392   0.07161363 -0.10019194  0.17175934  0.1885831 ]
 [ 0.04101203  0.03699666 -0.06136123  0.16084056  0.18234877]
 [ 0.04569195 -0.08148259 -0.06014822  0.14401905  0.2088465 ]
 [-0.01717818 -0.03829129 -0.12071048 -0.07058663  0.11517873]
 [-0.00389462 -0.1833995  -0.13363504 -0.12044618  0.09506007]
 [ 0.00126516 -0.18921082  0.06066186 -0.15460435  0.01568251]
 [-0.03515612 -0.11666629 -0.06369443 -0.08509784 -0.11569114]
 [-0.06417368 -0.22648072 -0.1125126  -0.05339137 -0.08469433]
 [ 0.02939874 -0.1016989  -0.02896942 -0.25925383 -0.10675573]
 [ 0.10245875  0.11645632 -0.0572507  -0.23541966 -0.3100967 ]
 [ 0.21168257 -0.05311543 -0.22096415 -0.22492291  0.1669631 ]
 [-0.13359715  0.5742674   0.15370458 -0.6305811   0.35043877]
 [-0.06920163  0.06097201  0.20322277 -0.26933792  0.18058555]
 [ 0.2591938  -0.15291989  0.20270558  0.24551362 -0.18728018]
 [-0.09215482  0.05942479 -0.31484008  0.33819067 -0.04897041]
 [ 0.13561708  0.27781016  0.1492543   0.01182489 -0.2584002 ]
 [-0.0319663  -0.00353829 -0.21181563  0.2694569   0.10135558]
 [-0.12965271 -0.11022215  0.07133556 -0.00649446  0.15176995]
 [ 0.06703744 -0.0666683  -0.07545686 -0.16669165 -0.11757302]
 [-0.05938696 -0.07538929 -0.3006931  -0.20235792  0.00331259]
 [ 0.094458   -0.13911101 -0.04106281 -0.15479581 -0.09834949]
 [ 0.15074593 -0.1274998  -0.02369827 -0.17682463 -0.00297302]
 [ 0.07555044 -0.0698423  -0.05434312  0.008434   -0.13555466]
 [ 0.07994364 -0.11113236  0.06018806 -0.02063582 -0.02062881]
 [ 0.14792748  0.08730268 -0.10634203  0.04140042  0.00885709]
 [ 0.289258    0.159332   -0.15459977  0.3659641  -0.0020161 ]
 [ 0.24320637  0.392285   -0.14393988  0.2250787   0.1743624 ]
 [ 0.29022253  0.32558897 -0.30072874  0.16711405  0.2254344 ]
 [ 0.06527674  0.01932362 -0.09233214  0.07268504  0.11564683]
 [-0.00944548 -0.040463   -0.08437096  0.07994772  0.10628463]
 [ 0.07021309 -0.22632767 -0.09925852 -0.07148111  0.16223922]
 [-0.15994437 -0.16605553  0.05890426 -0.09106889  0.00798784]
 [-0.2566601  -0.22954953 -0.14599107 -0.11020362 -0.14374767]
 [-0.22465162 -0.22203818 -0.08573832 -0.11347134 -0.21362945]
 [-0.28726307 -0.08711512 -0.083038   -0.16281796 -0.17443581]
 [-0.15449212 -0.18962452 -0.10915942 -0.110559   -0.05220385]
 [-0.19389407 -0.10847153  0.16591379  0.2081742  -0.29976332]
 [-0.05519985  0.38000697  0.2032191  -0.2757719  -0.20742622]
 [ 0.5296723   0.38791245  0.0370902  -0.3920217  -0.15826091]
 [-0.05725267  0.3920436  -0.05459024 -0.19589557  0.27561733]
 [-0.11036703  0.4392837   0.18776093 -0.3484497   0.12397212]
 [-0.15078649 -0.00845773  0.02883765 -0.15507938  0.262975  ]
 [-0.18691352  0.28513765  0.03380275  0.2115521  -0.11926496]
 [ 0.09110922  0.2863615  -0.19485389  0.09682334 -0.23684146]
 [-0.07068675  0.28119245  0.02265098  0.07438506 -0.1109373 ]
 [-0.29005906  0.27521092  0.07558218 -0.26669317 -0.15100375]
 [-0.08671369  0.15760899 -0.189755   -0.27216178 -0.171402  ]
 [ 0.01368014 -0.0415541  -0.15359867 -0.19826254 -0.13631892]
 [ 0.2185902  -0.16762882 -0.03367603 -0.28592536  0.04633927]
 [ 0.21853334 -0.21220903  0.04127534 -0.14764898  0.02657635]
 [ 0.25262165  0.0175907   0.03773509 -0.1286113   0.04608173]
 [ 0.19243924  0.06365068 -0.01561303 -0.04241373  0.07146522]
 [ 0.39512262  0.18837066 -0.08692339  0.17973846  0.04938463]
 [ 0.36347002  0.27056485  0.02687317  0.32836604  0.22711886]
 [ 0.3744512   0.40012124 -0.15625718  0.19470671  0.19734761]
 [ 0.17310369  0.22705303 -0.26886132  0.09936982  0.06156621]
 [ 0.16543949 -0.05642876 -0.09685867 -0.01801807  0.04225145]
 [ 0.22698346 -0.14654818 -0.10564487 -0.06028725  0.14753331]
 [-0.01122554 -0.14090052 -0.02994807 -0.01074687  0.08353224]
 [-0.15067013 -0.05076931 -0.04464281 -0.05350154 -0.13651565]
 [-0.1970435  -0.08357619 -0.10415431 -0.15360671 -0.2671341 ]
 [-0.18127981 -0.11498341 -0.01360995 -0.12510343 -0.200989  ]
 [-0.17545126 -0.05030258 -0.02042241 -0.19823863 -0.15718609]
 [-0.13236097 -0.05241194 -0.02947478 -0.01605028 -0.22654851]
 [-0.10455182  0.08930477 -0.01435192  0.06732646 -0.15765262]
 [-0.13372871  0.56777686  0.12840132 -0.14276852 -0.1649588 ]
 [ 0.5823341   0.76272887 -0.13069615 -0.8656015   0.01101564]
 [-0.2796529   0.57456106 -0.0413059  -0.57188153  0.41266236]
 [-0.13657571  0.4062519  -0.01126953 -0.26709732  0.09169301]
 [ 0.02966647 -0.00668841  0.0533447   0.03447793  0.07290171]
 [-0.4895304   0.40060386 -0.2859801   0.30427882  0.35145167]
 [ 0.17979394  0.1644877  -0.37126073 -0.02870664 -0.02434114]
 [-0.1790347   0.23029384  0.21102947  0.11141311 -0.13640837]
 [-0.27764434  0.384475    0.11667202 -0.1242772  -0.15823439]
 [-0.11044323  0.11189326  0.11372189 -0.16182964 -0.13839558]
 [-0.1447062   0.12130804 -0.05213133 -0.10001852 -0.18764655]
 [ 0.09955448 -0.08620919 -0.14902993 -0.13541196  0.06159549]
 [ 0.13588166 -0.0103531  -0.12618338 -0.15067017  0.17740738]
 [ 0.42246264 -0.09076031 -0.05441777 -0.14990132  0.12277157]
 [ 0.5243263   0.06204917 -0.13839962 -0.20349473  0.1184145 ]
 [ 0.63879114  0.11045977 -0.0661841  -0.02285747  0.27489382]
 [ 0.44157732  0.16143864 -0.15670371  0.04594245  0.40646353]
 [ 0.24202614  0.07387133 -0.3071906   0.02537416  0.24102719]
 [ 0.10620674  0.05071551 -0.28364548 -0.11232117  0.06110211]
 [ 0.04206746 -0.14594795 -0.12482371 -0.03344302  0.09099974]
 [ 0.10768595 -0.07305443  0.06831968 -0.00434167 -0.00981849]
 [-0.06618734  0.02360514  0.09584641 -0.05426475 -0.07881887]
 [-0.00741    -0.08397269 -0.03734106  0.02114206 -0.17213859]
 [-0.1589903   0.07321867  0.02117642 -0.12944703 -0.13133733]
 [-0.03668683 -0.12578456 -0.01970472 -0.17143609 -0.24777533]
 [-0.14517505 -0.04850363  0.04082634  0.04078284 -0.1335577 ]
 [-0.06308504  0.02070788 -0.00635444 -0.11118431 -0.11212819]
 [ 0.01740611  0.10654008 -0.16496553 -0.00209134 -0.0949491 ]
 [ 0.2529097   0.1539322   0.05211085 -0.08770932  0.06048984]
 [ 0.5276999   0.65972173  0.07534465 -0.81562114  0.27214268]
 [-0.01450635  0.6111559  -0.02309829 -0.6266944   0.14585467]
 [-0.03083832  0.46191928 -0.14455427 -0.31508845 -0.1062508 ]
 [-0.05282653  0.01335233 -0.05800033 -0.21874297  0.30957633]
 [-0.3392347   0.2908032  -0.06500562  0.05044395  0.22664513]
 [-0.0330821  -0.08446957 -0.24725382 -0.03821498  0.6272681 ]
 [-0.38092482  0.34469983 -0.07867342  0.12375914 -0.11482476]
 [-0.09889295  0.27623752  0.23511481 -0.2328713  -0.10700269]
 [-0.10884476  0.23812398  0.17261511 -0.06664471 -0.05744236]
 [-0.06038098  0.11627454  0.1145641   0.17471585 -0.12592138]
 [ 0.14487742  0.10784582  0.05617276 -0.05890817 -0.07504966]
 [ 0.17259078 -0.06837343 -0.09416804 -0.05415377 -0.01160385]
 [ 0.3277663  -0.06474604 -0.15835075 -0.1378224   0.11639661]
 [ 0.499446    0.02668783 -0.03873137 -0.14655222  0.2015267 ]
 [ 0.42761534  0.10322654 -0.11300861  0.01407903  0.2780858 ]
 [ 0.45070612  0.10498418 -0.26015687 -0.15568092  0.0376988 ]
 [ 0.09540591  0.05466923 -0.16422589 -0.1133362   0.12620372]
 [ 0.03797468 -0.03809845 -0.1604886  -0.10411035 -0.01100554]
 [-0.07547005 -0.01141691  0.02990686 -0.07081    -0.06814838]
 [-0.04377916  0.03874793  0.02740682  0.06407075 -0.09996995]
 [-0.03773601  0.00414755  0.10439005 -0.1115566  -0.1388386 ]
 [-0.0920939   0.02953392  0.08159991 -0.10587812 -0.01496052]
 [-0.08029944 -0.02162829 -0.05938718 -0.05056445 -0.19034798]
 [-0.12076664 -0.03230114 -0.03683979  0.07564637 -0.06230259]
 [-0.22425398  0.03579689 -0.04139459 -0.09239581 -0.13241099]
 [-0.02190921  0.25465858  0.17136607 -0.16792658 -0.01546575]
 [ 0.15959428  0.30263758 -0.00255309 -0.05680143 -0.08087187]
 [ 0.4089141   0.31948578  0.15927309 -0.18725367 -0.03748882]
 [ 0.30767506  0.6340958   0.07094532 -0.63832855  0.20344108]
 [-0.02817864  0.27612296 -0.09148266 -0.34043583  0.40895012]
 [-0.2701674   0.43419582 -0.36036018 -0.02186983  0.30459526]
 [ 0.04965132 -0.07545809  0.07943936 -0.05027713  0.07864381]
 [ 0.17044812  0.11696133  0.2063527  -0.27594322 -0.156751  ]
 [ 0.06608645 -0.20549425  0.19406311  0.00176289  0.02151115]
 [-0.38216296  0.3240668  -0.01450006  0.09827321  0.01154117]
 [-0.08690935  0.31386834  0.139625   -0.23635651 -0.09752221]
 [-0.10358007  0.11184067  0.1065425   0.07940165 -0.01674698]
 [ 0.01737341  0.10148999  0.23309797  0.05819399  0.00888958]
 [ 0.12059237  0.21859677  0.11031515  0.04410938 -0.02278872]
 [ 0.09761082  0.14904273  0.15327963  0.00639628 -0.01281575]
 [ 0.22616862  0.3036348   0.0357304   0.00048801  0.04613467]
 [ 0.2786981   0.20744681  0.02314349  0.00400263 -0.10109987]
 [ 0.25572672  0.06599221 -0.07667162 -0.13412598 -0.22547686]
 [ 0.18364236  0.10601535  0.06788472 -0.19979501 -0.13890533]
 [-0.0499614   0.06767639 -0.11401203 -0.10860889 -0.01362844]
 [-0.01228288  0.02298425 -0.15491015 -0.05620764 -0.16996926]
 [ 0.04512906  0.09110815 -0.16760886 -0.05403602 -0.20959966]
 [ 0.02777505  0.10754628 -0.1251615   0.08100812 -0.09581345]
 [-0.01226957  0.12832391 -0.01602727 -0.06674072 -0.16424318]
 [-0.00581173  0.08748002  0.04024083 -0.00561045 -0.17301688]
 [-0.01339281  0.12103039  0.02351031  0.03040118 -0.145826  ]
 [-0.00334642  0.16257168  0.08353069  0.05027974 -0.08840816]
 [ 0.03178573  0.12678275  0.08639684 -0.11528023 -0.04692445]
 [ 0.13073145  0.32219556  0.21469718 -0.0781837  -0.19682713]
 [ 0.1833527   0.40486297  0.1180801  -0.01614199  0.07985519]
 [ 0.30267298  0.46198013  0.10751589 -0.2772422   0.01146903]
 [ 0.08348902  0.5707279   0.11133198 -0.5710888   0.21011819]
 [-0.2016827   0.50056976 -0.11255278 -0.2576115   0.40031233]
 [-0.334327    0.36538082 -0.3843419   0.03464635  0.38673416]
 [-0.03697271  0.05137289 -0.00376149 -0.01537029 -0.05264335]
 [ 0.24070884  0.17852478  0.22943273 -0.09105846 -0.16487043]
 [ 0.28118113 -0.08082471  0.2738896  -0.03521884 -0.04353228]
 [-0.13422899  0.36769176  0.17254171  0.15332109 -0.12622926]
 [-0.07288612  0.5650555   0.26256236 -0.12392341  0.01594424]
 [ 0.10135058  0.30073535  0.34160578  0.04682939 -0.03478721]
 [ 0.07612368  0.24432887  0.14067219  0.02023089  0.07841249]
 [ 0.21108402  0.37188572  0.07247093 -0.03282553  0.04351716]
 [ 0.05240396  0.3105364   0.18579559  0.09523493 -0.01380614]
 [ 0.05089501  0.25429884  0.02698497  0.02074545 -0.00736651]
 [ 0.11578707  0.15497892  0.04809786 -0.11361051 -0.09472044]
 [-0.05791536  0.1576671  -0.12896395 -0.20965046 -0.2300255 ]
 [ 0.17225143 -0.00576166 -0.00903296 -0.21775112 -0.24406458]
 [-0.05339316 -0.05258095 -0.03119374 -0.1532802  -0.2333022 ]
 [ 0.00923117  0.00405233 -0.12364026 -0.12046035 -0.07629865]
 [ 0.15309864  0.07178208 -0.02899442 -0.06411356 -0.18974334]
 [ 0.01743145  0.05866843 -0.12440095 -0.03697491 -0.12923326]
 [ 0.05623173  0.11949479 -0.07408825  0.06824127 -0.06469537]
 [ 0.02612401  0.27160934 -0.1371955   0.04291961 -0.16816549]
 [ 0.02070501  0.05032114  0.0143848  -0.02980326  0.01720461]
 [ 0.05626347  0.22871113  0.0510512  -0.04416115 -0.12302722]
 [ 0.19396378  0.3646006   0.03466363  0.03007532 -0.0644192 ]
 [ 0.21995227  0.31005025  0.12645265  0.06754356 -0.08433176]
 [ 0.07569869  0.28396955  0.16229966  0.12441433  0.02596829]
 [ 0.24465305  0.19400424 -0.08400443 -0.49319035  0.32535958]
 [ 0.19556904  0.05401755 -0.01006856 -0.34996757  0.1416028 ]
 [-0.18681882  0.49488133 -0.2465186   0.02212251  0.08114219]
 [ 0.16050409  0.10815245  0.29436475 -0.12779783 -0.27660945]
 [-0.14415385  0.18919627 -0.19687743  0.000242    0.15159039]
 [-0.31346652  0.42682725 -0.01866181  0.40659198  0.12447147]
 [ 0.09611408  0.71503854  0.29651812 -0.05042052 -0.11325467]
 [-0.20110512  0.68673414  0.18256357 -0.03261514 -0.05487179]
 [ 0.08898607  0.38093132  0.35710916  0.23197308 -0.14810337]
 [ 0.06298102  0.18133916  0.15652855  0.00214872  0.01180951]
 [ 0.14898756  0.38442957  0.18695751  0.0914299   0.21330467]
 [ 0.1415418   0.32172084  0.16771896  0.11514586 -0.01656211]
 [ 0.0517695   0.2016093   0.00613135  0.0854592   0.00256417]
 [ 0.14555545  0.15285867 -0.04280217  0.04436827 -0.08497097]
 [ 0.07376233  0.12985411 -0.02164893 -0.04121149 -0.00495162]
 [ 0.10739683  0.08834597  0.02621218 -0.11090562 -0.20381986]
 [ 0.08655097  0.01559664 -0.06467928 -0.11859351 -0.12570794]
 [ 0.18450011  0.10435424 -0.034641   -0.01669263 -0.17533049]
 [ 0.10531134  0.12142272 -0.06031205 -0.0550088  -0.12905861]
 [ 0.02576423  0.02800484 -0.02909935  0.03673368 -0.15704212]
 [ 0.06234911  0.0774076   0.0028078  -0.03532567 -0.02276027]
 [ 0.20430292  0.16324058 -0.04381292 -0.01193003 -0.19779982]
 [ 0.18786928  0.14684236 -0.05869304 -0.00350793 -0.0392365 ]
 [ 0.08856277  0.17169441 -0.07657065  0.00010782  0.05245908]
 [-0.00125213  0.12501743 -0.03324755  0.05627116  0.0936719 ]
 [ 0.08724511  0.15274233  0.00014516  0.03999231  0.07784495]
 [ 0.18674068  0.27244872  0.19161507  0.03579564 -0.06516809]
 [ 0.2778271   0.30293438  0.08212174 -0.19057506  0.03582136]
 [ 0.15016548 -0.17850728 -0.1419443  -0.4007592   0.51789147]
 [ 0.09692433  0.01319868 -0.06674279 -0.46079826  0.10870886]
 [ 0.19407563  0.3117804   0.36137027 -0.33847055 -0.28685144]
 [ 0.12685214 -0.15131234  0.24845937  0.07430678 -0.16671085]
 [-0.16311267  0.16479063 -0.09557883  0.12795602  0.17669916]
 [-0.18549155  0.291846   -0.18406343  0.11761274  0.22164819]
 [ 0.15603684  0.48829278  0.20754708 -0.13418198  0.17474857]
 [ 0.06391215  0.5645112  -0.03750313 -0.0152321   0.00325254]
 [-0.02268853  0.29103398 -0.02696252 -0.00596804  0.02515982]
 [-0.06822591  0.1940028  -0.03042387 -0.2603367   0.0383163 ]
 [ 0.0588212   0.24424821  0.00651623 -0.01252517  0.10415982]
 [ 0.01394514  0.20196414  0.11271457 -0.05705377  0.20193729]
 [ 0.09892244  0.13638528  0.13077438 -0.03282649  0.21673481]
 [-0.00251278  0.1596679   0.1149937  -0.08465873 -0.01260185]
 [ 0.00327435  0.06742309  0.04055227 -0.03948963  0.04871468]
 [ 0.03874564  0.10473981  0.08264743  0.11544637 -0.03228019]
 [ 0.17167136  0.09252089  0.12154117  0.04591393  0.054563  ]
 [ 0.25473905  0.1563294   0.19565253  0.17748673 -0.08349966]
 [ 0.05100878  0.0960951   0.08448488  0.06172321  0.12042916]
 [ 0.03572734  0.180721    0.06451491  0.0470194   0.03532461]
 [-0.03886773  0.11294365 -0.02204426  0.11402409 -0.06096014]
 [-0.00221596  0.11726702 -0.08708377  0.1334389  -0.01096484]
 [ 0.13284266  0.15570952 -0.05964085  0.10590281 -0.01658352]
 [ 0.0433061   0.23610397 -0.09776988  0.14776792 -0.11000702]
 [ 0.17656873  0.3040855  -0.00268716 -0.04547676  0.01821069]
 [ 0.27539006  0.10217758 -0.10833192 -0.02230884  0.01119104]
 [ 0.2640387   0.12007656  0.03125143 -0.07626484 -0.00147484]
 [ 0.00771447  0.05063505  0.15034492 -0.25074878  0.19203104]
 [ 0.04981583 -0.10805397  0.00006889 -0.36893594  0.4644852 ]
 [ 0.03195727  0.0060149   0.0253705  -0.34073946  0.21681497]
 [-0.31723818  0.25997522 -0.20063618  0.04124097  0.13057846]
 [ 0.12340087 -0.16695     0.12860236 -0.01963282 -0.22131732]
 [ 0.01665576 -0.06547303 -0.07416886  0.06182733 -0.06305034]
 [ 0.05977787  0.06098832 -0.01850538  0.03336313 -0.00589987]
 [-0.10364946  0.6408236  -0.1390619   0.09574363 -0.06741965]
 [ 0.09004367  0.6569355   0.3078564   0.23569079 -0.3646049 ]
 [-0.18932417  0.36160514  0.11555672  0.200263   -0.18364774]
 [-0.2029073   0.12121847 -0.09328745  0.0139807  -0.30440813]
 [-0.19030197  0.05841522 -0.00987627 -0.01084678  0.01082748]
 [-0.13515003  0.12892962  0.08838756 -0.10281138  0.05980962]
 [-0.03460545 -0.0428807   0.12415043  0.10730198  0.07345354]
 [-0.04117353  0.18011488  0.08068467  0.10746115 -0.02408361]
 [-0.05885622  0.1669804   0.15149558  0.03638197  0.01381047]
 [ 0.06773506  0.08910863  0.22608106  0.07899147  0.04997038]
 [ 0.15975143  0.13869438  0.12866561  0.02708879  0.2030049 ]
 [ 0.19343732  0.19813782  0.07306318  0.07607383  0.15429913]
 [ 0.2621137   0.11244626  0.15605265  0.16329065  0.01707152]
 [ 0.17388709  0.1278281   0.07626852  0.07026187  0.02868799]
 [ 0.19327645  0.15346393  0.0567517   0.12894726 -0.02983552]
 [ 0.14532787  0.2296251   0.07816423  0.22935969  0.05777932]
 [ 0.21437915  0.21043971 -0.09179397  0.15137185 -0.05885781]
 [ 0.2460339   0.23336439 -0.03768826  0.14940445  0.08706914]
 [ 0.41217285  0.2337217  -0.08073337  0.00856083 -0.0717014 ]
 [ 0.4306092   0.18047105 -0.02108626 -0.05759155  0.04525958]
 [ 0.40671617  0.13691911  0.18670607 -0.30277756  0.14008676]
 [ 0.4242825  -0.05102456  0.20125146  0.00831632  0.0802865 ]
 [-0.05939639 -0.11919396 -0.06288254 -0.13697906  0.13705932]
 [ 0.25021473  0.19427413 -0.12249486 -0.36968905  0.05265009]
 [-0.5739234   0.3611288  -0.49002093  0.00970662  0.46533102]
 [ 0.07510194 -0.00542377 -0.03885154 -0.07799587  0.02670413]
 [ 0.01138857 -0.06573175  0.05026622  0.08305515 -0.01135368]
 [-0.00021931 -0.02425222  0.07262327  0.0495811   0.05088939]
 [-0.29193637  0.14359857 -0.46808228  0.05661568  0.27587304]
 [-0.50229585  0.38607433  0.38595322  0.5112569  -0.1502936 ]
 [-0.6084814   0.18724713  0.3428067   0.3135309   0.04603186]
 [-0.55211985 -0.13992918 -0.00431941 -0.14076242  0.19789156]
 [-0.47298235  0.1764181   0.03255054 -0.05475806 -0.04404264]
 [-0.27534172  0.00775454  0.05875086  0.15571094 -0.0268415 ]
 [-0.1362274  -0.04166958  0.0788185   0.03909263  0.07973137]
 [-0.02368661  0.13175812  0.04265825  0.02255313 -0.13804302]
 [ 0.01516386  0.09865313  0.02912239  0.22371301  0.03448312]
 [ 0.10708749  0.26096407  0.0662124   0.14586517  0.14320338]
 [ 0.15041801  0.33453003  0.14697051  0.12112417 -0.00950221]
 [ 0.12916712  0.15513743  0.25471902  0.09952702  0.00978826]
 [ 0.03436523  0.25687847  0.08997085  0.01004885 -0.04174834]
 [ 0.09291758  0.21697569  0.06923848  0.06496207 -0.02361644]
 [ 0.3128193   0.19783877  0.02526549  0.12578498 -0.00791674]
 [ 0.02631347  0.13052031  0.07757034  0.08361445  0.0952058 ]
 [ 0.34422505  0.12693274  0.1927004   0.16704994  0.00941136]
 [ 0.31600484  0.04065854  0.09368212  0.3452793   0.10509996]
 [ 0.10227471  0.02325372  0.0209781   0.24853407  0.23847081]
 [ 0.21060286  0.03285582  0.05763872  0.05179509  0.14818832]
 [ 0.32127625 -0.15504365 -0.01387959  0.09875627  0.1063808 ]
 [ 0.21621329 -0.18663475 -0.05452045  0.40222493  0.19140524]
 [-0.02674264  0.4001858   0.03266693 -0.05194174 -0.22739194]
 [ 0.2345061   0.18718438 -0.39246592 -0.16754007 -0.13743773]
 [-0.30095452  0.33516216 -0.13549742 -0.2721056   0.06866647]
 [ 0.0286932   0.04582155 -0.00587739  0.02635244  0.04988763]
 [-0.00660519  0.04195084 -0.07080382  0.05709015  0.03030403]
 [-0.0333194  -0.02405766 -0.05123523  0.04628092  0.05011602]
 [ 0.2600017   0.017268   -0.21976018  0.24723591  0.04007584]
 [ 0.1575915  -0.35785112  0.44259572 -0.0127354  -0.05905823]
 [-0.30173606 -0.08624242  0.3397935   0.21984987  0.28228626]
 [-0.46758896 -0.20044287  0.14248578  0.27337503  0.29282477]
 [-0.438009    0.07912274  0.04733892  0.35507363  0.07628074]
 [-0.4610084  -0.00629499  0.21533836  0.47416416  0.04354528]
 [-0.5138833   0.11459272  0.19610588  0.29665524  0.14218672]
 [-0.46719632  0.05698192  0.29707476  0.26246238  0.2153364 ]
 [-0.26307786  0.04656193  0.15397179  0.32388395  0.04420657]
 [-0.21530999  0.14452769  0.44599432  0.06039921  0.18560044]
 [-0.31397972  0.13423881  0.28153872  0.18483637  0.3024682 ]
 [-0.25843516  0.17310894  0.31599876  0.12779836  0.16458955]
 [-0.13635096  0.18382922  0.17337236 -0.02457427  0.3191761 ]
 [-0.03096404  0.01647381  0.3533034   0.03098832  0.19946149]
 [ 0.011206    0.15450002  0.45839667  0.29414737  0.30735016]
 [ 0.07311493  0.17197372  0.4804949   0.29563466  0.31606618]
 [-0.1154816   0.07487871  0.5364854   0.37454498  0.31325814]
 [-0.22834119  0.17458361  0.5207821   0.5025078   0.35790095]
 [ 0.0466906  -0.16479306  0.15231848  0.74033475  0.39281106]
 [ 0.04617305 -0.12070219  0.31250402  0.47898054  0.4871817 ]
 [ 0.08355662 -0.07181097  0.2571612   0.6414331  -0.02642102]
 [ 0.1344558  -0.1324315  -0.09267478  0.78922963 -0.10309196]
 [-0.24905847  0.02495972  0.05146656  0.41722625 -0.2767797 ]
 [ 0.18476538 -0.07632898 -0.28804088  0.05172427 -0.18336919]
 [-0.1786543   0.24762727 -0.11294018 -0.30437282 -0.19536945]
 [-0.03945396 -0.03257789  0.0663842   0.05199306  0.05228639]
 [ 0.06803325  0.06768122  0.05761762 -0.01771557 -0.04319459]
 [-0.0255605   0.07203077  0.05074222 -0.0721463  -0.05059245]
 [ 0.02135973 -0.00488064  0.04302813 -0.06580392 -0.01776495]
 [ 0.16539642 -0.3171154  -0.05331858  0.21493201 -0.17538546]
 [ 0.0097533  -0.17133181  0.18178345  0.30573687  0.07915501]
 [-0.06854782 -0.30948594 -0.03900392  0.1227508   0.04277684]
 [-0.14886118 -0.3588063   0.04508197  0.04650231  0.22564693]
 [-0.37459812  0.12260991  0.0944253  -0.04278313  0.42212617]
 [-0.22191885  0.05321168  0.2829108  -0.10774654  0.34365258]
 [-0.3069835   0.05065747  0.18640439  0.10670058  0.4443431 ]
 [-0.16101101  0.1278408   0.32842687  0.03798866  0.36578858]
 [-0.08584227  0.24081925  0.5027766  -0.06041174  0.28874102]
 [ 0.00574389  0.22526717  0.35791332  0.30574787  0.47068983]
 [ 0.0023161   0.22385804  0.5373248   0.33435702  0.44053954]
 [-0.14354047  0.17927933  0.3881713   0.30586103  0.60257006]
 [-0.17267233  0.19343916  0.39964864  0.24875669  0.37558514]
 [-0.27651277  0.26550058  0.59594274  0.26372948  0.4508503 ]
 [-0.20918874  0.36189988  0.43092602  0.26853696  0.49847287]
 [-0.15057926  0.20417142  0.2364738   0.48770568  0.5073257 ]
 [-0.38347405  0.31134102  0.5749307   0.30304483  0.3838016 ]
 [-0.0864177   0.18144737  0.410715    0.42399493  0.53357863]
 [-0.00270964 -0.10961848  0.40355125  0.13937792  0.50778884]
 [-0.10705131 -0.05068477  0.35398167  0.06019792  0.3941843 ]
 [ 0.12444178  0.31249678 -0.07889842  0.27652538  0.03398358]
 [ 0.18814686 -0.00829456 -0.30963337  0.17396775 -0.18607402]
 [ 0.09451461  0.21434276 -0.047466   -0.25691104  0.21886985]
 [ 0.02738365 -0.02674287 -0.06795549 -0.0027644   0.06826814]
 [ 0.0752161   0.08137332  0.05332325  0.04149024  0.08091228]
 [ 0.08555375  0.00633442  0.00267662 -0.00151195 -0.01488584]
 [ 0.04055633 -0.03032492  0.03803259 -0.00265502  0.06102704]
 [-0.06241855  0.06146508 -0.03828485  0.03533747 -0.03176379]
 [ 0.03609231  0.02843859 -0.02866178 -0.02647618 -0.01884957]
 [-0.13397516  0.27634937  0.22832462 -0.1978374   0.25124303]
 [-0.08046743  0.13121493  0.1878286  -0.30156392  0.29876408]
 [ 0.03138455  0.13711895  0.26165012 -0.16705196  0.23124589]
 [-0.05008089  0.13727458  0.19957587 -0.19032598  0.25707918]
 [-0.21683294 -0.00258547  0.32913116 -0.29028943  0.39872423]
 [-0.42820013  0.26888105  0.32518932 -0.38713574  0.5489633 ]
 [-0.24470456  0.19824539  0.2669264  -0.6121743   0.83693945]
 [ 0.07501899  0.18007202  0.04389932 -0.16223447  0.4405242 ]
 [ 0.07020847 -0.17351396  0.04455717 -0.15201217  0.5945109 ]
 [-0.4185267  -0.01601801  0.4317397  -0.54172415  1.102022  ]
 [-0.07397365  0.12327334  0.41505724 -0.38165352  0.904782  ]
 [ 0.19495676 -0.01760866 -0.04080139 -0.12618552  0.81499076]
 [ 0.13846037  0.1919442   0.21187265 -0.5027888   0.7835232 ]
 [ 0.10078399 -0.17572717  0.59963274 -0.45671412  0.78372467]
 [ 0.20204443 -0.33650714  0.20082681 -0.09186689  0.38008183]
 [-0.02582468 -0.15866707  0.3301055  -0.4683292   0.6929354 ]
 [ 0.28983495 -0.08972064 -0.2560952   0.2261049  -0.18627816]
 [-0.00585967 -0.3596145  -0.08922815  0.10108688  0.16188104]
 [-0.10398646 -0.38065246  0.07239787 -0.22354747  0.3095689 ]
 [-0.34573713 -0.10880873  0.13616508 -0.09045537  0.3597916 ]
 [-0.01162641  0.02149888 -0.07365898  0.02048872 -0.00452994]
 [-0.00778468  0.08561458  0.07280469 -0.03450252 -0.01143934]
 [ 0.03520532 -0.05202685 -0.0763014  -0.05482055 -0.06668411]
 [ 0.07056944 -0.0119482  -0.04818607 -0.0172718  -0.04425381]]
  --- bias b ---
[ 0.36122158  0.02383164  0.32602856  0.272412    0.10023656]

------------------------------------------------------------------------------
FP32 :: dense_2  (hidden 2, 5->8)
  kernel W shape (5, 8)  (40 values)   bias b shape (8,)  (8 values)
  W  min=-0.71471256  max=+1.07800972  mean=+0.16110484  std=0.47329526
  distinct values in this layer (W and b): 48
  --- kernel W (rows = inputs, cols = neurons) ---
[[ 0.20798613  0.2815388   0.70280194  0.6577055   0.08387829 -0.38172832  0.95342064  0.49827212]
 [-0.71471256  0.4396877   0.07593526  0.40795884 -0.34693635  0.94963557 -0.2862123   0.7445817 ]
 [ 0.14241646 -0.1414029   0.36857533  0.18356925  0.64170796 -0.4132153  -0.5747778   1.0780097 ]
 [ 0.09996786 -0.5871686  -0.04773858 -0.6404046  -0.3082272   0.14515975  0.54391986  0.3080156 ]
 [ 0.9018325   0.6606669   0.00257873 -0.01973308 -0.36353043  0.35234842  0.03337772 -0.195567  ]]
  --- bias b ---
[ 0.17877491 -0.02758436 -0.6533296   0.05386861  0.38230988 -0.10963752  0.5821074  -0.24979424]

------------------------------------------------------------------------------
FP32 :: dense_3  (hidden 3, 8->8)
  kernel W shape (8, 8)  (64 values)   bias b shape (8,)  (8 values)
  W  min=-0.80489087  max=+1.12447655  mean=+0.07846974  std=0.45925659
  distinct values in this layer (W and b): 72
  --- kernel W (rows = inputs, cols = neurons) ---
[[ 0.669323   -0.4134814   0.104216   -0.37083936 -0.4176684   0.31108907  0.6446641  -0.4139129 ]
 [ 0.8676105  -0.16401695  0.52469444  0.04024556 -0.3125855  -0.07595385 -0.3516783   0.7365094 ]
 [ 0.0568941   0.14899758  0.3068739   0.6780401  -0.08602528  0.43941262 -0.3794195  -0.19118771]
 [-0.12682337 -0.22843316 -0.24352093  0.8392712  -0.02733558 -0.5082825  -0.45570844  0.57576656]
 [ 1.1244766  -0.27223286 -0.02434536  0.1988797  -0.29090324 -0.7195814  -0.56469977 -0.5155366 ]
 [ 0.06685103 -0.1852345   0.4188197  -0.8048909   0.5881615   0.7752998   0.04471466  0.60538465]
 [-0.50499904  0.7551894   0.9291491  -0.0094213   0.07196314 -0.4310911   0.46411693 -0.16132128]
 [ 0.05975279 -0.28735596 -0.164853    0.5115394   0.34885773  0.60396326  0.33259326 -0.11791796]]
  --- bias b ---
[ 0.2674797   0.90827584 -0.54643404 -0.29071367  0.33303633 -0.42778268  0.83797044  0.09837499]

------------------------------------------------------------------------------
FP32 :: output_layer  (8->10)
  kernel W shape (8, 10)  (80 values)   bias b shape (10,)  (10 values)
  W  min=-1.42747295  max=+0.89623320  mean=-0.14649648  std=0.51509102
  distinct values in this layer (W and b): 90
  --- kernel W (rows = inputs, cols = neurons) ---
[[-0.0845405  -0.11226619  0.15843488 -0.18099016 -0.28127256 -0.8627717  -0.94395846  0.88171524 -0.36519322  0.24056426]
 [-0.30555624 -0.4953827   0.01943172 -0.39850986  0.4857794   0.19239335  0.17757796  0.30611047 -0.55047274 -1.427473  ]
 [-0.33871078  0.7347877   0.07152602 -0.11699178  0.6342607  -0.48652145  0.30020148 -0.28874063  0.6885783   0.6510824 ]
 [ 0.7162921  -1.1237267   0.13499165 -0.4400525  -0.40604508  0.4015518   0.46627185 -0.6707707   0.02305631 -0.40625346]
 [-0.30065325  0.8962332  -0.07732307  0.610413   -1.01327     0.00042006  0.36746055 -1.0222783  -0.23048593 -0.3663614 ]
 [-0.2737234  -0.7655656  -0.41498807  0.43787488 -0.3681468   0.28972775 -0.98119223 -0.26034474  0.31929404 -0.23574212]
 [-0.578891   -0.589062   -0.8259564  -0.52901167 -0.01262366  0.1298582  -0.7981745   0.13417353 -0.5699219   0.23400615]
 [-0.5578283   0.43440557  0.42860258 -0.20990619 -0.2840895  -0.29778004 -0.10018978  0.35617685 -0.5711129  -1.1221496 ]]
  --- bias b ---
[-0.05924924  0.74529177 -0.56115234  0.12973723  0.6061578   0.58938384 -0.09690532  0.4642992  -1.248808   -0.13455437]

  TOTAL trainable parameters FP32: 4135


================================================================================
 4. LOG OF THE MLP TOP-1 ACCURACY PERFORMANCE
================================================================================

Per-epoch log (In [111], 1500 steps/epoch, Top-1 = 'accuracy'):

  epoch   train_acc   train_loss   val_acc    val_loss
  -----   ---------   ----------   -------    --------
    1      0.7394      0.8219      0.8516     0.5033
    2      0.8676      0.4717      0.8820     0.4118
    3      0.8814      0.4202      0.8874     0.3897
    4      0.8890      0.3912      0.8971     0.3613
    5      0.8950      0.3730      0.8887     0.3730
    6      0.8972      0.3608      0.8975     0.3479
    7      0.8999      0.3512      0.9020     0.3329
    8      0.9001      0.3456      0.9054     0.3280
    9      0.9019      0.3403      0.8938     0.3606
   10      0.9028      0.3374      0.9013     0.3323

Final evaluation (In [114], model.evaluate returns [loss, accuracy]):

  Train set (60000)  Top-1 accuracy = 0.9026333093643188   (90.26 %)  loss 0.3336
  Test  set (10000)  Top-1 accuracy = 0.8992000222206116   (89.92 %)  loss 0.3473

  >>> Trained MLP Top-1 test accuracy (acc_floatingpoint) = 0.89920  (89.92 %)


################################################################################
# EXERCISE 2 : MLP QUANTIZATION
################################################################################

================================================================================
 5. QUANTIZED MLP DESCRIPTION
================================================================================

Identical topology to the trained MLP - the same graph object is reused
(In [130]):  model_quantized = Model(input_layer, output_layer_act)
Only the weight *values* change; shapes, layers and 4,135 parameter count
are unchanged.

Number format : signed fixed-point  Q(1 . 2 . 5)
    1 sign bit  +  BW_int = 2 integer bits  +  BW_frac = 5 fractional bits
    = 8 bit per weight/bias  (vs. 32 bit float32 baseline)
    step / resolution      = 2^-5           = 0.03125
    representable range     = [-4 , +3.96875]   ( -2^2 .. 2^2 - 2^-5 )

Weights loaded with model_quantized.set_weights(weight_quantized) and stored to
weights_q_int2_frac_5.weights.h5 (In [131]).  No optimizer state is saved
(the quantized model is only compiled for evaluation, In [132]).

Memory estimate (In [134]-[135]):
    total_bits_quantized = 1 + 2 + 5 = 8
    saved_memory = 1 - 8/32 = 0.75      ->  "Saved memory: 75.0 %"
    weight storage 4135 * 8 bit  = 4.039 KB   (was 16.152 KB in float32)


================================================================================
 6. QUANTIZATION ALGORITHM
================================================================================

Post-training uniform fixed-point quantization of every weight and bias
(In [125], applied per array in In [127]-[128]):

    def fixP_quantization(input_weight, int_BW, frac_BW):
        resolution_ = 2 ** (-frac_BW)            # 2^-5  = 0.03125
        range_      = 2 ** int_BW                # 2^2   = 4
        weight = deepcopy(input_weight)
        input_weight_clipped   = np.clip(weight, -range_, range_ - resolution_)
        input_weight_quantized = np.round(input_weight_clipped / resolution_) * resolution_
        return input_weight_quantized

    BW_int, BW_frac = 2, 5                                           # In [126]
    weight_quantized = [deepcopy(w) for w in model.get_weights()]    # In [127]
    for i in range(len(weight_quantized)):                           # In [128]
        weight_quantized[i] = fixP_quantization(np.copy(weight_quantized[i]), BW_int, BW_frac)

Steps per array:
  1. clip to [-4, 3.96875],
  2. divide by the step 2^-5, round to nearest integer (round-half-to-even),
  3. multiply by the step again -> value on the fixed-point grid.
No retraining / fine-tuning; biases are quantized with the same format as kernels.

Verification of the stored quantized weights (this deliverable, re-read from h5):
  step (resolution) = 2^-5           = 0.03125
  clip range        = [-2^2, 2^2-2^-5] = [-4, 3.96875]
  total quantised values             = 4135
  all values are integer multiples of the step : True
  all values inside the clip range            : True
  min = -1.43750   max = +1.15625
  number of distinct quantised levels used    : 72  (theoretical max 2^8 = 256)
  distinct levels (as k * 2^-5):
    [-1.4375, -1.25, -1.125, -1.03125, -1.0, -0.96875, -0.9375, -0.90625, -0.875, -0.84375, -0.8125, -0.75, -0.71875, -0.6875, -0.65625, -0.625, -0.59375, -0.5625, -0.53125, -0.5, -0.46875, -0.4375, -0.40625, -0.375, -0.34375, -0.3125, -0.28125, -0.25, -0.21875, -0.1875, -0.15625, -0.125, -0.09375, -0.0625, -0.03125, 0.0, 0.03125, 0.0625, 0.09375, 0.125, 0.15625, 0.1875, 0.21875, 0.25, 0.28125, 0.3125, 0.34375, 0.375, 0.40625, 0.4375, 0.46875, 0.5, 0.53125, 0.5625, 0.59375, 0.625, 0.65625, 0.6875, 0.71875, 0.75, 0.78125, 0.8125, 0.84375, 0.875, 0.90625, 0.9375, 0.96875, 1.03125, 1.0625, 1.09375, 1.125, 1.15625]

Per-layer change introduced by quantization (float reference vs. quantized):
  layer                              max |Δ|      mean |Δ|          RMSE
  dense_1  (hidden 1, 784->5)     0.01561303    0.00772526    0.00892298
  dense_2  (hidden 2, 5->8)       0.01550972    0.00800018    0.00933043
  dense_3  (hidden 3, 8->8)       0.01553661    0.00758590    0.00847876
  output_layer  (8->10)           0.01556557    0.00790035    0.00904228


================================================================================
 7. QUANTIZED MLP WEIGHTS   (from weights_q_int2_frac_5.weights.h5)
================================================================================
 (stored as float32 on the Q1.2.5 grid; every value = k * 2^-5, k integer)

------------------------------------------------------------------------------
Q1.2.5 :: dense_1  (hidden 1, 784->5)
  kernel W shape (784, 5)  (3920 values)   bias b shape (5,)  (5 values)
  W  min=-0.96875000  max=+1.15625000  mean=+0.04388552  std=0.22128639
  distinct values in this layer (W and b): 65
  --- kernel W (rows = inputs, cols = neurons) ---
[[-0.0625   0.09375  0.      -0.03125 -0.03125]
 [ 0.03125  0.       0.       0.03125 -0.0625 ]
 [ 0.09375  0.       0.0625   0.       0.03125]
 [ 0.09375 -0.09375  0.0625  -0.0625   0.0625 ]
 [ 0.09375  0.0625  -0.03125  0.0625   0.0625 ]
 [ 0.09375  0.       0.       0.0625   0.     ]
 [ 0.03125  0.0625   0.03125 -0.03125 -0.0625 ]
 [ 0.09375  0.       0.0625  -0.03125 -0.09375]
 [-0.03125  0.09375 -0.0625  -0.0625   0.     ]
 [ 0.0625   0.03125  0.0625   0.0625   0.09375]
 [ 0.03125  0.03125  0.03125  0.03125 -0.09375]
 [ 0.0625  -0.0625   0.0625   0.       0.     ]
 [ 0.1875   0.125    0.      -0.15625  0.28125]
 [ 0.03125  0.25     0.0625  -0.21875  0.21875]
 [-0.1875   0.1875   0.0625  -0.09375  0.21875]
 [-0.1875   0.1875   0.0625  -0.03125  0.09375]
 [-0.0625   0.03125 -0.0625  -0.0625   0.     ]
 [ 0.0625   0.0625  -0.0625  -0.0625  -0.0625 ]
 [ 0.       0.      -0.0625  -0.0625   0.     ]
 [-0.0625  -0.0625   0.0625  -0.09375 -0.0625 ]
 [-0.0625   0.03125  0.       0.09375 -0.03125]
 [-0.0625   0.0625   0.03125  0.03125  0.     ]
 [-0.0625  -0.03125 -0.0625  -0.0625   0.     ]
 [ 0.0625   0.03125  0.      -0.0625   0.09375]
 [ 0.03125 -0.03125 -0.03125 -0.0625   0.09375]
 [ 0.03125  0.0625  -0.03125  0.09375  0.     ]
 [ 0.0625   0.0625   0.03125  0.      -0.03125]
 [ 0.03125  0.0625   0.03125 -0.0625   0.0625 ]
 [ 0.0625  -0.09375  0.0625  -0.03125 -0.03125]
 [ 0.09375 -0.03125  0.       0.0625  -0.0625 ]
 [-0.03125  0.      -0.03125  0.0625  -0.0625 ]
 [ 0.      -0.09375  0.0625   0.0625   0.03125]
 [ 0.28125  0.       0.       0.125   -0.09375]
 [ 0.375    0.21875 -0.09375  0.09375 -0.125  ]
 [ 0.375    0.34375 -0.09375 -0.09375 -0.0625 ]
 [ 0.625    0.4375  -0.09375 -0.21875 -0.25   ]
 [ 0.4375   0.46875 -0.03125 -0.125   -0.0625 ]
 [ 0.53125  0.625    0.       0.03125 -0.34375]
 [ 0.71875  0.34375 -0.0625   0.0625  -0.53125]
 [ 0.28125  0.34375  0.0625   0.09375 -0.625  ]
 [ 0.125    0.25     0.15625  0.125   -0.65625]
 [ 0.46875  0.125    0.09375  0.125   -0.15625]
 [-0.09375  0.28125  0.      -0.25     0.25   ]
 [-0.1875   0.40625 -0.0625  -0.4375   0.25   ]
 [-0.25     0.75    -0.09375 -0.5625   0.25   ]
 [ 0.375    0.3125  -0.03125 -0.3125  -0.28125]
 [ 0.71875  0.0625  -0.09375  0.15625 -0.5625 ]
 [ 0.5      0.3125   0.0625  -0.03125 -0.21875]
 [ 0.71875  0.25     0.0625  -0.09375 -0.375  ]
 [ 0.5      0.0625   0.0625   0.125   -0.40625]
 [ 0.25     0.3125   0.0625  -0.15625 -0.28125]
 [ 0.28125  0.21875 -0.0625  -0.15625 -0.28125]
 [-0.0625  -0.09375  0.03125 -0.03125  0.     ]
 [-0.0625  -0.09375  0.      -0.03125  0.03125]
 [ 0.0625  -0.0625   0.03125 -0.0625  -0.03125]
 [ 0.03125 -0.0625   0.0625  -0.0625   0.03125]
 [ 0.      -0.03125 -0.03125  0.09375  0.09375]
 [-0.0625  -0.0625   0.       0.03125  0.0625 ]
 [ 0.09375  0.09375  0.0625  -0.0625   0.09375]
 [-0.09375  0.03125  0.21875  0.      -0.25   ]
 [ 0.3125  -0.125    0.3125   0.1875  -0.28125]
 [ 0.59375  0.15625 -0.09375 -0.09375 -0.40625]
 [ 0.625    0.40625  0.0625  -0.25    -0.21875]
 [ 0.625    0.28125  0.125   -0.09375 -0.40625]
 [ 0.59375  0.3125  -0.28125  0.03125 -0.25   ]
 [ 0.65625  0.15625 -0.5625   0.03125 -0.53125]
 [ 0.5625   0.21875 -0.6875  -0.1875  -0.59375]
 [ 0.4375   0.40625 -0.53125 -0.09375 -0.40625]
 [ 0.5      0.4375  -0.46875 -0.125   -0.46875]
 [ 0.21875  0.15625 -0.59375 -0.03125 -0.15625]
 [ 0.34375  0.21875 -0.90625 -0.1875   0.0625 ]
 [ 0.0625   0.21875 -0.84375 -0.125    0.09375]
 [ 0.1875   0.3125  -0.5625  -0.25    -0.125  ]
 [ 0.46875  0.25    -0.3125  -0.3125  -0.28125]
 [ 0.5625   0.3125  -0.15625 -0.125   -0.25   ]
 [ 0.5625   0.375   -0.34375  0.25    -0.53125]
 [ 0.71875  0.1875  -0.6875  -0.09375 -0.34375]
 [ 0.75     0.375   -0.34375 -0.40625 -0.5    ]
 [ 0.9375   0.34375 -0.125   -0.5     -0.59375]
 [ 0.4375   0.3125   0.0625  -0.46875 -0.28125]
 [-0.09375  0.375   -0.125   -0.46875  0.21875]
 [-0.3125   0.34375 -0.0625  -0.3125   0.1875 ]
 [ 0.03125 -0.0625   0.03125 -0.0625  -0.03125]
 [-0.0625   0.03125 -0.0625   0.03125  0.03125]
 [ 0.03125  0.      -0.0625   0.03125 -0.03125]
 [-0.03125  0.0625   0.03125 -0.0625   0.03125]
 [ 0.21875  0.21875  0.125   -0.3125  -0.0625 ]
 [ 0.125    0.28125  0.25    -0.34375 -0.4375 ]
 [ 0.34375 -0.03125  0.21875 -0.03125 -0.3125 ]
 [-0.15625  0.4375  -0.34375  0.       0.15625]
 [ 0.03125  0.3125  -0.53125 -0.03125 -0.4375 ]
 [ 0.34375  0.1875  -0.46875 -0.28125 -0.53125]
 [ 0.40625  0.34375 -0.15625 -0.125   -0.625  ]
 [ 0.5      0.40625 -0.09375 -0.0625  -0.5625 ]
 [ 0.375    0.59375 -0.25    -0.21875 -0.65625]
 [ 0.3125   0.5      0.      -0.15625 -0.75   ]
 [ 0.09375  0.8125  -0.15625 -0.15625 -0.65625]
 [ 0.21875  0.875   -0.28125 -0.375   -0.96875]
 [ 0.21875  0.5625  -0.34375 -0.09375 -0.84375]
 [ 0.125    0.5     -0.28125  0.03125 -0.65625]
 [ 0.09375  0.53125 -0.1875  -0.15625 -0.5    ]
 [ 0.15625  0.28125  0.03125 -0.09375 -0.3125 ]
 [ 0.21875  0.21875 -0.28125  0.28125 -0.21875]
 [ 0.25     0.21875 -0.28125  0.      -0.25   ]
 [ 0.125    0.34375 -0.15625  0.03125 -0.25   ]
 [ 0.28125 -0.03125 -0.09375  0.21875 -0.09375]
 [ 0.53125 -0.0625  -0.125    0.28125 -0.15625]
 [ 0.40625  0.09375  0.21875  0.25    -0.15625]
 [ 0.125    0.34375  0.3125   0.      -0.5    ]
 [-0.3125   0.3125   0.25     0.0625   0.0625 ]
 [-0.03125  0.28125  0.1875   0.03125 -0.15625]
 [ 0.       0.09375 -0.03125  0.      -0.0625 ]
 [ 0.0625   0.03125  0.      -0.03125 -0.03125]
 [-0.28125  0.21875 -0.25     0.09375  0.21875]
 [-0.1875   0.21875  0.       0.09375  0.375  ]
 [-0.21875  0.40625  0.0625  -0.15625 -0.34375]
 [ 0.25     0.09375 -0.25     0.21875 -0.34375]
 [-0.0625   0.5625  -0.03125  0.25    -0.40625]
 [ 0.03125  0.40625 -0.03125 -0.15625 -0.71875]
 [ 0.0625   0.28125  0.1875   0.03125 -0.40625]
 [-0.0625   0.4375  -0.125   -0.03125 -0.125  ]
 [ 0.03125  0.5     -0.09375 -0.09375 -0.09375]
 [ 0.125    0.46875  0.125   -0.03125  0.     ]
 [-0.0625   0.34375  0.21875  0.09375  0.125  ]
 [ 0.09375  0.25     0.1875   0.0625   0.21875]
 [ 0.0625   0.28125  0.125    0.09375  0.125  ]
 [ 0.09375  0.34375  0.03125  0.       0.09375]
 [ 0.03125  0.3125   0.1875   0.       0.03125]
 [ 0.0625   0.21875 -0.03125  0.0625   0.     ]
 [ 0.03125  0.125    0.125    0.0625   0.     ]
 [-0.09375  0.15625  0.09375  0.21875 -0.0625 ]
 [ 0.      -0.03125 -0.0625   0.09375 -0.03125]
 [-0.125   -0.09375 -0.15625 -0.125    0.     ]
 [-0.0625  -0.125   -0.125    0.09375 -0.09375]
 [-0.15625 -0.28125 -0.1875   0.0625  -0.09375]
 [ 0.15625 -0.53125 -0.1875   0.1875  -0.09375]
 [-0.21875 -0.25     0.125    0.59375 -0.15625]
 [-0.21875  0.15625  0.34375  0.125   -0.03125]
 [-0.375    0.46875  0.34375 -0.0625   0.15625]
 [ 0.15625  0.21875  0.25    -0.375   -0.15625]
 [ 0.03125  0.03125  0.0625  -0.03125  0.03125]
 [ 0.03125 -0.03125  0.      -0.03125  0.     ]
 [-0.0625   0.40625 -0.34375 -0.0625   0.3125 ]
 [-0.40625  0.5625   0.       0.125   -0.21875]
 [-0.15625  0.28125 -0.1875   0.0625  -0.21875]
 [-0.40625  0.25    -0.21875  0.0625  -0.0625 ]
 [-0.25     0.125   -0.125    0.0625  -0.125  ]
 [-0.0625   0.1875  -0.03125 -0.0625  -0.0625 ]
 [-0.0625   0.15625  0.125   -0.0625  -0.09375]
 [ 0.0625   0.21875  0.0625   0.03125  0.125  ]
 [ 0.09375  0.1875   0.125    0.0625   0.09375]
 [ 0.03125  0.21875  0.25     0.15625  0.25   ]
 [ 0.15625  0.15625  0.15625  0.15625  0.1875 ]
 [ 0.0625   0.21875  0.15625  0.09375  0.3125 ]
 [ 0.1875   0.15625  0.125    0.03125  0.15625]
 [ 0.1875   0.21875 -0.0625   0.09375  0.21875]
 [ 0.125    0.25     0.03125  0.09375 -0.0625 ]
 [ 0.21875  0.09375  0.0625   0.03125 -0.0625 ]
 [ 0.09375  0.0625  -0.03125  0.      -0.0625 ]
 [ 0.09375  0.09375 -0.03125 -0.03125 -0.0625 ]
 [ 0.       0.03125  0.09375  0.125   -0.15625]
 [-0.0625   0.03125 -0.125   -0.0625  -0.09375]
 [-0.125   -0.15625 -0.09375  0.09375 -0.21875]
 [-0.03125 -0.125   -0.21875  0.1875  -0.21875]
 [-0.09375  0.03125 -0.09375  0.34375 -0.09375]
 [ 0.09375  0.21875  0.40625  0.375    0.125  ]
 [ 0.125    0.375    0.09375  0.28125 -0.09375]
 [ 0.28125  0.0625  -0.25     0.03125 -0.21875]
 [ 0.0625  -0.03125  0.03125  0.09375  0.03125]
 [-0.21875  0.25     0.03125  0.125   -0.09375]
 [-0.125   -0.15625  0.375    0.      -0.03125]
 [-0.59375  0.4375   0.125    0.21875 -0.09375]
 [-0.0625   0.1875  -0.0625  -0.09375 -0.125  ]
 [-0.125   -0.125    0.0625   0.      -0.0625 ]
 [-0.34375  0.03125  0.      -0.15625  0.125  ]
 [ 0.03125 -0.0625   0.      -0.125    0.     ]
 [-0.125    0.09375  0.15625 -0.03125  0.125  ]
 [-0.15625  0.03125  0.09375  0.125    0.15625]
 [-0.09375  0.09375  0.15625  0.       0.1875 ]
 [ 0.       0.1875   0.21875  0.0625   0.1875 ]
 [ 0.0625   0.125    0.1875   0.09375  0.21875]
 [-0.03125  0.125    0.21875  0.09375  0.1875 ]
 [ 0.       0.09375  0.28125  0.09375  0.25   ]
 [ 0.03125  0.125    0.21875  0.0625   0.25   ]
 [-0.03125  0.1875   0.1875   0.03125  0.25   ]
 [ 0.       0.       0.28125  0.125    0.1875 ]
 [-0.09375  0.09375  0.1875   0.0625   0.1875 ]
 [ 0.03125 -0.125    0.125    0.0625   0.     ]
 [-0.09375  0.03125  0.15625  0.09375  0.03125]
 [ 0.      -0.03125  0.125    0.03125  0.0625 ]
 [ 0.0625  -0.125    0.09375  0.15625 -0.0625 ]
 [ 0.3125  -0.0625  -0.15625  0.40625 -0.1875 ]
 [ 0.15625  0.28125  0.125    0.8125  -0.25   ]
 [ 0.1875   0.375    0.25     0.65625  0.21875]
 [-0.03125  0.34375 -0.03125  0.6875  -0.03125]
 [ 0.09375  0.375   -0.21875  0.25    -0.15625]
 [ 0.03125  0.       0.15625 -0.0625   0.125  ]
 [-0.4375   0.46875  0.25     0.03125 -0.21875]
 [-0.21875 -0.03125  0.21875 -0.375    0.28125]
 [-0.4375   0.03125  0.125   -0.03125  0.3125 ]
 [-0.15625  0.28125  0.      -0.21875  0.09375]
 [-0.125    0.09375  0.125   -0.03125 -0.09375]
 [-0.1875   0.       0.1875  -0.1875   0.0625 ]
 [-0.03125  0.03125  0.09375  0.03125  0.0625 ]
 [-0.03125  0.0625   0.1875   0.0625   0.03125]
 [ 0.      -0.03125  0.15625  0.03125  0.09375]
 [ 0.       0.03125  0.1875   0.09375  0.1875 ]
 [ 0.0625   0.03125  0.1875   0.03125  0.125  ]
 [-0.03125  0.125    0.25     0.09375  0.25   ]
 [ 0.03125  0.125    0.15625  0.03125  0.3125 ]
 [ 0.       0.21875  0.28125  0.125    0.1875 ]
 [ 0.09375  0.15625  0.28125  0.15625  0.3125 ]
 [ 0.03125  0.0625   0.28125  0.125    0.28125]
 [-0.0625   0.0625   0.15625  0.125    0.09375]
 [-0.09375 -0.03125  0.25     0.       0.09375]
 [-0.09375  0.03125  0.125    0.0625   0.0625 ]
 [-0.15625 -0.03125  0.125    0.09375  0.125  ]
 [ 0.09375 -0.03125  0.1875   0.       0.     ]
 [ 0.       0.09375  0.      -0.0625   0.0625 ]
 [ 0.125   -0.09375  0.0625   0.3125  -0.09375]
 [ 0.53125  0.0625   0.1875   0.875   -0.09375]
 [ 0.28125  0.4375   0.375    0.9375  -0.0625 ]
 [ 0.1875   0.25    -0.0625   0.3125   0.21875]
 [-0.0625   0.4375   0.125    0.28125 -0.1875 ]
 [ 0.      -0.0625   0.125   -0.21875  0.125  ]
 [-0.46875  0.15625  0.25    -0.53125  0.46875]
 [-0.25     0.03125  0.28125 -0.28125  0.46875]
 [-0.28125  0.       0.34375  0.03125  0.21875]
 [-0.15625  0.09375 -0.15625  0.       0.1875 ]
 [-0.09375  0.09375  0.       0.09375  0.0625 ]
 [-0.0625   0.09375  0.0625   0.       0.125  ]
 [-0.0625  -0.0625  -0.0625  -0.09375  0.125  ]
 [-0.03125 -0.09375  0.28125  0.03125  0.21875]
 [ 0.09375 -0.0625   0.03125  0.03125  0.09375]
 [ 0.03125  0.0625   0.15625 -0.03125  0.09375]
 [-0.03125  0.0625   0.09375  0.0625   0.0625 ]
 [-0.09375  0.125    0.28125  0.03125  0.15625]
 [ 0.1875   0.15625  0.21875  0.0625   0.25   ]
 [ 0.0625   0.1875   0.28125  0.03125  0.34375]
 [-0.03125  0.09375  0.25    -0.09375  0.1875 ]
 [-0.03125  0.0625   0.3125   0.0625   0.15625]
 [-0.09375  0.03125  0.125    0.03125  0.15625]
 [-0.25     0.03125  0.15625  0.09375  0.125  ]
 [-0.15625  0.09375  0.125    0.03125  0.0625 ]
 [-0.03125  0.0625   0.21875  0.125    0.09375]
 [-0.0625   0.09375  0.09375  0.1875   0.09375]
 [ 0.       0.1875   0.125    0.125    0.0625 ]
 [ 0.34375 -0.03125  0.4375   0.1875   0.     ]
 [ 0.5625   0.0625   0.5625   1.03125  0.0625 ]
 [ 0.46875  0.21875  0.28125  1.09375  0.21875]
 [-0.03125  0.375    0.15625  0.40625  0.3125 ]
 [-0.40625  0.25     0.25     0.28125  0.21875]
 [ 0.      -0.03125  0.      -0.15625  0.03125]
 [-0.46875  0.1875   0.3125  -0.5625   0.65625]
 [-0.375    0.1875   0.40625 -0.15625  0.15625]
 [-0.375    0.03125  0.5      0.       0.25   ]
 [-0.3125   0.40625 -0.03125 -0.09375  0.125  ]
 [ 0.0625   0.1875   0.09375 -0.28125  0.1875 ]
 [ 0.09375  0.09375  0.       0.09375  0.1875 ]
 [ 0.       0.09375  0.03125  0.15625  0.09375]
 [ 0.0625   0.09375  0.03125  0.0625   0.     ]
 [ 0.0625   0.0625   0.03125  0.03125  0.15625]
 [ 0.0625  -0.03125  0.125    0.       0.15625]
 [ 0.15625  0.03125  0.125    0.09375  0.15625]
 [ 0.0625  -0.03125  0.1875   0.       0.1875 ]
 [-0.03125  0.03125  0.15625  0.       0.1875 ]
 [-0.125    0.125    0.1875  -0.15625  0.15625]
 [-0.25     0.0625   0.      -0.15625  0.15625]
 [-0.1875  -0.03125  0.25    -0.15625  0.03125]
 [-0.21875 -0.0625   0.125   -0.0625   0.125  ]
 [-0.03125 -0.09375  0.125   -0.03125  0.1875 ]
 [-0.03125  0.03125  0.21875  0.03125  0.125  ]
 [ 0.03125  0.       0.1875   0.125    0.09375]
 [ 0.       0.125    0.15625  0.21875  0.     ]
 [ 0.03125  0.21875  0.0625   0.375    0.15625]
 [ 0.25     0.0625   0.5      0.3125   0.15625]
 [ 0.65625  0.1875   0.78125  0.90625 -0.125  ]
 [ 0.21875  0.65625  0.53125  1.15625  0.0625 ]
 [-0.25     0.5      0.4375   0.25     0.34375]
 [-0.40625 -0.03125  0.25    -0.0625   0.15625]
 [ 0.03125  0.       0.09375  0.03125  0.     ]
 [-0.3125   0.21875  0.1875  -0.3125   0.5625 ]
 [-0.59375  0.21875  0.46875 -0.625    0.46875]
 [-0.40625  0.25     0.5625  -0.03125  0.125  ]
 [-0.125    0.       0.15625  0.0625  -0.125  ]
 [ 0.       0.09375  0.0625  -0.25     0.     ]
 [ 0.       0.15625 -0.0625  -0.0625   0.1875 ]
 [ 0.09375  0.15625 -0.03125  0.       0.03125]
 [ 0.03125  0.       0.03125 -0.03125 -0.03125]
 [ 0.15625 -0.1875   0.09375  0.0625   0.09375]
 [ 0.0625  -0.15625  0.15625  0.0625   0.03125]
 [ 0.1875  -0.1875   0.15625  0.125   -0.0625 ]
 [ 0.      -0.25     0.125    0.0625  -0.03125]
 [-0.21875 -0.15625  0.09375 -0.0625  -0.03125]
 [-0.375    0.03125  0.09375 -0.1875   0.0625 ]
 [-0.4375  -0.03125  0.03125 -0.1875   0.03125]
 [-0.40625  0.       0.15625 -0.28125  0.0625 ]
 [-0.15625  0.03125  0.0625  -0.21875  0.03125]
 [-0.03125  0.0625   0.125   -0.0625   0.0625 ]
 [-0.03125 -0.0625   0.0625  -0.0625   0.21875]
 [ 0.03125  0.03125  0.15625  0.       0.125  ]
 [ 0.      -0.0625   0.21875 -0.03125  0.21875]
 [ 0.03125  0.09375  0.125    0.15625  0.25   ]
 [ 0.125    0.21875  0.5      0.40625  0.15625]
 [ 0.40625  0.34375  0.71875  0.84375 -0.375  ]
 [-0.375    0.5625   0.6875   1.0625  -0.1875 ]
 [-0.3125   0.5      0.59375  0.4375  -0.1875 ]
 [-0.5625   0.1875   0.28125 -0.3125   0.21875]
 [-0.125    0.03125  0.09375 -0.25     0.34375]
 [ 0.03125 -0.03125  0.21875 -0.3125   0.3125 ]
 [-0.125   -0.21875  0.3125  -0.375    0.3125 ]
 [-0.28125  0.0625   0.3125   0.       0.03125]
 [ 0.      -0.125    0.0625   0.09375  0.     ]
 [-0.03125  0.0625  -0.125   -0.03125  0.1875 ]
 [ 0.09375 -0.125    0.25     0.      -0.0625 ]
 [ 0.125   -0.34375  0.09375  0.03125  0.125  ]
 [ 0.21875 -0.1875   0.1875   0.09375  0.09375]
 [ 0.09375 -0.34375  0.125    0.125    0.     ]
 [ 0.03125 -0.34375  0.03125  0.15625  0.09375]
 [-0.03125 -0.21875  0.125    0.125    0.03125]
 [ 0.      -0.25    -0.09375  0.125   -0.09375]
 [-0.0625  -0.1875   0.09375  0.25    -0.125  ]
 [-0.25     0.      -0.09375  0.1875   0.125  ]
 [-0.25    -0.09375 -0.1875   0.15625  0.21875]
 [-0.125   -0.15625 -0.03125  0.09375  0.125  ]
 [-0.1875  -0.0625   0.0625   0.03125  0.1875 ]
 [-0.21875 -0.0625  -0.03125  0.03125  0.1875 ]
 [ 0.03125  0.0625   0.      -0.125    0.0625 ]
 [-0.03125 -0.09375 -0.03125 -0.1875   0.25   ]
 [ 0.1875  -0.03125  0.125   -0.21875  0.15625]
 [ 0.0625   0.       0.09375 -0.21875  0.3125 ]
 [ 0.375    0.125    0.0625   0.03125  0.1875 ]
 [ 0.34375  0.34375  0.34375  0.34375  0.     ]
 [-0.375    0.59375  0.25     0.875   -0.0625 ]
 [-0.4375   0.4375   0.4375   0.5      0.15625]
 [-0.1875   0.1875   0.15625 -0.25     0.125  ]
 [-0.09375 -0.0625   0.      -0.21875  0.28125]
 [ 0.09375 -0.125    0.3125  -0.21875  0.125  ]
 [ 0.125   -0.21875  0.3125  -0.5      0.40625]
 [ 0.03125 -0.3125   0.03125 -0.125    0.03125]
 [-0.15625 -0.28125  0.       0.09375  0.03125]
 [-0.09375 -0.15625  0.09375  0.03125 -0.03125]
 [ 0.0625  -0.4375   0.1875   0.28125 -0.0625 ]
 [-0.09375 -0.4375   0.0625   0.28125  0.0625 ]
 [ 0.03125 -0.34375  0.0625   0.1875  -0.09375]
 [-0.09375 -0.1875  -0.0625   0.15625 -0.0625 ]
 [-0.125   -0.15625 -0.15625  0.28125 -0.1875 ]
 [ 0.0625  -0.21875 -0.09375  0.25    -0.21875]
 [ 0.0625  -0.03125 -0.09375  0.25    -0.21875]
 [ 0.21875  0.03125 -0.15625  0.4375  -0.15625]
 [ 0.       0.21875 -0.21875  0.375    0.125  ]
 [-0.03125  0.15625 -0.15625  0.28125  0.25   ]
 [ 0.03125  0.      -0.125    0.15625  0.1875 ]
 [ 0.      -0.03125  0.0625   0.15625  0.15625]
 [-0.09375 -0.03125 -0.03125  0.03125  0.125  ]
 [ 0.125    0.       0.0625   0.       0.25   ]
 [ 0.09375 -0.03125  0.09375  0.       0.15625]
 [ 0.1875  -0.03125 -0.0625  -0.15625  0.125  ]
 [ 0.3125  -0.40625 -0.03125 -0.40625  0.40625]
 [ 0.6875  -0.21875  0.      -0.125    0.3125 ]
 [ 0.96875  0.15625  0.0625  -0.09375  0.     ]
 [-0.1875   0.75     0.03125  0.       0.125  ]
 [-0.625    0.5      0.       0.28125  0.1875 ]
 [-0.15625  0.03125 -0.125   -0.1875   0.4375 ]
 [ 0.125    0.21875  0.09375 -0.15625 -0.03125]
 [ 0.1875  -0.1875   0.3125   0.0625  -0.03125]
 [ 0.15625 -0.1875   0.4375  -0.4375   0.34375]
 [-0.03125 -0.1875  -0.25     0.      -0.0625 ]
 [-0.28125 -0.59375 -0.03125  0.40625  0.1875 ]
 [ 0.      -0.59375  0.125    0.3125  -0.15625]
 [ 0.03125 -0.59375  0.       0.375   -0.1875 ]
 [ 0.0625  -0.28125 -0.09375  0.28125 -0.0625 ]
 [-0.125   -0.09375 -0.0625   0.3125  -0.09375]
 [-0.03125 -0.03125 -0.28125  0.0625  -0.15625]
 [-0.03125 -0.25    -0.0625   0.      -0.15625]
 [ 0.125   -0.03125 -0.03125  0.09375 -0.09375]
 [ 0.25     0.15625 -0.03125  0.25    -0.15625]
 [ 0.15625  0.28125 -0.09375  0.46875  0.0625 ]
 [ 0.125    0.34375 -0.125    0.3125   0.375  ]
 [ 0.21875  0.0625  -0.21875  0.15625  0.1875 ]
 [ 0.       0.      -0.0625   0.09375  0.21875]
 [ 0.15625 -0.0625  -0.125    0.125    0.1875 ]
 [ 0.       0.0625   0.0625   0.15625  0.125  ]
 [ 0.09375 -0.09375 -0.0625   0.09375  0.1875 ]
 [ 0.      -0.09375  0.       0.09375  0.21875]
 [ 0.15625 -0.21875 -0.15625 -0.03125  0.15625]
 [ 0.4375  -0.3125   0.09375 -0.125    0.03125]
 [ 0.6875  -0.1875   0.      -0.3125  -0.125  ]
 [ 0.59375  0.1875   0.0625  -0.46875 -0.25   ]
 [-0.03125  0.40625 -0.09375 -0.28125  0.125  ]
 [-0.21875  0.34375  0.      -0.3125   0.28125]
 [-0.25    -0.03125  0.21875 -0.09375  0.25   ]
 [ 0.28125 -0.25     0.1875   0.1875  -0.28125]
 [ 0.15625 -0.09375  0.0625   0.03125 -0.125  ]
 [ 0.15625 -0.09375  0.25    -0.25     0.15625]
 [ 0.0625  -0.21875 -0.09375  0.375   -0.09375]
 [-0.125   -0.59375 -0.125    0.375    0.0625 ]
 [ 0.0625  -0.375   -0.0625   0.15625 -0.25   ]
 [ 0.03125 -0.21875 -0.15625  0.      -0.0625 ]
 [ 0.09375 -0.21875  0.      -0.09375 -0.0625 ]
 [ 0.      -0.15625 -0.125    0.03125 -0.125  ]
 [-0.125   -0.09375 -0.0625   0.09375 -0.125  ]
 [ 0.0625  -0.09375  0.03125  0.      -0.25   ]
 [ 0.25     0.      -0.125   -0.03125 -0.15625]
 [ 0.21875  0.125   -0.125    0.25    -0.0625 ]
 [ 0.34375  0.28125  0.       0.34375  0.21875]
 [ 0.25     0.40625 -0.125    0.28125  0.25   ]
 [ 0.15625  0.0625  -0.09375  0.15625  0.1875 ]
 [ 0.03125  0.03125 -0.0625   0.15625  0.1875 ]
 [ 0.03125 -0.09375 -0.0625   0.15625  0.21875]
 [-0.03125 -0.03125 -0.125   -0.0625   0.125  ]
 [ 0.      -0.1875  -0.125   -0.125    0.09375]
 [ 0.      -0.1875   0.0625  -0.15625  0.03125]
 [-0.03125 -0.125   -0.0625  -0.09375 -0.125  ]
 [-0.0625  -0.21875 -0.125   -0.0625  -0.09375]
 [ 0.03125 -0.09375 -0.03125 -0.25    -0.09375]
 [ 0.09375  0.125   -0.0625  -0.25    -0.3125 ]
 [ 0.21875 -0.0625  -0.21875 -0.21875  0.15625]
 [-0.125    0.5625   0.15625 -0.625    0.34375]
 [-0.0625   0.0625   0.21875 -0.28125  0.1875 ]
 [ 0.25    -0.15625  0.1875   0.25    -0.1875 ]
 [-0.09375  0.0625  -0.3125   0.34375 -0.0625 ]
 [ 0.125    0.28125  0.15625  0.      -0.25   ]
 [-0.03125  0.      -0.21875  0.28125  0.09375]
 [-0.125   -0.125    0.0625   0.       0.15625]
 [ 0.0625  -0.0625  -0.0625  -0.15625 -0.125  ]
 [-0.0625  -0.0625  -0.3125  -0.1875   0.     ]
 [ 0.09375 -0.125   -0.03125 -0.15625 -0.09375]
 [ 0.15625 -0.125   -0.03125 -0.1875   0.     ]
 [ 0.0625  -0.0625  -0.0625   0.      -0.125  ]
 [ 0.09375 -0.125    0.0625  -0.03125 -0.03125]
 [ 0.15625  0.09375 -0.09375  0.03125  0.     ]
 [ 0.28125  0.15625 -0.15625  0.375    0.     ]
 [ 0.25     0.40625 -0.15625  0.21875  0.1875 ]
 [ 0.28125  0.3125  -0.3125   0.15625  0.21875]
 [ 0.0625   0.03125 -0.09375  0.0625   0.125  ]
 [ 0.      -0.03125 -0.09375  0.09375  0.09375]
 [ 0.0625  -0.21875 -0.09375 -0.0625   0.15625]
 [-0.15625 -0.15625  0.0625  -0.09375  0.     ]
 [-0.25    -0.21875 -0.15625 -0.125   -0.15625]
 [-0.21875 -0.21875 -0.09375 -0.125   -0.21875]
 [-0.28125 -0.09375 -0.09375 -0.15625 -0.1875 ]
 [-0.15625 -0.1875  -0.09375 -0.125   -0.0625 ]
 [-0.1875  -0.09375  0.15625  0.21875 -0.3125 ]
 [-0.0625   0.375    0.21875 -0.28125 -0.21875]
 [ 0.53125  0.375    0.03125 -0.40625 -0.15625]
 [-0.0625   0.40625 -0.0625  -0.1875   0.28125]
 [-0.125    0.4375   0.1875  -0.34375  0.125  ]
 [-0.15625  0.       0.03125 -0.15625  0.25   ]
 [-0.1875   0.28125  0.03125  0.21875 -0.125  ]
 [ 0.09375  0.28125 -0.1875   0.09375 -0.25   ]
 [-0.0625   0.28125  0.03125  0.0625  -0.125  ]
 [-0.28125  0.28125  0.0625  -0.28125 -0.15625]
 [-0.09375  0.15625 -0.1875  -0.28125 -0.15625]
 [ 0.      -0.03125 -0.15625 -0.1875  -0.125  ]
 [ 0.21875 -0.15625 -0.03125 -0.28125  0.03125]
 [ 0.21875 -0.21875  0.03125 -0.15625  0.03125]
 [ 0.25     0.03125  0.03125 -0.125    0.03125]
 [ 0.1875   0.0625   0.      -0.03125  0.0625 ]
 [ 0.40625  0.1875  -0.09375  0.1875   0.0625 ]
 [ 0.375    0.28125  0.03125  0.34375  0.21875]
 [ 0.375    0.40625 -0.15625  0.1875   0.1875 ]
 [ 0.1875   0.21875 -0.28125  0.09375  0.0625 ]
 [ 0.15625 -0.0625  -0.09375 -0.03125  0.03125]
 [ 0.21875 -0.15625 -0.09375 -0.0625   0.15625]
 [ 0.      -0.15625 -0.03125  0.       0.09375]
 [-0.15625 -0.0625  -0.03125 -0.0625  -0.125  ]
 [-0.1875  -0.09375 -0.09375 -0.15625 -0.28125]
 [-0.1875  -0.125    0.      -0.125   -0.1875 ]
 [-0.1875  -0.0625  -0.03125 -0.1875  -0.15625]
 [-0.125   -0.0625  -0.03125 -0.03125 -0.21875]
 [-0.09375  0.09375  0.       0.0625  -0.15625]
 [-0.125    0.5625   0.125   -0.15625 -0.15625]
 [ 0.59375  0.75    -0.125   -0.875    0.     ]
 [-0.28125  0.5625  -0.03125 -0.5625   0.40625]
 [-0.125    0.40625  0.      -0.28125  0.09375]
 [ 0.03125  0.       0.0625   0.03125  0.0625 ]
 [-0.5      0.40625 -0.28125  0.3125   0.34375]
 [ 0.1875   0.15625 -0.375   -0.03125 -0.03125]
 [-0.1875   0.21875  0.21875  0.125   -0.125  ]
 [-0.28125  0.375    0.125   -0.125   -0.15625]
 [-0.125    0.125    0.125   -0.15625 -0.125  ]
 [-0.15625  0.125   -0.0625  -0.09375 -0.1875 ]
 [ 0.09375 -0.09375 -0.15625 -0.125    0.0625 ]
 [ 0.125    0.      -0.125   -0.15625  0.1875 ]
 [ 0.4375  -0.09375 -0.0625  -0.15625  0.125  ]
 [ 0.53125  0.0625  -0.125   -0.21875  0.125  ]
 [ 0.625    0.125   -0.0625  -0.03125  0.28125]
 [ 0.4375   0.15625 -0.15625  0.03125  0.40625]
 [ 0.25     0.0625  -0.3125   0.03125  0.25   ]
 [ 0.09375  0.0625  -0.28125 -0.125    0.0625 ]
 [ 0.03125 -0.15625 -0.125   -0.03125  0.09375]
 [ 0.09375 -0.0625   0.0625   0.       0.     ]
 [-0.0625   0.03125  0.09375 -0.0625  -0.09375]
 [ 0.      -0.09375 -0.03125  0.03125 -0.1875 ]
 [-0.15625  0.0625   0.03125 -0.125   -0.125  ]
 [-0.03125 -0.125   -0.03125 -0.15625 -0.25   ]
 [-0.15625 -0.0625   0.03125  0.03125 -0.125  ]
 [-0.0625   0.03125  0.      -0.125   -0.125  ]
 [ 0.03125  0.09375 -0.15625  0.      -0.09375]
 [ 0.25     0.15625  0.0625  -0.09375  0.0625 ]
 [ 0.53125  0.65625  0.0625  -0.8125   0.28125]
 [ 0.       0.625   -0.03125 -0.625    0.15625]
 [-0.03125  0.46875 -0.15625 -0.3125  -0.09375]
 [-0.0625   0.      -0.0625  -0.21875  0.3125 ]
 [-0.34375  0.28125 -0.0625   0.0625   0.21875]
 [-0.03125 -0.09375 -0.25    -0.03125  0.625  ]
 [-0.375    0.34375 -0.09375  0.125   -0.125  ]
 [-0.09375  0.28125  0.25    -0.21875 -0.09375]
 [-0.09375  0.25     0.1875  -0.0625  -0.0625 ]
 [-0.0625   0.125    0.125    0.1875  -0.125  ]
 [ 0.15625  0.09375  0.0625  -0.0625  -0.0625 ]
 [ 0.1875  -0.0625  -0.09375 -0.0625   0.     ]
 [ 0.3125  -0.0625  -0.15625 -0.125    0.125  ]
 [ 0.5      0.03125 -0.03125 -0.15625  0.1875 ]
 [ 0.4375   0.09375 -0.125    0.       0.28125]
 [ 0.4375   0.09375 -0.25    -0.15625  0.03125]
 [ 0.09375  0.0625  -0.15625 -0.125    0.125  ]
 [ 0.03125 -0.03125 -0.15625 -0.09375  0.     ]
 [-0.0625   0.       0.03125 -0.0625  -0.0625 ]
 [-0.03125  0.03125  0.03125  0.0625  -0.09375]
 [-0.03125  0.       0.09375 -0.125   -0.125  ]
 [-0.09375  0.03125  0.09375 -0.09375  0.     ]
 [-0.09375 -0.03125 -0.0625  -0.0625  -0.1875 ]
 [-0.125   -0.03125 -0.03125  0.0625  -0.0625 ]
 [-0.21875  0.03125 -0.03125 -0.09375 -0.125  ]
 [-0.03125  0.25     0.15625 -0.15625  0.     ]
 [ 0.15625  0.3125   0.      -0.0625  -0.09375]
 [ 0.40625  0.3125   0.15625 -0.1875  -0.03125]
 [ 0.3125   0.625    0.0625  -0.625    0.21875]
 [-0.03125  0.28125 -0.09375 -0.34375  0.40625]
 [-0.28125  0.4375  -0.375   -0.03125  0.3125 ]
 [ 0.0625  -0.0625   0.09375 -0.0625   0.09375]
 [ 0.15625  0.125    0.21875 -0.28125 -0.15625]
 [ 0.0625  -0.21875  0.1875   0.       0.03125]
 [-0.375    0.3125   0.       0.09375  0.     ]
 [-0.09375  0.3125   0.125   -0.25    -0.09375]
 [-0.09375  0.125    0.09375  0.09375 -0.03125]
 [ 0.03125  0.09375  0.21875  0.0625   0.     ]
 [ 0.125    0.21875  0.125    0.03125 -0.03125]
 [ 0.09375  0.15625  0.15625  0.       0.     ]
 [ 0.21875  0.3125   0.03125  0.       0.03125]
 [ 0.28125  0.21875  0.03125  0.      -0.09375]
 [ 0.25     0.0625  -0.0625  -0.125   -0.21875]
 [ 0.1875   0.09375  0.0625  -0.1875  -0.125  ]
 [-0.0625   0.0625  -0.125   -0.09375  0.     ]
 [ 0.       0.03125 -0.15625 -0.0625  -0.15625]
 [ 0.03125  0.09375 -0.15625 -0.0625  -0.21875]
 [ 0.03125  0.09375 -0.125    0.09375 -0.09375]
 [ 0.       0.125   -0.03125 -0.0625  -0.15625]
 [ 0.       0.09375  0.03125  0.      -0.1875 ]
 [ 0.       0.125    0.03125  0.03125 -0.15625]
 [ 0.       0.15625  0.09375  0.0625  -0.09375]
 [ 0.03125  0.125    0.09375 -0.125   -0.0625 ]
 [ 0.125    0.3125   0.21875 -0.09375 -0.1875 ]
 [ 0.1875   0.40625  0.125   -0.03125  0.09375]
 [ 0.3125   0.46875  0.09375 -0.28125  0.     ]
 [ 0.09375  0.5625   0.125   -0.5625   0.21875]
 [-0.1875   0.5     -0.125   -0.25     0.40625]
 [-0.34375  0.375   -0.375    0.03125  0.375  ]
 [-0.03125  0.0625   0.       0.      -0.0625 ]
 [ 0.25     0.1875   0.21875 -0.09375 -0.15625]
 [ 0.28125 -0.09375  0.28125 -0.03125 -0.03125]
 [-0.125    0.375    0.1875   0.15625 -0.125  ]
 [-0.0625   0.5625   0.25    -0.125    0.03125]
 [ 0.09375  0.3125   0.34375  0.03125 -0.03125]
 [ 0.0625   0.25     0.15625  0.03125  0.09375]
 [ 0.21875  0.375    0.0625  -0.03125  0.03125]
 [ 0.0625   0.3125   0.1875   0.09375  0.     ]
 [ 0.0625   0.25     0.03125  0.03125  0.     ]
 [ 0.125    0.15625  0.0625  -0.125   -0.09375]
 [-0.0625   0.15625 -0.125   -0.21875 -0.21875]
 [ 0.1875   0.       0.      -0.21875 -0.25   ]
 [-0.0625  -0.0625  -0.03125 -0.15625 -0.21875]
 [ 0.       0.      -0.125   -0.125   -0.0625 ]
 [ 0.15625  0.0625  -0.03125 -0.0625  -0.1875 ]
 [ 0.03125  0.0625  -0.125   -0.03125 -0.125  ]
 [ 0.0625   0.125   -0.0625   0.0625  -0.0625 ]
 [ 0.03125  0.28125 -0.125    0.03125 -0.15625]
 [ 0.03125  0.0625   0.      -0.03125  0.03125]
 [ 0.0625   0.21875  0.0625  -0.03125 -0.125  ]
 [ 0.1875   0.375    0.03125  0.03125 -0.0625 ]
 [ 0.21875  0.3125   0.125    0.0625  -0.09375]
 [ 0.0625   0.28125  0.15625  0.125    0.03125]
 [ 0.25     0.1875  -0.09375 -0.5      0.3125 ]
 [ 0.1875   0.0625   0.      -0.34375  0.15625]
 [-0.1875   0.5     -0.25     0.03125  0.09375]
 [ 0.15625  0.09375  0.28125 -0.125   -0.28125]
 [-0.15625  0.1875  -0.1875   0.       0.15625]
 [-0.3125   0.4375  -0.03125  0.40625  0.125  ]
 [ 0.09375  0.71875  0.28125 -0.0625  -0.125  ]
 [-0.1875   0.6875   0.1875  -0.03125 -0.0625 ]
 [ 0.09375  0.375    0.34375  0.21875 -0.15625]
 [ 0.0625   0.1875   0.15625  0.       0.     ]
 [ 0.15625  0.375    0.1875   0.09375  0.21875]
 [ 0.15625  0.3125   0.15625  0.125   -0.03125]
 [ 0.0625   0.1875   0.       0.09375  0.     ]
 [ 0.15625  0.15625 -0.03125  0.03125 -0.09375]
 [ 0.0625   0.125   -0.03125 -0.03125  0.     ]
 [ 0.09375  0.09375  0.03125 -0.125   -0.21875]
 [ 0.09375  0.      -0.0625  -0.125   -0.125  ]
 [ 0.1875   0.09375 -0.03125 -0.03125 -0.1875 ]
 [ 0.09375  0.125   -0.0625  -0.0625  -0.125  ]
 [ 0.03125  0.03125 -0.03125  0.03125 -0.15625]
 [ 0.0625   0.0625   0.      -0.03125 -0.03125]
 [ 0.21875  0.15625 -0.03125  0.      -0.1875 ]
 [ 0.1875   0.15625 -0.0625   0.      -0.03125]
 [ 0.09375  0.15625 -0.0625   0.       0.0625 ]
 [ 0.       0.125   -0.03125  0.0625   0.09375]
 [ 0.09375  0.15625  0.       0.03125  0.0625 ]
 [ 0.1875   0.28125  0.1875   0.03125 -0.0625 ]
 [ 0.28125  0.3125   0.09375 -0.1875   0.03125]
 [ 0.15625 -0.1875  -0.15625 -0.40625  0.53125]
 [ 0.09375  0.      -0.0625  -0.46875  0.09375]
 [ 0.1875   0.3125   0.375   -0.34375 -0.28125]
 [ 0.125   -0.15625  0.25     0.0625  -0.15625]
 [-0.15625  0.15625 -0.09375  0.125    0.1875 ]
 [-0.1875   0.28125 -0.1875   0.125    0.21875]
 [ 0.15625  0.5      0.21875 -0.125    0.1875 ]
 [ 0.0625   0.5625  -0.03125  0.       0.     ]
 [-0.03125  0.28125 -0.03125  0.       0.03125]
 [-0.0625   0.1875  -0.03125 -0.25     0.03125]
 [ 0.0625   0.25     0.       0.       0.09375]
 [ 0.       0.1875   0.125   -0.0625   0.1875 ]
 [ 0.09375  0.125    0.125   -0.03125  0.21875]
 [ 0.       0.15625  0.125   -0.09375  0.     ]
 [ 0.       0.0625   0.03125 -0.03125  0.0625 ]
 [ 0.03125  0.09375  0.09375  0.125   -0.03125]
 [ 0.15625  0.09375  0.125    0.03125  0.0625 ]
 [ 0.25     0.15625  0.1875   0.1875  -0.09375]
 [ 0.0625   0.09375  0.09375  0.0625   0.125  ]
 [ 0.03125  0.1875   0.0625   0.0625   0.03125]
 [-0.03125  0.125   -0.03125  0.125   -0.0625 ]
 [ 0.       0.125   -0.09375  0.125    0.     ]
 [ 0.125    0.15625 -0.0625   0.09375 -0.03125]
 [ 0.03125  0.25    -0.09375  0.15625 -0.125  ]
 [ 0.1875   0.3125   0.      -0.03125  0.03125]
 [ 0.28125  0.09375 -0.09375 -0.03125  0.     ]
 [ 0.25     0.125    0.03125 -0.0625   0.     ]
 [ 0.       0.0625   0.15625 -0.25     0.1875 ]
 [ 0.0625  -0.09375  0.      -0.375    0.46875]
 [ 0.03125  0.       0.03125 -0.34375  0.21875]
 [-0.3125   0.25    -0.1875   0.03125  0.125  ]
 [ 0.125   -0.15625  0.125   -0.03125 -0.21875]
 [ 0.03125 -0.0625  -0.0625   0.0625  -0.0625 ]
 [ 0.0625   0.0625  -0.03125  0.03125  0.     ]
 [-0.09375  0.65625 -0.125    0.09375 -0.0625 ]
 [ 0.09375  0.65625  0.3125   0.25    -0.375  ]
 [-0.1875   0.375    0.125    0.1875  -0.1875 ]
 [-0.1875   0.125   -0.09375  0.      -0.3125 ]
 [-0.1875   0.0625   0.       0.       0.     ]
 [-0.125    0.125    0.09375 -0.09375  0.0625 ]
 [-0.03125 -0.03125  0.125    0.09375  0.0625 ]
 [-0.03125  0.1875   0.09375  0.09375 -0.03125]
 [-0.0625   0.15625  0.15625  0.03125  0.     ]
 [ 0.0625   0.09375  0.21875  0.09375  0.0625 ]
 [ 0.15625  0.125    0.125    0.03125  0.1875 ]
 [ 0.1875   0.1875   0.0625   0.0625   0.15625]
 [ 0.25     0.125    0.15625  0.15625  0.03125]
 [ 0.1875   0.125    0.0625   0.0625   0.03125]
 [ 0.1875   0.15625  0.0625   0.125   -0.03125]
 [ 0.15625  0.21875  0.09375  0.21875  0.0625 ]
 [ 0.21875  0.21875 -0.09375  0.15625 -0.0625 ]
 [ 0.25     0.21875 -0.03125  0.15625  0.09375]
 [ 0.40625  0.21875 -0.09375  0.      -0.0625 ]
 [ 0.4375   0.1875  -0.03125 -0.0625   0.03125]
 [ 0.40625  0.125    0.1875  -0.3125   0.125  ]
 [ 0.4375  -0.0625   0.1875   0.       0.09375]
 [-0.0625  -0.125   -0.0625  -0.125    0.125  ]
 [ 0.25     0.1875  -0.125   -0.375    0.0625 ]
 [-0.5625   0.375   -0.5      0.       0.46875]
 [ 0.0625   0.      -0.03125 -0.0625   0.03125]
 [ 0.      -0.0625   0.0625   0.09375  0.     ]
 [ 0.      -0.03125  0.0625   0.0625   0.0625 ]
 [-0.28125  0.15625 -0.46875  0.0625   0.28125]
 [-0.5      0.375    0.375    0.5     -0.15625]
 [-0.59375  0.1875   0.34375  0.3125   0.03125]
 [-0.5625  -0.125    0.      -0.15625  0.1875 ]
 [-0.46875  0.1875   0.03125 -0.0625  -0.03125]
 [-0.28125  0.       0.0625   0.15625 -0.03125]
 [-0.125   -0.03125  0.09375  0.03125  0.09375]
 [-0.03125  0.125    0.03125  0.03125 -0.125  ]
 [ 0.       0.09375  0.03125  0.21875  0.03125]
 [ 0.09375  0.25     0.0625   0.15625  0.15625]
 [ 0.15625  0.34375  0.15625  0.125    0.     ]
 [ 0.125    0.15625  0.25     0.09375  0.     ]
 [ 0.03125  0.25     0.09375  0.      -0.03125]
 [ 0.09375  0.21875  0.0625   0.0625  -0.03125]
 [ 0.3125   0.1875   0.03125  0.125    0.     ]
 [ 0.03125  0.125    0.0625   0.09375  0.09375]
 [ 0.34375  0.125    0.1875   0.15625  0.     ]
 [ 0.3125   0.03125  0.09375  0.34375  0.09375]
 [ 0.09375  0.03125  0.03125  0.25     0.25   ]
 [ 0.21875  0.03125  0.0625   0.0625   0.15625]
 [ 0.3125  -0.15625  0.       0.09375  0.09375]
 [ 0.21875 -0.1875  -0.0625   0.40625  0.1875 ]
 [-0.03125  0.40625  0.03125 -0.0625  -0.21875]
 [ 0.25     0.1875  -0.40625 -0.15625 -0.125  ]
 [-0.3125   0.34375 -0.125   -0.28125  0.0625 ]
 [ 0.03125  0.03125  0.       0.03125  0.0625 ]
 [ 0.       0.03125 -0.0625   0.0625   0.03125]
 [-0.03125 -0.03125 -0.0625   0.03125  0.0625 ]
 [ 0.25     0.03125 -0.21875  0.25     0.03125]
 [ 0.15625 -0.34375  0.4375   0.      -0.0625 ]
 [-0.3125  -0.09375  0.34375  0.21875  0.28125]
 [-0.46875 -0.1875   0.15625  0.28125  0.28125]
 [-0.4375   0.09375  0.0625   0.34375  0.0625 ]
 [-0.46875  0.       0.21875  0.46875  0.03125]
 [-0.5      0.125    0.1875   0.28125  0.15625]
 [-0.46875  0.0625   0.3125   0.25     0.21875]
 [-0.25     0.03125  0.15625  0.3125   0.03125]
 [-0.21875  0.15625  0.4375   0.0625   0.1875 ]
 [-0.3125   0.125    0.28125  0.1875   0.3125 ]
 [-0.25     0.1875   0.3125   0.125    0.15625]
 [-0.125    0.1875   0.1875  -0.03125  0.3125 ]
 [-0.03125  0.03125  0.34375  0.03125  0.1875 ]
 [ 0.       0.15625  0.46875  0.28125  0.3125 ]
 [ 0.0625   0.1875   0.46875  0.28125  0.3125 ]
 [-0.125    0.0625   0.53125  0.375    0.3125 ]
 [-0.21875  0.1875   0.53125  0.5      0.34375]
 [ 0.03125 -0.15625  0.15625  0.75     0.40625]
 [ 0.03125 -0.125    0.3125   0.46875  0.5    ]
 [ 0.09375 -0.0625   0.25     0.65625 -0.03125]
 [ 0.125   -0.125   -0.09375  0.78125 -0.09375]
 [-0.25     0.03125  0.0625   0.40625 -0.28125]
 [ 0.1875  -0.0625  -0.28125  0.0625  -0.1875 ]
 [-0.1875   0.25    -0.125   -0.3125  -0.1875 ]
 [-0.03125 -0.03125  0.0625   0.0625   0.0625 ]
 [ 0.0625   0.0625   0.0625  -0.03125 -0.03125]
 [-0.03125  0.0625   0.0625  -0.0625  -0.0625 ]
 [ 0.03125  0.       0.03125 -0.0625  -0.03125]
 [ 0.15625 -0.3125  -0.0625   0.21875 -0.1875 ]
 [ 0.      -0.15625  0.1875   0.3125   0.09375]
 [-0.0625  -0.3125  -0.03125  0.125    0.03125]
 [-0.15625 -0.34375  0.03125  0.03125  0.21875]
 [-0.375    0.125    0.09375 -0.03125  0.4375 ]
 [-0.21875  0.0625   0.28125 -0.09375  0.34375]
 [-0.3125   0.0625   0.1875   0.09375  0.4375 ]
 [-0.15625  0.125    0.34375  0.03125  0.375  ]
 [-0.09375  0.25     0.5     -0.0625   0.28125]
 [ 0.       0.21875  0.34375  0.3125   0.46875]
 [ 0.       0.21875  0.53125  0.34375  0.4375 ]
 [-0.15625  0.1875   0.375    0.3125   0.59375]
 [-0.1875   0.1875   0.40625  0.25     0.375  ]
 [-0.28125  0.25     0.59375  0.25     0.4375 ]
 [-0.21875  0.375    0.4375   0.28125  0.5    ]
 [-0.15625  0.21875  0.25     0.5      0.5    ]
 [-0.375    0.3125   0.5625   0.3125   0.375  ]
 [-0.09375  0.1875   0.40625  0.4375   0.53125]
 [ 0.      -0.125    0.40625  0.125    0.5    ]
 [-0.09375 -0.0625   0.34375  0.0625   0.40625]
 [ 0.125    0.3125  -0.09375  0.28125  0.03125]
 [ 0.1875   0.      -0.3125   0.1875  -0.1875 ]
 [ 0.09375  0.21875 -0.0625  -0.25     0.21875]
 [ 0.03125 -0.03125 -0.0625   0.       0.0625 ]
 [ 0.0625   0.09375  0.0625   0.03125  0.09375]
 [ 0.09375  0.       0.       0.       0.     ]
 [ 0.03125 -0.03125  0.03125  0.       0.0625 ]
 [-0.0625   0.0625  -0.03125  0.03125 -0.03125]
 [ 0.03125  0.03125 -0.03125 -0.03125 -0.03125]
 [-0.125    0.28125  0.21875 -0.1875   0.25   ]
 [-0.09375  0.125    0.1875  -0.3125   0.3125 ]
 [ 0.03125  0.125    0.25    -0.15625  0.21875]
 [-0.0625   0.125    0.1875  -0.1875   0.25   ]
 [-0.21875  0.       0.34375 -0.28125  0.40625]
 [-0.4375   0.28125  0.3125  -0.375    0.5625 ]
 [-0.25     0.1875   0.28125 -0.625    0.84375]
 [ 0.0625   0.1875   0.03125 -0.15625  0.4375 ]
 [ 0.0625  -0.1875   0.03125 -0.15625  0.59375]
 [-0.40625 -0.03125  0.4375  -0.53125  1.09375]
 [-0.0625   0.125    0.40625 -0.375    0.90625]
 [ 0.1875  -0.03125 -0.03125 -0.125    0.8125 ]
 [ 0.125    0.1875   0.21875 -0.5      0.78125]
 [ 0.09375 -0.1875   0.59375 -0.46875  0.78125]
 [ 0.1875  -0.34375  0.1875  -0.09375  0.375  ]
 [-0.03125 -0.15625  0.34375 -0.46875  0.6875 ]
 [ 0.28125 -0.09375 -0.25     0.21875 -0.1875 ]
 [ 0.      -0.375   -0.09375  0.09375  0.15625]
 [-0.09375 -0.375    0.0625  -0.21875  0.3125 ]
 [-0.34375 -0.09375  0.125   -0.09375  0.375  ]
 [ 0.       0.03125 -0.0625   0.03125  0.     ]
 [ 0.       0.09375  0.0625  -0.03125  0.     ]
 [ 0.03125 -0.0625  -0.0625  -0.0625  -0.0625 ]
 [ 0.0625   0.      -0.0625  -0.03125 -0.03125]]
  --- bias b ---
[ 0.375    0.03125  0.3125   0.28125  0.09375]

------------------------------------------------------------------------------
Q1.2.5 :: dense_2  (hidden 2, 5->8)
  kernel W shape (5, 8)  (40 values)   bias b shape (8,)  (8 values)
  W  min=-0.71875000  max=+1.06250000  mean=+0.16093750  std=0.47220342
  distinct values in this layer (W and b): 39
  --- kernel W (rows = inputs, cols = neurons) ---
[[ 0.21875  0.28125  0.6875   0.65625  0.09375 -0.375    0.96875  0.5    ]
 [-0.71875  0.4375   0.0625   0.40625 -0.34375  0.9375  -0.28125  0.75   ]
 [ 0.15625 -0.15625  0.375    0.1875   0.65625 -0.40625 -0.5625   1.0625 ]
 [ 0.09375 -0.59375 -0.0625  -0.625   -0.3125   0.15625  0.53125  0.3125 ]
 [ 0.90625  0.65625  0.      -0.03125 -0.375    0.34375  0.03125 -0.1875 ]]
  --- bias b ---
[ 0.1875  -0.03125 -0.65625  0.0625   0.375   -0.125    0.59375 -0.25   ]

------------------------------------------------------------------------------
Q1.2.5 :: dense_3  (hidden 3, 8->8)
  kernel W shape (8, 8)  (64 values)   bias b shape (8,)  (8 values)
  W  min=-0.81250000  max=+1.12500000  mean=+0.07910156  std=0.45884618
  distinct values in this layer (W and b): 45
  --- kernel W (rows = inputs, cols = neurons) ---
[[ 0.65625 -0.40625  0.09375 -0.375   -0.40625  0.3125   0.65625 -0.40625]
 [ 0.875   -0.15625  0.53125  0.03125 -0.3125  -0.0625  -0.34375  0.75   ]
 [ 0.0625   0.15625  0.3125   0.6875  -0.09375  0.4375  -0.375   -0.1875 ]
 [-0.125   -0.21875 -0.25     0.84375 -0.03125 -0.5     -0.46875  0.5625 ]
 [ 1.125   -0.28125 -0.03125  0.1875  -0.28125 -0.71875 -0.5625  -0.5    ]
 [ 0.0625  -0.1875   0.40625 -0.8125   0.59375  0.78125  0.03125  0.59375]
 [-0.5      0.75     0.9375   0.       0.0625  -0.4375   0.46875 -0.15625]
 [ 0.0625  -0.28125 -0.15625  0.5      0.34375  0.59375  0.34375 -0.125  ]]
  --- bias b ---
[ 0.28125  0.90625 -0.53125 -0.28125  0.34375 -0.4375   0.84375  0.09375]

------------------------------------------------------------------------------
Q1.2.5 :: output_layer  (8->10)
  kernel W shape (8, 10)  (80 values)   bias b shape (10,)  (10 values)
  W  min=-1.43750000  max=+0.90625000  mean=-0.14687500  std=0.51650966
  distinct values in this layer (W and b): 51
  --- kernel W (rows = inputs, cols = neurons) ---
[[-0.09375 -0.125    0.15625 -0.1875  -0.28125 -0.875   -0.9375   0.875   -0.375    0.25   ]
 [-0.3125  -0.5      0.03125 -0.40625  0.5      0.1875   0.1875   0.3125  -0.5625  -1.4375 ]
 [-0.34375  0.75     0.0625  -0.125    0.625   -0.5      0.3125  -0.28125  0.6875   0.65625]
 [ 0.71875 -1.125    0.125   -0.4375  -0.40625  0.40625  0.46875 -0.65625  0.03125 -0.40625]
 [-0.3125   0.90625 -0.0625   0.625   -1.       0.       0.375   -1.03125 -0.21875 -0.375  ]
 [-0.28125 -0.75    -0.40625  0.4375  -0.375    0.28125 -0.96875 -0.25     0.3125  -0.25   ]
 [-0.59375 -0.59375 -0.8125  -0.53125  0.       0.125   -0.8125   0.125   -0.5625   0.21875]
 [-0.5625   0.4375   0.4375  -0.21875 -0.28125 -0.3125  -0.09375  0.34375 -0.5625  -1.125  ]]
  --- bias b ---
[-0.0625   0.75    -0.5625   0.125    0.59375  0.59375 -0.09375  0.46875 -1.25    -0.125  ]

  TOTAL trainable parameters Q1.2.5: 4135


================================================================================
 8. LOG OF THE QUANTIZED MLP TOP-1 ACCURACY PERFORMANCE
================================================================================

Evaluation of model_quantized (In [133], model.evaluate -> [loss, accuracy]):

  Train set (60000)  Top-1 accuracy = 0.8994333148002625   (89.94 %)  loss 0.3401
  Test  set (10000)  Top-1 accuracy = 0.8971999883651733   (89.72 %)  loss 0.3538

  >>> Quantized MLP Top-1 test accuracy (acc_quantized) = 0.89720  (89.72 %)

Summary vs. the float32 model (In [134]-[135]):

  metric                          float32 (Q32)     fixed-point Q1.2.5 (8 bit)
  -----------------------------    -------------     -------------------------
  bits per weight                       32                     8
  weight memory                    16.152 KB               4.039 KB
  Top-1 test accuracy               0.89920 (89.92 %)      0.89720 (89.72 %)
  Top-1 train accuracy              0.90263                0.89943

  Saved memory  : 1 - 8/32                       = 75.00 %
  Accuracy drop : 0.89920 - 0.89720             =  0.20 %   ("Accuracy drop: 0.20%")

Conclusion: an 8-bit signed fixed-point format (Q1.2.5) cuts weight storage by
75 % while the MNIST Top-1 test accuracy drops only 0.20 percentage points.


################################################################################
# 9. FULL PYTHON EXECUTION LOG  (cell by cell)
################################################################################

In [99]:
    import numpy as np
    import matplotlib.pyplot as plt
    from tensorflow.keras.datasets import mnist
    import tensorflow as tf
    from tensorflow.keras.models import Sequential 
    from sklearn.metrics import confusion_matrix
    from tensorflow.keras.models import load_model
    from tensorflow.keras.models import Model
    from tensorflow import keras
    from copy import copy, deepcopy
    from tensorflow.keras.layers import *
    from tensorflow.keras.utils import to_categorical

In [100]:
    # Replace __FILL_ME__ with your information


# # Data preparation and prepcrossing

In [101]:
    # load data
    (data_train, label_train), (data_test, label_test) = mnist.load_data()

In [102]:
    # display one test figure
    test_fig = data_train[0]
    plt.imshow(test_fig)
Out:
    <matplotlib.image.AxesImage at 0x7f654cee1950><Figure size 640x480 with 1 Axes>

In [103]:
    # normalize the data into the range of 0-1
    data_train = data_train/data_train.max()
    data_test = data_test/data_test.max()

In [104]:
    # display fig for each class
    for i in range(10):
        for img_idx in range(10000):
            if int(label_train[img_idx]) == i:
                print('Label =', i)
                plt.imshow(data_train[img_idx],cmap = 'gray')
                plt.show()
                break
        
Out:
    Label = 0
    <Figure size 640x480 with 1 Axes>Label = 1
    <Figure size 640x480 with 1 Axes>Label = 2
    <Figure size 640x480 with 1 Axes>Label = 3
    <Figure size 640x480 with 1 Axes>Label = 4
    <Figure size 640x480 with 1 Axes>Label = 5
    <Figure size 640x480 with 1 Axes>Label = 6
    <Figure size 640x480 with 1 Axes>Label = 7
    <Figure size 640x480 with 1 Axes>Label = 8
    <Figure size 640x480 with 1 Axes>Label = 9
    <Figure size 640x480 with 1 Axes>

In [105]:
    # 32 Floating Point data type is used
    mem_fig = 28 * 28 * 4 / 1024  # 784 pixels × 4 bytes (float32), converted to KB
    print('The required memory useage for each figure is:{} kb' .format(mem_fig) )
Out:
    The required memory useage for each figure is:3.0625 kb


# # Construct the MLP

In [106]:
    # Considerations: number of layers, number of neurons in each layer, activation function

In [107]:
    # Build up the MLP
    # later you can change the number of neurons and layers
    
    input_layer = Input(shape= data_train[0].shape)
    input_layer_f = Flatten()(input_layer)
    
    hidden_layer_1     = Dense(5, name='dense_1')(input_layer_f)
    hidden_layer_1_act = Activation("relu", name="act_1")(hidden_layer_1)
    
    hidden_layer_2     = Dense(8, name='dense_2')(hidden_layer_1_act)
    hidden_layer_2_act = Activation("relu", name="act_2")(hidden_layer_2)
    
    hidden_layer_3     = Dense(8, name='dense_3')(hidden_layer_2_act)
    hidden_layer_3_act = Activation("relu", name="act_3")(hidden_layer_3)
    
    output_layer       = Dense(10, name='output_layer')(hidden_layer_3_act)
    output_layer_act   = Activation("softmax", name="softmax")(output_layer)
    
    model = Model(input_layer, output_layer_act)

In [108]:
    parameter_by_layer = np.zeros([4])
    
    # layer 1: Dense(5) with 784 inputs → 784*5 weights + 5 biases
    parameter_by_layer[0] = 784 * 5 + 5
    # layer 2: Dense(8) with 5 inputs → 5*8 weights + 8 biases
    parameter_by_layer[1] = 5 * 8 + 8
    # layer 3: Dense(8) with 8 inputs → 8*8 weights + 8 biases
    parameter_by_layer[2] = 8 * 8 + 8
    # layer 4: Dense(10) with 8 inputs → 8*10 weights + 10 biases
    parameter_by_layer[3] = 8 * 10 + 10
    
    mem_model = parameter_by_layer.sum() * 4 / 1024  # 4 bytes per float32, convert to KB
    
    print('The total memory usage for weights and bias is {} kb' .format(mem_model))
Out:
    The total memory usage for weights and bias is 16.15234375 kb

In [109]:
    # check the parameter numbers
    model.summary()
Out:
    Model: "functional_5"
    ┏━━━━━━━━━━━━━━━━━━━━━━━━━━━━━━━━━┳━━━━━━━━━━━━━━━━━━━━━━━━┳━━━━━━━━━━━━━━━┓
    ┃ Layer (type)                    ┃ Output Shape           ┃       Param # ┃
    ┡━━━━━━━━━━━━━━━━━━━━━━━━━━━━━━━━━╇━━━━━━━━━━━━━━━━━━━━━━━━╇━━━━━━━━━━━━━━━┩
    │ input_layer_3 (InputLayer)      │ (None, 28, 28)         │             0 │
    ├─────────────────────────────────┼────────────────────────┼───────────────┤
    │ flatten_3 (Flatten)             │ (None, 784)            │             0 │
    ├─────────────────────────────────┼────────────────────────┼───────────────┤
    │ dense_1 (Dense)                 │ (None, 5)              │         3,925 │
    ├─────────────────────────────────┼────────────────────────┼───────────────┤
    │ act_1 (Activation)              │ (None, 5)              │             0 │
    ├─────────────────────────────────┼────────────────────────┼───────────────┤
    │ dense_2 (Dense)                 │ (None, 8)              │            48 │
    ├─────────────────────────────────┼────────────────────────┼───────────────┤
    │ act_2 (Activation)              │ (None, 8)              │             0 │
    ├─────────────────────────────────┼────────────────────────┼───────────────┤
    │ dense_3 (Dense)                 │ (None, 8)              │            72 │
    ├─────────────────────────────────┼────────────────────────┼───────────────┤
    │ act_3 (Activation)              │ (None, 8)              │             0 │
    ├─────────────────────────────────┼────────────────────────┼───────────────┤
    │ output_layer (Dense)            │ (None, 10)             │            90 │
    ├─────────────────────────────────┼────────────────────────┼───────────────┤
    │ softmax (Activation)            │ (None, 10)             │             0 │
    └─────────────────────────────────┴────────────────────────┴───────────────┘
     Total params: 4,135 (16.15 KB)
     Trainable params: 4,135 (16.15 KB)
     Non-trainable params: 0 (0.00 B)


# # Model Training

In [110]:
    # compile model
    # define optimizer to perform backpropagation, loss function to evaluate loss
    print(tf.config.list_physical_devices())
    
    model.compile(optimizer='adam',
                  loss='sparse_categorical_crossentropy',
                  metrics=['accuracy'])
Out:
    [PhysicalDevice(name='/physical_device:CPU:0', device_type='CPU')]

In [111]:
    # train model with 80% data for training and 20% for validation with specified number of epochs, a small number is recommended (10)
    r= model.fit(data_train, label_train,  validation_split= 0.2, epochs=10)
Out:
    Epoch 1/10
    1500/1500 ━━━━━━━━━━━━━━━━━━━━ 4s 2ms/step - accuracy: 0.7394 - loss: 0.8219 - val_accuracy: 0.8516 - val_loss: 0.5033
    Epoch 2/10
    1500/1500 ━━━━━━━━━━━━━━━━━━━━ 3s 2ms/step - accuracy: 0.8676 - loss: 0.4717 - val_accuracy: 0.8820 - val_loss: 0.4118
    Epoch 3/10
    1500/1500 ━━━━━━━━━━━━━━━━━━━━ 3s 2ms/step - accuracy: 0.8814 - loss: 0.4202 - val_accuracy: 0.8874 - val_loss: 0.3897
    Epoch 4/10
    1500/1500 ━━━━━━━━━━━━━━━━━━━━ 3s 2ms/step - accuracy: 0.8890 - loss: 0.3912 - val_accuracy: 0.8971 - val_loss: 0.3613
    Epoch 5/10
    1500/1500 ━━━━━━━━━━━━━━━━━━━━ 3s 2ms/step - accuracy: 0.8950 - loss: 0.3730 - val_accuracy: 0.8887 - val_loss: 0.3730
    Epoch 6/10
    1500/1500 ━━━━━━━━━━━━━━━━━━━━ 3s 2ms/step - accuracy: 0.8972 - loss: 0.3608 - val_accuracy: 0.8975 - val_loss: 0.3479
    Epoch 7/10
    1500/1500 ━━━━━━━━━━━━━━━━━━━━ 3s 2ms/step - accuracy: 0.8999 - loss: 0.3512 - val_accuracy: 0.9020 - val_loss: 0.3329
    Epoch 8/10
    1500/1500 ━━━━━━━━━━━━━━━━━━━━ 3s 2ms/step - accuracy: 0.9001 - loss: 0.3456 - val_accuracy: 0.9054 - val_loss: 0.3280
    Epoch 9/10
    1500/1500 ━━━━━━━━━━━━━━━━━━━━ 3s 2ms/step - accuracy: 0.9019 - loss: 0.3403 - val_accuracy: 0.8938 - val_loss: 0.3606
    Epoch 10/10
    1500/1500 ━━━━━━━━━━━━━━━━━━━━ 3s 2ms/step - accuracy: 0.9028 - loss: 0.3374 - val_accuracy: 0.9013 - val_loss: 0.3323

In [112]:
    # plot loss
    plt.plot(r.history['loss'],  'o', label='loss')
    plt.plot(r.history['val_loss'],'o', label='val_loss',)
    plt.ylabel('Loss')  # Set the label for the y-axis
    plt.xlabel('Epoch')  # Set the label for the x-axis
    plt.legend()
    plt.show()
Out:
    <Figure size 640x480 with 1 Axes>

In [113]:
    # Plot accuracy
    acc_key     = 'accuracy'     if 'accuracy'     in r.history else 'acc'
    val_acc_key = 'val_accuracy' if 'val_accuracy' in r.history else 'val_acc'
    plt.plot(r.history[acc_key],     'o', label='acc')
    plt.plot(r.history[val_acc_key], 'o', label='val_acc')
    plt.xlabel('epoch')
    plt.ylabel('Acc')
    plt.legend()
    plt.show()
Out:
    <Figure size 640x480 with 1 Axes>

In [114]:
    # Evaluate the model with test dataset - evaluate() returns loss and accuracy
    print("Train Acc", model.evaluate(data_train, label_train)[1])
    acc_floatingpoint =  model.evaluate(data_test, label_test)[1]
    print("Test Acc:",acc_floatingpoint )
Out:
    1875/1875 ━━━━━━━━━━━━━━━━━━━━ 2s 1ms/step - accuracy: 0.9026 - loss: 0.3336
    Train Acc 0.9026333093643188
    313/313 ━━━━━━━━━━━━━━━━━━━━ 1s 1ms/step - accuracy: 0.8992 - loss: 0.3473
    Test Acc: 0.8992000222206116

In [115]:
    # save model weights
    model.save_weights("weights_floatingpoint.weights.h5")

In [116]:
    # observe the statistics of weights, for example in the first layer
    _ = plt.hist((model.get_weights()[0].flatten()), bins = 100)
    plt.xlabel('Weight values')
    plt.ylabel('Number')
Out:
    Text(0, 0.5, 'Number')<Figure size 640x480 with 1 Axes>

In [117]:
    # What can you observe from the distribution of weights?


# # Implement of the trained MLP with numpy

In [118]:
    # implement the dense layer
    def dense_layer(input_mat, input_vec, bias):
        result = np.dot(input_mat, input_vec) + bias
        return result

In [119]:
    # implement the ReLU activation function
    def ReLU_layer(in_activations):
        out_activations = np.zeros(in_activations.shape)
        for i in range(len(in_activations)):
            if in_activations[i] > 0:
                out_activations[i] = in_activations[i]
        return out_activations

In [120]:
    # implement the softmax activation function
    def softmax_layer(in_activations):
        out_activations = np.zeros(in_activations.shape)
        exp_vals = np.exp(in_activations)
        for i in range(len(in_activations)):
           out_activations[i] = exp_vals[i] / exp_vals.sum()
        return out_activations

In [121]:
    # implement your own MLP, the weighs & biases should be extracted by model.get_weights()
    # the softmax layer is not necessary to be implemented
    weights = model.get_weights()  # [W1, b1, W2, b2, W3, b3, W4, b4]
    input_example_np = np.ones([28 * 28])
    output_1 = ReLU_layer(dense_layer(input_example_np, weights[0], weights[1]))
    output_2 = ReLU_layer(dense_layer(output_1,        weights[2], weights[3]))
    output_3 = ReLU_layer(dense_layer(output_2,        weights[4], weights[5]))
    output_4 = softmax_layer(dense_layer(output_3,     weights[6], weights[7]))

In [122]:
    # Display your own results
    output_4
Out:
    array([5.78416768e-30, 1.80039917e-31, 7.68349214e-04, 9.99231651e-01,
           1.47601260e-67, 4.62385263e-17, 2.09291056e-45, 2.33217399e-37,
           1.65501864e-17, 2.40329979e-65])

In [123]:
    # Compare with the reference
    model.predict(tf.ones((1, 28, 28)), steps=1)
Out:
    1/1 ━━━━━━━━━━━━━━━━━━━━ 0s 53ms/step
    array([[5.7841052e-30, 1.8003615e-31, 7.6832558e-04, 9.9923170e-01,
            0.0000000e+00, 4.6238516e-17, 0.0000000e+00, 2.3321100e-37,
            1.6550178e-17, 0.0000000e+00]], dtype=float32)


# # MLP fixed point quantization

In [124]:
    # Quantized the weights and evaluate the best combination of Integer and Fractional parts
    # Compare the inference acc. with TF model
    # Estimate how much memory storage you can save with quantization 

In [125]:
    # function to quantize weights with speficied bit width for integer and fractional part
    def fixP_quantization(input_weight, int_BW, frac_BW):
        resolution_ = 2 ** (-frac_BW)           # smallest representable step
        range_       = 2 ** int_BW               # sign bit included → range is [-range_, range_)
        
        weight = deepcopy(input_weight)
        
        input_weight_clipped    = np.clip(weight, -range_, range_ - resolution_)
        input_weight_quantized  = np.round(input_weight_clipped / resolution_) * resolution_
        
        return input_weight_quantized

In [126]:
    # weight_quantization — try different combinations to explore the accuracy/memory trade-off
    BW_int  = 2   # integer bits (sign bit is separate)
    BW_frac = 5   # fractional bits → total: 1+2+5 = 8-bit fixed point

In [127]:
    weight_quantized = [deepcopy(w) for w in model.get_weights()]

In [128]:
    for i in range(len(weight_quantized)):
        weight_quantized[i] = fixP_quantization(np.copy(weight_quantized[i]), BW_int, BW_frac)

In [129]:
    # plot the quantized weights in the first layer as example and compare with the floating point
    _ = plt.hist((model.get_weights()[0].flatten()), bins = 100, label = 'Weights before quantization', alpha = 1)
    _ = plt.hist((weight_quantized[0].flatten()), bins = 100, label = 'Quantized weights', alpha = 0.8)
    plt.xlabel('Weight values')
    plt.ylabel('Number')
    
    plt.legend()
Out:
    <matplotlib.legend.Legend at 0x7f654d35ec50><Figure size 640x480 with 1 Axes>

In [130]:
    # define the quantized model
    model_quantized = Model(input_layer, output_layer_act)

In [131]:
    # load weights and save
    model_quantized.set_weights(weight_quantized)
    model_quantized.save_weights("weights_q_int{}_frac_{}.weights.h5".format(BW_int, BW_frac))


# # Evaluation of the quantization

In [132]:
    model_quantized.compile(optimizer='adam',
                  loss='sparse_categorical_crossentropy',
                  metrics=['accuracy'])

In [133]:
    # Evaluate the model - evaluate() returns loss and accuracy
    print("Train Acc", model_quantized.evaluate(data_train, label_train)[1])
    acc_quantized = model_quantized.evaluate(data_test, label_test)[1]
    print("Test Acc:", acc_quantized)
Out:
    1875/1875 ━━━━━━━━━━━━━━━━━━━━ 3s 1ms/step - accuracy: 0.8994 - loss: 0.3401
    Train Acc 0.8994333148002625
    313/313 ━━━━━━━━━━━━━━━━━━━━ 1s 1ms/step - accuracy: 0.8972 - loss: 0.3538
    Test Acc: 0.8971999883651733

In [134]:
    # Summary
    # 32 FP numbers utilized in baseline model
    total_bits_quantized = 1 + BW_int + BW_frac  # sign + integer + fractional bits
    saved_memory = 1 - total_bits_quantized / 32
    acc_drop = acc_floatingpoint - acc_quantized

In [135]:
    print("Saved memory: {}% ".format(saved_memory*100))
    print("Accuracy drop: {:.2f}%" .format(acc_drop*100))
Out:
    Saved memory: 75.0% 
    Accuracy drop: 0.20%

