

================================================================
== Vivado HLS Report for 'mlp'
================================================================
* Date:           Thu Sep  3 10:59:52 2026

* Version:        2019.1 (Build 2552052 on Fri May 24 15:28:33 MDT 2019)
* Project:        quantized_mlp
* Solution:       solution1
* Product family: zynquplus
* Target device:  xczu3eg-sbva484-1-i


================================================================
== Performance Estimates
================================================================
+ Timing (ns): 
    * Summary: 
    +--------+-------+----------+------------+
    |  Clock | Target| Estimated| Uncertainty|
    +--------+-------+----------+------------+
    |ap_clk  |  10.00|     8.507|        1.25|
    +--------+-------+----------+------------+

+ Latency (clock cycles): 
    * Summary: 
    +------+------+------+------+---------+
    |   Latency   |   Interval  | Pipeline|
    |  min |  max |  min |  max |   Type  |
    +------+------+------+------+---------+
    |  8645|  8645|  8645|  8645|   none  |
    +------+------+------+------+---------+

    + Detail: 
        * Instance: 
        N/A

        * Loop: 
        +----------------+------+------+----------+-----------+-----------+------+----------+
        |                |   Latency   | Iteration|  Initiation Interval  | Trip |          |
        |    Loop Name   |  min |  max |  Latency |  achieved |   target  | Count| Pipelined|
        +----------------+------+------+----------+-----------+-----------+------+----------+
        |- layer1        |  7855|  7855|      1571|          -|          -|     5|    no    |
        | + neuron_mac   |  1568|  1568|         2|          -|          -|   784|    no    |
        |- layer2        |   104|   104|        13|          -|          -|     8|    no    |
        | + neuron_mac   |    10|    10|         2|          -|          -|     5|    no    |
        |- layer3        |   152|   152|        19|          -|          -|     8|    no    |
        | + neuron_mac   |    16|    16|         2|          -|          -|     8|    no    |
        |- layer4        |   190|   190|        19|          -|          -|    10|    no    |
        | + neuron_mac   |    16|    16|         2|          -|          -|     8|    no    |
        |- Loop 5        |    45|    45|         5|          -|          -|     9|    no    |
        |- softmax_exp   |   170|   170|        17|          -|          -|    10|    no    |
        |- softmax_norm  |   120|   120|        12|          -|          -|    10|    no    |
        +----------------+------+------+----------+-----------+-----------+------+----------+

============================================================
+ Verbose Summary: Synthesis Manager
============================================================
InlineROM: 1
ExposeGlobal: 0
============================================================
+ Verbose Summary: CDFG Model
============================================================
IsTopModel: 1
ResetActiveHigh: 1
IsCombinational: 0
IsDatapathOnly: 0
HasWiredReturn: 1
HasMFsm: 0
HasVarLatency: 1
IsPipeline: 0
IsRtlPipelined: 0
IsInstanceOverlapped: 0
IsDontTouch: 0
HasImplIP: 0
IsGatedGlobalClock: 0


============================================================
+ Verbose Summary: Schedule
============================================================
* Number of FSM states : 53
* Pipeline : 0
* Dataflow Pipeline: 0

* FSM state transitions: 
1 --> 2 
2 --> 3 6 
3 --> 4 
4 --> 5 2 
5 --> 4 
6 --> 7 10 
7 --> 8 
8 --> 9 6 
9 --> 8 
10 --> 11 14 
11 --> 12 
12 --> 13 10 
13 --> 12 
14 --> 15 18 
15 --> 16 
16 --> 17 14 
17 --> 16 
18 --> 19 
19 --> 20 
20 --> 21 25 
21 --> 22 
22 --> 23 
23 --> 24 
24 --> 20 
25 --> 26 42 
26 --> 27 
27 --> 28 
28 --> 29 
29 --> 30 
30 --> 31 
31 --> 32 
32 --> 33 
33 --> 34 
34 --> 35 
35 --> 36 
36 --> 37 
37 --> 38 
38 --> 39 
39 --> 40 
40 --> 41 
41 --> 25 
42 --> 43 
43 --> 44 
44 --> 45 
45 --> 46 
46 --> 47 
47 --> 48 
48 --> 49 
49 --> 50 
50 --> 51 
51 --> 52 
52 --> 53 
53 --> 42 

* FSM state operations: 

State 1 <SV = 0> <Delay = 0.79>
ST_1 : Operation 54 [1/1] (0.00ns)   --->   "call void (...)* @_ssdm_op_SpecBitsMap([784 x i20]* %input_V), !map !88"   --->   Operation 54 'specbitsmap' <Predicate = true> <Delay = 0.00>
ST_1 : Operation 55 [1/1] (0.00ns)   --->   "call void (...)* @_ssdm_op_SpecBitsMap([10 x float]* %output_r), !map !94"   --->   Operation 55 'specbitsmap' <Predicate = true> <Delay = 0.00>
ST_1 : Operation 56 [1/1] (0.00ns)   --->   "call void (...)* @_ssdm_op_SpecTopModule([4 x i8]* @mlp_str) nounwind"   --->   Operation 56 'spectopmodule' <Predicate = true> <Delay = 0.00>
ST_1 : Operation 57 [1/1] (0.79ns)   --->   "%a1_V = alloca [5 x i19], align 4" [quantized_mlp/mlp.cpp:81]   --->   Operation 57 'alloca' 'a1_V' <Predicate = true> <Delay = 0.79> <Core = "RAM">   --->   Core 37 'RAM' <Latency = 1> <II = 1> <Delay = 0.79> <Storage> <Opcode : 'load' 'store'> <Ports = 2> <Width = 32> <Depth = 10> <RAM>
ST_1 : Operation 58 [1/1] (0.79ns)   --->   "%a2_V = alloca [8 x i19], align 4" [quantized_mlp/mlp.cpp:82]   --->   Operation 58 'alloca' 'a2_V' <Predicate = true> <Delay = 0.79> <Core = "RAM">   --->   Core 37 'RAM' <Latency = 1> <II = 1> <Delay = 0.79> <Storage> <Opcode : 'load' 'store'> <Ports = 2> <Width = 32> <Depth = 10> <RAM>
ST_1 : Operation 59 [1/1] (0.79ns)   --->   "%a3_V = alloca [8 x i19], align 4" [quantized_mlp/mlp.cpp:83]   --->   Operation 59 'alloca' 'a3_V' <Predicate = true> <Delay = 0.79> <Core = "RAM">   --->   Core 37 'RAM' <Latency = 1> <II = 1> <Delay = 0.79> <Storage> <Opcode : 'load' 'store'> <Ports = 2> <Width = 32> <Depth = 10> <RAM>
ST_1 : Operation 60 [1/1] (0.79ns)   --->   "%z4_V = alloca [10 x i20], align 4" [quantized_mlp/mlp.cpp:84]   --->   Operation 60 'alloca' 'z4_V' <Predicate = true> <Delay = 0.79> <Core = "RAM">   --->   Core 37 'RAM' <Latency = 1> <II = 1> <Delay = 0.79> <Storage> <Opcode : 'load' 'store'> <Ports = 2> <Width = 32> <Depth = 10> <RAM>
ST_1 : Operation 61 [1/1] (0.79ns)   --->   "%logits = alloca [10 x float], align 16" [quantized_mlp/mlp.cpp:107]   --->   Operation 61 'alloca' 'logits' <Predicate = true> <Delay = 0.79> <Core = "RAM">   --->   Core 37 'RAM' <Latency = 1> <II = 1> <Delay = 0.79> <Storage> <Opcode : 'load' 'store'> <Ports = 2> <Width = 32> <Depth = 10> <RAM>
ST_1 : Operation 62 [1/1] (0.75ns)   --->   "br label %.preheader277" [quantized_mlp/mlp.cpp:88]   --->   Operation 62 'br' <Predicate = true> <Delay = 0.75>

State 2 <SV = 1> <Delay = 1.35>
ST_2 : Operation 63 [1/1] (0.00ns)   --->   "%j_0 = phi i3 [ %j, %neuron.2.exit ], [ 0, %arrayctor.loop1.preheader ]"   --->   Operation 63 'phi' 'j_0' <Predicate = true> <Delay = 0.00>
ST_2 : Operation 64 [1/1] (0.00ns)   --->   "%phi_mul = phi i12 [ %add_ln88, %neuron.2.exit ], [ 0, %arrayctor.loop1.preheader ]" [quantized_mlp/mlp.cpp:88]   --->   Operation 64 'phi' 'phi_mul' <Predicate = true> <Delay = 0.00>
ST_2 : Operation 65 [1/1] (0.96ns)   --->   "%add_ln88 = add i12 %phi_mul, 784" [quantized_mlp/mlp.cpp:88]   --->   Operation 65 'add' 'add_ln88' <Predicate = true> <Delay = 0.96> <Core = "AddSub">   --->   Core 14 'AddSub' <Latency = 0> <II = 1> <Delay = 0.86> <FuncUnit> <Opcode : 'add' 'sub'> <InPorts = 2> <OutPorts = 1>
ST_2 : Operation 66 [1/1] (0.69ns)   --->   "%icmp_ln88 = icmp eq i3 %j_0, -3" [quantized_mlp/mlp.cpp:88]   --->   Operation 66 'icmp' 'icmp_ln88' <Predicate = true> <Delay = 0.69> <Core = "Cmp">   --->   Core 25 'Cmp' <Latency = 0> <II = 1> <Delay = 0.88> <FuncUnit> <Opcode : 'icmp'> <InPorts = 2> <OutPorts = 1>
ST_2 : Operation 67 [1/1] (0.00ns)   --->   "%empty = call i32 (...)* @_ssdm_op_SpecLoopTripCount(i64 5, i64 5, i64 5)"   --->   Operation 67 'speclooptripcount' 'empty' <Predicate = true> <Delay = 0.00>
ST_2 : Operation 68 [1/1] (0.74ns)   --->   "%j = add i3 %j_0, 1" [quantized_mlp/mlp.cpp:88]   --->   Operation 68 'add' 'j' <Predicate = true> <Delay = 0.74> <Core = "AddSub">   --->   Core 14 'AddSub' <Latency = 0> <II = 1> <Delay = 0.86> <FuncUnit> <Opcode : 'add' 'sub'> <InPorts = 2> <OutPorts = 1>
ST_2 : Operation 69 [1/1] (0.00ns)   --->   "br i1 %icmp_ln88, label %.preheader276.preheader, label %0" [quantized_mlp/mlp.cpp:88]   --->   Operation 69 'br' <Predicate = true> <Delay = 0.00>
ST_2 : Operation 70 [1/1] (0.00ns)   --->   "%zext_ln89 = zext i3 %j_0 to i64" [quantized_mlp/mlp.cpp:89]   --->   Operation 70 'zext' 'zext_ln89' <Predicate = (!icmp_ln88)> <Delay = 0.00>
ST_2 : Operation 71 [1/1] (0.00ns)   --->   "%B1_V_addr = getelementptr [5 x i13]* @B1_V, i64 0, i64 %zext_ln89" [quantized_mlp/mlp.cpp:89]   --->   Operation 71 'getelementptr' 'B1_V_addr' <Predicate = (!icmp_ln88)> <Delay = 0.00>
ST_2 : Operation 72 [2/2] (1.35ns)   --->   "%acc_V = load i13* %B1_V_addr, align 2" [quantized_mlp/mlp.cpp:89]   --->   Operation 72 'load' 'acc_V' <Predicate = (!icmp_ln88)> <Delay = 1.35> <Core = "ROM_nP">   --->   Core 52 'ROM_nP' <Latency = 1> <II = 1> <Delay = 1.35> <Storage> <Opcode : 'load'> <Ports = 0> <Width = 16> <Depth = 80> <ROM>
ST_2 : Operation 73 [1/1] (0.75ns)   --->   "br label %.preheader276" [quantized_mlp/mlp.cpp:93]   --->   Operation 73 'br' <Predicate = (icmp_ln88)> <Delay = 0.75>

State 3 <SV = 2> <Delay = 1.35>
ST_3 : Operation 74 [1/1] (0.00ns)   --->   "call void (...)* @_ssdm_op_SpecLoopName([7 x i8]* @p_str8) nounwind" [quantized_mlp/mlp.cpp:89]   --->   Operation 74 'specloopname' <Predicate = true> <Delay = 0.00>
ST_3 : Operation 75 [1/2] (1.35ns)   --->   "%acc_V = load i13* %B1_V_addr, align 2" [quantized_mlp/mlp.cpp:89]   --->   Operation 75 'load' 'acc_V' <Predicate = true> <Delay = 1.35> <Core = "ROM_nP">   --->   Core 52 'ROM_nP' <Latency = 1> <II = 1> <Delay = 1.35> <Storage> <Opcode : 'load'> <Ports = 0> <Width = 16> <Depth = 80> <ROM>
ST_3 : Operation 76 [1/1] (0.00ns)   --->   "%zext_ln89_1 = zext i13 %acc_V to i20" [quantized_mlp/mlp.cpp:89]   --->   Operation 76 'zext' 'zext_ln89_1' <Predicate = true> <Delay = 0.00>
ST_3 : Operation 77 [1/1] (0.75ns)   --->   "br label %1" [quantized_mlp/mlp.cpp:68->quantized_mlp/mlp.cpp:89]   --->   Operation 77 'br' <Predicate = true> <Delay = 0.75>

State 4 <SV = 3> <Delay = 2.31>
ST_4 : Operation 78 [1/1] (0.00ns)   --->   "%p_Val2_1 = phi i20 [ %zext_ln89_1, %0 ], [ %acc_V_2, %_ZN13ap_fixed_baseILi41ELi13ELb1EL9ap_q_mode5EL9ap_o_mode3ELi0EEC1ILi20ELi6ELb1ELS0_5ELS1_3ELi0EEERKS_IXT_EXT0_EXT1_EXT2_EXT3_EXT4_EE.exit.i.i.i ]"   --->   Operation 78 'phi' 'p_Val2_1' <Predicate = true> <Delay = 0.00>
ST_4 : Operation 79 [1/1] (0.00ns)   --->   "%i_0_i = phi i10 [ 0, %0 ], [ %i, %_ZN13ap_fixed_baseILi41ELi13ELb1EL9ap_q_mode5EL9ap_o_mode3ELi0EEC1ILi20ELi6ELb1ELS0_5ELS1_3ELi0EEERKS_IXT_EXT0_EXT1_EXT2_EXT3_EXT4_EE.exit.i.i.i ]"   --->   Operation 79 'phi' 'i_0_i' <Predicate = true> <Delay = 0.00>
ST_4 : Operation 80 [1/1] (0.00ns)   --->   "%empty_15 = call i32 (...)* @_ssdm_op_SpecLoopTripCount(i64 784, i64 784, i64 784)"   --->   Operation 80 'speclooptripcount' 'empty_15' <Predicate = true> <Delay = 0.00>
ST_4 : Operation 81 [1/1] (0.85ns)   --->   "%icmp_ln68 = icmp eq i10 %i_0_i, -240" [quantized_mlp/mlp.cpp:68->quantized_mlp/mlp.cpp:89]   --->   Operation 81 'icmp' 'icmp_ln68' <Predicate = true> <Delay = 0.85> <Core = "Cmp">   --->   Core 25 'Cmp' <Latency = 0> <II = 1> <Delay = 0.88> <FuncUnit> <Opcode : 'icmp'> <InPorts = 2> <OutPorts = 1>
ST_4 : Operation 82 [1/1] (0.93ns)   --->   "%i = add i10 %i_0_i, 1" [quantized_mlp/mlp.cpp:68->quantized_mlp/mlp.cpp:89]   --->   Operation 82 'add' 'i' <Predicate = true> <Delay = 0.93> <Core = "AddSub">   --->   Core 14 'AddSub' <Latency = 0> <II = 1> <Delay = 0.86> <FuncUnit> <Opcode : 'add' 'sub'> <InPorts = 2> <OutPorts = 1>
ST_4 : Operation 83 [1/1] (0.00ns)   --->   "br i1 %icmp_ln68, label %neuron.2.exit, label %_ZN13ap_fixed_baseILi41ELi13ELb1EL9ap_q_mode5EL9ap_o_mode3ELi0EEC1ILi20ELi6ELb1ELS0_5ELS1_3ELi0EEERKS_IXT_EXT0_EXT1_EXT2_EXT3_EXT4_EE.exit.i.i.i" [quantized_mlp/mlp.cpp:68->quantized_mlp/mlp.cpp:89]   --->   Operation 83 'br' <Predicate = true> <Delay = 0.00>
ST_4 : Operation 84 [1/1] (0.00ns)   --->   "%zext_ln69 = zext i10 %i_0_i to i64" [quantized_mlp/mlp.cpp:69->quantized_mlp/mlp.cpp:89]   --->   Operation 84 'zext' 'zext_ln69' <Predicate = (!icmp_ln68)> <Delay = 0.00>
ST_4 : Operation 85 [1/1] (0.00ns)   --->   "%zext_ln1117_2 = zext i10 %i_0_i to i12" [quantized_mlp/mlp.cpp:69->quantized_mlp/mlp.cpp:89]   --->   Operation 85 'zext' 'zext_ln1117_2' <Predicate = (!icmp_ln68)> <Delay = 0.00>
ST_4 : Operation 86 [1/1] (0.96ns)   --->   "%add_ln1117_1 = add i12 %zext_ln1117_2, %phi_mul" [quantized_mlp/mlp.cpp:69->quantized_mlp/mlp.cpp:89]   --->   Operation 86 'add' 'add_ln1117_1' <Predicate = (!icmp_ln68)> <Delay = 0.96> <Core = "AddSub">   --->   Core 14 'AddSub' <Latency = 0> <II = 1> <Delay = 0.86> <FuncUnit> <Opcode : 'add' 'sub'> <InPorts = 2> <OutPorts = 1>
ST_4 : Operation 87 [1/1] (0.00ns)   --->   "%zext_ln1117_3 = zext i12 %add_ln1117_1 to i64" [quantized_mlp/mlp.cpp:69->quantized_mlp/mlp.cpp:89]   --->   Operation 87 'zext' 'zext_ln1117_3' <Predicate = (!icmp_ln68)> <Delay = 0.00>
ST_4 : Operation 88 [1/1] (0.00ns)   --->   "%W1_V_addr = getelementptr [3920 x i16]* @W1_V, i64 0, i64 %zext_ln1117_3" [quantized_mlp/mlp.cpp:69->quantized_mlp/mlp.cpp:89]   --->   Operation 88 'getelementptr' 'W1_V_addr' <Predicate = (!icmp_ln68)> <Delay = 0.00>
ST_4 : Operation 89 [1/1] (0.00ns)   --->   "%input_V_addr = getelementptr [784 x i20]* %input_V, i64 0, i64 %zext_ln69" [quantized_mlp/mlp.cpp:69->quantized_mlp/mlp.cpp:89]   --->   Operation 89 'getelementptr' 'input_V_addr' <Predicate = (!icmp_ln68)> <Delay = 0.00>
ST_4 : Operation 90 [2/2] (1.35ns)   --->   "%input_V_load = load i20* %input_V_addr, align 4" [quantized_mlp/mlp.cpp:69->quantized_mlp/mlp.cpp:89]   --->   Operation 90 'load' 'input_V_load' <Predicate = (!icmp_ln68)> <Delay = 1.35> <Core = "RAM">   --->   Core 37 'RAM' <Latency = 1> <II = 1> <Delay = 0.79> <Storage> <Opcode : 'load' 'store'> <Ports = 2> <Width = 32> <Depth = 10> <RAM>
ST_4 : Operation 91 [2/2] (1.35ns)   --->   "%W1_V_load = load i16* %W1_V_addr, align 2" [quantized_mlp/mlp.cpp:69->quantized_mlp/mlp.cpp:89]   --->   Operation 91 'load' 'W1_V_load' <Predicate = (!icmp_ln68)> <Delay = 1.35> <Core = "ROM_nP">   --->   Core 52 'ROM_nP' <Latency = 1> <II = 1> <Delay = 1.35> <Storage> <Opcode : 'load'> <Ports = 0> <Width = 16> <Depth = 80> <ROM>
ST_4 : Operation 92 [1/1] (0.00ns)   --->   "%empty_16 = trunc i20 %p_Val2_1 to i19" [quantized_mlp/mlp.cpp:89]   --->   Operation 92 'trunc' 'empty_16' <Predicate = (icmp_ln68)> <Delay = 0.00>
ST_4 : Operation 93 [1/1] (0.00ns)   --->   "%tmp_10 = call i1 @_ssdm_op_BitSelect.i1.i20.i32(i20 %p_Val2_1, i32 19)" [quantized_mlp/mlp.cpp:72->quantized_mlp/mlp.cpp:89]   --->   Operation 93 'bitselect' 'tmp_10' <Predicate = (icmp_ln68)> <Delay = 0.00>
ST_4 : Operation 94 [1/1] (0.43ns)   --->   "%p_Val2_s = select i1 %tmp_10, i19 0, i19 %empty_16" [quantized_mlp/mlp.cpp:72->quantized_mlp/mlp.cpp:89]   --->   Operation 94 'select' 'p_Val2_s' <Predicate = (icmp_ln68)> <Delay = 0.43> <Core = "Sel">   --->   Core 26 'Sel' <Latency = 0> <II = 1> <Delay = 0.52> <FuncUnit> <Opcode : 'select'> <InPorts = 3> <OutPorts = 1>
ST_4 : Operation 95 [1/1] (0.00ns)   --->   "%a1_V_addr = getelementptr [5 x i19]* %a1_V, i64 0, i64 %zext_ln89" [quantized_mlp/mlp.cpp:89]   --->   Operation 95 'getelementptr' 'a1_V_addr' <Predicate = (icmp_ln68)> <Delay = 0.00>
ST_4 : Operation 96 [1/1] (0.79ns)   --->   "store i19 %p_Val2_s, i19* %a1_V_addr, align 4" [quantized_mlp/mlp.cpp:89]   --->   Operation 96 'store' <Predicate = (icmp_ln68)> <Delay = 0.79> <Core = "RAM">   --->   Core 37 'RAM' <Latency = 1> <II = 1> <Delay = 0.79> <Storage> <Opcode : 'load' 'store'> <Ports = 2> <Width = 32> <Depth = 10> <RAM>
ST_4 : Operation 97 [1/1] (0.00ns)   --->   "br label %.preheader277" [quantized_mlp/mlp.cpp:88]   --->   Operation 97 'br' <Predicate = (icmp_ln68)> <Delay = 0.00>

State 5 <SV = 4> <Delay = 4.19>
ST_5 : Operation 98 [1/1] (0.00ns)   --->   "call void (...)* @_ssdm_op_SpecLoopName([11 x i8]* @p_str) nounwind" [quantized_mlp/mlp.cpp:68->quantized_mlp/mlp.cpp:89]   --->   Operation 98 'specloopname' <Predicate = true> <Delay = 0.00>
ST_5 : Operation 99 [1/2] (1.35ns)   --->   "%input_V_load = load i20* %input_V_addr, align 4" [quantized_mlp/mlp.cpp:69->quantized_mlp/mlp.cpp:89]   --->   Operation 99 'load' 'input_V_load' <Predicate = true> <Delay = 1.35> <Core = "RAM">   --->   Core 37 'RAM' <Latency = 1> <II = 1> <Delay = 0.79> <Storage> <Opcode : 'load' 'store'> <Ports = 2> <Width = 32> <Depth = 10> <RAM>
ST_5 : Operation 100 [1/1] (0.00ns)   --->   "%sext_ln1192 = sext i20 %input_V_load to i34" [quantized_mlp/mlp.cpp:69->quantized_mlp/mlp.cpp:89]   --->   Operation 100 'sext' 'sext_ln1192' <Predicate = true> <Delay = 0.00>
ST_5 : Operation 101 [1/2] (1.35ns)   --->   "%W1_V_load = load i16* %W1_V_addr, align 2" [quantized_mlp/mlp.cpp:69->quantized_mlp/mlp.cpp:89]   --->   Operation 101 'load' 'W1_V_load' <Predicate = true> <Delay = 1.35> <Core = "ROM_nP">   --->   Core 52 'ROM_nP' <Latency = 1> <II = 1> <Delay = 1.35> <Storage> <Opcode : 'load'> <Ports = 0> <Width = 16> <Depth = 80> <ROM>
ST_5 : Operation 102 [1/1] (0.00ns)   --->   "%sext_ln1192_1 = sext i16 %W1_V_load to i34" [quantized_mlp/mlp.cpp:69->quantized_mlp/mlp.cpp:89]   --->   Operation 102 'sext' 'sext_ln1192_1' <Predicate = true> <Delay = 0.00>
ST_5 : Operation 103 [1/1] (0.63ns) (grouped into DSP with root node ret_V)   --->   "%mul_ln1192 = mul i34 %sext_ln1192, %sext_ln1192_1" [quantized_mlp/mlp.cpp:69->quantized_mlp/mlp.cpp:89]   --->   Operation 103 'mul' 'mul_ln1192' <Predicate = true> <Delay = 0.63> <Core = "DSP48">   --->   Core 88 'DSP48' <Latency = 0> <II = 1> <Delay = 2.84> <IPBlock> <Opcode : 'mul' 'add' 'sub' 'select'> <InPorts = 2> <OutPorts = 1> <Sync> <CReg>
ST_5 : Operation 104 [1/1] (0.00ns)   --->   "%lhs_V = call i34 @_ssdm_op_BitConcatenate.i34.i20.i14(i20 %p_Val2_1, i14 0)" [quantized_mlp/mlp.cpp:69->quantized_mlp/mlp.cpp:89]   --->   Operation 104 'bitconcatenate' 'lhs_V' <Predicate = true> <Delay = 0.00>
ST_5 : Operation 105 [1/1] (2.20ns) (root node of the DSP)   --->   "%ret_V = add i34 %lhs_V, %mul_ln1192" [quantized_mlp/mlp.cpp:69->quantized_mlp/mlp.cpp:89]   --->   Operation 105 'add' 'ret_V' <Predicate = true> <Delay = 2.20> <Core = "DSP48">   --->   Core 88 'DSP48' <Latency = 0> <II = 1> <Delay = 2.84> <IPBlock> <Opcode : 'mul' 'add' 'sub' 'select'> <InPorts = 2> <OutPorts = 1> <Sync> <CReg>
ST_5 : Operation 106 [1/1] (0.00ns)   --->   "%acc_V_2 = call i20 @_ssdm_op_PartSelect.i20.i34.i32.i32(i34 %ret_V, i32 14, i32 33)" [quantized_mlp/mlp.cpp:69->quantized_mlp/mlp.cpp:89]   --->   Operation 106 'partselect' 'acc_V_2' <Predicate = true> <Delay = 0.00>
ST_5 : Operation 107 [1/1] (0.00ns)   --->   "br label %1" [quantized_mlp/mlp.cpp:68->quantized_mlp/mlp.cpp:89]   --->   Operation 107 'br' <Predicate = true> <Delay = 0.00>

State 6 <SV = 2> <Delay = 1.35>
ST_6 : Operation 108 [1/1] (0.00ns)   --->   "%j4_0 = phi i4 [ %j_1, %neuron.1.exit ], [ 0, %.preheader276.preheader ]"   --->   Operation 108 'phi' 'j4_0' <Predicate = true> <Delay = 0.00>
ST_6 : Operation 109 [1/1] (0.88ns)   --->   "%icmp_ln93 = icmp eq i4 %j4_0, -8" [quantized_mlp/mlp.cpp:93]   --->   Operation 109 'icmp' 'icmp_ln93' <Predicate = true> <Delay = 0.88> <Core = "Cmp">   --->   Core 25 'Cmp' <Latency = 0> <II = 1> <Delay = 0.88> <FuncUnit> <Opcode : 'icmp'> <InPorts = 2> <OutPorts = 1>
ST_6 : Operation 110 [1/1] (0.00ns)   --->   "%empty_17 = call i32 (...)* @_ssdm_op_SpecLoopTripCount(i64 8, i64 8, i64 8)"   --->   Operation 110 'speclooptripcount' 'empty_17' <Predicate = true> <Delay = 0.00>
ST_6 : Operation 111 [1/1] (0.86ns)   --->   "%j_1 = add i4 %j4_0, 1" [quantized_mlp/mlp.cpp:93]   --->   Operation 111 'add' 'j_1' <Predicate = true> <Delay = 0.86> <Core = "AddSub">   --->   Core 14 'AddSub' <Latency = 0> <II = 1> <Delay = 0.86> <FuncUnit> <Opcode : 'add' 'sub'> <InPorts = 2> <OutPorts = 1>
ST_6 : Operation 112 [1/1] (0.00ns)   --->   "br i1 %icmp_ln93, label %.preheader275.preheader, label %2" [quantized_mlp/mlp.cpp:93]   --->   Operation 112 'br' <Predicate = true> <Delay = 0.00>
ST_6 : Operation 113 [1/1] (0.00ns)   --->   "%zext_ln94 = zext i4 %j4_0 to i64" [quantized_mlp/mlp.cpp:94]   --->   Operation 113 'zext' 'zext_ln94' <Predicate = (!icmp_ln93)> <Delay = 0.00>
ST_6 : Operation 114 [1/1] (0.00ns)   --->   "%B2_V_addr = getelementptr [8 x i15]* @B2_V, i64 0, i64 %zext_ln94" [quantized_mlp/mlp.cpp:94]   --->   Operation 114 'getelementptr' 'B2_V_addr' <Predicate = (!icmp_ln93)> <Delay = 0.00>
ST_6 : Operation 115 [2/2] (1.35ns)   --->   "%acc_V_1 = load i15* %B2_V_addr, align 2" [quantized_mlp/mlp.cpp:94]   --->   Operation 115 'load' 'acc_V_1' <Predicate = (!icmp_ln93)> <Delay = 1.35> <Core = "ROM_nP">   --->   Core 52 'ROM_nP' <Latency = 1> <II = 1> <Delay = 1.35> <Storage> <Opcode : 'load'> <Ports = 0> <Width = 16> <Depth = 80> <ROM>
ST_6 : Operation 116 [1/1] (0.75ns)   --->   "br label %.preheader275" [quantized_mlp/mlp.cpp:98]   --->   Operation 116 'br' <Predicate = (icmp_ln93)> <Delay = 0.75>

State 7 <SV = 3> <Delay = 1.35>
ST_7 : Operation 117 [1/1] (0.00ns)   --->   "call void (...)* @_ssdm_op_SpecLoopName([7 x i8]* @p_str9) nounwind" [quantized_mlp/mlp.cpp:94]   --->   Operation 117 'specloopname' <Predicate = true> <Delay = 0.00>
ST_7 : Operation 118 [1/1] (0.00ns)   --->   "%zext_ln1117 = zext i4 %j4_0 to i7" [quantized_mlp/mlp.cpp:69->quantized_mlp/mlp.cpp:94]   --->   Operation 118 'zext' 'zext_ln1117' <Predicate = true> <Delay = 0.00>
ST_7 : Operation 119 [1/1] (0.00ns)   --->   "%tmp_7 = call i6 @_ssdm_op_BitConcatenate.i6.i4.i2(i4 %j4_0, i2 0)" [quantized_mlp/mlp.cpp:69->quantized_mlp/mlp.cpp:94]   --->   Operation 119 'bitconcatenate' 'tmp_7' <Predicate = true> <Delay = 0.00>
ST_7 : Operation 120 [1/1] (0.00ns)   --->   "%zext_ln1117_1 = zext i6 %tmp_7 to i7" [quantized_mlp/mlp.cpp:69->quantized_mlp/mlp.cpp:94]   --->   Operation 120 'zext' 'zext_ln1117_1' <Predicate = true> <Delay = 0.00>
ST_7 : Operation 121 [1/1] (0.88ns)   --->   "%add_ln1117 = add i7 %zext_ln1117, %zext_ln1117_1" [quantized_mlp/mlp.cpp:69->quantized_mlp/mlp.cpp:94]   --->   Operation 121 'add' 'add_ln1117' <Predicate = true> <Delay = 0.88> <Core = "AddSub">   --->   Core 14 'AddSub' <Latency = 0> <II = 1> <Delay = 0.86> <FuncUnit> <Opcode : 'add' 'sub'> <InPorts = 2> <OutPorts = 1>
ST_7 : Operation 122 [1/2] (1.35ns)   --->   "%acc_V_1 = load i15* %B2_V_addr, align 2" [quantized_mlp/mlp.cpp:94]   --->   Operation 122 'load' 'acc_V_1' <Predicate = true> <Delay = 1.35> <Core = "ROM_nP">   --->   Core 52 'ROM_nP' <Latency = 1> <II = 1> <Delay = 1.35> <Storage> <Opcode : 'load'> <Ports = 0> <Width = 16> <Depth = 80> <ROM>
ST_7 : Operation 123 [1/1] (0.00ns)   --->   "%sext_ln94 = sext i15 %acc_V_1 to i20" [quantized_mlp/mlp.cpp:94]   --->   Operation 123 'sext' 'sext_ln94' <Predicate = true> <Delay = 0.00>
ST_7 : Operation 124 [1/1] (0.75ns)   --->   "br label %3" [quantized_mlp/mlp.cpp:68->quantized_mlp/mlp.cpp:94]   --->   Operation 124 'br' <Predicate = true> <Delay = 0.75>

State 8 <SV = 4> <Delay = 2.24>
ST_8 : Operation 125 [1/1] (0.00ns)   --->   "%p_Val2_4 = phi i20 [ %sext_ln94, %2 ], [ %acc_V_4, %_ZN13ap_fixed_baseILi41ELi13ELb1EL9ap_q_mode5EL9ap_o_mode3ELi0EEC1ILi20ELi6ELb1ELS0_5ELS1_3ELi0EEERKS_IXT_EXT0_EXT1_EXT2_EXT3_EXT4_EE.exit.i.i.i23 ]"   --->   Operation 125 'phi' 'p_Val2_4' <Predicate = true> <Delay = 0.00>
ST_8 : Operation 126 [1/1] (0.00ns)   --->   "%i_0_i10 = phi i3 [ 0, %2 ], [ %i_1, %_ZN13ap_fixed_baseILi41ELi13ELb1EL9ap_q_mode5EL9ap_o_mode3ELi0EEC1ILi20ELi6ELb1ELS0_5ELS1_3ELi0EEERKS_IXT_EXT0_EXT1_EXT2_EXT3_EXT4_EE.exit.i.i.i23 ]"   --->   Operation 126 'phi' 'i_0_i10' <Predicate = true> <Delay = 0.00>
ST_8 : Operation 127 [1/1] (0.00ns)   --->   "%empty_18 = call i32 (...)* @_ssdm_op_SpecLoopTripCount(i64 5, i64 5, i64 5)"   --->   Operation 127 'speclooptripcount' 'empty_18' <Predicate = true> <Delay = 0.00>
ST_8 : Operation 128 [1/1] (0.69ns)   --->   "%icmp_ln68_1 = icmp eq i3 %i_0_i10, -3" [quantized_mlp/mlp.cpp:68->quantized_mlp/mlp.cpp:94]   --->   Operation 128 'icmp' 'icmp_ln68_1' <Predicate = true> <Delay = 0.69> <Core = "Cmp">   --->   Core 25 'Cmp' <Latency = 0> <II = 1> <Delay = 0.88> <FuncUnit> <Opcode : 'icmp'> <InPorts = 2> <OutPorts = 1>
ST_8 : Operation 129 [1/1] (0.74ns)   --->   "%i_1 = add i3 %i_0_i10, 1" [quantized_mlp/mlp.cpp:68->quantized_mlp/mlp.cpp:94]   --->   Operation 129 'add' 'i_1' <Predicate = true> <Delay = 0.74> <Core = "AddSub">   --->   Core 14 'AddSub' <Latency = 0> <II = 1> <Delay = 0.86> <FuncUnit> <Opcode : 'add' 'sub'> <InPorts = 2> <OutPorts = 1>
ST_8 : Operation 130 [1/1] (0.00ns)   --->   "br i1 %icmp_ln68_1, label %neuron.1.exit, label %_ZN13ap_fixed_baseILi41ELi13ELb1EL9ap_q_mode5EL9ap_o_mode3ELi0EEC1ILi20ELi6ELb1ELS0_5ELS1_3ELi0EEERKS_IXT_EXT0_EXT1_EXT2_EXT3_EXT4_EE.exit.i.i.i23" [quantized_mlp/mlp.cpp:68->quantized_mlp/mlp.cpp:94]   --->   Operation 130 'br' <Predicate = true> <Delay = 0.00>
ST_8 : Operation 131 [1/1] (0.00ns)   --->   "%zext_ln69_1 = zext i3 %i_0_i10 to i64" [quantized_mlp/mlp.cpp:69->quantized_mlp/mlp.cpp:94]   --->   Operation 131 'zext' 'zext_ln69_1' <Predicate = (!icmp_ln68_1)> <Delay = 0.00>
ST_8 : Operation 132 [1/1] (0.00ns)   --->   "%zext_ln1117_4 = zext i3 %i_0_i10 to i7" [quantized_mlp/mlp.cpp:69->quantized_mlp/mlp.cpp:94]   --->   Operation 132 'zext' 'zext_ln1117_4' <Predicate = (!icmp_ln68_1)> <Delay = 0.00>
ST_8 : Operation 133 [1/1] (0.89ns)   --->   "%add_ln1117_2 = add i7 %zext_ln1117_4, %add_ln1117" [quantized_mlp/mlp.cpp:69->quantized_mlp/mlp.cpp:94]   --->   Operation 133 'add' 'add_ln1117_2' <Predicate = (!icmp_ln68_1)> <Delay = 0.89> <Core = "AddSub">   --->   Core 14 'AddSub' <Latency = 0> <II = 1> <Delay = 0.86> <FuncUnit> <Opcode : 'add' 'sub'> <InPorts = 2> <OutPorts = 1>
ST_8 : Operation 134 [1/1] (0.00ns)   --->   "%zext_ln1117_5 = zext i7 %add_ln1117_2 to i64" [quantized_mlp/mlp.cpp:69->quantized_mlp/mlp.cpp:94]   --->   Operation 134 'zext' 'zext_ln1117_5' <Predicate = (!icmp_ln68_1)> <Delay = 0.00>
ST_8 : Operation 135 [1/1] (0.00ns)   --->   "%W2_V_addr = getelementptr [40 x i16]* @W2_V, i64 0, i64 %zext_ln1117_5" [quantized_mlp/mlp.cpp:69->quantized_mlp/mlp.cpp:94]   --->   Operation 135 'getelementptr' 'W2_V_addr' <Predicate = (!icmp_ln68_1)> <Delay = 0.00>
ST_8 : Operation 136 [1/1] (0.00ns)   --->   "%a1_V_addr_1 = getelementptr [5 x i19]* %a1_V, i64 0, i64 %zext_ln69_1" [quantized_mlp/mlp.cpp:69->quantized_mlp/mlp.cpp:94]   --->   Operation 136 'getelementptr' 'a1_V_addr_1' <Predicate = (!icmp_ln68_1)> <Delay = 0.00>
ST_8 : Operation 137 [2/2] (0.79ns)   --->   "%a1_V_load = load i19* %a1_V_addr_1, align 4" [quantized_mlp/mlp.cpp:69->quantized_mlp/mlp.cpp:94]   --->   Operation 137 'load' 'a1_V_load' <Predicate = (!icmp_ln68_1)> <Delay = 0.79> <Core = "RAM">   --->   Core 37 'RAM' <Latency = 1> <II = 1> <Delay = 0.79> <Storage> <Opcode : 'load' 'store'> <Ports = 2> <Width = 32> <Depth = 10> <RAM>
ST_8 : Operation 138 [2/2] (1.35ns)   --->   "%W2_V_load = load i16* %W2_V_addr, align 2" [quantized_mlp/mlp.cpp:69->quantized_mlp/mlp.cpp:94]   --->   Operation 138 'load' 'W2_V_load' <Predicate = (!icmp_ln68_1)> <Delay = 1.35> <Core = "ROM_nP">   --->   Core 52 'ROM_nP' <Latency = 1> <II = 1> <Delay = 1.35> <Storage> <Opcode : 'load'> <Ports = 0> <Width = 16> <Depth = 80> <ROM>
ST_8 : Operation 139 [1/1] (0.00ns)   --->   "%empty_19 = trunc i20 %p_Val2_4 to i19" [quantized_mlp/mlp.cpp:94]   --->   Operation 139 'trunc' 'empty_19' <Predicate = (icmp_ln68_1)> <Delay = 0.00>
ST_8 : Operation 140 [1/1] (0.00ns)   --->   "%tmp_11 = call i1 @_ssdm_op_BitSelect.i1.i20.i32(i20 %p_Val2_4, i32 19)" [quantized_mlp/mlp.cpp:72->quantized_mlp/mlp.cpp:94]   --->   Operation 140 'bitselect' 'tmp_11' <Predicate = (icmp_ln68_1)> <Delay = 0.00>
ST_8 : Operation 141 [1/1] (0.43ns)   --->   "%p_Val2_3 = select i1 %tmp_11, i19 0, i19 %empty_19" [quantized_mlp/mlp.cpp:72->quantized_mlp/mlp.cpp:94]   --->   Operation 141 'select' 'p_Val2_3' <Predicate = (icmp_ln68_1)> <Delay = 0.43> <Core = "Sel">   --->   Core 26 'Sel' <Latency = 0> <II = 1> <Delay = 0.52> <FuncUnit> <Opcode : 'select'> <InPorts = 3> <OutPorts = 1>
ST_8 : Operation 142 [1/1] (0.00ns)   --->   "%a2_V_addr = getelementptr [8 x i19]* %a2_V, i64 0, i64 %zext_ln94" [quantized_mlp/mlp.cpp:94]   --->   Operation 142 'getelementptr' 'a2_V_addr' <Predicate = (icmp_ln68_1)> <Delay = 0.00>
ST_8 : Operation 143 [1/1] (0.79ns)   --->   "store i19 %p_Val2_3, i19* %a2_V_addr, align 4" [quantized_mlp/mlp.cpp:94]   --->   Operation 143 'store' <Predicate = (icmp_ln68_1)> <Delay = 0.79> <Core = "RAM">   --->   Core 37 'RAM' <Latency = 1> <II = 1> <Delay = 0.79> <Storage> <Opcode : 'load' 'store'> <Ports = 2> <Width = 32> <Depth = 10> <RAM>
ST_8 : Operation 144 [1/1] (0.00ns)   --->   "br label %.preheader276" [quantized_mlp/mlp.cpp:93]   --->   Operation 144 'br' <Predicate = (icmp_ln68_1)> <Delay = 0.00>

State 9 <SV = 5> <Delay = 4.19>
ST_9 : Operation 145 [1/1] (0.00ns)   --->   "call void (...)* @_ssdm_op_SpecLoopName([11 x i8]* @p_str) nounwind" [quantized_mlp/mlp.cpp:68->quantized_mlp/mlp.cpp:94]   --->   Operation 145 'specloopname' <Predicate = true> <Delay = 0.00>
ST_9 : Operation 146 [1/2] (0.79ns)   --->   "%a1_V_load = load i19* %a1_V_addr_1, align 4" [quantized_mlp/mlp.cpp:69->quantized_mlp/mlp.cpp:94]   --->   Operation 146 'load' 'a1_V_load' <Predicate = true> <Delay = 0.79> <Core = "RAM">   --->   Core 37 'RAM' <Latency = 1> <II = 1> <Delay = 0.79> <Storage> <Opcode : 'load' 'store'> <Ports = 2> <Width = 32> <Depth = 10> <RAM>
ST_9 : Operation 147 [1/1] (0.00ns)   --->   "%zext_ln1192 = zext i19 %a1_V_load to i34" [quantized_mlp/mlp.cpp:69->quantized_mlp/mlp.cpp:94]   --->   Operation 147 'zext' 'zext_ln1192' <Predicate = true> <Delay = 0.00>
ST_9 : Operation 148 [1/2] (1.35ns)   --->   "%W2_V_load = load i16* %W2_V_addr, align 2" [quantized_mlp/mlp.cpp:69->quantized_mlp/mlp.cpp:94]   --->   Operation 148 'load' 'W2_V_load' <Predicate = true> <Delay = 1.35> <Core = "ROM_nP">   --->   Core 52 'ROM_nP' <Latency = 1> <II = 1> <Delay = 1.35> <Storage> <Opcode : 'load'> <Ports = 0> <Width = 16> <Depth = 80> <ROM>
ST_9 : Operation 149 [1/1] (0.00ns)   --->   "%sext_ln1192_2 = sext i16 %W2_V_load to i34" [quantized_mlp/mlp.cpp:69->quantized_mlp/mlp.cpp:94]   --->   Operation 149 'sext' 'sext_ln1192_2' <Predicate = true> <Delay = 0.00>
ST_9 : Operation 150 [1/1] (0.63ns) (grouped into DSP with root node ret_V_1)   --->   "%mul_ln1192_1 = mul i34 %zext_ln1192, %sext_ln1192_2" [quantized_mlp/mlp.cpp:69->quantized_mlp/mlp.cpp:94]   --->   Operation 150 'mul' 'mul_ln1192_1' <Predicate = true> <Delay = 0.63> <Core = "DSP48">   --->   Core 88 'DSP48' <Latency = 0> <II = 1> <Delay = 2.84> <IPBlock> <Opcode : 'mul' 'add' 'sub' 'select'> <InPorts = 2> <OutPorts = 1> <Sync> <CReg>
ST_9 : Operation 151 [1/1] (0.00ns)   --->   "%lhs_V_1 = call i34 @_ssdm_op_BitConcatenate.i34.i20.i14(i20 %p_Val2_4, i14 0)" [quantized_mlp/mlp.cpp:69->quantized_mlp/mlp.cpp:94]   --->   Operation 151 'bitconcatenate' 'lhs_V_1' <Predicate = true> <Delay = 0.00>
ST_9 : Operation 152 [1/1] (2.20ns) (root node of the DSP)   --->   "%ret_V_1 = add i34 %lhs_V_1, %mul_ln1192_1" [quantized_mlp/mlp.cpp:69->quantized_mlp/mlp.cpp:94]   --->   Operation 152 'add' 'ret_V_1' <Predicate = true> <Delay = 2.20> <Core = "DSP48">   --->   Core 88 'DSP48' <Latency = 0> <II = 1> <Delay = 2.84> <IPBlock> <Opcode : 'mul' 'add' 'sub' 'select'> <InPorts = 2> <OutPorts = 1> <Sync> <CReg>
ST_9 : Operation 153 [1/1] (0.00ns)   --->   "%acc_V_4 = call i20 @_ssdm_op_PartSelect.i20.i34.i32.i32(i34 %ret_V_1, i32 14, i32 33)" [quantized_mlp/mlp.cpp:69->quantized_mlp/mlp.cpp:94]   --->   Operation 153 'partselect' 'acc_V_4' <Predicate = true> <Delay = 0.00>
ST_9 : Operation 154 [1/1] (0.00ns)   --->   "br label %3" [quantized_mlp/mlp.cpp:68->quantized_mlp/mlp.cpp:94]   --->   Operation 154 'br' <Predicate = true> <Delay = 0.00>

State 10 <SV = 3> <Delay = 1.35>
ST_10 : Operation 155 [1/1] (0.00ns)   --->   "%j5_0 = phi i4 [ %j_2, %neuron.141.exit ], [ 0, %.preheader275.preheader ]"   --->   Operation 155 'phi' 'j5_0' <Predicate = true> <Delay = 0.00>
ST_10 : Operation 156 [1/1] (0.88ns)   --->   "%icmp_ln98 = icmp eq i4 %j5_0, -8" [quantized_mlp/mlp.cpp:98]   --->   Operation 156 'icmp' 'icmp_ln98' <Predicate = true> <Delay = 0.88> <Core = "Cmp">   --->   Core 25 'Cmp' <Latency = 0> <II = 1> <Delay = 0.88> <FuncUnit> <Opcode : 'icmp'> <InPorts = 2> <OutPorts = 1>
ST_10 : Operation 157 [1/1] (0.00ns)   --->   "%empty_20 = call i32 (...)* @_ssdm_op_SpecLoopTripCount(i64 8, i64 8, i64 8)"   --->   Operation 157 'speclooptripcount' 'empty_20' <Predicate = true> <Delay = 0.00>
ST_10 : Operation 158 [1/1] (0.86ns)   --->   "%j_2 = add i4 %j5_0, 1" [quantized_mlp/mlp.cpp:98]   --->   Operation 158 'add' 'j_2' <Predicate = true> <Delay = 0.86> <Core = "AddSub">   --->   Core 14 'AddSub' <Latency = 0> <II = 1> <Delay = 0.86> <FuncUnit> <Opcode : 'add' 'sub'> <InPorts = 2> <OutPorts = 1>
ST_10 : Operation 159 [1/1] (0.00ns)   --->   "br i1 %icmp_ln98, label %.preheader274.preheader, label %4" [quantized_mlp/mlp.cpp:98]   --->   Operation 159 'br' <Predicate = true> <Delay = 0.00>
ST_10 : Operation 160 [1/1] (0.00ns)   --->   "%zext_ln99 = zext i4 %j5_0 to i64" [quantized_mlp/mlp.cpp:99]   --->   Operation 160 'zext' 'zext_ln99' <Predicate = (!icmp_ln98)> <Delay = 0.00>
ST_10 : Operation 161 [1/1] (0.00ns)   --->   "%B3_V_addr = getelementptr [8 x i15]* @B3_V, i64 0, i64 %zext_ln99" [quantized_mlp/mlp.cpp:99]   --->   Operation 161 'getelementptr' 'B3_V_addr' <Predicate = (!icmp_ln98)> <Delay = 0.00>
ST_10 : Operation 162 [2/2] (1.35ns)   --->   "%acc_V_3 = load i15* %B3_V_addr, align 2" [quantized_mlp/mlp.cpp:99]   --->   Operation 162 'load' 'acc_V_3' <Predicate = (!icmp_ln98)> <Delay = 1.35> <Core = "ROM_nP">   --->   Core 52 'ROM_nP' <Latency = 1> <II = 1> <Delay = 1.35> <Storage> <Opcode : 'load'> <Ports = 0> <Width = 16> <Depth = 80> <ROM>
ST_10 : Operation 163 [1/1] (0.75ns)   --->   "br label %.preheader274" [quantized_mlp/mlp.cpp:103]   --->   Operation 163 'br' <Predicate = (icmp_ln98)> <Delay = 0.75>

State 11 <SV = 4> <Delay = 1.35>
ST_11 : Operation 164 [1/1] (0.00ns)   --->   "call void (...)* @_ssdm_op_SpecLoopName([7 x i8]* @p_str10) nounwind" [quantized_mlp/mlp.cpp:99]   --->   Operation 164 'specloopname' <Predicate = true> <Delay = 0.00>
ST_11 : Operation 165 [1/1] (0.00ns)   --->   "%tmp_8 = call i7 @_ssdm_op_BitConcatenate.i7.i4.i3(i4 %j5_0, i3 0)" [quantized_mlp/mlp.cpp:69->quantized_mlp/mlp.cpp:99]   --->   Operation 165 'bitconcatenate' 'tmp_8' <Predicate = true> <Delay = 0.00>
ST_11 : Operation 166 [1/1] (0.00ns)   --->   "%zext_ln99_1 = zext i7 %tmp_8 to i8" [quantized_mlp/mlp.cpp:99]   --->   Operation 166 'zext' 'zext_ln99_1' <Predicate = true> <Delay = 0.00>
ST_11 : Operation 167 [1/2] (1.35ns)   --->   "%acc_V_3 = load i15* %B3_V_addr, align 2" [quantized_mlp/mlp.cpp:99]   --->   Operation 167 'load' 'acc_V_3' <Predicate = true> <Delay = 1.35> <Core = "ROM_nP">   --->   Core 52 'ROM_nP' <Latency = 1> <II = 1> <Delay = 1.35> <Storage> <Opcode : 'load'> <Ports = 0> <Width = 16> <Depth = 80> <ROM>
ST_11 : Operation 168 [1/1] (0.00ns)   --->   "%sext_ln99 = sext i15 %acc_V_3 to i20" [quantized_mlp/mlp.cpp:99]   --->   Operation 168 'sext' 'sext_ln99' <Predicate = true> <Delay = 0.00>
ST_11 : Operation 169 [1/1] (0.75ns)   --->   "br label %5" [quantized_mlp/mlp.cpp:68->quantized_mlp/mlp.cpp:99]   --->   Operation 169 'br' <Predicate = true> <Delay = 0.75>

State 12 <SV = 5> <Delay = 2.24>
ST_12 : Operation 170 [1/1] (0.00ns)   --->   "%p_Val2_9 = phi i20 [ %sext_ln99, %4 ], [ %acc_V_6, %_ZN13ap_fixed_baseILi41ELi13ELb1EL9ap_q_mode5EL9ap_o_mode3ELi0EEC1ILi20ELi6ELb1ELS0_5ELS1_3ELi0EEERKS_IXT_EXT0_EXT1_EXT2_EXT3_EXT4_EE.exit.i.i.i39 ]"   --->   Operation 170 'phi' 'p_Val2_9' <Predicate = true> <Delay = 0.00>
ST_12 : Operation 171 [1/1] (0.00ns)   --->   "%i_0_i26 = phi i4 [ 0, %4 ], [ %i_2, %_ZN13ap_fixed_baseILi41ELi13ELb1EL9ap_q_mode5EL9ap_o_mode3ELi0EEC1ILi20ELi6ELb1ELS0_5ELS1_3ELi0EEERKS_IXT_EXT0_EXT1_EXT2_EXT3_EXT4_EE.exit.i.i.i39 ]"   --->   Operation 171 'phi' 'i_0_i26' <Predicate = true> <Delay = 0.00>
ST_12 : Operation 172 [1/1] (0.00ns)   --->   "%empty_21 = call i32 (...)* @_ssdm_op_SpecLoopTripCount(i64 8, i64 8, i64 8)"   --->   Operation 172 'speclooptripcount' 'empty_21' <Predicate = true> <Delay = 0.00>
ST_12 : Operation 173 [1/1] (0.88ns)   --->   "%icmp_ln68_2 = icmp eq i4 %i_0_i26, -8" [quantized_mlp/mlp.cpp:68->quantized_mlp/mlp.cpp:99]   --->   Operation 173 'icmp' 'icmp_ln68_2' <Predicate = true> <Delay = 0.88> <Core = "Cmp">   --->   Core 25 'Cmp' <Latency = 0> <II = 1> <Delay = 0.88> <FuncUnit> <Opcode : 'icmp'> <InPorts = 2> <OutPorts = 1>
ST_12 : Operation 174 [1/1] (0.86ns)   --->   "%i_2 = add i4 %i_0_i26, 1" [quantized_mlp/mlp.cpp:68->quantized_mlp/mlp.cpp:99]   --->   Operation 174 'add' 'i_2' <Predicate = true> <Delay = 0.86> <Core = "AddSub">   --->   Core 14 'AddSub' <Latency = 0> <II = 1> <Delay = 0.86> <FuncUnit> <Opcode : 'add' 'sub'> <InPorts = 2> <OutPorts = 1>
ST_12 : Operation 175 [1/1] (0.00ns)   --->   "br i1 %icmp_ln68_2, label %neuron.141.exit, label %_ZN13ap_fixed_baseILi41ELi13ELb1EL9ap_q_mode5EL9ap_o_mode3ELi0EEC1ILi20ELi6ELb1ELS0_5ELS1_3ELi0EEERKS_IXT_EXT0_EXT1_EXT2_EXT3_EXT4_EE.exit.i.i.i39" [quantized_mlp/mlp.cpp:68->quantized_mlp/mlp.cpp:99]   --->   Operation 175 'br' <Predicate = true> <Delay = 0.00>
ST_12 : Operation 176 [1/1] (0.00ns)   --->   "%zext_ln69_2 = zext i4 %i_0_i26 to i64" [quantized_mlp/mlp.cpp:69->quantized_mlp/mlp.cpp:99]   --->   Operation 176 'zext' 'zext_ln69_2' <Predicate = (!icmp_ln68_2)> <Delay = 0.00>
ST_12 : Operation 177 [1/1] (0.00ns)   --->   "%zext_ln1117_6 = zext i4 %i_0_i26 to i8" [quantized_mlp/mlp.cpp:69->quantized_mlp/mlp.cpp:99]   --->   Operation 177 'zext' 'zext_ln1117_6' <Predicate = (!icmp_ln68_2)> <Delay = 0.00>
ST_12 : Operation 178 [1/1] (0.89ns)   --->   "%add_ln1117_3 = add i8 %zext_ln1117_6, %zext_ln99_1" [quantized_mlp/mlp.cpp:69->quantized_mlp/mlp.cpp:99]   --->   Operation 178 'add' 'add_ln1117_3' <Predicate = (!icmp_ln68_2)> <Delay = 0.89> <Core = "AddSub">   --->   Core 14 'AddSub' <Latency = 0> <II = 1> <Delay = 0.86> <FuncUnit> <Opcode : 'add' 'sub'> <InPorts = 2> <OutPorts = 1>
ST_12 : Operation 179 [1/1] (0.00ns)   --->   "%zext_ln1117_7 = zext i8 %add_ln1117_3 to i64" [quantized_mlp/mlp.cpp:69->quantized_mlp/mlp.cpp:99]   --->   Operation 179 'zext' 'zext_ln1117_7' <Predicate = (!icmp_ln68_2)> <Delay = 0.00>
ST_12 : Operation 180 [1/1] (0.00ns)   --->   "%W3_V_addr = getelementptr [64 x i16]* @W3_V, i64 0, i64 %zext_ln1117_7" [quantized_mlp/mlp.cpp:69->quantized_mlp/mlp.cpp:99]   --->   Operation 180 'getelementptr' 'W3_V_addr' <Predicate = (!icmp_ln68_2)> <Delay = 0.00>
ST_12 : Operation 181 [1/1] (0.00ns)   --->   "%a2_V_addr_1 = getelementptr [8 x i19]* %a2_V, i64 0, i64 %zext_ln69_2" [quantized_mlp/mlp.cpp:69->quantized_mlp/mlp.cpp:99]   --->   Operation 181 'getelementptr' 'a2_V_addr_1' <Predicate = (!icmp_ln68_2)> <Delay = 0.00>
ST_12 : Operation 182 [2/2] (0.79ns)   --->   "%a2_V_load = load i19* %a2_V_addr_1, align 4" [quantized_mlp/mlp.cpp:69->quantized_mlp/mlp.cpp:99]   --->   Operation 182 'load' 'a2_V_load' <Predicate = (!icmp_ln68_2)> <Delay = 0.79> <Core = "RAM">   --->   Core 37 'RAM' <Latency = 1> <II = 1> <Delay = 0.79> <Storage> <Opcode : 'load' 'store'> <Ports = 2> <Width = 32> <Depth = 10> <RAM>
ST_12 : Operation 183 [2/2] (1.35ns)   --->   "%W3_V_load = load i16* %W3_V_addr, align 2" [quantized_mlp/mlp.cpp:69->quantized_mlp/mlp.cpp:99]   --->   Operation 183 'load' 'W3_V_load' <Predicate = (!icmp_ln68_2)> <Delay = 1.35> <Core = "ROM_nP">   --->   Core 52 'ROM_nP' <Latency = 1> <II = 1> <Delay = 1.35> <Storage> <Opcode : 'load'> <Ports = 0> <Width = 16> <Depth = 80> <ROM>
ST_12 : Operation 184 [1/1] (0.00ns)   --->   "%empty_22 = trunc i20 %p_Val2_9 to i19" [quantized_mlp/mlp.cpp:99]   --->   Operation 184 'trunc' 'empty_22' <Predicate = (icmp_ln68_2)> <Delay = 0.00>
ST_12 : Operation 185 [1/1] (0.00ns)   --->   "%tmp_16 = call i1 @_ssdm_op_BitSelect.i1.i20.i32(i20 %p_Val2_9, i32 19)" [quantized_mlp/mlp.cpp:72->quantized_mlp/mlp.cpp:99]   --->   Operation 185 'bitselect' 'tmp_16' <Predicate = (icmp_ln68_2)> <Delay = 0.00>
ST_12 : Operation 186 [1/1] (0.43ns)   --->   "%p_Val2_10 = select i1 %tmp_16, i19 0, i19 %empty_22" [quantized_mlp/mlp.cpp:72->quantized_mlp/mlp.cpp:99]   --->   Operation 186 'select' 'p_Val2_10' <Predicate = (icmp_ln68_2)> <Delay = 0.43> <Core = "Sel">   --->   Core 26 'Sel' <Latency = 0> <II = 1> <Delay = 0.52> <FuncUnit> <Opcode : 'select'> <InPorts = 3> <OutPorts = 1>
ST_12 : Operation 187 [1/1] (0.00ns)   --->   "%a3_V_addr = getelementptr [8 x i19]* %a3_V, i64 0, i64 %zext_ln99" [quantized_mlp/mlp.cpp:99]   --->   Operation 187 'getelementptr' 'a3_V_addr' <Predicate = (icmp_ln68_2)> <Delay = 0.00>
ST_12 : Operation 188 [1/1] (0.79ns)   --->   "store i19 %p_Val2_10, i19* %a3_V_addr, align 4" [quantized_mlp/mlp.cpp:99]   --->   Operation 188 'store' <Predicate = (icmp_ln68_2)> <Delay = 0.79> <Core = "RAM">   --->   Core 37 'RAM' <Latency = 1> <II = 1> <Delay = 0.79> <Storage> <Opcode : 'load' 'store'> <Ports = 2> <Width = 32> <Depth = 10> <RAM>
ST_12 : Operation 189 [1/1] (0.00ns)   --->   "br label %.preheader275" [quantized_mlp/mlp.cpp:98]   --->   Operation 189 'br' <Predicate = (icmp_ln68_2)> <Delay = 0.00>

State 13 <SV = 6> <Delay = 4.19>
ST_13 : Operation 190 [1/1] (0.00ns)   --->   "call void (...)* @_ssdm_op_SpecLoopName([11 x i8]* @p_str) nounwind" [quantized_mlp/mlp.cpp:68->quantized_mlp/mlp.cpp:99]   --->   Operation 190 'specloopname' <Predicate = true> <Delay = 0.00>
ST_13 : Operation 191 [1/2] (0.79ns)   --->   "%a2_V_load = load i19* %a2_V_addr_1, align 4" [quantized_mlp/mlp.cpp:69->quantized_mlp/mlp.cpp:99]   --->   Operation 191 'load' 'a2_V_load' <Predicate = true> <Delay = 0.79> <Core = "RAM">   --->   Core 37 'RAM' <Latency = 1> <II = 1> <Delay = 0.79> <Storage> <Opcode : 'load' 'store'> <Ports = 2> <Width = 32> <Depth = 10> <RAM>
ST_13 : Operation 192 [1/1] (0.00ns)   --->   "%zext_ln1192_1 = zext i19 %a2_V_load to i34" [quantized_mlp/mlp.cpp:69->quantized_mlp/mlp.cpp:99]   --->   Operation 192 'zext' 'zext_ln1192_1' <Predicate = true> <Delay = 0.00>
ST_13 : Operation 193 [1/2] (1.35ns)   --->   "%W3_V_load = load i16* %W3_V_addr, align 2" [quantized_mlp/mlp.cpp:69->quantized_mlp/mlp.cpp:99]   --->   Operation 193 'load' 'W3_V_load' <Predicate = true> <Delay = 1.35> <Core = "ROM_nP">   --->   Core 52 'ROM_nP' <Latency = 1> <II = 1> <Delay = 1.35> <Storage> <Opcode : 'load'> <Ports = 0> <Width = 16> <Depth = 80> <ROM>
ST_13 : Operation 194 [1/1] (0.00ns)   --->   "%sext_ln1192_3 = sext i16 %W3_V_load to i34" [quantized_mlp/mlp.cpp:69->quantized_mlp/mlp.cpp:99]   --->   Operation 194 'sext' 'sext_ln1192_3' <Predicate = true> <Delay = 0.00>
ST_13 : Operation 195 [1/1] (0.63ns) (grouped into DSP with root node ret_V_2)   --->   "%mul_ln1192_2 = mul i34 %zext_ln1192_1, %sext_ln1192_3" [quantized_mlp/mlp.cpp:69->quantized_mlp/mlp.cpp:99]   --->   Operation 195 'mul' 'mul_ln1192_2' <Predicate = true> <Delay = 0.63> <Core = "DSP48">   --->   Core 88 'DSP48' <Latency = 0> <II = 1> <Delay = 2.84> <IPBlock> <Opcode : 'mul' 'add' 'sub' 'select'> <InPorts = 2> <OutPorts = 1> <Sync> <CReg>
ST_13 : Operation 196 [1/1] (0.00ns)   --->   "%lhs_V_2 = call i34 @_ssdm_op_BitConcatenate.i34.i20.i14(i20 %p_Val2_9, i14 0)" [quantized_mlp/mlp.cpp:69->quantized_mlp/mlp.cpp:99]   --->   Operation 196 'bitconcatenate' 'lhs_V_2' <Predicate = true> <Delay = 0.00>
ST_13 : Operation 197 [1/1] (2.20ns) (root node of the DSP)   --->   "%ret_V_2 = add i34 %lhs_V_2, %mul_ln1192_2" [quantized_mlp/mlp.cpp:69->quantized_mlp/mlp.cpp:99]   --->   Operation 197 'add' 'ret_V_2' <Predicate = true> <Delay = 2.20> <Core = "DSP48">   --->   Core 88 'DSP48' <Latency = 0> <II = 1> <Delay = 2.84> <IPBlock> <Opcode : 'mul' 'add' 'sub' 'select'> <InPorts = 2> <OutPorts = 1> <Sync> <CReg>
ST_13 : Operation 198 [1/1] (0.00ns)   --->   "%acc_V_6 = call i20 @_ssdm_op_PartSelect.i20.i34.i32.i32(i34 %ret_V_2, i32 14, i32 33)" [quantized_mlp/mlp.cpp:69->quantized_mlp/mlp.cpp:99]   --->   Operation 198 'partselect' 'acc_V_6' <Predicate = true> <Delay = 0.00>
ST_13 : Operation 199 [1/1] (0.00ns)   --->   "br label %5" [quantized_mlp/mlp.cpp:68->quantized_mlp/mlp.cpp:99]   --->   Operation 199 'br' <Predicate = true> <Delay = 0.00>

State 14 <SV = 4> <Delay = 1.35>
ST_14 : Operation 200 [1/1] (0.00ns)   --->   "%j6_0 = phi i4 [ %j_3, %neuron.exit ], [ 0, %.preheader274.preheader ]"   --->   Operation 200 'phi' 'j6_0' <Predicate = true> <Delay = 0.00>
ST_14 : Operation 201 [1/1] (0.88ns)   --->   "%icmp_ln103 = icmp eq i4 %j6_0, -6" [quantized_mlp/mlp.cpp:103]   --->   Operation 201 'icmp' 'icmp_ln103' <Predicate = true> <Delay = 0.88> <Core = "Cmp">   --->   Core 25 'Cmp' <Latency = 0> <II = 1> <Delay = 0.88> <FuncUnit> <Opcode : 'icmp'> <InPorts = 2> <OutPorts = 1>
ST_14 : Operation 202 [1/1] (0.00ns)   --->   "%empty_23 = call i32 (...)* @_ssdm_op_SpecLoopTripCount(i64 10, i64 10, i64 10)"   --->   Operation 202 'speclooptripcount' 'empty_23' <Predicate = true> <Delay = 0.00>
ST_14 : Operation 203 [1/1] (0.86ns)   --->   "%j_3 = add i4 %j6_0, 1" [quantized_mlp/mlp.cpp:103]   --->   Operation 203 'add' 'j_3' <Predicate = true> <Delay = 0.86> <Core = "AddSub">   --->   Core 14 'AddSub' <Latency = 0> <II = 1> <Delay = 0.86> <FuncUnit> <Opcode : 'add' 'sub'> <InPorts = 2> <OutPorts = 1>
ST_14 : Operation 204 [1/1] (0.00ns)   --->   "br i1 %icmp_ln103, label %_ifconv1, label %6" [quantized_mlp/mlp.cpp:103]   --->   Operation 204 'br' <Predicate = true> <Delay = 0.00>
ST_14 : Operation 205 [1/1] (0.00ns)   --->   "%zext_ln104 = zext i4 %j6_0 to i64" [quantized_mlp/mlp.cpp:104]   --->   Operation 205 'zext' 'zext_ln104' <Predicate = (!icmp_ln103)> <Delay = 0.00>
ST_14 : Operation 206 [1/1] (0.00ns)   --->   "%B4_V_addr = getelementptr [10 x i16]* @B4_V, i64 0, i64 %zext_ln104" [quantized_mlp/mlp.cpp:104]   --->   Operation 206 'getelementptr' 'B4_V_addr' <Predicate = (!icmp_ln103)> <Delay = 0.00>
ST_14 : Operation 207 [2/2] (1.35ns)   --->   "%acc_V_5 = load i16* %B4_V_addr, align 2" [quantized_mlp/mlp.cpp:104]   --->   Operation 207 'load' 'acc_V_5' <Predicate = (!icmp_ln103)> <Delay = 1.35> <Core = "ROM_nP">   --->   Core 52 'ROM_nP' <Latency = 1> <II = 1> <Delay = 1.35> <Storage> <Opcode : 'load'> <Ports = 0> <Width = 16> <Depth = 80> <ROM>
ST_14 : Operation 208 [1/1] (0.00ns)   --->   "%z4_V_addr = getelementptr [10 x i20]* %z4_V, i64 0, i64 0" [quantized_mlp/mlp.cpp:108]   --->   Operation 208 'getelementptr' 'z4_V_addr' <Predicate = (icmp_ln103)> <Delay = 0.00>
ST_14 : Operation 209 [2/2] (0.79ns)   --->   "%tmp_V_9 = load i20* %z4_V_addr, align 16" [quantized_mlp/mlp.cpp:108]   --->   Operation 209 'load' 'tmp_V_9' <Predicate = (icmp_ln103)> <Delay = 0.79> <Core = "RAM">   --->   Core 37 'RAM' <Latency = 1> <II = 1> <Delay = 0.79> <Storage> <Opcode : 'load' 'store'> <Ports = 2> <Width = 32> <Depth = 10> <RAM>

State 15 <SV = 5> <Delay = 1.35>
ST_15 : Operation 210 [1/1] (0.00ns)   --->   "call void (...)* @_ssdm_op_SpecLoopName([7 x i8]* @p_str11) nounwind" [quantized_mlp/mlp.cpp:104]   --->   Operation 210 'specloopname' <Predicate = true> <Delay = 0.00>
ST_15 : Operation 211 [1/1] (0.00ns)   --->   "%tmp_9 = call i7 @_ssdm_op_BitConcatenate.i7.i4.i3(i4 %j6_0, i3 0)" [quantized_mlp/mlp.cpp:69->quantized_mlp/mlp.cpp:104]   --->   Operation 211 'bitconcatenate' 'tmp_9' <Predicate = true> <Delay = 0.00>
ST_15 : Operation 212 [1/1] (0.00ns)   --->   "%zext_ln104_1 = zext i7 %tmp_9 to i8" [quantized_mlp/mlp.cpp:104]   --->   Operation 212 'zext' 'zext_ln104_1' <Predicate = true> <Delay = 0.00>
ST_15 : Operation 213 [1/2] (1.35ns)   --->   "%acc_V_5 = load i16* %B4_V_addr, align 2" [quantized_mlp/mlp.cpp:104]   --->   Operation 213 'load' 'acc_V_5' <Predicate = true> <Delay = 1.35> <Core = "ROM_nP">   --->   Core 52 'ROM_nP' <Latency = 1> <II = 1> <Delay = 1.35> <Storage> <Opcode : 'load'> <Ports = 0> <Width = 16> <Depth = 80> <ROM>
ST_15 : Operation 214 [1/1] (0.00ns)   --->   "%sext_ln104 = sext i16 %acc_V_5 to i20" [quantized_mlp/mlp.cpp:104]   --->   Operation 214 'sext' 'sext_ln104' <Predicate = true> <Delay = 0.00>
ST_15 : Operation 215 [1/1] (0.75ns)   --->   "br label %7" [quantized_mlp/mlp.cpp:68->quantized_mlp/mlp.cpp:104]   --->   Operation 215 'br' <Predicate = true> <Delay = 0.75>

State 16 <SV = 6> <Delay = 2.24>
ST_16 : Operation 216 [1/1] (0.00ns)   --->   "%p_Val2_14 = phi i20 [ %sext_ln104, %6 ], [ %acc_V_7, %_ZN13ap_fixed_baseILi41ELi13ELb1EL9ap_q_mode5EL9ap_o_mode3ELi0EEC1ILi20ELi6ELb1ELS0_5ELS1_3ELi0EEERKS_IXT_EXT0_EXT1_EXT2_EXT3_EXT4_EE.exit.i.i.i55 ]"   --->   Operation 216 'phi' 'p_Val2_14' <Predicate = true> <Delay = 0.00>
ST_16 : Operation 217 [1/1] (0.00ns)   --->   "%i_0_i42 = phi i4 [ 0, %6 ], [ %i_3, %_ZN13ap_fixed_baseILi41ELi13ELb1EL9ap_q_mode5EL9ap_o_mode3ELi0EEC1ILi20ELi6ELb1ELS0_5ELS1_3ELi0EEERKS_IXT_EXT0_EXT1_EXT2_EXT3_EXT4_EE.exit.i.i.i55 ]"   --->   Operation 217 'phi' 'i_0_i42' <Predicate = true> <Delay = 0.00>
ST_16 : Operation 218 [1/1] (0.00ns)   --->   "%empty_24 = call i32 (...)* @_ssdm_op_SpecLoopTripCount(i64 8, i64 8, i64 8)"   --->   Operation 218 'speclooptripcount' 'empty_24' <Predicate = true> <Delay = 0.00>
ST_16 : Operation 219 [1/1] (0.88ns)   --->   "%icmp_ln68_3 = icmp eq i4 %i_0_i42, -8" [quantized_mlp/mlp.cpp:68->quantized_mlp/mlp.cpp:104]   --->   Operation 219 'icmp' 'icmp_ln68_3' <Predicate = true> <Delay = 0.88> <Core = "Cmp">   --->   Core 25 'Cmp' <Latency = 0> <II = 1> <Delay = 0.88> <FuncUnit> <Opcode : 'icmp'> <InPorts = 2> <OutPorts = 1>
ST_16 : Operation 220 [1/1] (0.86ns)   --->   "%i_3 = add i4 %i_0_i42, 1" [quantized_mlp/mlp.cpp:68->quantized_mlp/mlp.cpp:104]   --->   Operation 220 'add' 'i_3' <Predicate = true> <Delay = 0.86> <Core = "AddSub">   --->   Core 14 'AddSub' <Latency = 0> <II = 1> <Delay = 0.86> <FuncUnit> <Opcode : 'add' 'sub'> <InPorts = 2> <OutPorts = 1>
ST_16 : Operation 221 [1/1] (0.00ns)   --->   "br i1 %icmp_ln68_3, label %neuron.exit, label %_ZN13ap_fixed_baseILi41ELi13ELb1EL9ap_q_mode5EL9ap_o_mode3ELi0EEC1ILi20ELi6ELb1ELS0_5ELS1_3ELi0EEERKS_IXT_EXT0_EXT1_EXT2_EXT3_EXT4_EE.exit.i.i.i55" [quantized_mlp/mlp.cpp:68->quantized_mlp/mlp.cpp:104]   --->   Operation 221 'br' <Predicate = true> <Delay = 0.00>
ST_16 : Operation 222 [1/1] (0.00ns)   --->   "%zext_ln69_3 = zext i4 %i_0_i42 to i64" [quantized_mlp/mlp.cpp:69->quantized_mlp/mlp.cpp:104]   --->   Operation 222 'zext' 'zext_ln69_3' <Predicate = (!icmp_ln68_3)> <Delay = 0.00>
ST_16 : Operation 223 [1/1] (0.00ns)   --->   "%zext_ln1117_8 = zext i4 %i_0_i42 to i8" [quantized_mlp/mlp.cpp:69->quantized_mlp/mlp.cpp:104]   --->   Operation 223 'zext' 'zext_ln1117_8' <Predicate = (!icmp_ln68_3)> <Delay = 0.00>
ST_16 : Operation 224 [1/1] (0.89ns)   --->   "%add_ln1117_4 = add i8 %zext_ln1117_8, %zext_ln104_1" [quantized_mlp/mlp.cpp:69->quantized_mlp/mlp.cpp:104]   --->   Operation 224 'add' 'add_ln1117_4' <Predicate = (!icmp_ln68_3)> <Delay = 0.89> <Core = "AddSub">   --->   Core 14 'AddSub' <Latency = 0> <II = 1> <Delay = 0.86> <FuncUnit> <Opcode : 'add' 'sub'> <InPorts = 2> <OutPorts = 1>
ST_16 : Operation 225 [1/1] (0.00ns)   --->   "%zext_ln1117_9 = zext i8 %add_ln1117_4 to i64" [quantized_mlp/mlp.cpp:69->quantized_mlp/mlp.cpp:104]   --->   Operation 225 'zext' 'zext_ln1117_9' <Predicate = (!icmp_ln68_3)> <Delay = 0.00>
ST_16 : Operation 226 [1/1] (0.00ns)   --->   "%W4_V_addr = getelementptr [80 x i16]* @W4_V, i64 0, i64 %zext_ln1117_9" [quantized_mlp/mlp.cpp:69->quantized_mlp/mlp.cpp:104]   --->   Operation 226 'getelementptr' 'W4_V_addr' <Predicate = (!icmp_ln68_3)> <Delay = 0.00>
ST_16 : Operation 227 [1/1] (0.00ns)   --->   "%a3_V_addr_1 = getelementptr [8 x i19]* %a3_V, i64 0, i64 %zext_ln69_3" [quantized_mlp/mlp.cpp:69->quantized_mlp/mlp.cpp:104]   --->   Operation 227 'getelementptr' 'a3_V_addr_1' <Predicate = (!icmp_ln68_3)> <Delay = 0.00>
ST_16 : Operation 228 [2/2] (0.79ns)   --->   "%a3_V_load = load i19* %a3_V_addr_1, align 4" [quantized_mlp/mlp.cpp:69->quantized_mlp/mlp.cpp:104]   --->   Operation 228 'load' 'a3_V_load' <Predicate = (!icmp_ln68_3)> <Delay = 0.79> <Core = "RAM">   --->   Core 37 'RAM' <Latency = 1> <II = 1> <Delay = 0.79> <Storage> <Opcode : 'load' 'store'> <Ports = 2> <Width = 32> <Depth = 10> <RAM>
ST_16 : Operation 229 [2/2] (1.35ns)   --->   "%W4_V_load = load i16* %W4_V_addr, align 2" [quantized_mlp/mlp.cpp:69->quantized_mlp/mlp.cpp:104]   --->   Operation 229 'load' 'W4_V_load' <Predicate = (!icmp_ln68_3)> <Delay = 1.35> <Core = "ROM_nP">   --->   Core 52 'ROM_nP' <Latency = 1> <II = 1> <Delay = 1.35> <Storage> <Opcode : 'load'> <Ports = 0> <Width = 16> <Depth = 80> <ROM>
ST_16 : Operation 230 [1/1] (0.00ns)   --->   "%z4_V_addr_1 = getelementptr [10 x i20]* %z4_V, i64 0, i64 %zext_ln104" [quantized_mlp/mlp.cpp:104]   --->   Operation 230 'getelementptr' 'z4_V_addr_1' <Predicate = (icmp_ln68_3)> <Delay = 0.00>
ST_16 : Operation 231 [1/1] (0.79ns)   --->   "store i20 %p_Val2_14, i20* %z4_V_addr_1, align 4" [quantized_mlp/mlp.cpp:104]   --->   Operation 231 'store' <Predicate = (icmp_ln68_3)> <Delay = 0.79> <Core = "RAM">   --->   Core 37 'RAM' <Latency = 1> <II = 1> <Delay = 0.79> <Storage> <Opcode : 'load' 'store'> <Ports = 2> <Width = 32> <Depth = 10> <RAM>
ST_16 : Operation 232 [1/1] (0.00ns)   --->   "br label %.preheader274" [quantized_mlp/mlp.cpp:103]   --->   Operation 232 'br' <Predicate = (icmp_ln68_3)> <Delay = 0.00>

State 17 <SV = 7> <Delay = 4.19>
ST_17 : Operation 233 [1/1] (0.00ns)   --->   "call void (...)* @_ssdm_op_SpecLoopName([11 x i8]* @p_str) nounwind" [quantized_mlp/mlp.cpp:68->quantized_mlp/mlp.cpp:104]   --->   Operation 233 'specloopname' <Predicate = true> <Delay = 0.00>
ST_17 : Operation 234 [1/2] (0.79ns)   --->   "%a3_V_load = load i19* %a3_V_addr_1, align 4" [quantized_mlp/mlp.cpp:69->quantized_mlp/mlp.cpp:104]   --->   Operation 234 'load' 'a3_V_load' <Predicate = true> <Delay = 0.79> <Core = "RAM">   --->   Core 37 'RAM' <Latency = 1> <II = 1> <Delay = 0.79> <Storage> <Opcode : 'load' 'store'> <Ports = 2> <Width = 32> <Depth = 10> <RAM>
ST_17 : Operation 235 [1/1] (0.00ns)   --->   "%zext_ln1192_2 = zext i19 %a3_V_load to i34" [quantized_mlp/mlp.cpp:69->quantized_mlp/mlp.cpp:104]   --->   Operation 235 'zext' 'zext_ln1192_2' <Predicate = true> <Delay = 0.00>
ST_17 : Operation 236 [1/2] (1.35ns)   --->   "%W4_V_load = load i16* %W4_V_addr, align 2" [quantized_mlp/mlp.cpp:69->quantized_mlp/mlp.cpp:104]   --->   Operation 236 'load' 'W4_V_load' <Predicate = true> <Delay = 1.35> <Core = "ROM_nP">   --->   Core 52 'ROM_nP' <Latency = 1> <II = 1> <Delay = 1.35> <Storage> <Opcode : 'load'> <Ports = 0> <Width = 16> <Depth = 80> <ROM>
ST_17 : Operation 237 [1/1] (0.00ns)   --->   "%sext_ln1192_4 = sext i16 %W4_V_load to i34" [quantized_mlp/mlp.cpp:69->quantized_mlp/mlp.cpp:104]   --->   Operation 237 'sext' 'sext_ln1192_4' <Predicate = true> <Delay = 0.00>
ST_17 : Operation 238 [1/1] (0.63ns) (grouped into DSP with root node ret_V_3)   --->   "%mul_ln1192_3 = mul i34 %zext_ln1192_2, %sext_ln1192_4" [quantized_mlp/mlp.cpp:69->quantized_mlp/mlp.cpp:104]   --->   Operation 238 'mul' 'mul_ln1192_3' <Predicate = true> <Delay = 0.63> <Core = "DSP48">   --->   Core 88 'DSP48' <Latency = 0> <II = 1> <Delay = 2.84> <IPBlock> <Opcode : 'mul' 'add' 'sub' 'select'> <InPorts = 2> <OutPorts = 1> <Sync> <CReg>
ST_17 : Operation 239 [1/1] (0.00ns)   --->   "%lhs_V_3 = call i34 @_ssdm_op_BitConcatenate.i34.i20.i14(i20 %p_Val2_14, i14 0)" [quantized_mlp/mlp.cpp:69->quantized_mlp/mlp.cpp:104]   --->   Operation 239 'bitconcatenate' 'lhs_V_3' <Predicate = true> <Delay = 0.00>
ST_17 : Operation 240 [1/1] (2.20ns) (root node of the DSP)   --->   "%ret_V_3 = add i34 %lhs_V_3, %mul_ln1192_3" [quantized_mlp/mlp.cpp:69->quantized_mlp/mlp.cpp:104]   --->   Operation 240 'add' 'ret_V_3' <Predicate = true> <Delay = 2.20> <Core = "DSP48">   --->   Core 88 'DSP48' <Latency = 0> <II = 1> <Delay = 2.84> <IPBlock> <Opcode : 'mul' 'add' 'sub' 'select'> <InPorts = 2> <OutPorts = 1> <Sync> <CReg>
ST_17 : Operation 241 [1/1] (0.00ns)   --->   "%acc_V_7 = call i20 @_ssdm_op_PartSelect.i20.i34.i32.i32(i34 %ret_V_3, i32 14, i32 33)" [quantized_mlp/mlp.cpp:69->quantized_mlp/mlp.cpp:104]   --->   Operation 241 'partselect' 'acc_V_7' <Predicate = true> <Delay = 0.00>
ST_17 : Operation 242 [1/1] (0.00ns)   --->   "br label %7" [quantized_mlp/mlp.cpp:68->quantized_mlp/mlp.cpp:104]   --->   Operation 242 'br' <Predicate = true> <Delay = 0.00>

State 18 <SV = 5> <Delay = 7.41>
ST_18 : Operation 243 [1/2] (0.79ns)   --->   "%tmp_V_9 = load i20* %z4_V_addr, align 16" [quantized_mlp/mlp.cpp:108]   --->   Operation 243 'load' 'tmp_V_9' <Predicate = true> <Delay = 0.79> <Core = "RAM">   --->   Core 37 'RAM' <Latency = 1> <II = 1> <Delay = 0.79> <Storage> <Opcode : 'load' 'store'> <Ports = 2> <Width = 32> <Depth = 10> <RAM>
ST_18 : Operation 244 [1/1] (0.92ns)   --->   "%icmp_ln935 = icmp eq i20 %tmp_V_9, 0" [quantized_mlp/mlp.cpp:108]   --->   Operation 244 'icmp' 'icmp_ln935' <Predicate = true> <Delay = 0.92> <Core = "Cmp">   --->   Core 25 'Cmp' <Latency = 0> <II = 1> <Delay = 0.88> <FuncUnit> <Opcode : 'icmp'> <InPorts = 2> <OutPorts = 1>
ST_18 : Operation 245 [1/1] (0.00ns)   --->   "%p_Result_21 = call i1 @_ssdm_op_BitSelect.i1.i20.i32(i20 %tmp_V_9, i32 19)" [quantized_mlp/mlp.cpp:108]   --->   Operation 245 'bitselect' 'p_Result_21' <Predicate = true> <Delay = 0.00>
ST_18 : Operation 246 [1/1] (1.06ns)   --->   "%tmp_V = sub i20 0, %tmp_V_9" [quantized_mlp/mlp.cpp:108]   --->   Operation 246 'sub' 'tmp_V' <Predicate = true> <Delay = 1.06> <Core = "AddSub">   --->   Core 14 'AddSub' <Latency = 0> <II = 1> <Delay = 0.86> <FuncUnit> <Opcode : 'add' 'sub'> <InPorts = 2> <OutPorts = 1>
ST_18 : Operation 247 [1/1] (0.43ns)   --->   "%tmp_V_10 = select i1 %p_Result_21, i20 %tmp_V, i20 %tmp_V_9" [quantized_mlp/mlp.cpp:108]   --->   Operation 247 'select' 'tmp_V_10' <Predicate = true> <Delay = 0.43> <Core = "Sel">   --->   Core 26 'Sel' <Latency = 0> <II = 1> <Delay = 0.52> <FuncUnit> <Opcode : 'select'> <InPorts = 3> <OutPorts = 1>
ST_18 : Operation 248 [1/1] (0.00ns)   --->   "%p_Result_s = call i20 @llvm.part.select.i20(i20 %tmp_V_10, i32 19, i32 0) nounwind" [quantized_mlp/mlp.cpp:108]   --->   Operation 248 'partselect' 'p_Result_s' <Predicate = true> <Delay = 0.00>
ST_18 : Operation 249 [1/1] (0.00ns)   --->   "%p_Result_22 = call i32 @_ssdm_op_BitConcatenate.i32.i12.i20(i12 -1, i20 %p_Result_s)" [quantized_mlp/mlp.cpp:108]   --->   Operation 249 'bitconcatenate' 'p_Result_22' <Predicate = true> <Delay = 0.00>
ST_18 : Operation 250 [1/1] (1.28ns)   --->   "%l = call i32 @llvm.cttz.i32(i32 %p_Result_22, i1 true) nounwind" [quantized_mlp/mlp.cpp:108]   --->   Operation 250 'cttz' 'l' <Predicate = true> <Delay = 1.28> <Core = "CTTZ">   --->   Core 64 'CTTZ' <Latency = 0> <II = 1> <Delay = 1.28> <FuncUnit> <Opcode : 'cttz'> <InPorts = 1> <OutPorts = 1>
ST_18 : Operation 251 [1/1] (1.20ns)   --->   "%sub_ln944 = sub nsw i32 20, %l" [quantized_mlp/mlp.cpp:108]   --->   Operation 251 'sub' 'sub_ln944' <Predicate = true> <Delay = 1.20> <Core = "AddSub">   --->   Core 14 'AddSub' <Latency = 0> <II = 1> <Delay = 0.86> <FuncUnit> <Opcode : 'add' 'sub'> <InPorts = 2> <OutPorts = 1>
ST_18 : Operation 252 [1/1] (0.00ns)   --->   "%trunc_ln944 = trunc i32 %sub_ln944 to i20" [quantized_mlp/mlp.cpp:108]   --->   Operation 252 'trunc' 'trunc_ln944' <Predicate = true> <Delay = 0.00>
ST_18 : Operation 253 [1/1] (1.20ns)   --->   "%lsb_index = add nsw i32 -24, %sub_ln944" [quantized_mlp/mlp.cpp:108]   --->   Operation 253 'add' 'lsb_index' <Predicate = true> <Delay = 1.20> <Core = "AddSub">   --->   Core 14 'AddSub' <Latency = 0> <II = 1> <Delay = 0.86> <FuncUnit> <Opcode : 'add' 'sub'> <InPorts = 2> <OutPorts = 1>
ST_18 : Operation 254 [1/1] (0.00ns)   --->   "%tmp_13 = call i31 @_ssdm_op_PartSelect.i31.i32.i32.i32(i32 %lsb_index, i32 1, i32 31)" [quantized_mlp/mlp.cpp:108]   --->   Operation 254 'partselect' 'tmp_13' <Predicate = true> <Delay = 0.00>
ST_18 : Operation 255 [1/1] (1.09ns)   --->   "%icmp_ln947 = icmp sgt i31 %tmp_13, 0" [quantized_mlp/mlp.cpp:108]   --->   Operation 255 'icmp' 'icmp_ln947' <Predicate = true> <Delay = 1.09> <Core = "Cmp">   --->   Core 25 'Cmp' <Latency = 0> <II = 1> <Delay = 0.88> <FuncUnit> <Opcode : 'icmp'> <InPorts = 2> <OutPorts = 1>
ST_18 : Operation 256 [1/1] (0.00ns)   --->   "%trunc_ln947 = trunc i32 %sub_ln944 to i5" [quantized_mlp/mlp.cpp:108]   --->   Operation 256 'trunc' 'trunc_ln947' <Predicate = true> <Delay = 0.00>
ST_18 : Operation 257 [1/1] (0.87ns)   --->   "%sub_ln947 = sub i5 13, %trunc_ln947" [quantized_mlp/mlp.cpp:108]   --->   Operation 257 'sub' 'sub_ln947' <Predicate = true> <Delay = 0.87> <Core = "AddSub">   --->   Core 14 'AddSub' <Latency = 0> <II = 1> <Delay = 0.86> <FuncUnit> <Opcode : 'add' 'sub'> <InPorts = 2> <OutPorts = 1>
ST_18 : Operation 258 [1/1] (0.00ns) (grouped into LUT with out node icmp_ln947_1)   --->   "%zext_ln947 = zext i5 %sub_ln947 to i20" [quantized_mlp/mlp.cpp:108]   --->   Operation 258 'zext' 'zext_ln947' <Predicate = true> <Delay = 0.00>
ST_18 : Operation 259 [1/1] (0.00ns) (grouped into LUT with out node icmp_ln947_1)   --->   "%lshr_ln947 = lshr i20 -1, %zext_ln947" [quantized_mlp/mlp.cpp:108]   --->   Operation 259 'lshr' 'lshr_ln947' <Predicate = true> <Delay = 0.00> <Core = "Shift">   --->   Core 28 'Shift' <Latency = 0> <II = 1> <Delay = 1.45> <FuncUnit> <Opcode : 'shl' 'lshr' 'ashr'> <InPorts = 2> <OutPorts = 1>
ST_18 : Operation 260 [1/1] (0.00ns) (grouped into LUT with out node icmp_ln947_1)   --->   "%p_Result_4 = and i20 %tmp_V_10, %lshr_ln947" [quantized_mlp/mlp.cpp:108]   --->   Operation 260 'and' 'p_Result_4' <Predicate = true> <Delay = 0.00> <Core = "LogicGate">   --->   Core 27 'LogicGate' <Latency = 0> <II = 1> <Delay = 0.33> <FuncUnit> <Opcode : 'and' 'or' 'xor'> <InPorts = 2> <OutPorts = 1>
ST_18 : Operation 261 [1/1] (0.92ns) (out node of the LUT)   --->   "%icmp_ln947_1 = icmp ne i20 %p_Result_4, 0" [quantized_mlp/mlp.cpp:108]   --->   Operation 261 'icmp' 'icmp_ln947_1' <Predicate = true> <Delay = 0.92> <Core = "Cmp">   --->   Core 25 'Cmp' <Latency = 0> <II = 1> <Delay = 0.88> <FuncUnit> <Opcode : 'icmp'> <InPorts = 2> <OutPorts = 1>
ST_18 : Operation 262 [1/1] (0.00ns) (grouped into LUT with out node or_ln)   --->   "%a = and i1 %icmp_ln947, %icmp_ln947_1" [quantized_mlp/mlp.cpp:108]   --->   Operation 262 'and' 'a' <Predicate = true> <Delay = 0.00> <Core = "LogicGate">   --->   Core 27 'LogicGate' <Latency = 0> <II = 1> <Delay = 0.33> <FuncUnit> <Opcode : 'and' 'or' 'xor'> <InPorts = 2> <OutPorts = 1>
ST_18 : Operation 263 [1/1] (0.00ns) (grouped into LUT with out node or_ln)   --->   "%tmp_14 = call i1 @_ssdm_op_BitSelect.i1.i32.i32(i32 %lsb_index, i32 31)" [quantized_mlp/mlp.cpp:108]   --->   Operation 263 'bitselect' 'tmp_14' <Predicate = true> <Delay = 0.00>
ST_18 : Operation 264 [1/1] (0.00ns) (grouped into LUT with out node or_ln)   --->   "%xor_ln949 = xor i1 %tmp_14, true" [quantized_mlp/mlp.cpp:108]   --->   Operation 264 'xor' 'xor_ln949' <Predicate = true> <Delay = 0.00> <Core = "LogicGate">   --->   Core 27 'LogicGate' <Latency = 0> <II = 1> <Delay = 0.33> <FuncUnit> <Opcode : 'and' 'or' 'xor'> <InPorts = 2> <OutPorts = 1>
ST_18 : Operation 265 [1/1] (1.06ns)   --->   "%add_ln949 = add i20 -24, %trunc_ln944" [quantized_mlp/mlp.cpp:108]   --->   Operation 265 'add' 'add_ln949' <Predicate = true> <Delay = 1.06> <Core = "AddSub">   --->   Core 14 'AddSub' <Latency = 0> <II = 1> <Delay = 0.86> <FuncUnit> <Opcode : 'add' 'sub'> <InPorts = 2> <OutPorts = 1>
ST_18 : Operation 266 [1/1] (0.00ns) (grouped into LUT with out node or_ln)   --->   "%p_Result_3 = call i1 @_ssdm_op_BitSelect.i1.i20.i20(i20 %tmp_V_10, i20 %add_ln949)" [quantized_mlp/mlp.cpp:108]   --->   Operation 266 'bitselect' 'p_Result_3' <Predicate = true> <Delay = 0.00>
ST_18 : Operation 267 [1/1] (0.00ns) (grouped into LUT with out node or_ln)   --->   "%and_ln949 = and i1 %p_Result_3, %xor_ln949" [quantized_mlp/mlp.cpp:108]   --->   Operation 267 'and' 'and_ln949' <Predicate = true> <Delay = 0.00> <Core = "LogicGate">   --->   Core 27 'LogicGate' <Latency = 0> <II = 1> <Delay = 0.33> <FuncUnit> <Opcode : 'and' 'or' 'xor'> <InPorts = 2> <OutPorts = 1>
ST_18 : Operation 268 [1/1] (0.00ns) (grouped into LUT with out node or_ln)   --->   "%or_ln949 = or i1 %and_ln949, %a" [quantized_mlp/mlp.cpp:108]   --->   Operation 268 'or' 'or_ln949' <Predicate = true> <Delay = 0.00> <Core = "LogicGate">   --->   Core 27 'LogicGate' <Latency = 0> <II = 1> <Delay = 0.33> <FuncUnit> <Opcode : 'and' 'or' 'xor'> <InPorts = 2> <OutPorts = 1>
ST_18 : Operation 269 [1/1] (0.33ns) (out node of the LUT)   --->   "%or_ln = call i32 @_ssdm_op_BitConcatenate.i32.i31.i1(i31 0, i1 %or_ln949)" [quantized_mlp/mlp.cpp:108]   --->   Operation 269 'bitconcatenate' 'or_ln' <Predicate = true> <Delay = 0.33>
ST_18 : Operation 270 [1/1] (1.11ns)   --->   "%icmp_ln958 = icmp sgt i32 %lsb_index, 0" [quantized_mlp/mlp.cpp:108]   --->   Operation 270 'icmp' 'icmp_ln958' <Predicate = true> <Delay = 1.11> <Core = "Cmp">   --->   Core 25 'Cmp' <Latency = 0> <II = 1> <Delay = 0.88> <FuncUnit> <Opcode : 'icmp'> <InPorts = 2> <OutPorts = 1>
ST_18 : Operation 271 [1/1] (0.00ns)   --->   "%trunc_ln943 = trunc i32 %l to i8" [quantized_mlp/mlp.cpp:108]   --->   Operation 271 'trunc' 'trunc_ln943' <Predicate = true> <Delay = 0.00>

State 19 <SV = 6> <Delay = 4.86>
ST_19 : Operation 272 [1/1] (0.00ns) (grouped into LUT with out node m_2)   --->   "%m = zext i20 %tmp_V_10 to i64" [quantized_mlp/mlp.cpp:108]   --->   Operation 272 'zext' 'm' <Predicate = (!icmp_ln958 & !icmp_ln935)> <Delay = 0.00>
ST_19 : Operation 273 [1/1] (0.00ns) (grouped into LUT with out node m_2)   --->   "%zext_ln957_1 = zext i20 %tmp_V_10 to i32" [quantized_mlp/mlp.cpp:108]   --->   Operation 273 'zext' 'zext_ln957_1' <Predicate = (icmp_ln958 & !icmp_ln935)> <Delay = 0.00>
ST_19 : Operation 274 [1/1] (1.20ns)   --->   "%add_ln958 = add nsw i32 -25, %sub_ln944" [quantized_mlp/mlp.cpp:108]   --->   Operation 274 'add' 'add_ln958' <Predicate = (icmp_ln958 & !icmp_ln935)> <Delay = 1.20> <Core = "AddSub">   --->   Core 14 'AddSub' <Latency = 0> <II = 1> <Delay = 0.86> <FuncUnit> <Opcode : 'add' 'sub'> <InPorts = 2> <OutPorts = 1>
ST_19 : Operation 275 [1/1] (0.00ns) (grouped into LUT with out node m_2)   --->   "%lshr_ln958 = lshr i32 %zext_ln957_1, %add_ln958" [quantized_mlp/mlp.cpp:108]   --->   Operation 275 'lshr' 'lshr_ln958' <Predicate = (icmp_ln958 & !icmp_ln935)> <Delay = 0.00> <Core = "Shift">   --->   Core 28 'Shift' <Latency = 0> <II = 1> <Delay = 1.45> <FuncUnit> <Opcode : 'shl' 'lshr' 'ashr'> <InPorts = 2> <OutPorts = 1>
ST_19 : Operation 276 [1/1] (0.00ns) (grouped into LUT with out node m_2)   --->   "%zext_ln958 = zext i32 %lshr_ln958 to i64" [quantized_mlp/mlp.cpp:108]   --->   Operation 276 'zext' 'zext_ln958' <Predicate = (icmp_ln958 & !icmp_ln935)> <Delay = 0.00>
ST_19 : Operation 277 [1/1] (1.20ns)   --->   "%sub_ln958 = sub i32 25, %sub_ln944" [quantized_mlp/mlp.cpp:108]   --->   Operation 277 'sub' 'sub_ln958' <Predicate = (!icmp_ln958 & !icmp_ln935)> <Delay = 1.20> <Core = "AddSub">   --->   Core 14 'AddSub' <Latency = 0> <II = 1> <Delay = 0.86> <FuncUnit> <Opcode : 'add' 'sub'> <InPorts = 2> <OutPorts = 1>
ST_19 : Operation 278 [1/1] (0.00ns) (grouped into LUT with out node m_2)   --->   "%zext_ln958_1 = zext i32 %sub_ln958 to i64" [quantized_mlp/mlp.cpp:108]   --->   Operation 278 'zext' 'zext_ln958_1' <Predicate = (!icmp_ln958 & !icmp_ln935)> <Delay = 0.00>
ST_19 : Operation 279 [1/1] (0.00ns) (grouped into LUT with out node m_2)   --->   "%shl_ln958 = shl i64 %m, %zext_ln958_1" [quantized_mlp/mlp.cpp:108]   --->   Operation 279 'shl' 'shl_ln958' <Predicate = (!icmp_ln958 & !icmp_ln935)> <Delay = 0.00> <Core = "Shift">   --->   Core 28 'Shift' <Latency = 0> <II = 1> <Delay = 1.45> <FuncUnit> <Opcode : 'shl' 'lshr' 'ashr'> <InPorts = 2> <OutPorts = 1>
ST_19 : Operation 280 [1/1] (0.00ns) (grouped into LUT with out node m_2)   --->   "%m_1 = select i1 %icmp_ln958, i64 %zext_ln958, i64 %shl_ln958" [quantized_mlp/mlp.cpp:108]   --->   Operation 280 'select' 'm_1' <Predicate = (!icmp_ln935)> <Delay = 0.00> <Core = "Sel">   --->   Core 26 'Sel' <Latency = 0> <II = 1> <Delay = 0.52> <FuncUnit> <Opcode : 'select'> <InPorts = 3> <OutPorts = 1>
ST_19 : Operation 281 [1/1] (0.00ns) (grouped into LUT with out node m_2)   --->   "%zext_ln961 = zext i32 %or_ln to i64" [quantized_mlp/mlp.cpp:108]   --->   Operation 281 'zext' 'zext_ln961' <Predicate = (!icmp_ln935)> <Delay = 0.00>
ST_19 : Operation 282 [1/1] (1.47ns) (out node of the LUT)   --->   "%m_2 = add i64 %m_1, %zext_ln961" [quantized_mlp/mlp.cpp:108]   --->   Operation 282 'add' 'm_2' <Predicate = (!icmp_ln935)> <Delay = 1.47> <Core = "AddSub">   --->   Core 14 'AddSub' <Latency = 0> <II = 1> <Delay = 0.86> <FuncUnit> <Opcode : 'add' 'sub'> <InPorts = 2> <OutPorts = 1>
ST_19 : Operation 283 [1/1] (0.00ns)   --->   "%m_s = call i63 @_ssdm_op_PartSelect.i63.i64.i32.i32(i64 %m_2, i32 1, i32 63)" [quantized_mlp/mlp.cpp:108]   --->   Operation 283 'partselect' 'm_s' <Predicate = (!icmp_ln935)> <Delay = 0.00>
ST_19 : Operation 284 [1/1] (0.00ns)   --->   "%m_26 = zext i63 %m_s to i64" [quantized_mlp/mlp.cpp:108]   --->   Operation 284 'zext' 'm_26' <Predicate = (!icmp_ln935)> <Delay = 0.00>
ST_19 : Operation 285 [1/1] (0.00ns)   --->   "%tmp_15 = call i1 @_ssdm_op_BitSelect.i1.i64.i32(i64 %m_2, i32 25)" [quantized_mlp/mlp.cpp:108]   --->   Operation 285 'bitselect' 'tmp_15' <Predicate = (!icmp_ln935)> <Delay = 0.00>
ST_19 : Operation 286 [1/1] (0.44ns)   --->   "%select_ln964 = select i1 %tmp_15, i8 127, i8 126" [quantized_mlp/mlp.cpp:108]   --->   Operation 286 'select' 'select_ln964' <Predicate = (!icmp_ln935)> <Delay = 0.44> <Core = "Sel">   --->   Core 26 'Sel' <Latency = 0> <II = 1> <Delay = 0.52> <FuncUnit> <Opcode : 'select'> <InPorts = 3> <OutPorts = 1>
ST_19 : Operation 287 [1/1] (0.00ns) (grouped into TernaryAdder)   --->   "%sub_ln964 = sub i8 6, %trunc_ln943" [quantized_mlp/mlp.cpp:108]   --->   Operation 287 'sub' 'sub_ln964' <Predicate = (!icmp_ln935)> <Delay = 0.00> <Core = "TAddSub">   --->   Core 83 'TAddSub' <Latency = 0> <II = 1> <Delay = 0.61> <IPBlock> <Opcode : 'add' 'sub'> <InPorts = 3> <OutPorts = 1> <Sync> <CReg>
ST_19 : Operation 288 [1/1] (1.22ns) (root node of TernaryAdder)   --->   "%add_ln964 = add i8 %select_ln964, %sub_ln964" [quantized_mlp/mlp.cpp:108]   --->   Operation 288 'add' 'add_ln964' <Predicate = (!icmp_ln935)> <Delay = 1.22> <Core = "TAddSub">   --->   Core 83 'TAddSub' <Latency = 0> <II = 1> <Delay = 0.61> <IPBlock> <Opcode : 'add' 'sub'> <InPorts = 3> <OutPorts = 1> <Sync> <CReg>
ST_19 : Operation 289 [1/1] (0.00ns)   --->   "%tmp_s = call i9 @_ssdm_op_BitConcatenate.i9.i1.i8(i1 %p_Result_21, i8 %add_ln964)" [quantized_mlp/mlp.cpp:108]   --->   Operation 289 'bitconcatenate' 'tmp_s' <Predicate = (!icmp_ln935)> <Delay = 0.00>
ST_19 : Operation 290 [1/1] (0.00ns)   --->   "%p_Result_23 = call i64 @_ssdm_op_PartSet.i64.i64.i9.i32.i32(i64 %m_26, i9 %tmp_s, i32 23, i32 31)" [quantized_mlp/mlp.cpp:108]   --->   Operation 290 'partset' 'p_Result_23' <Predicate = (!icmp_ln935)> <Delay = 0.00>
ST_19 : Operation 291 [1/1] (0.00ns)   --->   "%trunc_ln738 = trunc i64 %p_Result_23 to i32" [quantized_mlp/mlp.cpp:108]   --->   Operation 291 'trunc' 'trunc_ln738' <Predicate = (!icmp_ln935)> <Delay = 0.00>
ST_19 : Operation 292 [1/1] (0.00ns)   --->   "%bitcast_ln739 = bitcast i32 %trunc_ln738 to float" [quantized_mlp/mlp.cpp:108]   --->   Operation 292 'bitcast' 'bitcast_ln739' <Predicate = (!icmp_ln935)> <Delay = 0.00>
ST_19 : Operation 293 [1/1] (0.52ns)   --->   "%select_ln935 = select i1 %icmp_ln935, float 0.000000e+00, float %bitcast_ln739" [quantized_mlp/mlp.cpp:108]   --->   Operation 293 'select' 'select_ln935' <Predicate = true> <Delay = 0.52> <Core = "Sel">   --->   Core 26 'Sel' <Latency = 0> <II = 1> <Delay = 0.52> <FuncUnit> <Opcode : 'select'> <InPorts = 3> <OutPorts = 1>
ST_19 : Operation 294 [1/1] (0.75ns)   --->   "br label %_ZNK13ap_fixed_baseILi20ELi6ELb1EL9ap_q_mode5EL9ap_o_mode3ELi0EEcvfEv.exit120" [quantized_mlp/mlp.cpp:109]   --->   Operation 294 'br' <Predicate = true> <Delay = 0.75>

State 20 <SV = 7> <Delay = 0.88>
ST_20 : Operation 295 [1/1] (0.00ns)   --->   "%maxv_0 = phi float [ %select_ln111_1, %_ZNK13ap_fixed_baseILi20ELi6ELb1EL9ap_q_mode5EL9ap_o_mode3ELi0EEcvfEv.exit60_ifconv ], [ %select_ln935, %_ifconv1 ]" [quantized_mlp/mlp.cpp:111]   --->   Operation 295 'phi' 'maxv_0' <Predicate = true> <Delay = 0.00>
ST_20 : Operation 296 [1/1] (0.00ns)   --->   "%j7_0 = phi i4 [ %j_5, %_ZNK13ap_fixed_baseILi20ELi6ELb1EL9ap_q_mode5EL9ap_o_mode3ELi0EEcvfEv.exit60_ifconv ], [ 1, %_ifconv1 ]"   --->   Operation 296 'phi' 'j7_0' <Predicate = true> <Delay = 0.00>
ST_20 : Operation 297 [1/1] (0.88ns)   --->   "%icmp_ln109 = icmp eq i4 %j7_0, -6" [quantized_mlp/mlp.cpp:109]   --->   Operation 297 'icmp' 'icmp_ln109' <Predicate = true> <Delay = 0.88> <Core = "Cmp">   --->   Core 25 'Cmp' <Latency = 0> <II = 1> <Delay = 0.88> <FuncUnit> <Opcode : 'icmp'> <InPorts = 2> <OutPorts = 1>
ST_20 : Operation 298 [1/1] (0.00ns)   --->   "%empty_25 = call i32 (...)* @_ssdm_op_SpecLoopTripCount(i64 9, i64 9, i64 9)"   --->   Operation 298 'speclooptripcount' 'empty_25' <Predicate = true> <Delay = 0.00>
ST_20 : Operation 299 [1/1] (0.00ns)   --->   "br i1 %icmp_ln109, label %_ifconv2, label %8" [quantized_mlp/mlp.cpp:109]   --->   Operation 299 'br' <Predicate = true> <Delay = 0.00>
ST_20 : Operation 300 [1/1] (0.00ns)   --->   "%zext_ln110 = zext i4 %j7_0 to i64" [quantized_mlp/mlp.cpp:110]   --->   Operation 300 'zext' 'zext_ln110' <Predicate = (!icmp_ln109)> <Delay = 0.00>
ST_20 : Operation 301 [1/1] (0.00ns)   --->   "%z4_V_addr_2 = getelementptr [10 x i20]* %z4_V, i64 0, i64 %zext_ln110" [quantized_mlp/mlp.cpp:110]   --->   Operation 301 'getelementptr' 'z4_V_addr_2' <Predicate = (!icmp_ln109)> <Delay = 0.00>
ST_20 : Operation 302 [2/2] (0.79ns)   --->   "%tmp_V_11 = load i20* %z4_V_addr_2, align 4" [quantized_mlp/mlp.cpp:110]   --->   Operation 302 'load' 'tmp_V_11' <Predicate = (!icmp_ln109)> <Delay = 0.79> <Core = "RAM">   --->   Core 37 'RAM' <Latency = 1> <II = 1> <Delay = 0.79> <Storage> <Opcode : 'load' 'store'> <Ports = 2> <Width = 32> <Depth = 10> <RAM>
ST_20 : Operation 303 [1/1] (0.00ns)   --->   "%logits_addr_2 = getelementptr inbounds [10 x float]* %logits, i64 0, i64 0" [quantized_mlp/mlp.cpp:114]   --->   Operation 303 'getelementptr' 'logits_addr_2' <Predicate = (icmp_ln109)> <Delay = 0.00>
ST_20 : Operation 304 [1/1] (0.79ns)   --->   "store float %select_ln935, float* %logits_addr_2, align 16" [quantized_mlp/mlp.cpp:114]   --->   Operation 304 'store' <Predicate = (icmp_ln109)> <Delay = 0.79> <Core = "RAM">   --->   Core 37 'RAM' <Latency = 1> <II = 1> <Delay = 0.79> <Storage> <Opcode : 'load' 'store'> <Ports = 2> <Width = 32> <Depth = 10> <RAM>
ST_20 : Operation 305 [1/1] (0.75ns)   --->   "br label %9" [quantized_mlp/mlp.cpp:118]   --->   Operation 305 'br' <Predicate = (icmp_ln109)> <Delay = 0.75>

State 21 <SV = 8> <Delay = 7.41>
ST_21 : Operation 306 [1/2] (0.79ns)   --->   "%tmp_V_11 = load i20* %z4_V_addr_2, align 4" [quantized_mlp/mlp.cpp:110]   --->   Operation 306 'load' 'tmp_V_11' <Predicate = true> <Delay = 0.79> <Core = "RAM">   --->   Core 37 'RAM' <Latency = 1> <II = 1> <Delay = 0.79> <Storage> <Opcode : 'load' 'store'> <Ports = 2> <Width = 32> <Depth = 10> <RAM>
ST_21 : Operation 307 [1/1] (0.92ns)   --->   "%icmp_ln935_1 = icmp eq i20 %tmp_V_11, 0" [quantized_mlp/mlp.cpp:110]   --->   Operation 307 'icmp' 'icmp_ln935_1' <Predicate = true> <Delay = 0.92> <Core = "Cmp">   --->   Core 25 'Cmp' <Latency = 0> <II = 1> <Delay = 0.88> <FuncUnit> <Opcode : 'icmp'> <InPorts = 2> <OutPorts = 1>
ST_21 : Operation 308 [1/1] (0.00ns)   --->   "br i1 %icmp_ln935_1, label %_ZNK13ap_fixed_baseILi20ELi6ELb1EL9ap_q_mode5EL9ap_o_mode3ELi0EEcvfEv.exit90._ZNK13ap_fixed_baseILi20ELi6ELb1EL9ap_q_mode5EL9ap_o_mode3ELi0EEcvfEv.exit60_crit_edge.critedge, label %_ifconv" [quantized_mlp/mlp.cpp:110]   --->   Operation 308 'br' <Predicate = true> <Delay = 0.00>
ST_21 : Operation 309 [1/1] (0.00ns)   --->   "%p_Result_24 = call i1 @_ssdm_op_BitSelect.i1.i20.i32(i20 %tmp_V_11, i32 19)" [quantized_mlp/mlp.cpp:110]   --->   Operation 309 'bitselect' 'p_Result_24' <Predicate = (!icmp_ln935_1)> <Delay = 0.00>
ST_21 : Operation 310 [1/1] (1.06ns)   --->   "%tmp_V_5 = sub i20 0, %tmp_V_11" [quantized_mlp/mlp.cpp:110]   --->   Operation 310 'sub' 'tmp_V_5' <Predicate = (!icmp_ln935_1)> <Delay = 1.06> <Core = "AddSub">   --->   Core 14 'AddSub' <Latency = 0> <II = 1> <Delay = 0.86> <FuncUnit> <Opcode : 'add' 'sub'> <InPorts = 2> <OutPorts = 1>
ST_21 : Operation 311 [1/1] (0.43ns)   --->   "%tmp_V_12 = select i1 %p_Result_24, i20 %tmp_V_5, i20 %tmp_V_11" [quantized_mlp/mlp.cpp:110]   --->   Operation 311 'select' 'tmp_V_12' <Predicate = (!icmp_ln935_1)> <Delay = 0.43> <Core = "Sel">   --->   Core 26 'Sel' <Latency = 0> <II = 1> <Delay = 0.52> <FuncUnit> <Opcode : 'select'> <InPorts = 3> <OutPorts = 1>
ST_21 : Operation 312 [1/1] (0.00ns)   --->   "%p_Result_10 = call i20 @llvm.part.select.i20(i20 %tmp_V_12, i32 19, i32 0) nounwind" [quantized_mlp/mlp.cpp:110]   --->   Operation 312 'partselect' 'p_Result_10' <Predicate = (!icmp_ln935_1)> <Delay = 0.00>
ST_21 : Operation 313 [1/1] (0.00ns)   --->   "%p_Result_25 = call i32 @_ssdm_op_BitConcatenate.i32.i12.i20(i12 -1, i20 %p_Result_10)" [quantized_mlp/mlp.cpp:110]   --->   Operation 313 'bitconcatenate' 'p_Result_25' <Predicate = (!icmp_ln935_1)> <Delay = 0.00>
ST_21 : Operation 314 [1/1] (1.28ns)   --->   "%l_1 = call i32 @llvm.cttz.i32(i32 %p_Result_25, i1 true) nounwind" [quantized_mlp/mlp.cpp:110]   --->   Operation 314 'cttz' 'l_1' <Predicate = (!icmp_ln935_1)> <Delay = 1.28> <Core = "CTTZ">   --->   Core 64 'CTTZ' <Latency = 0> <II = 1> <Delay = 1.28> <FuncUnit> <Opcode : 'cttz'> <InPorts = 1> <OutPorts = 1>
ST_21 : Operation 315 [1/1] (1.20ns)   --->   "%sub_ln944_1 = sub nsw i32 20, %l_1" [quantized_mlp/mlp.cpp:110]   --->   Operation 315 'sub' 'sub_ln944_1' <Predicate = (!icmp_ln935_1)> <Delay = 1.20> <Core = "AddSub">   --->   Core 14 'AddSub' <Latency = 0> <II = 1> <Delay = 0.86> <FuncUnit> <Opcode : 'add' 'sub'> <InPorts = 2> <OutPorts = 1>
ST_21 : Operation 316 [1/1] (0.00ns)   --->   "%trunc_ln944_1 = trunc i32 %sub_ln944_1 to i20" [quantized_mlp/mlp.cpp:110]   --->   Operation 316 'trunc' 'trunc_ln944_1' <Predicate = (!icmp_ln935_1)> <Delay = 0.00>
ST_21 : Operation 317 [1/1] (1.20ns)   --->   "%lsb_index_1 = add nsw i32 -24, %sub_ln944_1" [quantized_mlp/mlp.cpp:110]   --->   Operation 317 'add' 'lsb_index_1' <Predicate = (!icmp_ln935_1)> <Delay = 1.20> <Core = "AddSub">   --->   Core 14 'AddSub' <Latency = 0> <II = 1> <Delay = 0.86> <FuncUnit> <Opcode : 'add' 'sub'> <InPorts = 2> <OutPorts = 1>
ST_21 : Operation 318 [1/1] (0.00ns)   --->   "%tmp_18 = call i31 @_ssdm_op_PartSelect.i31.i32.i32.i32(i32 %lsb_index_1, i32 1, i32 31)" [quantized_mlp/mlp.cpp:110]   --->   Operation 318 'partselect' 'tmp_18' <Predicate = (!icmp_ln935_1)> <Delay = 0.00>
ST_21 : Operation 319 [1/1] (1.09ns)   --->   "%icmp_ln947_2 = icmp sgt i31 %tmp_18, 0" [quantized_mlp/mlp.cpp:110]   --->   Operation 319 'icmp' 'icmp_ln947_2' <Predicate = (!icmp_ln935_1)> <Delay = 1.09> <Core = "Cmp">   --->   Core 25 'Cmp' <Latency = 0> <II = 1> <Delay = 0.88> <FuncUnit> <Opcode : 'icmp'> <InPorts = 2> <OutPorts = 1>
ST_21 : Operation 320 [1/1] (0.00ns)   --->   "%trunc_ln947_1 = trunc i32 %sub_ln944_1 to i5" [quantized_mlp/mlp.cpp:110]   --->   Operation 320 'trunc' 'trunc_ln947_1' <Predicate = (!icmp_ln935_1)> <Delay = 0.00>
ST_21 : Operation 321 [1/1] (0.87ns)   --->   "%sub_ln947_1 = sub i5 13, %trunc_ln947_1" [quantized_mlp/mlp.cpp:110]   --->   Operation 321 'sub' 'sub_ln947_1' <Predicate = (!icmp_ln935_1)> <Delay = 0.87> <Core = "AddSub">   --->   Core 14 'AddSub' <Latency = 0> <II = 1> <Delay = 0.86> <FuncUnit> <Opcode : 'add' 'sub'> <InPorts = 2> <OutPorts = 1>
ST_21 : Operation 322 [1/1] (0.00ns) (grouped into LUT with out node icmp_ln947_3)   --->   "%zext_ln947_1 = zext i5 %sub_ln947_1 to i20" [quantized_mlp/mlp.cpp:110]   --->   Operation 322 'zext' 'zext_ln947_1' <Predicate = (!icmp_ln935_1)> <Delay = 0.00>
ST_21 : Operation 323 [1/1] (0.00ns) (grouped into LUT with out node icmp_ln947_3)   --->   "%lshr_ln947_1 = lshr i20 -1, %zext_ln947_1" [quantized_mlp/mlp.cpp:110]   --->   Operation 323 'lshr' 'lshr_ln947_1' <Predicate = (!icmp_ln935_1)> <Delay = 0.00> <Core = "Shift">   --->   Core 28 'Shift' <Latency = 0> <II = 1> <Delay = 1.45> <FuncUnit> <Opcode : 'shl' 'lshr' 'ashr'> <InPorts = 2> <OutPorts = 1>
ST_21 : Operation 324 [1/1] (0.00ns) (grouped into LUT with out node icmp_ln947_3)   --->   "%p_Result_12 = and i20 %tmp_V_12, %lshr_ln947_1" [quantized_mlp/mlp.cpp:110]   --->   Operation 324 'and' 'p_Result_12' <Predicate = (!icmp_ln935_1)> <Delay = 0.00> <Core = "LogicGate">   --->   Core 27 'LogicGate' <Latency = 0> <II = 1> <Delay = 0.33> <FuncUnit> <Opcode : 'and' 'or' 'xor'> <InPorts = 2> <OutPorts = 1>
ST_21 : Operation 325 [1/1] (0.92ns) (out node of the LUT)   --->   "%icmp_ln947_3 = icmp ne i20 %p_Result_12, 0" [quantized_mlp/mlp.cpp:110]   --->   Operation 325 'icmp' 'icmp_ln947_3' <Predicate = (!icmp_ln935_1)> <Delay = 0.92> <Core = "Cmp">   --->   Core 25 'Cmp' <Latency = 0> <II = 1> <Delay = 0.88> <FuncUnit> <Opcode : 'icmp'> <InPorts = 2> <OutPorts = 1>
ST_21 : Operation 326 [1/1] (0.00ns) (grouped into LUT with out node or_ln949_2)   --->   "%a_1 = and i1 %icmp_ln947_2, %icmp_ln947_3" [quantized_mlp/mlp.cpp:110]   --->   Operation 326 'and' 'a_1' <Predicate = (!icmp_ln935_1)> <Delay = 0.00> <Core = "LogicGate">   --->   Core 27 'LogicGate' <Latency = 0> <II = 1> <Delay = 0.33> <FuncUnit> <Opcode : 'and' 'or' 'xor'> <InPorts = 2> <OutPorts = 1>
ST_21 : Operation 327 [1/1] (0.00ns) (grouped into LUT with out node or_ln949_2)   --->   "%tmp_19 = call i1 @_ssdm_op_BitSelect.i1.i32.i32(i32 %lsb_index_1, i32 31)" [quantized_mlp/mlp.cpp:110]   --->   Operation 327 'bitselect' 'tmp_19' <Predicate = (!icmp_ln935_1)> <Delay = 0.00>
ST_21 : Operation 328 [1/1] (0.00ns) (grouped into LUT with out node or_ln949_2)   --->   "%xor_ln949_1 = xor i1 %tmp_19, true" [quantized_mlp/mlp.cpp:110]   --->   Operation 328 'xor' 'xor_ln949_1' <Predicate = (!icmp_ln935_1)> <Delay = 0.00> <Core = "LogicGate">   --->   Core 27 'LogicGate' <Latency = 0> <II = 1> <Delay = 0.33> <FuncUnit> <Opcode : 'and' 'or' 'xor'> <InPorts = 2> <OutPorts = 1>
ST_21 : Operation 329 [1/1] (1.06ns)   --->   "%add_ln949_1 = add i20 -24, %trunc_ln944_1" [quantized_mlp/mlp.cpp:110]   --->   Operation 329 'add' 'add_ln949_1' <Predicate = (!icmp_ln935_1)> <Delay = 1.06> <Core = "AddSub">   --->   Core 14 'AddSub' <Latency = 0> <II = 1> <Delay = 0.86> <FuncUnit> <Opcode : 'add' 'sub'> <InPorts = 2> <OutPorts = 1>
ST_21 : Operation 330 [1/1] (0.00ns) (grouped into LUT with out node or_ln949_2)   --->   "%p_Result_13 = call i1 @_ssdm_op_BitSelect.i1.i20.i20(i20 %tmp_V_12, i20 %add_ln949_1)" [quantized_mlp/mlp.cpp:110]   --->   Operation 330 'bitselect' 'p_Result_13' <Predicate = (!icmp_ln935_1)> <Delay = 0.00>
ST_21 : Operation 331 [1/1] (0.00ns) (grouped into LUT with out node or_ln949_2)   --->   "%and_ln949_1 = and i1 %p_Result_13, %xor_ln949_1" [quantized_mlp/mlp.cpp:110]   --->   Operation 331 'and' 'and_ln949_1' <Predicate = (!icmp_ln935_1)> <Delay = 0.00> <Core = "LogicGate">   --->   Core 27 'LogicGate' <Latency = 0> <II = 1> <Delay = 0.33> <FuncUnit> <Opcode : 'and' 'or' 'xor'> <InPorts = 2> <OutPorts = 1>
ST_21 : Operation 332 [1/1] (0.00ns) (grouped into LUT with out node or_ln949_2)   --->   "%or_ln949_1 = or i1 %and_ln949_1, %a_1" [quantized_mlp/mlp.cpp:110]   --->   Operation 332 'or' 'or_ln949_1' <Predicate = (!icmp_ln935_1)> <Delay = 0.00> <Core = "LogicGate">   --->   Core 27 'LogicGate' <Latency = 0> <II = 1> <Delay = 0.33> <FuncUnit> <Opcode : 'and' 'or' 'xor'> <InPorts = 2> <OutPorts = 1>
ST_21 : Operation 333 [1/1] (0.33ns) (out node of the LUT)   --->   "%or_ln949_2 = call i32 @_ssdm_op_BitConcatenate.i32.i31.i1(i31 0, i1 %or_ln949_1)" [quantized_mlp/mlp.cpp:110]   --->   Operation 333 'bitconcatenate' 'or_ln949_2' <Predicate = (!icmp_ln935_1)> <Delay = 0.33>
ST_21 : Operation 334 [1/1] (1.11ns)   --->   "%icmp_ln958_1 = icmp sgt i32 %lsb_index_1, 0" [quantized_mlp/mlp.cpp:110]   --->   Operation 334 'icmp' 'icmp_ln958_1' <Predicate = (!icmp_ln935_1)> <Delay = 1.11> <Core = "Cmp">   --->   Core 25 'Cmp' <Latency = 0> <II = 1> <Delay = 0.88> <FuncUnit> <Opcode : 'icmp'> <InPorts = 2> <OutPorts = 1>
ST_21 : Operation 335 [1/1] (0.00ns)   --->   "%trunc_ln943_1 = trunc i32 %l_1 to i8" [quantized_mlp/mlp.cpp:110]   --->   Operation 335 'trunc' 'trunc_ln943_1' <Predicate = (!icmp_ln935_1)> <Delay = 0.00>
ST_21 : Operation 336 [1/1] (0.00ns)   --->   "%logits_addr = getelementptr inbounds [10 x float]* %logits, i64 0, i64 %zext_ln110" [quantized_mlp/mlp.cpp:110]   --->   Operation 336 'getelementptr' 'logits_addr' <Predicate = (icmp_ln935_1)> <Delay = 0.00>
ST_21 : Operation 337 [1/1] (0.79ns)   --->   "store float 0.000000e+00, float* %logits_addr, align 4" [quantized_mlp/mlp.cpp:110]   --->   Operation 337 'store' <Predicate = (icmp_ln935_1)> <Delay = 0.79> <Core = "RAM">   --->   Core 37 'RAM' <Latency = 1> <II = 1> <Delay = 0.79> <Storage> <Opcode : 'load' 'store'> <Ports = 2> <Width = 32> <Depth = 10> <RAM>
ST_21 : Operation 338 [1/1] (0.75ns)   --->   "br label %_ZNK13ap_fixed_baseILi20ELi6ELb1EL9ap_q_mode5EL9ap_o_mode3ELi0EEcvfEv.exit60_ifconv" [quantized_mlp/mlp.cpp:111]   --->   Operation 338 'br' <Predicate = (icmp_ln935_1)> <Delay = 0.75>

State 22 <SV = 9> <Delay = 5.13>
ST_22 : Operation 339 [1/1] (0.00ns) (grouped into LUT with out node m_17)   --->   "%m_15 = zext i20 %tmp_V_12 to i64" [quantized_mlp/mlp.cpp:110]   --->   Operation 339 'zext' 'm_15' <Predicate = (!icmp_ln935_1 & !icmp_ln958_1)> <Delay = 0.00>
ST_22 : Operation 340 [1/1] (0.00ns) (grouped into LUT with out node m_17)   --->   "%zext_ln957_2 = zext i20 %tmp_V_12 to i32" [quantized_mlp/mlp.cpp:110]   --->   Operation 340 'zext' 'zext_ln957_2' <Predicate = (!icmp_ln935_1 & icmp_ln958_1)> <Delay = 0.00>
ST_22 : Operation 341 [1/1] (1.20ns)   --->   "%add_ln958_1 = add nsw i32 -25, %sub_ln944_1" [quantized_mlp/mlp.cpp:110]   --->   Operation 341 'add' 'add_ln958_1' <Predicate = (!icmp_ln935_1 & icmp_ln958_1)> <Delay = 1.20> <Core = "AddSub">   --->   Core 14 'AddSub' <Latency = 0> <II = 1> <Delay = 0.86> <FuncUnit> <Opcode : 'add' 'sub'> <InPorts = 2> <OutPorts = 1>
ST_22 : Operation 342 [1/1] (0.00ns) (grouped into LUT with out node m_17)   --->   "%lshr_ln958_1 = lshr i32 %zext_ln957_2, %add_ln958_1" [quantized_mlp/mlp.cpp:110]   --->   Operation 342 'lshr' 'lshr_ln958_1' <Predicate = (!icmp_ln935_1 & icmp_ln958_1)> <Delay = 0.00> <Core = "Shift">   --->   Core 28 'Shift' <Latency = 0> <II = 1> <Delay = 1.45> <FuncUnit> <Opcode : 'shl' 'lshr' 'ashr'> <InPorts = 2> <OutPorts = 1>
ST_22 : Operation 343 [1/1] (0.00ns) (grouped into LUT with out node m_17)   --->   "%zext_ln958_2 = zext i32 %lshr_ln958_1 to i64" [quantized_mlp/mlp.cpp:110]   --->   Operation 343 'zext' 'zext_ln958_2' <Predicate = (!icmp_ln935_1 & icmp_ln958_1)> <Delay = 0.00>
ST_22 : Operation 344 [1/1] (1.20ns)   --->   "%sub_ln958_1 = sub i32 25, %sub_ln944_1" [quantized_mlp/mlp.cpp:110]   --->   Operation 344 'sub' 'sub_ln958_1' <Predicate = (!icmp_ln935_1 & !icmp_ln958_1)> <Delay = 1.20> <Core = "AddSub">   --->   Core 14 'AddSub' <Latency = 0> <II = 1> <Delay = 0.86> <FuncUnit> <Opcode : 'add' 'sub'> <InPorts = 2> <OutPorts = 1>
ST_22 : Operation 345 [1/1] (0.00ns) (grouped into LUT with out node m_17)   --->   "%zext_ln958_3 = zext i32 %sub_ln958_1 to i64" [quantized_mlp/mlp.cpp:110]   --->   Operation 345 'zext' 'zext_ln958_3' <Predicate = (!icmp_ln935_1 & !icmp_ln958_1)> <Delay = 0.00>
ST_22 : Operation 346 [1/1] (0.00ns) (grouped into LUT with out node m_17)   --->   "%shl_ln958_1 = shl i64 %m_15, %zext_ln958_3" [quantized_mlp/mlp.cpp:110]   --->   Operation 346 'shl' 'shl_ln958_1' <Predicate = (!icmp_ln935_1 & !icmp_ln958_1)> <Delay = 0.00> <Core = "Shift">   --->   Core 28 'Shift' <Latency = 0> <II = 1> <Delay = 1.45> <FuncUnit> <Opcode : 'shl' 'lshr' 'ashr'> <InPorts = 2> <OutPorts = 1>
ST_22 : Operation 347 [1/1] (0.00ns) (grouped into LUT with out node m_17)   --->   "%m_16 = select i1 %icmp_ln958_1, i64 %zext_ln958_2, i64 %shl_ln958_1" [quantized_mlp/mlp.cpp:110]   --->   Operation 347 'select' 'm_16' <Predicate = (!icmp_ln935_1)> <Delay = 0.00> <Core = "Sel">   --->   Core 26 'Sel' <Latency = 0> <II = 1> <Delay = 0.52> <FuncUnit> <Opcode : 'select'> <InPorts = 3> <OutPorts = 1>
ST_22 : Operation 348 [1/1] (0.00ns) (grouped into LUT with out node m_17)   --->   "%zext_ln961_1 = zext i32 %or_ln949_2 to i64" [quantized_mlp/mlp.cpp:110]   --->   Operation 348 'zext' 'zext_ln961_1' <Predicate = (!icmp_ln935_1)> <Delay = 0.00>
ST_22 : Operation 349 [1/1] (1.47ns) (out node of the LUT)   --->   "%m_17 = add i64 %m_16, %zext_ln961_1" [quantized_mlp/mlp.cpp:110]   --->   Operation 349 'add' 'm_17' <Predicate = (!icmp_ln935_1)> <Delay = 1.47> <Core = "AddSub">   --->   Core 14 'AddSub' <Latency = 0> <II = 1> <Delay = 0.86> <FuncUnit> <Opcode : 'add' 'sub'> <InPorts = 2> <OutPorts = 1>
ST_22 : Operation 350 [1/1] (0.00ns)   --->   "%m_3 = call i63 @_ssdm_op_PartSelect.i63.i64.i32.i32(i64 %m_17, i32 1, i32 63)" [quantized_mlp/mlp.cpp:110]   --->   Operation 350 'partselect' 'm_3' <Predicate = (!icmp_ln935_1)> <Delay = 0.00>
ST_22 : Operation 351 [1/1] (0.00ns)   --->   "%m_27 = zext i63 %m_3 to i64" [quantized_mlp/mlp.cpp:110]   --->   Operation 351 'zext' 'm_27' <Predicate = (!icmp_ln935_1)> <Delay = 0.00>
ST_22 : Operation 352 [1/1] (0.00ns)   --->   "%tmp_20 = call i1 @_ssdm_op_BitSelect.i1.i64.i32(i64 %m_17, i32 25)" [quantized_mlp/mlp.cpp:110]   --->   Operation 352 'bitselect' 'tmp_20' <Predicate = (!icmp_ln935_1)> <Delay = 0.00>
ST_22 : Operation 353 [1/1] (0.44ns)   --->   "%select_ln964_1 = select i1 %tmp_20, i8 127, i8 126" [quantized_mlp/mlp.cpp:110]   --->   Operation 353 'select' 'select_ln964_1' <Predicate = (!icmp_ln935_1)> <Delay = 0.44> <Core = "Sel">   --->   Core 26 'Sel' <Latency = 0> <II = 1> <Delay = 0.52> <FuncUnit> <Opcode : 'select'> <InPorts = 3> <OutPorts = 1>
ST_22 : Operation 354 [1/1] (0.00ns) (grouped into TernaryAdder)   --->   "%sub_ln964_1 = sub i8 6, %trunc_ln943_1" [quantized_mlp/mlp.cpp:110]   --->   Operation 354 'sub' 'sub_ln964_1' <Predicate = (!icmp_ln935_1)> <Delay = 0.00> <Core = "TAddSub">   --->   Core 83 'TAddSub' <Latency = 0> <II = 1> <Delay = 0.61> <IPBlock> <Opcode : 'add' 'sub'> <InPorts = 3> <OutPorts = 1> <Sync> <CReg>
ST_22 : Operation 355 [1/1] (1.22ns) (root node of TernaryAdder)   --->   "%add_ln964_1 = add i8 %select_ln964_1, %sub_ln964_1" [quantized_mlp/mlp.cpp:110]   --->   Operation 355 'add' 'add_ln964_1' <Predicate = (!icmp_ln935_1)> <Delay = 1.22> <Core = "TAddSub">   --->   Core 83 'TAddSub' <Latency = 0> <II = 1> <Delay = 0.61> <IPBlock> <Opcode : 'add' 'sub'> <InPorts = 3> <OutPorts = 1> <Sync> <CReg>
ST_22 : Operation 356 [1/1] (0.00ns)   --->   "%tmp_4 = call i9 @_ssdm_op_BitConcatenate.i9.i1.i8(i1 %p_Result_24, i8 %add_ln964_1)" [quantized_mlp/mlp.cpp:110]   --->   Operation 356 'bitconcatenate' 'tmp_4' <Predicate = (!icmp_ln935_1)> <Delay = 0.00>
ST_22 : Operation 357 [1/1] (0.00ns)   --->   "%p_Result_26 = call i64 @_ssdm_op_PartSet.i64.i64.i9.i32.i32(i64 %m_27, i9 %tmp_4, i32 23, i32 31)" [quantized_mlp/mlp.cpp:110]   --->   Operation 357 'partset' 'p_Result_26' <Predicate = (!icmp_ln935_1)> <Delay = 0.00>
ST_22 : Operation 358 [1/1] (0.00ns)   --->   "%trunc_ln738_1 = trunc i64 %p_Result_26 to i32" [quantized_mlp/mlp.cpp:110]   --->   Operation 358 'trunc' 'trunc_ln738_1' <Predicate = (!icmp_ln935_1)> <Delay = 0.00>
ST_22 : Operation 359 [1/1] (0.00ns)   --->   "%bitcast_ln739_1 = bitcast i32 %trunc_ln738_1 to float" [quantized_mlp/mlp.cpp:110]   --->   Operation 359 'bitcast' 'bitcast_ln739_1' <Predicate = (!icmp_ln935_1)> <Delay = 0.00>
ST_22 : Operation 360 [1/1] (0.00ns)   --->   "%logits_addr_1 = getelementptr inbounds [10 x float]* %logits, i64 0, i64 %zext_ln110" [quantized_mlp/mlp.cpp:110]   --->   Operation 360 'getelementptr' 'logits_addr_1' <Predicate = (!icmp_ln935_1)> <Delay = 0.00>
ST_22 : Operation 361 [1/1] (0.79ns)   --->   "store float %bitcast_ln739_1, float* %logits_addr_1, align 4" [quantized_mlp/mlp.cpp:110]   --->   Operation 361 'store' <Predicate = (!icmp_ln935_1)> <Delay = 0.79> <Core = "RAM">   --->   Core 37 'RAM' <Latency = 1> <II = 1> <Delay = 0.79> <Storage> <Opcode : 'load' 'store'> <Ports = 2> <Width = 32> <Depth = 10> <RAM>
ST_22 : Operation 362 [1/1] (0.75ns)   --->   "br label %_ZNK13ap_fixed_baseILi20ELi6ELb1EL9ap_q_mode5EL9ap_o_mode3ELi0EEcvfEv.exit60_ifconv" [quantized_mlp/mlp.cpp:111]   --->   Operation 362 'br' <Predicate = (!icmp_ln935_1)> <Delay = 0.75>
ST_22 : Operation 363 [1/1] (0.86ns)   --->   "%j_5 = add i4 1, %j7_0" [quantized_mlp/mlp.cpp:109]   --->   Operation 363 'add' 'j_5' <Predicate = true> <Delay = 0.86> <Core = "AddSub">   --->   Core 14 'AddSub' <Latency = 0> <II = 1> <Delay = 0.86> <FuncUnit> <Opcode : 'add' 'sub'> <InPorts = 2> <OutPorts = 1>

State 23 <SV = 10> <Delay = 6.62>
ST_23 : Operation 364 [1/1] (0.00ns)   --->   "%p_0202 = phi float [ %bitcast_ln739_1, %_ifconv ], [ 0.000000e+00, %_ZNK13ap_fixed_baseILi20ELi6ELb1EL9ap_q_mode5EL9ap_o_mode3ELi0EEcvfEv.exit90._ZNK13ap_fixed_baseILi20ELi6ELb1EL9ap_q_mode5EL9ap_o_mode3ELi0EEcvfEv.exit60_crit_edge.critedge ]" [quantized_mlp/mlp.cpp:110]   --->   Operation 364 'phi' 'p_0202' <Predicate = true> <Delay = 0.00>
ST_23 : Operation 365 [1/1] (0.00ns)   --->   "%bitcast_ln111 = bitcast float %p_0202 to i32" [quantized_mlp/mlp.cpp:111]   --->   Operation 365 'bitcast' 'bitcast_ln111' <Predicate = true> <Delay = 0.00>
ST_23 : Operation 366 [1/1] (0.00ns)   --->   "%tmp_1 = call i8 @_ssdm_op_PartSelect.i8.i32.i32.i32(i32 %bitcast_ln111, i32 23, i32 30)" [quantized_mlp/mlp.cpp:111]   --->   Operation 366 'partselect' 'tmp_1' <Predicate = true> <Delay = 0.00>
ST_23 : Operation 367 [1/1] (0.00ns)   --->   "%trunc_ln111 = trunc i32 %bitcast_ln111 to i23" [quantized_mlp/mlp.cpp:111]   --->   Operation 367 'trunc' 'trunc_ln111' <Predicate = true> <Delay = 0.00>
ST_23 : Operation 368 [1/1] (0.85ns)   --->   "%icmp_ln111 = icmp ne i8 %tmp_1, -1" [quantized_mlp/mlp.cpp:111]   --->   Operation 368 'icmp' 'icmp_ln111' <Predicate = true> <Delay = 0.85> <Core = "Cmp">   --->   Core 25 'Cmp' <Latency = 0> <II = 1> <Delay = 0.88> <FuncUnit> <Opcode : 'icmp'> <InPorts = 2> <OutPorts = 1>
ST_23 : Operation 369 [1/1] (0.97ns)   --->   "%icmp_ln111_1 = icmp eq i23 %trunc_ln111, 0" [quantized_mlp/mlp.cpp:111]   --->   Operation 369 'icmp' 'icmp_ln111_1' <Predicate = true> <Delay = 0.97> <Core = "Cmp">   --->   Core 25 'Cmp' <Latency = 0> <II = 1> <Delay = 0.88> <FuncUnit> <Opcode : 'icmp'> <InPorts = 2> <OutPorts = 1>
ST_23 : Operation 370 [2/2] (3.34ns)   --->   "%tmp_5 = fcmp ogt float %p_0202, %maxv_0" [quantized_mlp/mlp.cpp:111]   --->   Operation 370 'fcmp' 'tmp_5' <Predicate = true> <Delay = 3.34> <Core = "FCmp">   --->   Core 111 'FCmp' <Latency = 1> <II = 1> <Delay = 3.34> <FuncUnit> <Opcode : 'fcmp'> <InPorts = 2> <OutPorts = 1>
ST_23 : Operation 371 [1/1] (0.00ns)   --->   "%p_Result_27 = call i1 @_ssdm_op_BitSelect.i1.i20.i32(i20 %tmp_V_11, i32 19)" [quantized_mlp/mlp.cpp:112]   --->   Operation 371 'bitselect' 'p_Result_27' <Predicate = true> <Delay = 0.00>
ST_23 : Operation 372 [1/1] (1.06ns)   --->   "%tmp_V_7 = sub i20 0, %tmp_V_11" [quantized_mlp/mlp.cpp:112]   --->   Operation 372 'sub' 'tmp_V_7' <Predicate = true> <Delay = 1.06> <Core = "AddSub">   --->   Core 14 'AddSub' <Latency = 0> <II = 1> <Delay = 0.86> <FuncUnit> <Opcode : 'add' 'sub'> <InPorts = 2> <OutPorts = 1>
ST_23 : Operation 373 [1/1] (0.43ns)   --->   "%tmp_V_13 = select i1 %p_Result_27, i20 %tmp_V_7, i20 %tmp_V_11" [quantized_mlp/mlp.cpp:112]   --->   Operation 373 'select' 'tmp_V_13' <Predicate = true> <Delay = 0.43> <Core = "Sel">   --->   Core 26 'Sel' <Latency = 0> <II = 1> <Delay = 0.52> <FuncUnit> <Opcode : 'select'> <InPorts = 3> <OutPorts = 1>
ST_23 : Operation 374 [1/1] (0.00ns)   --->   "%p_Result_16 = call i20 @llvm.part.select.i20(i20 %tmp_V_13, i32 19, i32 0) nounwind" [quantized_mlp/mlp.cpp:112]   --->   Operation 374 'partselect' 'p_Result_16' <Predicate = true> <Delay = 0.00>
ST_23 : Operation 375 [1/1] (0.00ns)   --->   "%p_Result_28 = call i32 @_ssdm_op_BitConcatenate.i32.i12.i20(i12 -1, i20 %p_Result_16)" [quantized_mlp/mlp.cpp:112]   --->   Operation 375 'bitconcatenate' 'p_Result_28' <Predicate = true> <Delay = 0.00>
ST_23 : Operation 376 [1/1] (1.28ns)   --->   "%l_2 = call i32 @llvm.cttz.i32(i32 %p_Result_28, i1 true) nounwind" [quantized_mlp/mlp.cpp:112]   --->   Operation 376 'cttz' 'l_2' <Predicate = true> <Delay = 1.28> <Core = "CTTZ">   --->   Core 64 'CTTZ' <Latency = 0> <II = 1> <Delay = 1.28> <FuncUnit> <Opcode : 'cttz'> <InPorts = 1> <OutPorts = 1>
ST_23 : Operation 377 [1/1] (1.20ns)   --->   "%sub_ln944_2 = sub nsw i32 20, %l_2" [quantized_mlp/mlp.cpp:112]   --->   Operation 377 'sub' 'sub_ln944_2' <Predicate = true> <Delay = 1.20> <Core = "AddSub">   --->   Core 14 'AddSub' <Latency = 0> <II = 1> <Delay = 0.86> <FuncUnit> <Opcode : 'add' 'sub'> <InPorts = 2> <OutPorts = 1>
ST_23 : Operation 378 [1/1] (0.00ns)   --->   "%trunc_ln944_2 = trunc i32 %sub_ln944_2 to i20" [quantized_mlp/mlp.cpp:112]   --->   Operation 378 'trunc' 'trunc_ln944_2' <Predicate = true> <Delay = 0.00>
ST_23 : Operation 379 [1/1] (1.20ns)   --->   "%lsb_index_2 = add nsw i32 -24, %sub_ln944_2" [quantized_mlp/mlp.cpp:112]   --->   Operation 379 'add' 'lsb_index_2' <Predicate = true> <Delay = 1.20> <Core = "AddSub">   --->   Core 14 'AddSub' <Latency = 0> <II = 1> <Delay = 0.86> <FuncUnit> <Opcode : 'add' 'sub'> <InPorts = 2> <OutPorts = 1>
ST_23 : Operation 380 [1/1] (0.00ns)   --->   "%tmp_22 = call i31 @_ssdm_op_PartSelect.i31.i32.i32.i32(i32 %lsb_index_2, i32 1, i32 31)" [quantized_mlp/mlp.cpp:112]   --->   Operation 380 'partselect' 'tmp_22' <Predicate = true> <Delay = 0.00>
ST_23 : Operation 381 [1/1] (1.09ns)   --->   "%icmp_ln947_4 = icmp sgt i31 %tmp_22, 0" [quantized_mlp/mlp.cpp:112]   --->   Operation 381 'icmp' 'icmp_ln947_4' <Predicate = true> <Delay = 1.09> <Core = "Cmp">   --->   Core 25 'Cmp' <Latency = 0> <II = 1> <Delay = 0.88> <FuncUnit> <Opcode : 'icmp'> <InPorts = 2> <OutPorts = 1>
ST_23 : Operation 382 [1/1] (0.00ns)   --->   "%trunc_ln947_2 = trunc i32 %sub_ln944_2 to i5" [quantized_mlp/mlp.cpp:112]   --->   Operation 382 'trunc' 'trunc_ln947_2' <Predicate = true> <Delay = 0.00>
ST_23 : Operation 383 [1/1] (0.87ns)   --->   "%sub_ln947_2 = sub i5 13, %trunc_ln947_2" [quantized_mlp/mlp.cpp:112]   --->   Operation 383 'sub' 'sub_ln947_2' <Predicate = true> <Delay = 0.87> <Core = "AddSub">   --->   Core 14 'AddSub' <Latency = 0> <II = 1> <Delay = 0.86> <FuncUnit> <Opcode : 'add' 'sub'> <InPorts = 2> <OutPorts = 1>
ST_23 : Operation 384 [1/1] (0.00ns) (grouped into LUT with out node icmp_ln947_5)   --->   "%zext_ln947_2 = zext i5 %sub_ln947_2 to i20" [quantized_mlp/mlp.cpp:112]   --->   Operation 384 'zext' 'zext_ln947_2' <Predicate = true> <Delay = 0.00>
ST_23 : Operation 385 [1/1] (0.00ns) (grouped into LUT with out node icmp_ln947_5)   --->   "%lshr_ln947_2 = lshr i20 -1, %zext_ln947_2" [quantized_mlp/mlp.cpp:112]   --->   Operation 385 'lshr' 'lshr_ln947_2' <Predicate = true> <Delay = 0.00> <Core = "Shift">   --->   Core 28 'Shift' <Latency = 0> <II = 1> <Delay = 1.45> <FuncUnit> <Opcode : 'shl' 'lshr' 'ashr'> <InPorts = 2> <OutPorts = 1>
ST_23 : Operation 386 [1/1] (0.00ns) (grouped into LUT with out node icmp_ln947_5)   --->   "%p_Result_18 = and i20 %tmp_V_13, %lshr_ln947_2" [quantized_mlp/mlp.cpp:112]   --->   Operation 386 'and' 'p_Result_18' <Predicate = true> <Delay = 0.00> <Core = "LogicGate">   --->   Core 27 'LogicGate' <Latency = 0> <II = 1> <Delay = 0.33> <FuncUnit> <Opcode : 'and' 'or' 'xor'> <InPorts = 2> <OutPorts = 1>
ST_23 : Operation 387 [1/1] (0.92ns) (out node of the LUT)   --->   "%icmp_ln947_5 = icmp ne i20 %p_Result_18, 0" [quantized_mlp/mlp.cpp:112]   --->   Operation 387 'icmp' 'icmp_ln947_5' <Predicate = true> <Delay = 0.92> <Core = "Cmp">   --->   Core 25 'Cmp' <Latency = 0> <II = 1> <Delay = 0.88> <FuncUnit> <Opcode : 'icmp'> <InPorts = 2> <OutPorts = 1>
ST_23 : Operation 388 [1/1] (0.00ns) (grouped into LUT with out node or_ln949_4)   --->   "%a_2 = and i1 %icmp_ln947_4, %icmp_ln947_5" [quantized_mlp/mlp.cpp:112]   --->   Operation 388 'and' 'a_2' <Predicate = true> <Delay = 0.00> <Core = "LogicGate">   --->   Core 27 'LogicGate' <Latency = 0> <II = 1> <Delay = 0.33> <FuncUnit> <Opcode : 'and' 'or' 'xor'> <InPorts = 2> <OutPorts = 1>
ST_23 : Operation 389 [1/1] (0.00ns) (grouped into LUT with out node or_ln949_4)   --->   "%tmp_23 = call i1 @_ssdm_op_BitSelect.i1.i32.i32(i32 %lsb_index_2, i32 31)" [quantized_mlp/mlp.cpp:112]   --->   Operation 389 'bitselect' 'tmp_23' <Predicate = true> <Delay = 0.00>
ST_23 : Operation 390 [1/1] (0.00ns) (grouped into LUT with out node or_ln949_4)   --->   "%xor_ln949_2 = xor i1 %tmp_23, true" [quantized_mlp/mlp.cpp:112]   --->   Operation 390 'xor' 'xor_ln949_2' <Predicate = true> <Delay = 0.00> <Core = "LogicGate">   --->   Core 27 'LogicGate' <Latency = 0> <II = 1> <Delay = 0.33> <FuncUnit> <Opcode : 'and' 'or' 'xor'> <InPorts = 2> <OutPorts = 1>
ST_23 : Operation 391 [1/1] (1.06ns)   --->   "%add_ln949_2 = add i20 -24, %trunc_ln944_2" [quantized_mlp/mlp.cpp:112]   --->   Operation 391 'add' 'add_ln949_2' <Predicate = true> <Delay = 1.06> <Core = "AddSub">   --->   Core 14 'AddSub' <Latency = 0> <II = 1> <Delay = 0.86> <FuncUnit> <Opcode : 'add' 'sub'> <InPorts = 2> <OutPorts = 1>
ST_23 : Operation 392 [1/1] (0.00ns) (grouped into LUT with out node or_ln949_4)   --->   "%p_Result_19 = call i1 @_ssdm_op_BitSelect.i1.i20.i20(i20 %tmp_V_13, i20 %add_ln949_2)" [quantized_mlp/mlp.cpp:112]   --->   Operation 392 'bitselect' 'p_Result_19' <Predicate = true> <Delay = 0.00>
ST_23 : Operation 393 [1/1] (0.00ns) (grouped into LUT with out node or_ln949_4)   --->   "%and_ln949_2 = and i1 %p_Result_19, %xor_ln949_2" [quantized_mlp/mlp.cpp:112]   --->   Operation 393 'and' 'and_ln949_2' <Predicate = true> <Delay = 0.00> <Core = "LogicGate">   --->   Core 27 'LogicGate' <Latency = 0> <II = 1> <Delay = 0.33> <FuncUnit> <Opcode : 'and' 'or' 'xor'> <InPorts = 2> <OutPorts = 1>
ST_23 : Operation 394 [1/1] (0.00ns) (grouped into LUT with out node or_ln949_4)   --->   "%or_ln949_3 = or i1 %and_ln949_2, %a_2" [quantized_mlp/mlp.cpp:112]   --->   Operation 394 'or' 'or_ln949_3' <Predicate = true> <Delay = 0.00> <Core = "LogicGate">   --->   Core 27 'LogicGate' <Latency = 0> <II = 1> <Delay = 0.33> <FuncUnit> <Opcode : 'and' 'or' 'xor'> <InPorts = 2> <OutPorts = 1>
ST_23 : Operation 395 [1/1] (0.33ns) (out node of the LUT)   --->   "%or_ln949_4 = call i32 @_ssdm_op_BitConcatenate.i32.i31.i1(i31 0, i1 %or_ln949_3)" [quantized_mlp/mlp.cpp:112]   --->   Operation 395 'bitconcatenate' 'or_ln949_4' <Predicate = true> <Delay = 0.33>
ST_23 : Operation 396 [1/1] (1.11ns)   --->   "%icmp_ln958_2 = icmp sgt i32 %lsb_index_2, 0" [quantized_mlp/mlp.cpp:112]   --->   Operation 396 'icmp' 'icmp_ln958_2' <Predicate = true> <Delay = 1.11> <Core = "Cmp">   --->   Core 25 'Cmp' <Latency = 0> <II = 1> <Delay = 0.88> <FuncUnit> <Opcode : 'icmp'> <InPorts = 2> <OutPorts = 1>
ST_23 : Operation 397 [1/1] (0.00ns)   --->   "%trunc_ln943_2 = trunc i32 %l_2 to i8" [quantized_mlp/mlp.cpp:112]   --->   Operation 397 'trunc' 'trunc_ln943_2' <Predicate = true> <Delay = 0.00>

State 24 <SV = 11> <Delay = 4.86>
ST_24 : Operation 398 [1/1] (0.00ns)   --->   "%bitcast_ln111_1 = bitcast float %maxv_0 to i32" [quantized_mlp/mlp.cpp:111]   --->   Operation 398 'bitcast' 'bitcast_ln111_1' <Predicate = true> <Delay = 0.00>
ST_24 : Operation 399 [1/1] (0.00ns)   --->   "%tmp_3 = call i8 @_ssdm_op_PartSelect.i8.i32.i32.i32(i32 %bitcast_ln111_1, i32 23, i32 30)" [quantized_mlp/mlp.cpp:111]   --->   Operation 399 'partselect' 'tmp_3' <Predicate = true> <Delay = 0.00>
ST_24 : Operation 400 [1/1] (0.00ns)   --->   "%trunc_ln111_1 = trunc i32 %bitcast_ln111_1 to i23" [quantized_mlp/mlp.cpp:111]   --->   Operation 400 'trunc' 'trunc_ln111_1' <Predicate = true> <Delay = 0.00>
ST_24 : Operation 401 [1/1] (0.00ns) (grouped into LUT with out node and_ln111_1)   --->   "%or_ln111_1 = or i1 %icmp_ln111_1, %icmp_ln111" [quantized_mlp/mlp.cpp:111]   --->   Operation 401 'or' 'or_ln111_1' <Predicate = true> <Delay = 0.00> <Core = "LogicGate">   --->   Core 27 'LogicGate' <Latency = 0> <II = 1> <Delay = 0.33> <FuncUnit> <Opcode : 'and' 'or' 'xor'> <InPorts = 2> <OutPorts = 1>
ST_24 : Operation 402 [1/1] (0.85ns)   --->   "%icmp_ln111_2 = icmp ne i8 %tmp_3, -1" [quantized_mlp/mlp.cpp:111]   --->   Operation 402 'icmp' 'icmp_ln111_2' <Predicate = true> <Delay = 0.85> <Core = "Cmp">   --->   Core 25 'Cmp' <Latency = 0> <II = 1> <Delay = 0.88> <FuncUnit> <Opcode : 'icmp'> <InPorts = 2> <OutPorts = 1>
ST_24 : Operation 403 [1/1] (0.97ns)   --->   "%icmp_ln111_3 = icmp eq i23 %trunc_ln111_1, 0" [quantized_mlp/mlp.cpp:111]   --->   Operation 403 'icmp' 'icmp_ln111_3' <Predicate = true> <Delay = 0.97> <Core = "Cmp">   --->   Core 25 'Cmp' <Latency = 0> <II = 1> <Delay = 0.88> <FuncUnit> <Opcode : 'icmp'> <InPorts = 2> <OutPorts = 1>
ST_24 : Operation 404 [1/1] (0.00ns) (grouped into LUT with out node and_ln111_1)   --->   "%or_ln111_2 = or i1 %icmp_ln111_3, %icmp_ln111_2" [quantized_mlp/mlp.cpp:111]   --->   Operation 404 'or' 'or_ln111_2' <Predicate = true> <Delay = 0.00> <Core = "LogicGate">   --->   Core 27 'LogicGate' <Latency = 0> <II = 1> <Delay = 0.33> <FuncUnit> <Opcode : 'and' 'or' 'xor'> <InPorts = 2> <OutPorts = 1>
ST_24 : Operation 405 [1/1] (0.00ns) (grouped into LUT with out node and_ln111_1)   --->   "%and_ln111 = and i1 %or_ln111_1, %or_ln111_2" [quantized_mlp/mlp.cpp:111]   --->   Operation 405 'and' 'and_ln111' <Predicate = true> <Delay = 0.00> <Core = "LogicGate">   --->   Core 27 'LogicGate' <Latency = 0> <II = 1> <Delay = 0.33> <FuncUnit> <Opcode : 'and' 'or' 'xor'> <InPorts = 2> <OutPorts = 1>
ST_24 : Operation 406 [1/2] (3.34ns)   --->   "%tmp_5 = fcmp ogt float %p_0202, %maxv_0" [quantized_mlp/mlp.cpp:111]   --->   Operation 406 'fcmp' 'tmp_5' <Predicate = true> <Delay = 3.34> <Core = "FCmp">   --->   Core 111 'FCmp' <Latency = 1> <II = 1> <Delay = 3.34> <FuncUnit> <Opcode : 'fcmp'> <InPorts = 2> <OutPorts = 1>
ST_24 : Operation 407 [1/1] (0.33ns) (out node of the LUT)   --->   "%and_ln111_1 = and i1 %and_ln111, %tmp_5" [quantized_mlp/mlp.cpp:111]   --->   Operation 407 'and' 'and_ln111_1' <Predicate = true> <Delay = 0.33> <Core = "LogicGate">   --->   Core 27 'LogicGate' <Latency = 0> <II = 1> <Delay = 0.33> <FuncUnit> <Opcode : 'and' 'or' 'xor'> <InPorts = 2> <OutPorts = 1>
ST_24 : Operation 408 [1/1] (0.00ns) (grouped into LUT with out node select_ln111_1)   --->   "%xor_ln111 = xor i1 %and_ln111_1, true" [quantized_mlp/mlp.cpp:111]   --->   Operation 408 'xor' 'xor_ln111' <Predicate = true> <Delay = 0.00> <Core = "LogicGate">   --->   Core 27 'LogicGate' <Latency = 0> <II = 1> <Delay = 0.33> <FuncUnit> <Opcode : 'and' 'or' 'xor'> <InPorts = 2> <OutPorts = 1>
ST_24 : Operation 409 [1/1] (0.00ns) (grouped into LUT with out node select_ln111_1)   --->   "%or_ln111 = or i1 %icmp_ln935_1, %xor_ln111" [quantized_mlp/mlp.cpp:111]   --->   Operation 409 'or' 'or_ln111' <Predicate = true> <Delay = 0.00> <Core = "LogicGate">   --->   Core 27 'LogicGate' <Latency = 0> <II = 1> <Delay = 0.33> <FuncUnit> <Opcode : 'and' 'or' 'xor'> <InPorts = 2> <OutPorts = 1>
ST_24 : Operation 410 [1/1] (0.00ns) (grouped into LUT with out node select_ln111_1)   --->   "%select_ln111 = select i1 %and_ln111_1, float 0.000000e+00, float %maxv_0" [quantized_mlp/mlp.cpp:111]   --->   Operation 410 'select' 'select_ln111' <Predicate = true> <Delay = 0.00> <Core = "Sel">   --->   Core 26 'Sel' <Latency = 0> <II = 1> <Delay = 0.52> <FuncUnit> <Opcode : 'select'> <InPorts = 3> <OutPorts = 1>
ST_24 : Operation 411 [1/1] (0.00ns) (grouped into LUT with out node m_23)   --->   "%m_21 = zext i20 %tmp_V_13 to i64" [quantized_mlp/mlp.cpp:112]   --->   Operation 411 'zext' 'm_21' <Predicate = (!icmp_ln958_2)> <Delay = 0.00>
ST_24 : Operation 412 [1/1] (0.00ns) (grouped into LUT with out node m_23)   --->   "%zext_ln957_3 = zext i20 %tmp_V_13 to i32" [quantized_mlp/mlp.cpp:112]   --->   Operation 412 'zext' 'zext_ln957_3' <Predicate = (icmp_ln958_2)> <Delay = 0.00>
ST_24 : Operation 413 [1/1] (1.20ns)   --->   "%add_ln958_2 = add nsw i32 -25, %sub_ln944_2" [quantized_mlp/mlp.cpp:112]   --->   Operation 413 'add' 'add_ln958_2' <Predicate = (icmp_ln958_2)> <Delay = 1.20> <Core = "AddSub">   --->   Core 14 'AddSub' <Latency = 0> <II = 1> <Delay = 0.86> <FuncUnit> <Opcode : 'add' 'sub'> <InPorts = 2> <OutPorts = 1>
ST_24 : Operation 414 [1/1] (0.00ns) (grouped into LUT with out node m_23)   --->   "%lshr_ln958_2 = lshr i32 %zext_ln957_3, %add_ln958_2" [quantized_mlp/mlp.cpp:112]   --->   Operation 414 'lshr' 'lshr_ln958_2' <Predicate = (icmp_ln958_2)> <Delay = 0.00> <Core = "Shift">   --->   Core 28 'Shift' <Latency = 0> <II = 1> <Delay = 1.45> <FuncUnit> <Opcode : 'shl' 'lshr' 'ashr'> <InPorts = 2> <OutPorts = 1>
ST_24 : Operation 415 [1/1] (0.00ns) (grouped into LUT with out node m_23)   --->   "%zext_ln958_4 = zext i32 %lshr_ln958_2 to i64" [quantized_mlp/mlp.cpp:112]   --->   Operation 415 'zext' 'zext_ln958_4' <Predicate = (icmp_ln958_2)> <Delay = 0.00>
ST_24 : Operation 416 [1/1] (1.20ns)   --->   "%sub_ln958_2 = sub i32 25, %sub_ln944_2" [quantized_mlp/mlp.cpp:112]   --->   Operation 416 'sub' 'sub_ln958_2' <Predicate = (!icmp_ln958_2)> <Delay = 1.20> <Core = "AddSub">   --->   Core 14 'AddSub' <Latency = 0> <II = 1> <Delay = 0.86> <FuncUnit> <Opcode : 'add' 'sub'> <InPorts = 2> <OutPorts = 1>
ST_24 : Operation 417 [1/1] (0.00ns) (grouped into LUT with out node m_23)   --->   "%zext_ln958_5 = zext i32 %sub_ln958_2 to i64" [quantized_mlp/mlp.cpp:112]   --->   Operation 417 'zext' 'zext_ln958_5' <Predicate = (!icmp_ln958_2)> <Delay = 0.00>
ST_24 : Operation 418 [1/1] (0.00ns) (grouped into LUT with out node m_23)   --->   "%shl_ln958_2 = shl i64 %m_21, %zext_ln958_5" [quantized_mlp/mlp.cpp:112]   --->   Operation 418 'shl' 'shl_ln958_2' <Predicate = (!icmp_ln958_2)> <Delay = 0.00> <Core = "Shift">   --->   Core 28 'Shift' <Latency = 0> <II = 1> <Delay = 1.45> <FuncUnit> <Opcode : 'shl' 'lshr' 'ashr'> <InPorts = 2> <OutPorts = 1>
ST_24 : Operation 419 [1/1] (0.00ns) (grouped into LUT with out node m_23)   --->   "%m_22 = select i1 %icmp_ln958_2, i64 %zext_ln958_4, i64 %shl_ln958_2" [quantized_mlp/mlp.cpp:112]   --->   Operation 419 'select' 'm_22' <Predicate = true> <Delay = 0.00> <Core = "Sel">   --->   Core 26 'Sel' <Latency = 0> <II = 1> <Delay = 0.52> <FuncUnit> <Opcode : 'select'> <InPorts = 3> <OutPorts = 1>
ST_24 : Operation 420 [1/1] (0.00ns) (grouped into LUT with out node m_23)   --->   "%zext_ln961_2 = zext i32 %or_ln949_4 to i64" [quantized_mlp/mlp.cpp:112]   --->   Operation 420 'zext' 'zext_ln961_2' <Predicate = true> <Delay = 0.00>
ST_24 : Operation 421 [1/1] (1.47ns) (out node of the LUT)   --->   "%m_23 = add i64 %m_22, %zext_ln961_2" [quantized_mlp/mlp.cpp:112]   --->   Operation 421 'add' 'm_23' <Predicate = true> <Delay = 1.47> <Core = "AddSub">   --->   Core 14 'AddSub' <Latency = 0> <II = 1> <Delay = 0.86> <FuncUnit> <Opcode : 'add' 'sub'> <InPorts = 2> <OutPorts = 1>
ST_24 : Operation 422 [1/1] (0.00ns) (grouped into LUT with out node select_ln111_1)   --->   "%m_4 = call i63 @_ssdm_op_PartSelect.i63.i64.i32.i32(i64 %m_23, i32 1, i32 63)" [quantized_mlp/mlp.cpp:112]   --->   Operation 422 'partselect' 'm_4' <Predicate = true> <Delay = 0.00>
ST_24 : Operation 423 [1/1] (0.00ns) (grouped into LUT with out node select_ln111_1)   --->   "%m_28 = zext i63 %m_4 to i64" [quantized_mlp/mlp.cpp:112]   --->   Operation 423 'zext' 'm_28' <Predicate = true> <Delay = 0.00>
ST_24 : Operation 424 [1/1] (0.00ns)   --->   "%tmp_24 = call i1 @_ssdm_op_BitSelect.i1.i64.i32(i64 %m_23, i32 25)" [quantized_mlp/mlp.cpp:112]   --->   Operation 424 'bitselect' 'tmp_24' <Predicate = true> <Delay = 0.00>
ST_24 : Operation 425 [1/1] (0.44ns)   --->   "%select_ln964_2 = select i1 %tmp_24, i8 127, i8 126" [quantized_mlp/mlp.cpp:112]   --->   Operation 425 'select' 'select_ln964_2' <Predicate = true> <Delay = 0.44> <Core = "Sel">   --->   Core 26 'Sel' <Latency = 0> <II = 1> <Delay = 0.52> <FuncUnit> <Opcode : 'select'> <InPorts = 3> <OutPorts = 1>
ST_24 : Operation 426 [1/1] (0.00ns) (grouped into TernaryAdder)   --->   "%sub_ln964_2 = sub i8 6, %trunc_ln943_2" [quantized_mlp/mlp.cpp:112]   --->   Operation 426 'sub' 'sub_ln964_2' <Predicate = true> <Delay = 0.00> <Core = "TAddSub">   --->   Core 83 'TAddSub' <Latency = 0> <II = 1> <Delay = 0.61> <IPBlock> <Opcode : 'add' 'sub'> <InPorts = 3> <OutPorts = 1> <Sync> <CReg>
ST_24 : Operation 427 [1/1] (1.22ns) (root node of TernaryAdder)   --->   "%add_ln964_2 = add i8 %select_ln964_2, %sub_ln964_2" [quantized_mlp/mlp.cpp:112]   --->   Operation 427 'add' 'add_ln964_2' <Predicate = true> <Delay = 1.22> <Core = "TAddSub">   --->   Core 83 'TAddSub' <Latency = 0> <II = 1> <Delay = 0.61> <IPBlock> <Opcode : 'add' 'sub'> <InPorts = 3> <OutPorts = 1> <Sync> <CReg>
ST_24 : Operation 428 [1/1] (0.00ns) (grouped into LUT with out node select_ln111_1)   --->   "%tmp_6 = call i9 @_ssdm_op_BitConcatenate.i9.i1.i8(i1 %p_Result_27, i8 %add_ln964_2)" [quantized_mlp/mlp.cpp:112]   --->   Operation 428 'bitconcatenate' 'tmp_6' <Predicate = true> <Delay = 0.00>
ST_24 : Operation 429 [1/1] (0.00ns) (grouped into LUT with out node select_ln111_1)   --->   "%p_Result_29 = call i64 @_ssdm_op_PartSet.i64.i64.i9.i32.i32(i64 %m_28, i9 %tmp_6, i32 23, i32 31)" [quantized_mlp/mlp.cpp:112]   --->   Operation 429 'partset' 'p_Result_29' <Predicate = true> <Delay = 0.00>
ST_24 : Operation 430 [1/1] (0.00ns) (grouped into LUT with out node select_ln111_1)   --->   "%trunc_ln738_2 = trunc i64 %p_Result_29 to i32" [quantized_mlp/mlp.cpp:112]   --->   Operation 430 'trunc' 'trunc_ln738_2' <Predicate = true> <Delay = 0.00>
ST_24 : Operation 431 [1/1] (0.00ns) (grouped into LUT with out node select_ln111_1)   --->   "%bitcast_ln739_2 = bitcast i32 %trunc_ln738_2 to float" [quantized_mlp/mlp.cpp:112]   --->   Operation 431 'bitcast' 'bitcast_ln739_2' <Predicate = true> <Delay = 0.00>
ST_24 : Operation 432 [1/1] (0.52ns) (out node of the LUT)   --->   "%select_ln111_1 = select i1 %or_ln111, float %select_ln111, float %bitcast_ln739_2" [quantized_mlp/mlp.cpp:111]   --->   Operation 432 'select' 'select_ln111_1' <Predicate = true> <Delay = 0.52> <Core = "Sel">   --->   Core 26 'Sel' <Latency = 0> <II = 1> <Delay = 0.52> <FuncUnit> <Opcode : 'select'> <InPorts = 3> <OutPorts = 1>
ST_24 : Operation 433 [1/1] (0.00ns)   --->   "br label %_ZNK13ap_fixed_baseILi20ELi6ELb1EL9ap_q_mode5EL9ap_o_mode3ELi0EEcvfEv.exit120" [quantized_mlp/mlp.cpp:109]   --->   Operation 433 'br' <Predicate = true> <Delay = 0.00>

State 25 <SV = 8> <Delay = 0.88>
ST_25 : Operation 434 [1/1] (0.00ns)   --->   "%sum_0 = phi float [ 0.000000e+00, %_ifconv2 ], [ %sum, %10 ]"   --->   Operation 434 'phi' 'sum_0' <Predicate = true> <Delay = 0.00>
ST_25 : Operation 435 [1/1] (0.00ns)   --->   "%j8_0 = phi i4 [ 0, %_ifconv2 ], [ %j_4, %10 ]"   --->   Operation 435 'phi' 'j8_0' <Predicate = true> <Delay = 0.00>
ST_25 : Operation 436 [1/1] (0.88ns)   --->   "%icmp_ln118 = icmp eq i4 %j8_0, -6" [quantized_mlp/mlp.cpp:118]   --->   Operation 436 'icmp' 'icmp_ln118' <Predicate = true> <Delay = 0.88> <Core = "Cmp">   --->   Core 25 'Cmp' <Latency = 0> <II = 1> <Delay = 0.88> <FuncUnit> <Opcode : 'icmp'> <InPorts = 2> <OutPorts = 1>
ST_25 : Operation 437 [1/1] (0.00ns)   --->   "%empty_26 = call i32 (...)* @_ssdm_op_SpecLoopTripCount(i64 10, i64 10, i64 10)"   --->   Operation 437 'speclooptripcount' 'empty_26' <Predicate = true> <Delay = 0.00>
ST_25 : Operation 438 [1/1] (0.86ns)   --->   "%j_4 = add i4 %j8_0, 1" [quantized_mlp/mlp.cpp:118]   --->   Operation 438 'add' 'j_4' <Predicate = true> <Delay = 0.86> <Core = "AddSub">   --->   Core 14 'AddSub' <Latency = 0> <II = 1> <Delay = 0.86> <FuncUnit> <Opcode : 'add' 'sub'> <InPorts = 2> <OutPorts = 1>
ST_25 : Operation 439 [1/1] (0.00ns)   --->   "br i1 %icmp_ln118, label %.preheader.preheader, label %10" [quantized_mlp/mlp.cpp:118]   --->   Operation 439 'br' <Predicate = true> <Delay = 0.00>
ST_25 : Operation 440 [1/1] (0.00ns)   --->   "%zext_ln119 = zext i4 %j8_0 to i64" [quantized_mlp/mlp.cpp:119]   --->   Operation 440 'zext' 'zext_ln119' <Predicate = (!icmp_ln118)> <Delay = 0.00>
ST_25 : Operation 441 [1/1] (0.00ns)   --->   "%logits_addr_3 = getelementptr inbounds [10 x float]* %logits, i64 0, i64 %zext_ln119" [quantized_mlp/mlp.cpp:119]   --->   Operation 441 'getelementptr' 'logits_addr_3' <Predicate = (!icmp_ln118)> <Delay = 0.00>
ST_25 : Operation 442 [2/2] (0.79ns)   --->   "%logits_load = load float* %logits_addr_3, align 4" [quantized_mlp/mlp.cpp:119]   --->   Operation 442 'load' 'logits_load' <Predicate = (!icmp_ln118)> <Delay = 0.79> <Core = "RAM">   --->   Core 37 'RAM' <Latency = 1> <II = 1> <Delay = 0.79> <Storage> <Opcode : 'load' 'store'> <Ports = 2> <Width = 32> <Depth = 10> <RAM>
ST_25 : Operation 443 [1/1] (0.75ns)   --->   "br label %.preheader" [quantized_mlp/mlp.cpp:124]   --->   Operation 443 'br' <Predicate = (icmp_ln118)> <Delay = 0.75>

State 26 <SV = 9> <Delay = 8.50>
ST_26 : Operation 444 [1/2] (0.79ns)   --->   "%logits_load = load float* %logits_addr_3, align 4" [quantized_mlp/mlp.cpp:119]   --->   Operation 444 'load' 'logits_load' <Predicate = true> <Delay = 0.79> <Core = "RAM">   --->   Core 37 'RAM' <Latency = 1> <II = 1> <Delay = 0.79> <Storage> <Opcode : 'load' 'store'> <Ports = 2> <Width = 32> <Depth = 10> <RAM>
ST_26 : Operation 445 [4/4] (7.71ns)   --->   "%tmp = fsub float %logits_load, %maxv_0" [quantized_mlp/mlp.cpp:119]   --->   Operation 445 'fsub' 'tmp' <Predicate = true> <Delay = 7.71> <Core = "FAddSub">   --->   Core 105 'FAddSub' <Latency = 3> <II = 1> <Delay = 7.71> <FuncUnit> <Opcode : 'fadd' 'fsub'> <InPorts = 2> <OutPorts = 1>

State 27 <SV = 10> <Delay = 7.71>
ST_27 : Operation 446 [3/4] (7.71ns)   --->   "%tmp = fsub float %logits_load, %maxv_0" [quantized_mlp/mlp.cpp:119]   --->   Operation 446 'fsub' 'tmp' <Predicate = true> <Delay = 7.71> <Core = "FAddSub">   --->   Core 105 'FAddSub' <Latency = 3> <II = 1> <Delay = 7.71> <FuncUnit> <Opcode : 'fadd' 'fsub'> <InPorts = 2> <OutPorts = 1>

State 28 <SV = 11> <Delay = 7.71>
ST_28 : Operation 447 [2/4] (7.71ns)   --->   "%tmp = fsub float %logits_load, %maxv_0" [quantized_mlp/mlp.cpp:119]   --->   Operation 447 'fsub' 'tmp' <Predicate = true> <Delay = 7.71> <Core = "FAddSub">   --->   Core 105 'FAddSub' <Latency = 3> <II = 1> <Delay = 7.71> <FuncUnit> <Opcode : 'fadd' 'fsub'> <InPorts = 2> <OutPorts = 1>

State 29 <SV = 12> <Delay = 7.71>
ST_29 : Operation 448 [1/4] (7.71ns)   --->   "%tmp = fsub float %logits_load, %maxv_0" [quantized_mlp/mlp.cpp:119]   --->   Operation 448 'fsub' 'tmp' <Predicate = true> <Delay = 7.71> <Core = "FAddSub">   --->   Core 105 'FAddSub' <Latency = 3> <II = 1> <Delay = 7.71> <FuncUnit> <Opcode : 'fadd' 'fsub'> <InPorts = 2> <OutPorts = 1>

State 30 <SV = 13> <Delay = 6.00>
ST_30 : Operation 449 [8/8] (6.00ns)   --->   "%e = call float @llvm.exp.f32(float %tmp)" [quantized_mlp/mlp.cpp:119]   --->   Operation 449 'fexp' 'e' <Predicate = true> <Delay = 6.00> <Core = "FExp">   --->   Core 127 'FExp' <Latency = 7> <II = 1> <Delay = 6.00> <FuncUnit> <Opcode : 'fexp'> <InPorts = 1> <OutPorts = 1>

State 31 <SV = 14> <Delay = 6.00>
ST_31 : Operation 450 [7/8] (6.00ns)   --->   "%e = call float @llvm.exp.f32(float %tmp)" [quantized_mlp/mlp.cpp:119]   --->   Operation 450 'fexp' 'e' <Predicate = true> <Delay = 6.00> <Core = "FExp">   --->   Core 127 'FExp' <Latency = 7> <II = 1> <Delay = 6.00> <FuncUnit> <Opcode : 'fexp'> <InPorts = 1> <OutPorts = 1>

State 32 <SV = 15> <Delay = 6.00>
ST_32 : Operation 451 [6/8] (6.00ns)   --->   "%e = call float @llvm.exp.f32(float %tmp)" [quantized_mlp/mlp.cpp:119]   --->   Operation 451 'fexp' 'e' <Predicate = true> <Delay = 6.00> <Core = "FExp">   --->   Core 127 'FExp' <Latency = 7> <II = 1> <Delay = 6.00> <FuncUnit> <Opcode : 'fexp'> <InPorts = 1> <OutPorts = 1>

State 33 <SV = 16> <Delay = 6.00>
ST_33 : Operation 452 [5/8] (6.00ns)   --->   "%e = call float @llvm.exp.f32(float %tmp)" [quantized_mlp/mlp.cpp:119]   --->   Operation 452 'fexp' 'e' <Predicate = true> <Delay = 6.00> <Core = "FExp">   --->   Core 127 'FExp' <Latency = 7> <II = 1> <Delay = 6.00> <FuncUnit> <Opcode : 'fexp'> <InPorts = 1> <OutPorts = 1>

State 34 <SV = 17> <Delay = 6.00>
ST_34 : Operation 453 [4/8] (6.00ns)   --->   "%e = call float @llvm.exp.f32(float %tmp)" [quantized_mlp/mlp.cpp:119]   --->   Operation 453 'fexp' 'e' <Predicate = true> <Delay = 6.00> <Core = "FExp">   --->   Core 127 'FExp' <Latency = 7> <II = 1> <Delay = 6.00> <FuncUnit> <Opcode : 'fexp'> <InPorts = 1> <OutPorts = 1>

State 35 <SV = 18> <Delay = 6.00>
ST_35 : Operation 454 [3/8] (6.00ns)   --->   "%e = call float @llvm.exp.f32(float %tmp)" [quantized_mlp/mlp.cpp:119]   --->   Operation 454 'fexp' 'e' <Predicate = true> <Delay = 6.00> <Core = "FExp">   --->   Core 127 'FExp' <Latency = 7> <II = 1> <Delay = 6.00> <FuncUnit> <Opcode : 'fexp'> <InPorts = 1> <OutPorts = 1>

State 36 <SV = 19> <Delay = 6.00>
ST_36 : Operation 455 [2/8] (6.00ns)   --->   "%e = call float @llvm.exp.f32(float %tmp)" [quantized_mlp/mlp.cpp:119]   --->   Operation 455 'fexp' 'e' <Predicate = true> <Delay = 6.00> <Core = "FExp">   --->   Core 127 'FExp' <Latency = 7> <II = 1> <Delay = 6.00> <FuncUnit> <Opcode : 'fexp'> <InPorts = 1> <OutPorts = 1>

State 37 <SV = 20> <Delay = 6.79>
ST_37 : Operation 456 [1/8] (6.00ns)   --->   "%e = call float @llvm.exp.f32(float %tmp)" [quantized_mlp/mlp.cpp:119]   --->   Operation 456 'fexp' 'e' <Predicate = true> <Delay = 6.00> <Core = "FExp">   --->   Core 127 'FExp' <Latency = 7> <II = 1> <Delay = 6.00> <FuncUnit> <Opcode : 'fexp'> <InPorts = 1> <OutPorts = 1>
ST_37 : Operation 457 [1/1] (0.00ns)   --->   "%output_addr = getelementptr [10 x float]* %output_r, i64 0, i64 %zext_ln119" [quantized_mlp/mlp.cpp:120]   --->   Operation 457 'getelementptr' 'output_addr' <Predicate = true> <Delay = 0.00>
ST_37 : Operation 458 [1/1] (0.79ns)   --->   "store float %e, float* %output_addr, align 4" [quantized_mlp/mlp.cpp:120]   --->   Operation 458 'store' <Predicate = true> <Delay = 0.79> <Core = "RAM">   --->   Core 37 'RAM' <Latency = 1> <II = 1> <Delay = 0.79> <Storage> <Opcode : 'load' 'store'> <Ports = 2> <Width = 32> <Depth = 10> <RAM>

State 38 <SV = 21> <Delay = 7.71>
ST_38 : Operation 459 [4/4] (7.71ns)   --->   "%sum = fadd float %sum_0, %e" [quantized_mlp/mlp.cpp:121]   --->   Operation 459 'fadd' 'sum' <Predicate = true> <Delay = 7.71> <Core = "FAddSub">   --->   Core 105 'FAddSub' <Latency = 3> <II = 1> <Delay = 7.71> <FuncUnit> <Opcode : 'fadd' 'fsub'> <InPorts = 2> <OutPorts = 1>

State 39 <SV = 22> <Delay = 7.71>
ST_39 : Operation 460 [3/4] (7.71ns)   --->   "%sum = fadd float %sum_0, %e" [quantized_mlp/mlp.cpp:121]   --->   Operation 460 'fadd' 'sum' <Predicate = true> <Delay = 7.71> <Core = "FAddSub">   --->   Core 105 'FAddSub' <Latency = 3> <II = 1> <Delay = 7.71> <FuncUnit> <Opcode : 'fadd' 'fsub'> <InPorts = 2> <OutPorts = 1>

State 40 <SV = 23> <Delay = 7.71>
ST_40 : Operation 461 [2/4] (7.71ns)   --->   "%sum = fadd float %sum_0, %e" [quantized_mlp/mlp.cpp:121]   --->   Operation 461 'fadd' 'sum' <Predicate = true> <Delay = 7.71> <Core = "FAddSub">   --->   Core 105 'FAddSub' <Latency = 3> <II = 1> <Delay = 7.71> <FuncUnit> <Opcode : 'fadd' 'fsub'> <InPorts = 2> <OutPorts = 1>

State 41 <SV = 24> <Delay = 7.71>
ST_41 : Operation 462 [1/1] (0.00ns)   --->   "call void (...)* @_ssdm_op_SpecLoopName([12 x i8]* @p_str12) nounwind" [quantized_mlp/mlp.cpp:118]   --->   Operation 462 'specloopname' <Predicate = true> <Delay = 0.00>
ST_41 : Operation 463 [1/4] (7.71ns)   --->   "%sum = fadd float %sum_0, %e" [quantized_mlp/mlp.cpp:121]   --->   Operation 463 'fadd' 'sum' <Predicate = true> <Delay = 7.71> <Core = "FAddSub">   --->   Core 105 'FAddSub' <Latency = 3> <II = 1> <Delay = 7.71> <FuncUnit> <Opcode : 'fadd' 'fsub'> <InPorts = 2> <OutPorts = 1>
ST_41 : Operation 464 [1/1] (0.00ns)   --->   "br label %9" [quantized_mlp/mlp.cpp:118]   --->   Operation 464 'br' <Predicate = true> <Delay = 0.00>

State 42 <SV = 9> <Delay = 0.88>
ST_42 : Operation 465 [1/1] (0.00ns)   --->   "%j9_0 = phi i4 [ %j_6, %11 ], [ 0, %.preheader.preheader ]"   --->   Operation 465 'phi' 'j9_0' <Predicate = true> <Delay = 0.00>
ST_42 : Operation 466 [1/1] (0.88ns)   --->   "%icmp_ln124 = icmp eq i4 %j9_0, -6" [quantized_mlp/mlp.cpp:124]   --->   Operation 466 'icmp' 'icmp_ln124' <Predicate = true> <Delay = 0.88> <Core = "Cmp">   --->   Core 25 'Cmp' <Latency = 0> <II = 1> <Delay = 0.88> <FuncUnit> <Opcode : 'icmp'> <InPorts = 2> <OutPorts = 1>
ST_42 : Operation 467 [1/1] (0.00ns)   --->   "%empty_27 = call i32 (...)* @_ssdm_op_SpecLoopTripCount(i64 10, i64 10, i64 10)"   --->   Operation 467 'speclooptripcount' 'empty_27' <Predicate = true> <Delay = 0.00>
ST_42 : Operation 468 [1/1] (0.86ns)   --->   "%j_6 = add i4 %j9_0, 1" [quantized_mlp/mlp.cpp:124]   --->   Operation 468 'add' 'j_6' <Predicate = true> <Delay = 0.86> <Core = "AddSub">   --->   Core 14 'AddSub' <Latency = 0> <II = 1> <Delay = 0.86> <FuncUnit> <Opcode : 'add' 'sub'> <InPorts = 2> <OutPorts = 1>
ST_42 : Operation 469 [1/1] (0.00ns)   --->   "br i1 %icmp_ln124, label %12, label %11" [quantized_mlp/mlp.cpp:124]   --->   Operation 469 'br' <Predicate = true> <Delay = 0.00>
ST_42 : Operation 470 [1/1] (0.00ns)   --->   "%zext_ln125 = zext i4 %j9_0 to i64" [quantized_mlp/mlp.cpp:125]   --->   Operation 470 'zext' 'zext_ln125' <Predicate = (!icmp_ln124)> <Delay = 0.00>
ST_42 : Operation 471 [1/1] (0.00ns)   --->   "%output_addr_1 = getelementptr [10 x float]* %output_r, i64 0, i64 %zext_ln125" [quantized_mlp/mlp.cpp:125]   --->   Operation 471 'getelementptr' 'output_addr_1' <Predicate = (!icmp_ln124)> <Delay = 0.00>
ST_42 : Operation 472 [2/2] (0.79ns)   --->   "%output_load = load float* %output_addr_1, align 4" [quantized_mlp/mlp.cpp:125]   --->   Operation 472 'load' 'output_load' <Predicate = (!icmp_ln124)> <Delay = 0.79> <Core = "RAM">   --->   Core 37 'RAM' <Latency = 1> <II = 1> <Delay = 0.79> <Storage> <Opcode : 'load' 'store'> <Ports = 2> <Width = 32> <Depth = 10> <RAM>
ST_42 : Operation 473 [1/1] (0.00ns)   --->   "ret void" [quantized_mlp/mlp.cpp:126]   --->   Operation 473 'ret' <Predicate = (icmp_ln124)> <Delay = 0.00>

State 43 <SV = 10> <Delay = 0.79>
ST_43 : Operation 474 [1/2] (0.79ns)   --->   "%output_load = load float* %output_addr_1, align 4" [quantized_mlp/mlp.cpp:125]   --->   Operation 474 'load' 'output_load' <Predicate = true> <Delay = 0.79> <Core = "RAM">   --->   Core 37 'RAM' <Latency = 1> <II = 1> <Delay = 0.79> <Storage> <Opcode : 'load' 'store'> <Ports = 2> <Width = 32> <Depth = 10> <RAM>

State 44 <SV = 11> <Delay = 8.19>
ST_44 : Operation 475 [9/9] (8.19ns)   --->   "%tmp_2 = fdiv float %output_load, %sum_0" [quantized_mlp/mlp.cpp:125]   --->   Operation 475 'fdiv' 'tmp_2' <Predicate = true> <Delay = 8.19> <Core = "FDiv">   --->   Core 107 'FDiv' <Latency = 8> <II = 1> <Delay = 8.19> <FuncUnit> <Opcode : 'fdiv' 'frem'> <InPorts = 2> <OutPorts = 1>

State 45 <SV = 12> <Delay = 8.19>
ST_45 : Operation 476 [8/9] (8.19ns)   --->   "%tmp_2 = fdiv float %output_load, %sum_0" [quantized_mlp/mlp.cpp:125]   --->   Operation 476 'fdiv' 'tmp_2' <Predicate = true> <Delay = 8.19> <Core = "FDiv">   --->   Core 107 'FDiv' <Latency = 8> <II = 1> <Delay = 8.19> <FuncUnit> <Opcode : 'fdiv' 'frem'> <InPorts = 2> <OutPorts = 1>

State 46 <SV = 13> <Delay = 8.19>
ST_46 : Operation 477 [7/9] (8.19ns)   --->   "%tmp_2 = fdiv float %output_load, %sum_0" [quantized_mlp/mlp.cpp:125]   --->   Operation 477 'fdiv' 'tmp_2' <Predicate = true> <Delay = 8.19> <Core = "FDiv">   --->   Core 107 'FDiv' <Latency = 8> <II = 1> <Delay = 8.19> <FuncUnit> <Opcode : 'fdiv' 'frem'> <InPorts = 2> <OutPorts = 1>

State 47 <SV = 14> <Delay = 8.19>
ST_47 : Operation 478 [6/9] (8.19ns)   --->   "%tmp_2 = fdiv float %output_load, %sum_0" [quantized_mlp/mlp.cpp:125]   --->   Operation 478 'fdiv' 'tmp_2' <Predicate = true> <Delay = 8.19> <Core = "FDiv">   --->   Core 107 'FDiv' <Latency = 8> <II = 1> <Delay = 8.19> <FuncUnit> <Opcode : 'fdiv' 'frem'> <InPorts = 2> <OutPorts = 1>

State 48 <SV = 15> <Delay = 8.19>
ST_48 : Operation 479 [5/9] (8.19ns)   --->   "%tmp_2 = fdiv float %output_load, %sum_0" [quantized_mlp/mlp.cpp:125]   --->   Operation 479 'fdiv' 'tmp_2' <Predicate = true> <Delay = 8.19> <Core = "FDiv">   --->   Core 107 'FDiv' <Latency = 8> <II = 1> <Delay = 8.19> <FuncUnit> <Opcode : 'fdiv' 'frem'> <InPorts = 2> <OutPorts = 1>

State 49 <SV = 16> <Delay = 8.19>
ST_49 : Operation 480 [4/9] (8.19ns)   --->   "%tmp_2 = fdiv float %output_load, %sum_0" [quantized_mlp/mlp.cpp:125]   --->   Operation 480 'fdiv' 'tmp_2' <Predicate = true> <Delay = 8.19> <Core = "FDiv">   --->   Core 107 'FDiv' <Latency = 8> <II = 1> <Delay = 8.19> <FuncUnit> <Opcode : 'fdiv' 'frem'> <InPorts = 2> <OutPorts = 1>

State 50 <SV = 17> <Delay = 8.19>
ST_50 : Operation 481 [3/9] (8.19ns)   --->   "%tmp_2 = fdiv float %output_load, %sum_0" [quantized_mlp/mlp.cpp:125]   --->   Operation 481 'fdiv' 'tmp_2' <Predicate = true> <Delay = 8.19> <Core = "FDiv">   --->   Core 107 'FDiv' <Latency = 8> <II = 1> <Delay = 8.19> <FuncUnit> <Opcode : 'fdiv' 'frem'> <InPorts = 2> <OutPorts = 1>

State 51 <SV = 18> <Delay = 8.19>
ST_51 : Operation 482 [2/9] (8.19ns)   --->   "%tmp_2 = fdiv float %output_load, %sum_0" [quantized_mlp/mlp.cpp:125]   --->   Operation 482 'fdiv' 'tmp_2' <Predicate = true> <Delay = 8.19> <Core = "FDiv">   --->   Core 107 'FDiv' <Latency = 8> <II = 1> <Delay = 8.19> <FuncUnit> <Opcode : 'fdiv' 'frem'> <InPorts = 2> <OutPorts = 1>

State 52 <SV = 19> <Delay = 8.19>
ST_52 : Operation 483 [1/9] (8.19ns)   --->   "%tmp_2 = fdiv float %output_load, %sum_0" [quantized_mlp/mlp.cpp:125]   --->   Operation 483 'fdiv' 'tmp_2' <Predicate = true> <Delay = 8.19> <Core = "FDiv">   --->   Core 107 'FDiv' <Latency = 8> <II = 1> <Delay = 8.19> <FuncUnit> <Opcode : 'fdiv' 'frem'> <InPorts = 2> <OutPorts = 1>

State 53 <SV = 20> <Delay = 0.79>
ST_53 : Operation 484 [1/1] (0.00ns)   --->   "call void (...)* @_ssdm_op_SpecLoopName([13 x i8]* @p_str13) nounwind" [quantized_mlp/mlp.cpp:125]   --->   Operation 484 'specloopname' <Predicate = true> <Delay = 0.00>
ST_53 : Operation 485 [1/1] (0.79ns)   --->   "store float %tmp_2, float* %output_addr_1, align 4" [quantized_mlp/mlp.cpp:125]   --->   Operation 485 'store' <Predicate = true> <Delay = 0.79> <Core = "RAM">   --->   Core 37 'RAM' <Latency = 1> <II = 1> <Delay = 0.79> <Storage> <Opcode : 'load' 'store'> <Ports = 2> <Width = 32> <Depth = 10> <RAM>
ST_53 : Operation 486 [1/1] (0.00ns)   --->   "br label %.preheader" [quantized_mlp/mlp.cpp:124]   --->   Operation 486 'br' <Predicate = true> <Delay = 0.00>


============================================================
+ Verbose Summary: Binding
============================================================
STG Binding: 
---------------- STG Properties BEGIN ----------------
- Is combinational: 0
- Is one-state seq: 0
- Is datapath-only: 0
- Is pipelined: 0
- Is top level: 1
Port [ Return ] is wired: 1; IO mode=ap_ctrl_hs:ce=0
Port [ input_V]:  wired=1; compound=1; hidden=0; nouse=0; global=0; static=0; extern=0; dir=0; type=1; pingpong=0; private_global=0; MemPort=[13]; IO mode=ap_memory:ce=0
Port [ output_r]:  wired=1; compound=1; hidden=0; nouse=0; global=0; static=0; extern=0; dir=2; type=1; pingpong=0; private_global=0; MemPort=[23]; IO mode=ap_memory:ce=0
Port [ B1_V]:  wired=0; compound=1; hidden=1; nouse=0; global=1; static=1; extern=0; dir=0; type=1; pingpong=0; private_global=1; linkage=7; visibility=0; MemPort=[1]; IO mode=ap_memory:ce=0
Port [ W1_V]:  wired=0; compound=1; hidden=1; nouse=0; global=1; static=1; extern=0; dir=0; type=1; pingpong=0; private_global=1; linkage=7; visibility=0; MemPort=[1]; IO mode=ap_memory:ce=0
Port [ B2_V]:  wired=0; compound=1; hidden=1; nouse=0; global=1; static=1; extern=0; dir=0; type=1; pingpong=0; private_global=1; linkage=7; visibility=0; MemPort=[1]; IO mode=ap_memory:ce=0
Port [ W2_V]:  wired=0; compound=1; hidden=1; nouse=0; global=1; static=1; extern=0; dir=0; type=1; pingpong=0; private_global=1; linkage=7; visibility=0; MemPort=[1]; IO mode=ap_memory:ce=0
Port [ B3_V]:  wired=0; compound=1; hidden=1; nouse=0; global=1; static=1; extern=0; dir=0; type=1; pingpong=0; private_global=1; linkage=7; visibility=0; MemPort=[1]; IO mode=ap_memory:ce=0
Port [ W3_V]:  wired=0; compound=1; hidden=1; nouse=0; global=1; static=1; extern=0; dir=0; type=1; pingpong=0; private_global=1; linkage=7; visibility=0; MemPort=[1]; IO mode=ap_memory:ce=0
Port [ B4_V]:  wired=0; compound=1; hidden=1; nouse=0; global=1; static=1; extern=0; dir=0; type=1; pingpong=0; private_global=1; linkage=7; visibility=0; MemPort=[1]; IO mode=ap_memory:ce=0
Port [ W4_V]:  wired=0; compound=1; hidden=1; nouse=0; global=1; static=1; extern=0; dir=0; type=1; pingpong=0; private_global=1; linkage=7; visibility=0; MemPort=[1]; IO mode=ap_memory:ce=0
---------------- STG Properties END ------------------

---------------- Datapath Model BEGIN ----------------

<LifeTime>
<method=bitvector/>
specbitsmap_ln0    (specbitsmap      ) [ 000000000000000000000000000000000000000000000000000000]
specbitsmap_ln0    (specbitsmap      ) [ 000000000000000000000000000000000000000000000000000000]
spectopmodule_ln0  (spectopmodule    ) [ 000000000000000000000000000000000000000000000000000000]
a1_V               (alloca           ) [ 001111111100000000000000000000000000000000000000000000]
a2_V               (alloca           ) [ 001111111111110000000000000000000000000000000000000000]
a3_V               (alloca           ) [ 001111111111111111000000000000000000000000000000000000]
z4_V               (alloca           ) [ 001111111111111111111111100000000000000000000000000000]
logits             (alloca           ) [ 001111111111111111111111111111111111111111000000000000]
br_ln88            (br               ) [ 011111000000000000000000000000000000000000000000000000]
j_0                (phi              ) [ 001000000000000000000000000000000000000000000000000000]
phi_mul            (phi              ) [ 001111000000000000000000000000000000000000000000000000]
add_ln88           (add              ) [ 011111000000000000000000000000000000000000000000000000]
icmp_ln88          (icmp             ) [ 001111000000000000000000000000000000000000000000000000]
empty              (speclooptripcount) [ 000000000000000000000000000000000000000000000000000000]
j                  (add              ) [ 011111000000000000000000000000000000000000000000000000]
br_ln88            (br               ) [ 000000000000000000000000000000000000000000000000000000]
zext_ln89          (zext             ) [ 000111000000000000000000000000000000000000000000000000]
B1_V_addr          (getelementptr    ) [ 000100000000000000000000000000000000000000000000000000]
br_ln93            (br               ) [ 001111111100000000000000000000000000000000000000000000]
specloopname_ln89  (specloopname     ) [ 000000000000000000000000000000000000000000000000000000]
acc_V              (load             ) [ 000000000000000000000000000000000000000000000000000000]
zext_ln89_1        (zext             ) [ 001111000000000000000000000000000000000000000000000000]
br_ln68            (br               ) [ 001111000000000000000000000000000000000000000000000000]
p_Val2_1           (phi              ) [ 000011000000000000000000000000000000000000000000000000]
i_0_i              (phi              ) [ 000010000000000000000000000000000000000000000000000000]
empty_15           (speclooptripcount) [ 000000000000000000000000000000000000000000000000000000]
icmp_ln68          (icmp             ) [ 001111000000000000000000000000000000000000000000000000]
i                  (add              ) [ 001111000000000000000000000000000000000000000000000000]
br_ln68            (br               ) [ 000000000000000000000000000000000000000000000000000000]
zext_ln69          (zext             ) [ 000000000000000000000000000000000000000000000000000000]
zext_ln1117_2      (zext             ) [ 000000000000000000000000000000000000000000000000000000]
add_ln1117_1       (add              ) [ 000000000000000000000000000000000000000000000000000000]
zext_ln1117_3      (zext             ) [ 000000000000000000000000000000000000000000000000000000]
W1_V_addr          (getelementptr    ) [ 000001000000000000000000000000000000000000000000000000]
input_V_addr       (getelementptr    ) [ 000001000000000000000000000000000000000000000000000000]
empty_16           (trunc            ) [ 000000000000000000000000000000000000000000000000000000]
tmp_10             (bitselect        ) [ 000000000000000000000000000000000000000000000000000000]
p_Val2_s           (select           ) [ 000000000000000000000000000000000000000000000000000000]
a1_V_addr          (getelementptr    ) [ 000000000000000000000000000000000000000000000000000000]
store_ln89         (store            ) [ 000000000000000000000000000000000000000000000000000000]
br_ln88            (br               ) [ 011111000000000000000000000000000000000000000000000000]
specloopname_ln68  (specloopname     ) [ 000000000000000000000000000000000000000000000000000000]
input_V_load       (load             ) [ 000000000000000000000000000000000000000000000000000000]
sext_ln1192        (sext             ) [ 000000000000000000000000000000000000000000000000000000]
W1_V_load          (load             ) [ 000000000000000000000000000000000000000000000000000000]
sext_ln1192_1      (sext             ) [ 000000000000000000000000000000000000000000000000000000]
mul_ln1192         (mul              ) [ 000000000000000000000000000000000000000000000000000000]
lhs_V              (bitconcatenate   ) [ 000000000000000000000000000000000000000000000000000000]
ret_V              (add              ) [ 000000000000000000000000000000000000000000000000000000]
acc_V_2            (partselect       ) [ 001111000000000000000000000000000000000000000000000000]
br_ln68            (br               ) [ 001111000000000000000000000000000000000000000000000000]
j4_0               (phi              ) [ 000000110000000000000000000000000000000000000000000000]
icmp_ln93          (icmp             ) [ 000000111100000000000000000000000000000000000000000000]
empty_17           (speclooptripcount) [ 000000000000000000000000000000000000000000000000000000]
j_1                (add              ) [ 001000111100000000000000000000000000000000000000000000]
br_ln93            (br               ) [ 000000000000000000000000000000000000000000000000000000]
zext_ln94          (zext             ) [ 000000011100000000000000000000000000000000000000000000]
B2_V_addr          (getelementptr    ) [ 000000010000000000000000000000000000000000000000000000]
br_ln98            (br               ) [ 000000111111110000000000000000000000000000000000000000]
specloopname_ln94  (specloopname     ) [ 000000000000000000000000000000000000000000000000000000]
zext_ln1117        (zext             ) [ 000000000000000000000000000000000000000000000000000000]
tmp_7              (bitconcatenate   ) [ 000000000000000000000000000000000000000000000000000000]
zext_ln1117_1      (zext             ) [ 000000000000000000000000000000000000000000000000000000]
add_ln1117         (add              ) [ 000000001100000000000000000000000000000000000000000000]
acc_V_1            (load             ) [ 000000000000000000000000000000000000000000000000000000]
sext_ln94          (sext             ) [ 000000111100000000000000000000000000000000000000000000]
br_ln68            (br               ) [ 000000111100000000000000000000000000000000000000000000]
p_Val2_4           (phi              ) [ 000000001100000000000000000000000000000000000000000000]
i_0_i10            (phi              ) [ 000000001000000000000000000000000000000000000000000000]
empty_18           (speclooptripcount) [ 000000000000000000000000000000000000000000000000000000]
icmp_ln68_1        (icmp             ) [ 000000111100000000000000000000000000000000000000000000]
i_1                (add              ) [ 000000111100000000000000000000000000000000000000000000]
br_ln68            (br               ) [ 000000000000000000000000000000000000000000000000000000]
zext_ln69_1        (zext             ) [ 000000000000000000000000000000000000000000000000000000]
zext_ln1117_4      (zext             ) [ 000000000000000000000000000000000000000000000000000000]
add_ln1117_2       (add              ) [ 000000000000000000000000000000000000000000000000000000]
zext_ln1117_5      (zext             ) [ 000000000000000000000000000000000000000000000000000000]
W2_V_addr          (getelementptr    ) [ 000000000100000000000000000000000000000000000000000000]
a1_V_addr_1        (getelementptr    ) [ 000000000100000000000000000000000000000000000000000000]
empty_19           (trunc            ) [ 000000000000000000000000000000000000000000000000000000]
tmp_11             (bitselect        ) [ 000000000000000000000000000000000000000000000000000000]
p_Val2_3           (select           ) [ 000000000000000000000000000000000000000000000000000000]
a2_V_addr          (getelementptr    ) [ 000000000000000000000000000000000000000000000000000000]
store_ln94         (store            ) [ 000000000000000000000000000000000000000000000000000000]
br_ln93            (br               ) [ 001000111100000000000000000000000000000000000000000000]
specloopname_ln68  (specloopname     ) [ 000000000000000000000000000000000000000000000000000000]
a1_V_load          (load             ) [ 000000000000000000000000000000000000000000000000000000]
zext_ln1192        (zext             ) [ 000000000000000000000000000000000000000000000000000000]
W2_V_load          (load             ) [ 000000000000000000000000000000000000000000000000000000]
sext_ln1192_2      (sext             ) [ 000000000000000000000000000000000000000000000000000000]
mul_ln1192_1       (mul              ) [ 000000000000000000000000000000000000000000000000000000]
lhs_V_1            (bitconcatenate   ) [ 000000000000000000000000000000000000000000000000000000]
ret_V_1            (add              ) [ 000000000000000000000000000000000000000000000000000000]
acc_V_4            (partselect       ) [ 000000111100000000000000000000000000000000000000000000]
br_ln68            (br               ) [ 000000111100000000000000000000000000000000000000000000]
j5_0               (phi              ) [ 000000000011000000000000000000000000000000000000000000]
icmp_ln98          (icmp             ) [ 000000000011110000000000000000000000000000000000000000]
empty_20           (speclooptripcount) [ 000000000000000000000000000000000000000000000000000000]
j_2                (add              ) [ 000000100011110000000000000000000000000000000000000000]
br_ln98            (br               ) [ 000000000000000000000000000000000000000000000000000000]
zext_ln99          (zext             ) [ 000000000001110000000000000000000000000000000000000000]
B3_V_addr          (getelementptr    ) [ 000000000001000000000000000000000000000000000000000000]
br_ln103           (br               ) [ 000000000011111111000000000000000000000000000000000000]
specloopname_ln99  (specloopname     ) [ 000000000000000000000000000000000000000000000000000000]
tmp_8              (bitconcatenate   ) [ 000000000000000000000000000000000000000000000000000000]
zext_ln99_1        (zext             ) [ 000000000000110000000000000000000000000000000000000000]
acc_V_3            (load             ) [ 000000000000000000000000000000000000000000000000000000]
sext_ln99          (sext             ) [ 000000000011110000000000000000000000000000000000000000]
br_ln68            (br               ) [ 000000000011110000000000000000000000000000000000000000]
p_Val2_9           (phi              ) [ 000000000000110000000000000000000000000000000000000000]
i_0_i26            (phi              ) [ 000000000000100000000000000000000000000000000000000000]
empty_21           (speclooptripcount) [ 000000000000000000000000000000000000000000000000000000]
icmp_ln68_2        (icmp             ) [ 000000000011110000000000000000000000000000000000000000]
i_2                (add              ) [ 000000000011110000000000000000000000000000000000000000]
br_ln68            (br               ) [ 000000000000000000000000000000000000000000000000000000]
zext_ln69_2        (zext             ) [ 000000000000000000000000000000000000000000000000000000]
zext_ln1117_6      (zext             ) [ 000000000000000000000000000000000000000000000000000000]
add_ln1117_3       (add              ) [ 000000000000000000000000000000000000000000000000000000]
zext_ln1117_7      (zext             ) [ 000000000000000000000000000000000000000000000000000000]
W3_V_addr          (getelementptr    ) [ 000000000000010000000000000000000000000000000000000000]
a2_V_addr_1        (getelementptr    ) [ 000000000000010000000000000000000000000000000000000000]
empty_22           (trunc            ) [ 000000000000000000000000000000000000000000000000000000]
tmp_16             (bitselect        ) [ 000000000000000000000000000000000000000000000000000000]
p_Val2_10          (select           ) [ 000000000000000000000000000000000000000000000000000000]
a3_V_addr          (getelementptr    ) [ 000000000000000000000000000000000000000000000000000000]
store_ln99         (store            ) [ 000000000000000000000000000000000000000000000000000000]
br_ln98            (br               ) [ 000000100011110000000000000000000000000000000000000000]
specloopname_ln68  (specloopname     ) [ 000000000000000000000000000000000000000000000000000000]
a2_V_load          (load             ) [ 000000000000000000000000000000000000000000000000000000]
zext_ln1192_1      (zext             ) [ 000000000000000000000000000000000000000000000000000000]
W3_V_load          (load             ) [ 000000000000000000000000000000000000000000000000000000]
sext_ln1192_3      (sext             ) [ 000000000000000000000000000000000000000000000000000000]
mul_ln1192_2       (mul              ) [ 000000000000000000000000000000000000000000000000000000]
lhs_V_2            (bitconcatenate   ) [ 000000000000000000000000000000000000000000000000000000]
ret_V_2            (add              ) [ 000000000000000000000000000000000000000000000000000000]
acc_V_6            (partselect       ) [ 000000000011110000000000000000000000000000000000000000]
br_ln68            (br               ) [ 000000000011110000000000000000000000000000000000000000]
j6_0               (phi              ) [ 000000000000001100000000000000000000000000000000000000]
icmp_ln103         (icmp             ) [ 000000000000001111000000000000000000000000000000000000]
empty_23           (speclooptripcount) [ 000000000000000000000000000000000000000000000000000000]
j_3                (add              ) [ 000000000010001111000000000000000000000000000000000000]
br_ln103           (br               ) [ 000000000000000000000000000000000000000000000000000000]
zext_ln104         (zext             ) [ 000000000000000111000000000000000000000000000000000000]
B4_V_addr          (getelementptr    ) [ 000000000000000100000000000000000000000000000000000000]
z4_V_addr          (getelementptr    ) [ 000000000000000000100000000000000000000000000000000000]
specloopname_ln104 (specloopname     ) [ 000000000000000000000000000000000000000000000000000000]
tmp_9              (bitconcatenate   ) [ 000000000000000000000000000000000000000000000000000000]
zext_ln104_1       (zext             ) [ 000000000000000011000000000000000000000000000000000000]
acc_V_5            (load             ) [ 000000000000000000000000000000000000000000000000000000]
sext_ln104         (sext             ) [ 000000000000001111000000000000000000000000000000000000]
br_ln68            (br               ) [ 000000000000001111000000000000000000000000000000000000]
p_Val2_14          (phi              ) [ 000000000000000011000000000000000000000000000000000000]
i_0_i42            (phi              ) [ 000000000000000010000000000000000000000000000000000000]
empty_24           (speclooptripcount) [ 000000000000000000000000000000000000000000000000000000]
icmp_ln68_3        (icmp             ) [ 000000000000001111000000000000000000000000000000000000]
i_3                (add              ) [ 000000000000001111000000000000000000000000000000000000]
br_ln68            (br               ) [ 000000000000000000000000000000000000000000000000000000]
zext_ln69_3        (zext             ) [ 000000000000000000000000000000000000000000000000000000]
zext_ln1117_8      (zext             ) [ 000000000000000000000000000000000000000000000000000000]
add_ln1117_4       (add              ) [ 000000000000000000000000000000000000000000000000000000]
zext_ln1117_9      (zext             ) [ 000000000000000000000000000000000000000000000000000000]
W4_V_addr          (getelementptr    ) [ 000000000000000001000000000000000000000000000000000000]
a3_V_addr_1        (getelementptr    ) [ 000000000000000001000000000000000000000000000000000000]
z4_V_addr_1        (getelementptr    ) [ 000000000000000000000000000000000000000000000000000000]
store_ln104        (store            ) [ 000000000000000000000000000000000000000000000000000000]
br_ln103           (br               ) [ 000000000010001111000000000000000000000000000000000000]
specloopname_ln68  (specloopname     ) [ 000000000000000000000000000000000000000000000000000000]
a3_V_load          (load             ) [ 000000000000000000000000000000000000000000000000000000]
zext_ln1192_2      (zext             ) [ 000000000000000000000000000000000000000000000000000000]
W4_V_load          (load             ) [ 000000000000000000000000000000000000000000000000000000]
sext_ln1192_4      (sext             ) [ 000000000000000000000000000000000000000000000000000000]
mul_ln1192_3       (mul              ) [ 000000000000000000000000000000000000000000000000000000]
lhs_V_3            (bitconcatenate   ) [ 000000000000000000000000000000000000000000000000000000]
ret_V_3            (add              ) [ 000000000000000000000000000000000000000000000000000000]
acc_V_7            (partselect       ) [ 000000000000001111000000000000000000000000000000000000]
br_ln68            (br               ) [ 000000000000001111000000000000000000000000000000000000]
tmp_V_9            (load             ) [ 000000000000000000000000000000000000000000000000000000]
icmp_ln935         (icmp             ) [ 000000000000000000010000000000000000000000000000000000]
p_Result_21        (bitselect        ) [ 000000000000000000010000000000000000000000000000000000]
tmp_V              (sub              ) [ 000000000000000000000000000000000000000000000000000000]
tmp_V_10           (select           ) [ 000000000000000000010000000000000000000000000000000000]
p_Result_s         (partselect       ) [ 000000000000000000000000000000000000000000000000000000]
p_Result_22        (bitconcatenate   ) [ 000000000000000000000000000000000000000000000000000000]
l                  (cttz             ) [ 000000000000000000000000000000000000000000000000000000]
sub_ln944          (sub              ) [ 000000000000000000010000000000000000000000000000000000]
trunc_ln944        (trunc            ) [ 000000000000000000000000000000000000000000000000000000]
lsb_index          (add              ) [ 000000000000000000000000000000000000000000000000000000]
tmp_13             (partselect       ) [ 000000000000000000000000000000000000000000000000000000]
icmp_ln947         (icmp             ) [ 000000000000000000000000000000000000000000000000000000]
trunc_ln947        (trunc            ) [ 000000000000000000000000000000000000000000000000000000]
sub_ln947          (sub              ) [ 000000000000000000000000000000000000000000000000000000]
zext_ln947         (zext             ) [ 000000000000000000000000000000000000000000000000000000]
lshr_ln947         (lshr             ) [ 000000000000000000000000000000000000000000000000000000]
p_Result_4         (and              ) [ 000000000000000000000000000000000000000000000000000000]
icmp_ln947_1       (icmp             ) [ 000000000000000000000000000000000000000000000000000000]
a                  (and              ) [ 000000000000000000000000000000000000000000000000000000]
tmp_14             (bitselect        ) [ 000000000000000000000000000000000000000000000000000000]
xor_ln949          (xor              ) [ 000000000000000000000000000000000000000000000000000000]
add_ln949          (add              ) [ 000000000000000000000000000000000000000000000000000000]
p_Result_3         (bitselect        ) [ 000000000000000000000000000000000000000000000000000000]
and_ln949          (and              ) [ 000000000000000000000000000000000000000000000000000000]
or_ln949           (or               ) [ 000000000000000000000000000000000000000000000000000000]
or_ln              (bitconcatenate   ) [ 000000000000000000010000000000000000000000000000000000]
icmp_ln958         (icmp             ) [ 000000000000000000010000000000000000000000000000000000]
trunc_ln943        (trunc            ) [ 000000000000000000010000000000000000000000000000000000]
m                  (zext             ) [ 000000000000000000000000000000000000000000000000000000]
zext_ln957_1       (zext             ) [ 000000000000000000000000000000000000000000000000000000]
add_ln958          (add              ) [ 000000000000000000000000000000000000000000000000000000]
lshr_ln958         (lshr             ) [ 000000000000000000000000000000000000000000000000000000]
zext_ln958         (zext             ) [ 000000000000000000000000000000000000000000000000000000]
sub_ln958          (sub              ) [ 000000000000000000000000000000000000000000000000000000]
zext_ln958_1       (zext             ) [ 000000000000000000000000000000000000000000000000000000]
shl_ln958          (shl              ) [ 000000000000000000000000000000000000000000000000000000]
m_1                (select           ) [ 000000000000000000000000000000000000000000000000000000]
zext_ln961         (zext             ) [ 000000000000000000000000000000000000000000000000000000]
m_2                (add              ) [ 000000000000000000000000000000000000000000000000000000]
m_s                (partselect       ) [ 000000000000000000000000000000000000000000000000000000]
m_26               (zext             ) [ 000000000000000000000000000000000000000000000000000000]
tmp_15             (bitselect        ) [ 000000000000000000000000000000000000000000000000000000]
select_ln964       (select           ) [ 000000000000000000000000000000000000000000000000000000]
sub_ln964          (sub              ) [ 000000000000000000000000000000000000000000000000000000]
add_ln964          (add              ) [ 000000000000000000000000000000000000000000000000000000]
tmp_s              (bitconcatenate   ) [ 000000000000000000000000000000000000000000000000000000]
p_Result_23        (partset          ) [ 000000000000000000000000000000000000000000000000000000]
trunc_ln738        (trunc            ) [ 000000000000000000000000000000000000000000000000000000]
bitcast_ln739      (bitcast          ) [ 000000000000000000000000000000000000000000000000000000]
select_ln935       (select           ) [ 000000000000000000011111100000000000000000000000000000]
br_ln109           (br               ) [ 000000000000000000011111100000000000000000000000000000]
maxv_0             (phi              ) [ 000000000000000000001111111111111111111111000000000000]
j7_0               (phi              ) [ 000000000000000000001110000000000000000000000000000000]
icmp_ln109         (icmp             ) [ 000000000000000000001111100000000000000000000000000000]
empty_25           (speclooptripcount) [ 000000000000000000000000000000000000000000000000000000]
br_ln109           (br               ) [ 000000000000000000000000000000000000000000000000000000]
zext_ln110         (zext             ) [ 000000000000000000000110000000000000000000000000000000]
z4_V_addr_2        (getelementptr    ) [ 000000000000000000000100000000000000000000000000000000]
logits_addr_2      (getelementptr    ) [ 000000000000000000000000000000000000000000000000000000]
store_ln114        (store            ) [ 000000000000000000000000000000000000000000000000000000]
br_ln118           (br               ) [ 000000000000000000001111111111111111111111000000000000]
tmp_V_11           (load             ) [ 000000000000000000000011000000000000000000000000000000]
icmp_ln935_1       (icmp             ) [ 000000000000000000001111100000000000000000000000000000]
br_ln110           (br               ) [ 000000000000000000000000000000000000000000000000000000]
p_Result_24        (bitselect        ) [ 000000000000000000000010000000000000000000000000000000]
tmp_V_5            (sub              ) [ 000000000000000000000000000000000000000000000000000000]
tmp_V_12           (select           ) [ 000000000000000000000010000000000000000000000000000000]
p_Result_10        (partselect       ) [ 000000000000000000000000000000000000000000000000000000]
p_Result_25        (bitconcatenate   ) [ 000000000000000000000000000000000000000000000000000000]
l_1                (cttz             ) [ 000000000000000000000000000000000000000000000000000000]
sub_ln944_1        (sub              ) [ 000000000000000000000010000000000000000000000000000000]
trunc_ln944_1      (trunc            ) [ 000000000000000000000000000000000000000000000000000000]
lsb_index_1        (add              ) [ 000000000000000000000000000000000000000000000000000000]
tmp_18             (partselect       ) [ 000000000000000000000000000000000000000000000000000000]
icmp_ln947_2       (icmp             ) [ 000000000000000000000000000000000000000000000000000000]
trunc_ln947_1      (trunc            ) [ 000000000000000000000000000000000000000000000000000000]
sub_ln947_1        (sub              ) [ 000000000000000000000000000000000000000000000000000000]
zext_ln947_1       (zext             ) [ 000000000000000000000000000000000000000000000000000000]
lshr_ln947_1       (lshr             ) [ 000000000000000000000000000000000000000000000000000000]
p_Result_12        (and              ) [ 000000000000000000000000000000000000000000000000000000]
icmp_ln947_3       (icmp             ) [ 000000000000000000000000000000000000000000000000000000]
a_1                (and              ) [ 000000000000000000000000000000000000000000000000000000]
tmp_19             (bitselect        ) [ 000000000000000000000000000000000000000000000000000000]
xor_ln949_1        (xor              ) [ 000000000000000000000000000000000000000000000000000000]
add_ln949_1        (add              ) [ 000000000000000000000000000000000000000000000000000000]
p_Result_13        (bitselect        ) [ 000000000000000000000000000000000000000000000000000000]
and_ln949_1        (and              ) [ 000000000000000000000000000000000000000000000000000000]
or_ln949_1         (or               ) [ 000000000000000000000000000000000000000000000000000000]
or_ln949_2         (bitconcatenate   ) [ 000000000000000000000010000000000000000000000000000000]
icmp_ln958_1       (icmp             ) [ 000000000000000000000010000000000000000000000000000000]
trunc_ln943_1      (trunc            ) [ 000000000000000000000010000000000000000000000000000000]
logits_addr        (getelementptr    ) [ 000000000000000000000000000000000000000000000000000000]
store_ln110        (store            ) [ 000000000000000000000000000000000000000000000000000000]
br_ln111           (br               ) [ 000000000000000000001111100000000000000000000000000000]
m_15               (zext             ) [ 000000000000000000000000000000000000000000000000000000]
zext_ln957_2       (zext             ) [ 000000000000000000000000000000000000000000000000000000]
add_ln958_1        (add              ) [ 000000000000000000000000000000000000000000000000000000]
lshr_ln958_1       (lshr             ) [ 000000000000000000000000000000000000000000000000000000]
zext_ln958_2       (zext             ) [ 000000000000000000000000000000000000000000000000000000]
sub_ln958_1        (sub              ) [ 000000000000000000000000000000000000000000000000000000]
zext_ln958_3       (zext             ) [ 000000000000000000000000000000000000000000000000000000]
shl_ln958_1        (shl              ) [ 000000000000000000000000000000000000000000000000000000]
m_16               (select           ) [ 000000000000000000000000000000000000000000000000000000]
zext_ln961_1       (zext             ) [ 000000000000000000000000000000000000000000000000000000]
m_17               (add              ) [ 000000000000000000000000000000000000000000000000000000]
m_3                (partselect       ) [ 000000000000000000000000000000000000000000000000000000]
m_27               (zext             ) [ 000000000000000000000000000000000000000000000000000000]
tmp_20             (bitselect        ) [ 000000000000000000000000000000000000000000000000000000]
select_ln964_1     (select           ) [ 000000000000000000000000000000000000000000000000000000]
sub_ln964_1        (sub              ) [ 000000000000000000000000000000000000000000000000000000]
add_ln964_1        (add              ) [ 000000000000000000000000000000000000000000000000000000]
tmp_4              (bitconcatenate   ) [ 000000000000000000000000000000000000000000000000000000]
p_Result_26        (partset          ) [ 000000000000000000000000000000000000000000000000000000]
trunc_ln738_1      (trunc            ) [ 000000000000000000000000000000000000000000000000000000]
bitcast_ln739_1    (bitcast          ) [ 000000000000000000001111100000000000000000000000000000]
logits_addr_1      (getelementptr    ) [ 000000000000000000000000000000000000000000000000000000]
store_ln110        (store            ) [ 000000000000000000000000000000000000000000000000000000]
br_ln111           (br               ) [ 000000000000000000001111100000000000000000000000000000]
j_5                (add              ) [ 000000000000000000011001100000000000000000000000000000]
p_0202             (phi              ) [ 000000000000000000000001100000000000000000000000000000]
bitcast_ln111      (bitcast          ) [ 000000000000000000000000000000000000000000000000000000]
tmp_1              (partselect       ) [ 000000000000000000000000000000000000000000000000000000]
trunc_ln111        (trunc            ) [ 000000000000000000000000000000000000000000000000000000]
icmp_ln111         (icmp             ) [ 000000000000000000000000100000000000000000000000000000]
icmp_ln111_1       (icmp             ) [ 000000000000000000000000100000000000000000000000000000]
p_Result_27        (bitselect        ) [ 000000000000000000000000100000000000000000000000000000]
tmp_V_7            (sub              ) [ 000000000000000000000000000000000000000000000000000000]
tmp_V_13           (select           ) [ 000000000000000000000000100000000000000000000000000000]
p_Result_16        (partselect       ) [ 000000000000000000000000000000000000000000000000000000]
p_Result_28        (bitconcatenate   ) [ 000000000000000000000000000000000000000000000000000000]
l_2                (cttz             ) [ 000000000000000000000000000000000000000000000000000000]
sub_ln944_2        (sub              ) [ 000000000000000000000000100000000000000000000000000000]
trunc_ln944_2      (trunc            ) [ 000000000000000000000000000000000000000000000000000000]
lsb_index_2        (add              ) [ 000000000000000000000000000000000000000000000000000000]
tmp_22             (partselect       ) [ 000000000000000000000000000000000000000000000000000000]
icmp_ln947_4       (icmp             ) [ 000000000000000000000000000000000000000000000000000000]
trunc_ln947_2      (trunc            ) [ 000000000000000000000000000000000000000000000000000000]
sub_ln947_2        (sub              ) [ 000000000000000000000000000000000000000000000000000000]
zext_ln947_2       (zext             ) [ 000000000000000000000000000000000000000000000000000000]
lshr_ln947_2       (lshr             ) [ 000000000000000000000000000000000000000000000000000000]
p_Result_18        (and              ) [ 000000000000000000000000000000000000000000000000000000]
icmp_ln947_5       (icmp             ) [ 000000000000000000000000000000000000000000000000000000]
a_2                (and              ) [ 000000000000000000000000000000000000000000000000000000]
tmp_23             (bitselect        ) [ 000000000000000000000000000000000000000000000000000000]
xor_ln949_2        (xor              ) [ 000000000000000000000000000000000000000000000000000000]
add_ln949_2        (add              ) [ 000000000000000000000000000000000000000000000000000000]
p_Result_19        (bitselect        ) [ 000000000000000000000000000000000000000000000000000000]
and_ln949_2        (and              ) [ 000000000000000000000000000000000000000000000000000000]
or_ln949_3         (or               ) [ 000000000000000000000000000000000000000000000000000000]
or_ln949_4         (bitconcatenate   ) [ 000000000000000000000000100000000000000000000000000000]
icmp_ln958_2       (icmp             ) [ 000000000000000000000000100000000000000000000000000000]
trunc_ln943_2      (trunc            ) [ 000000000000000000000000100000000000000000000000000000]
bitcast_ln111_1    (bitcast          ) [ 000000000000000000000000000000000000000000000000000000]
tmp_3              (partselect       ) [ 000000000000000000000000000000000000000000000000000000]
trunc_ln111_1      (trunc            ) [ 000000000000000000000000000000000000000000000000000000]
or_ln111_1         (or               ) [ 000000000000000000000000000000000000000000000000000000]
icmp_ln111_2       (icmp             ) [ 000000000000000000000000000000000000000000000000000000]
icmp_ln111_3       (icmp             ) [ 000000000000000000000000000000000000000000000000000000]
or_ln111_2         (or               ) [ 000000000000000000000000000000000000000000000000000000]
and_ln111          (and              ) [ 000000000000000000000000000000000000000000000000000000]
tmp_5              (fcmp             ) [ 000000000000000000000000000000000000000000000000000000]
and_ln111_1        (and              ) [ 000000000000000000000000000000000000000000000000000000]
xor_ln111          (xor              ) [ 000000000000000000000000000000000000000000000000000000]
or_ln111           (or               ) [ 000000000000000000000000000000000000000000000000000000]
select_ln111       (select           ) [ 000000000000000000000000000000000000000000000000000000]
m_21               (zext             ) [ 000000000000000000000000000000000000000000000000000000]
zext_ln957_3       (zext             ) [ 000000000000000000000000000000000000000000000000000000]
add_ln958_2        (add              ) [ 000000000000000000000000000000000000000000000000000000]
lshr_ln958_2       (lshr             ) [ 000000000000000000000000000000000000000000000000000000]
zext_ln958_4       (zext             ) [ 000000000000000000000000000000000000000000000000000000]
sub_ln958_2        (sub              ) [ 000000000000000000000000000000000000000000000000000000]
zext_ln958_5       (zext             ) [ 000000000000000000000000000000000000000000000000000000]
shl_ln958_2        (shl              ) [ 000000000000000000000000000000000000000000000000000000]
m_22               (select           ) [ 000000000000000000000000000000000000000000000000000000]
zext_ln961_2       (zext             ) [ 000000000000000000000000000000000000000000000000000000]
m_23               (add              ) [ 000000000000000000000000000000000000000000000000000000]
m_4                (partselect       ) [ 000000000000000000000000000000000000000000000000000000]
m_28               (zext             ) [ 000000000000000000000000000000000000000000000000000000]
tmp_24             (bitselect        ) [ 000000000000000000000000000000000000000000000000000000]
select_ln964_2     (select           ) [ 000000000000000000000000000000000000000000000000000000]
sub_ln964_2        (sub              ) [ 000000000000000000000000000000000000000000000000000000]
add_ln964_2        (add              ) [ 000000000000000000000000000000000000000000000000000000]
tmp_6              (bitconcatenate   ) [ 000000000000000000000000000000000000000000000000000000]
p_Result_29        (partset          ) [ 000000000000000000000000000000000000000000000000000000]
trunc_ln738_2      (trunc            ) [ 000000000000000000000000000000000000000000000000000000]
bitcast_ln739_2    (bitcast          ) [ 000000000000000000000000000000000000000000000000000000]
select_ln111_1     (select           ) [ 000000000000000000011111100000000000000000000000000000]
br_ln109           (br               ) [ 000000000000000000011111100000000000000000000000000000]
sum_0              (phi              ) [ 000000000000000000000000011111111111111111111111111111]
j8_0               (phi              ) [ 000000000000000000000000010000000000000000000000000000]
icmp_ln118         (icmp             ) [ 000000000000000000000000011111111111111111000000000000]
empty_26           (speclooptripcount) [ 000000000000000000000000000000000000000000000000000000]
j_4                (add              ) [ 000000000000000000001000011111111111111111000000000000]
br_ln118           (br               ) [ 000000000000000000000000000000000000000000000000000000]
zext_ln119         (zext             ) [ 000000000000000000000000001111111111110000000000000000]
logits_addr_3      (getelementptr    ) [ 000000000000000000000000001000000000000000000000000000]
br_ln124           (br               ) [ 000000000000000000000000011111111111111111111111111111]
logits_load        (load             ) [ 000000000000000000000000000111000000000000000000000000]
tmp                (fsub             ) [ 000000000000000000000000000000111111110000000000000000]
e                  (fexp             ) [ 000000000000000000000000000000000000001111000000000000]
output_addr        (getelementptr    ) [ 000000000000000000000000000000000000000000000000000000]
store_ln120        (store            ) [ 000000000000000000000000000000000000000000000000000000]
specloopname_ln118 (specloopname     ) [ 000000000000000000000000000000000000000000000000000000]
sum                (fadd             ) [ 000000000000000000001000011111111111111111000000000000]
br_ln118           (br               ) [ 000000000000000000001000011111111111111111000000000000]
j9_0               (phi              ) [ 000000000000000000000000000000000000000000100000000000]
icmp_ln124         (icmp             ) [ 000000000000000000000000000000000000000000111111111111]
empty_27           (speclooptripcount) [ 000000000000000000000000000000000000000000000000000000]
j_6                (add              ) [ 000000000000000000000000010000000000000000111111111111]
br_ln124           (br               ) [ 000000000000000000000000000000000000000000000000000000]
zext_ln125         (zext             ) [ 000000000000000000000000000000000000000000000000000000]
output_addr_1      (getelementptr    ) [ 000000000000000000000000000000000000000000011111111111]
ret_ln126          (ret              ) [ 000000000000000000000000000000000000000000000000000000]
output_load        (load             ) [ 000000000000000000000000000000000000000000001111111110]
tmp_2              (fdiv             ) [ 000000000000000000000000000000000000000000000000000001]
specloopname_ln125 (specloopname     ) [ 000000000000000000000000000000000000000000000000000000]
store_ln125        (store            ) [ 000000000000000000000000000000000000000000000000000000]
br_ln124           (br               ) [ 000000000000000000000000010000000000000000111111111111]
</LifeTime>

<model>

<comp_list>
<comp id="0" class="1000" name="input_V">
<pin_list>
<pin id="1" dir="1" index="0" bw="1" slack="0"/>
</pin_list>
<bind>
<StgValue><ssdm name="input_V"/><MemPortTyVec>1 3 </MemPortTyVec>
</StgValue>
</bind>
</comp>

<comp id="2" class="1000" name="output_r">
<pin_list>
<pin id="3" dir="1" index="0" bw="1" slack="0"/>
</pin_list>
<bind>
<StgValue><ssdm name="output_r"/><MemPortTyVec>2 3 </MemPortTyVec>
</StgValue>
</bind>
</comp>

<comp id="4" class="1000" name="B1_V">
<pin_list>
<pin id="5" dir="1" index="0" bw="1" slack="0"/>
</pin_list>
<bind>
<StgValue><ssdm name="B1_V"/><MemPortTyVec>1 </MemPortTyVec>
</StgValue>
</bind>
</comp>

<comp id="6" class="1000" name="W1_V">
<pin_list>
<pin id="7" dir="1" index="0" bw="1" slack="0"/>
</pin_list>
<bind>
<StgValue><ssdm name="W1_V"/><MemPortTyVec>1 </MemPortTyVec>
</StgValue>
</bind>
</comp>

<comp id="8" class="1000" name="B2_V">
<pin_list>
<pin id="9" dir="1" index="0" bw="1" slack="0"/>
</pin_list>
<bind>
<StgValue><ssdm name="B2_V"/><MemPortTyVec>1 </MemPortTyVec>
</StgValue>
</bind>
</comp>

<comp id="10" class="1000" name="W2_V">
<pin_list>
<pin id="11" dir="1" index="0" bw="1" slack="0"/>
</pin_list>
<bind>
<StgValue><ssdm name="W2_V"/><MemPortTyVec>1 </MemPortTyVec>
</StgValue>
</bind>
</comp>

<comp id="12" class="1000" name="B3_V">
<pin_list>
<pin id="13" dir="1" index="0" bw="1" slack="0"/>
</pin_list>
<bind>
<StgValue><ssdm name="B3_V"/><MemPortTyVec>1 </MemPortTyVec>
</StgValue>
</bind>
</comp>

<comp id="14" class="1000" name="W3_V">
<pin_list>
<pin id="15" dir="1" index="0" bw="1" slack="0"/>
</pin_list>
<bind>
<StgValue><ssdm name="W3_V"/><MemPortTyVec>1 </MemPortTyVec>
</StgValue>
</bind>
</comp>

<comp id="16" class="1000" name="B4_V">
<pin_list>
<pin id="17" dir="1" index="0" bw="1" slack="0"/>
</pin_list>
<bind>
<StgValue><ssdm name="B4_V"/><MemPortTyVec>1 </MemPortTyVec>
</StgValue>
</bind>
</comp>

<comp id="18" class="1000" name="W4_V">
<pin_list>
<pin id="19" dir="1" index="0" bw="1" slack="0"/>
</pin_list>
<bind>
<StgValue><ssdm name="W4_V"/><MemPortTyVec>1 </MemPortTyVec>
</StgValue>
</bind>
</comp>

<comp id="20" class="1001" name="const_20">
<pin_list>
<pin id="21" dir="1" index="0" bw="1" slack="2147483647"/>
</pin_list>
<bind>
<StgValue><ssdm name="_ssdm_op_SpecBitsMap"/></StgValue>
</bind>
</comp>

<comp id="22" class="1001" name="const_22">
<pin_list>
<pin id="23" dir="1" index="0" bw="1" slack="2147483647"/>
</pin_list>
<bind>
<StgValue><ssdm name="_ssdm_op_SpecTopModule"/></StgValue>
</bind>
</comp>

<comp id="24" class="1001" name="const_24">
<pin_list>
<pin id="25" dir="1" index="0" bw="1" slack="2147483647"/>
</pin_list>
<bind>
<StgValue><ssdm name="mlp_str"/></StgValue>
</bind>
</comp>

<comp id="26" class="1001" name="const_26">
<pin_list>
<pin id="27" dir="1" index="0" bw="1" slack="0"/>
</pin_list>
<bind>
<StgValue><ssdm name=""/></StgValue>
</bind>
</comp>

<comp id="28" class="1001" name="const_28">
<pin_list>
<pin id="29" dir="1" index="0" bw="1" slack="0"/>
</pin_list>
<bind>
<StgValue><ssdm name=""/></StgValue>
</bind>
</comp>

<comp id="30" class="1001" name="const_30">
<pin_list>
<pin id="31" dir="1" index="0" bw="1" slack="1"/>
</pin_list>
<bind>
<StgValue><ssdm name=""/></StgValue>
</bind>
</comp>

<comp id="32" class="1001" name="const_32">
<pin_list>
<pin id="33" dir="1" index="0" bw="1" slack="0"/>
</pin_list>
<bind>
<StgValue><ssdm name=""/></StgValue>
</bind>
</comp>

<comp id="34" class="1001" name="const_34">
<pin_list>
<pin id="35" dir="1" index="0" bw="1" slack="0"/>
</pin_list>
<bind>
<StgValue><ssdm name=""/></StgValue>
</bind>
</comp>

<comp id="36" class="1001" name="const_36">
<pin_list>
<pin id="37" dir="1" index="0" bw="1" slack="2147483647"/>
</pin_list>
<bind>
<StgValue><ssdm name="_ssdm_op_SpecLoopTripCount"/></StgValue>
</bind>
</comp>

<comp id="38" class="1001" name="const_38">
<pin_list>
<pin id="39" dir="1" index="0" bw="1" slack="2147483647"/>
</pin_list>
<bind>
<StgValue><ssdm name=""/></StgValue>
</bind>
</comp>

<comp id="40" class="1001" name="const_40">
<pin_list>
<pin id="41" dir="1" index="0" bw="1" slack="0"/>
</pin_list>
<bind>
<StgValue><ssdm name=""/></StgValue>
</bind>
</comp>

<comp id="42" class="1001" name="const_42">
<pin_list>
<pin id="43" dir="1" index="0" bw="1" slack="0"/>
</pin_list>
<bind>
<StgValue><ssdm name=""/></StgValue>
</bind>
</comp>

<comp id="44" class="1001" name="const_44">
<pin_list>
<pin id="45" dir="1" index="0" bw="1" slack="2147483647"/>
</pin_list>
<bind>
<StgValue><ssdm name="_ssdm_op_SpecLoopName"/></StgValue>
</bind>
</comp>

<comp id="46" class="1001" name="const_46">
<pin_list>
<pin id="47" dir="1" index="0" bw="1" slack="2147483647"/>
</pin_list>
<bind>
<StgValue><ssdm name="p_str8"/></StgValue>
</bind>
</comp>

<comp id="48" class="1001" name="const_48">
<pin_list>
<pin id="49" dir="1" index="0" bw="1" slack="1"/>
</pin_list>
<bind>
<StgValue><ssdm name=""/></StgValue>
</bind>
</comp>

<comp id="50" class="1001" name="const_50">
<pin_list>
<pin id="51" dir="1" index="0" bw="1" slack="2147483647"/>
</pin_list>
<bind>
<StgValue><ssdm name=""/></StgValue>
</bind>
</comp>

<comp id="52" class="1001" name="const_52">
<pin_list>
<pin id="53" dir="1" index="0" bw="1" slack="0"/>
</pin_list>
<bind>
<StgValue><ssdm name=""/></StgValue>
</bind>
</comp>

<comp id="54" class="1001" name="const_54">
<pin_list>
<pin id="55" dir="1" index="0" bw="1" slack="0"/>
</pin_list>
<bind>
<StgValue><ssdm name=""/></StgValue>
</bind>
</comp>

<comp id="56" class="1001" name="const_56">
<pin_list>
<pin id="57" dir="1" index="0" bw="1" slack="0"/>
</pin_list>
<bind>
<StgValue><ssdm name="_ssdm_op_BitSelect.i1.i20.i32"/></StgValue>
</bind>
</comp>

<comp id="58" class="1001" name="const_58">
<pin_list>
<pin id="59" dir="1" index="0" bw="1" slack="0"/>
</pin_list>
<bind>
<StgValue><ssdm name=""/></StgValue>
</bind>
</comp>

<comp id="60" class="1001" name="const_60">
<pin_list>
<pin id="61" dir="1" index="0" bw="1" slack="0"/>
</pin_list>
<bind>
<StgValue><ssdm name=""/></StgValue>
</bind>
</comp>

<comp id="62" class="1001" name="const_62">
<pin_list>
<pin id="63" dir="1" index="0" bw="1" slack="2147483647"/>
</pin_list>
<bind>
<StgValue><ssdm name="p_str"/></StgValue>
</bind>
</comp>

<comp id="64" class="1001" name="const_64">
<pin_list>
<pin id="65" dir="1" index="0" bw="1" slack="0"/>
</pin_list>
<bind>
<StgValue><ssdm name="_ssdm_op_BitConcatenate.i34.i20.i14"/></StgValue>
</bind>
</comp>

<comp id="66" class="1001" name="const_66">
<pin_list>
<pin id="67" dir="1" index="0" bw="1" slack="0"/>
</pin_list>
<bind>
<StgValue><ssdm name=""/></StgValue>
</bind>
</comp>

<comp id="68" class="1001" name="const_68">
<pin_list>
<pin id="69" dir="1" index="0" bw="1" slack="0"/>
</pin_list>
<bind>
<StgValue><ssdm name="_ssdm_op_PartSelect.i20.i34.i32.i32"/></StgValue>
</bind>
</comp>

<comp id="70" class="1001" name="const_70">
<pin_list>
<pin id="71" dir="1" index="0" bw="1" slack="0"/>
</pin_list>
<bind>
<StgValue><ssdm name=""/></StgValue>
</bind>
</comp>

<comp id="72" class="1001" name="const_72">
<pin_list>
<pin id="73" dir="1" index="0" bw="1" slack="0"/>
</pin_list>
<bind>
<StgValue><ssdm name=""/></StgValue>
</bind>
</comp>

<comp id="74" class="1001" name="const_74">
<pin_list>
<pin id="75" dir="1" index="0" bw="1" slack="1"/>
</pin_list>
<bind>
<StgValue><ssdm name=""/></StgValue>
</bind>
</comp>

<comp id="76" class="1001" name="const_76">
<pin_list>
<pin id="77" dir="1" index="0" bw="1" slack="0"/>
</pin_list>
<bind>
<StgValue><ssdm name=""/></StgValue>
</bind>
</comp>

<comp id="78" class="1001" name="const_78">
<pin_list>
<pin id="79" dir="1" index="0" bw="1" slack="2147483647"/>
</pin_list>
<bind>
<StgValue><ssdm name=""/></StgValue>
</bind>
</comp>

<comp id="80" class="1001" name="const_80">
<pin_list>
<pin id="81" dir="1" index="0" bw="1" slack="0"/>
</pin_list>
<bind>
<StgValue><ssdm name=""/></StgValue>
</bind>
</comp>

<comp id="82" class="1001" name="const_82">
<pin_list>
<pin id="83" dir="1" index="0" bw="1" slack="2147483647"/>
</pin_list>
<bind>
<StgValue><ssdm name="p_str9"/></StgValue>
</bind>
</comp>

<comp id="84" class="1001" name="const_84">
<pin_list>
<pin id="85" dir="1" index="0" bw="1" slack="0"/>
</pin_list>
<bind>
<StgValue><ssdm name="_ssdm_op_BitConcatenate.i6.i4.i2"/></StgValue>
</bind>
</comp>

<comp id="86" class="1001" name="const_86">
<pin_list>
<pin id="87" dir="1" index="0" bw="1" slack="0"/>
</pin_list>
<bind>
<StgValue><ssdm name=""/></StgValue>
</bind>
</comp>

<comp id="88" class="1001" name="const_88">
<pin_list>
<pin id="89" dir="1" index="0" bw="1" slack="2147483647"/>
</pin_list>
<bind>
<StgValue><ssdm name="p_str10"/></StgValue>
</bind>
</comp>

<comp id="90" class="1001" name="const_90">
<pin_list>
<pin id="91" dir="1" index="0" bw="1" slack="0"/>
</pin_list>
<bind>
<StgValue><ssdm name="_ssdm_op_BitConcatenate.i7.i4.i3"/></StgValue>
</bind>
</comp>

<comp id="92" class="1001" name="const_92">
<pin_list>
<pin id="93" dir="1" index="0" bw="1" slack="0"/>
</pin_list>
<bind>
<StgValue><ssdm name=""/></StgValue>
</bind>
</comp>

<comp id="94" class="1001" name="const_94">
<pin_list>
<pin id="95" dir="1" index="0" bw="1" slack="2147483647"/>
</pin_list>
<bind>
<StgValue><ssdm name=""/></StgValue>
</bind>
</comp>

<comp id="96" class="1001" name="const_96">
<pin_list>
<pin id="97" dir="1" index="0" bw="1" slack="2147483647"/>
</pin_list>
<bind>
<StgValue><ssdm name="p_str11"/></StgValue>
</bind>
</comp>

<comp id="98" class="1001" name="const_98">
<pin_list>
<pin id="99" dir="1" index="0" bw="1" slack="0"/>
</pin_list>
<bind>
<StgValue><ssdm name=""/></StgValue>
</bind>
</comp>

<comp id="100" class="1001" name="const_100">
<pin_list>
<pin id="101" dir="1" index="0" bw="1" slack="0"/>
</pin_list>
<bind>
<StgValue><ssdm name="llvm.part.select.i20"/></StgValue>
</bind>
</comp>

<comp id="102" class="1001" name="const_102">
<pin_list>
<pin id="103" dir="1" index="0" bw="1" slack="0"/>
</pin_list>
<bind>
<StgValue><ssdm name=""/></StgValue>
</bind>
</comp>

<comp id="104" class="1001" name="const_104">
<pin_list>
<pin id="105" dir="1" index="0" bw="1" slack="0"/>
</pin_list>
<bind>
<StgValue><ssdm name="_ssdm_op_BitConcatenate.i32.i12.i20"/></StgValue>
</bind>
</comp>

<comp id="106" class="1001" name="const_106">
<pin_list>
<pin id="107" dir="1" index="0" bw="1" slack="0"/>
</pin_list>
<bind>
<StgValue><ssdm name=""/></StgValue>
</bind>
</comp>

<comp id="108" class="1001" name="const_108">
<pin_list>
<pin id="109" dir="1" index="0" bw="1" slack="0"/>
</pin_list>
<bind>
<StgValue><ssdm name="llvm.cttz.i32"/></StgValue>
</bind>
</comp>

<comp id="110" class="1001" name="const_110">
<pin_list>
<pin id="111" dir="1" index="0" bw="1" slack="0"/>
</pin_list>
<bind>
<StgValue><ssdm name=""/></StgValue>
</bind>
</comp>

<comp id="112" class="1001" name="const_112">
<pin_list>
<pin id="113" dir="1" index="0" bw="1" slack="0"/>
</pin_list>
<bind>
<StgValue><ssdm name=""/></StgValue>
</bind>
</comp>

<comp id="114" class="1001" name="const_114">
<pin_list>
<pin id="115" dir="1" index="0" bw="1" slack="0"/>
</pin_list>
<bind>
<StgValue><ssdm name=""/></StgValue>
</bind>
</comp>

<comp id="116" class="1001" name="const_116">
<pin_list>
<pin id="117" dir="1" index="0" bw="1" slack="0"/>
</pin_list>
<bind>
<StgValue><ssdm name="_ssdm_op_PartSelect.i31.i32.i32.i32"/></StgValue>
</bind>
</comp>

<comp id="118" class="1001" name="const_118">
<pin_list>
<pin id="119" dir="1" index="0" bw="1" slack="0"/>
</pin_list>
<bind>
<StgValue><ssdm name=""/></StgValue>
</bind>
</comp>

<comp id="120" class="1001" name="const_120">
<pin_list>
<pin id="121" dir="1" index="0" bw="1" slack="0"/>
</pin_list>
<bind>
<StgValue><ssdm name=""/></StgValue>
</bind>
</comp>

<comp id="122" class="1001" name="const_122">
<pin_list>
<pin id="123" dir="1" index="0" bw="1" slack="0"/>
</pin_list>
<bind>
<StgValue><ssdm name=""/></StgValue>
</bind>
</comp>

<comp id="124" class="1001" name="const_124">
<pin_list>
<pin id="125" dir="1" index="0" bw="1" slack="0"/>
</pin_list>
<bind>
<StgValue><ssdm name=""/></StgValue>
</bind>
</comp>

<comp id="126" class="1001" name="const_126">
<pin_list>
<pin id="127" dir="1" index="0" bw="1" slack="0"/>
</pin_list>
<bind>
<StgValue><ssdm name=""/></StgValue>
</bind>
</comp>

<comp id="128" class="1001" name="const_128">
<pin_list>
<pin id="129" dir="1" index="0" bw="1" slack="0"/>
</pin_list>
<bind>
<StgValue><ssdm name="_ssdm_op_BitSelect.i1.i32.i32"/></StgValue>
</bind>
</comp>

<comp id="130" class="1001" name="const_130">
<pin_list>
<pin id="131" dir="1" index="0" bw="1" slack="0"/>
</pin_list>
<bind>
<StgValue><ssdm name=""/></StgValue>
</bind>
</comp>

<comp id="132" class="1001" name="const_132">
<pin_list>
<pin id="133" dir="1" index="0" bw="1" slack="0"/>
</pin_list>
<bind>
<StgValue><ssdm name="_ssdm_op_BitSelect.i1.i20.i20"/></StgValue>
</bind>
</comp>

<comp id="134" class="1001" name="const_134">
<pin_list>
<pin id="135" dir="1" index="0" bw="1" slack="0"/>
</pin_list>
<bind>
<StgValue><ssdm name="_ssdm_op_BitConcatenate.i32.i31.i1"/></StgValue>
</bind>
</comp>

<comp id="136" class="1001" name="const_136">
<pin_list>
<pin id="137" dir="1" index="0" bw="1" slack="0"/>
</pin_list>
<bind>
<StgValue><ssdm name=""/></StgValue>
</bind>
</comp>

<comp id="138" class="1001" name="const_138">
<pin_list>
<pin id="139" dir="1" index="0" bw="1" slack="0"/>
</pin_list>
<bind>
<StgValue><ssdm name=""/></StgValue>
</bind>
</comp>

<comp id="140" class="1001" name="const_140">
<pin_list>
<pin id="141" dir="1" index="0" bw="1" slack="0"/>
</pin_list>
<bind>
<StgValue><ssdm name="_ssdm_op_PartSelect.i63.i64.i32.i32"/></StgValue>
</bind>
</comp>

<comp id="142" class="1001" name="const_142">
<pin_list>
<pin id="143" dir="1" index="0" bw="1" slack="0"/>
</pin_list>
<bind>
<StgValue><ssdm name=""/></StgValue>
</bind>
</comp>

<comp id="144" class="1001" name="const_144">
<pin_list>
<pin id="145" dir="1" index="0" bw="1" slack="0"/>
</pin_list>
<bind>
<StgValue><ssdm name="_ssdm_op_BitSelect.i1.i64.i32"/></StgValue>
</bind>
</comp>

<comp id="146" class="1001" name="const_146">
<pin_list>
<pin id="147" dir="1" index="0" bw="1" slack="0"/>
</pin_list>
<bind>
<StgValue><ssdm name=""/></StgValue>
</bind>
</comp>

<comp id="148" class="1001" name="const_148">
<pin_list>
<pin id="149" dir="1" index="0" bw="1" slack="0"/>
</pin_list>
<bind>
<StgValue><ssdm name=""/></StgValue>
</bind>
</comp>

<comp id="150" class="1001" name="const_150">
<pin_list>
<pin id="151" dir="1" index="0" bw="1" slack="0"/>
</pin_list>
<bind>
<StgValue><ssdm name=""/></StgValue>
</bind>
</comp>

<comp id="152" class="1001" name="const_152">
<pin_list>
<pin id="153" dir="1" index="0" bw="1" slack="0"/>
</pin_list>
<bind>
<StgValue><ssdm name="_ssdm_op_BitConcatenate.i9.i1.i8"/></StgValue>
</bind>
</comp>

<comp id="154" class="1001" name="const_154">
<pin_list>
<pin id="155" dir="1" index="0" bw="1" slack="0"/>
</pin_list>
<bind>
<StgValue><ssdm name="_ssdm_op_PartSet.i64.i64.i9.i32.i32"/></StgValue>
</bind>
</comp>

<comp id="156" class="1001" name="const_156">
<pin_list>
<pin id="157" dir="1" index="0" bw="1" slack="0"/>
</pin_list>
<bind>
<StgValue><ssdm name=""/></StgValue>
</bind>
</comp>

<comp id="158" class="1001" name="const_158">
<pin_list>
<pin id="159" dir="1" index="0" bw="1" slack="0"/>
</pin_list>
<bind>
<StgValue><ssdm name=""/></StgValue>
</bind>
</comp>

<comp id="160" class="1001" name="const_160">
<pin_list>
<pin id="161" dir="1" index="0" bw="1" slack="2147483647"/>
</pin_list>
<bind>
<StgValue><ssdm name=""/></StgValue>
</bind>
</comp>

<comp id="162" class="1001" name="const_162">
<pin_list>
<pin id="163" dir="1" index="0" bw="1" slack="0"/>
</pin_list>
<bind>
<StgValue><ssdm name="_ssdm_op_PartSelect.i8.i32.i32.i32"/></StgValue>
</bind>
</comp>

<comp id="164" class="1001" name="const_164">
<pin_list>
<pin id="165" dir="1" index="0" bw="1" slack="0"/>
</pin_list>
<bind>
<StgValue><ssdm name=""/></StgValue>
</bind>
</comp>

<comp id="166" class="1001" name="const_166">
<pin_list>
<pin id="167" dir="1" index="0" bw="1" slack="0"/>
</pin_list>
<bind>
<StgValue><ssdm name=""/></StgValue>
</bind>
</comp>

<comp id="168" class="1001" name="const_168">
<pin_list>
<pin id="169" dir="1" index="0" bw="1" slack="0"/>
</pin_list>
<bind>
<StgValue><ssdm name=""/></StgValue>
</bind>
</comp>

<comp id="170" class="1001" name="const_170">
<pin_list>
<pin id="171" dir="1" index="0" bw="1" slack="0"/>
</pin_list>
<bind>
<StgValue><ssdm name="llvm.exp.f32"/></StgValue>
</bind>
</comp>

<comp id="172" class="1001" name="const_172">
<pin_list>
<pin id="173" dir="1" index="0" bw="1" slack="2147483647"/>
</pin_list>
<bind>
<StgValue><ssdm name="p_str12"/></StgValue>
</bind>
</comp>

<comp id="174" class="1001" name="const_174">
<pin_list>
<pin id="175" dir="1" index="0" bw="1" slack="2147483647"/>
</pin_list>
<bind>
<StgValue><ssdm name="p_str13"/></StgValue>
</bind>
</comp>

<comp id="176" class="1004" name="a1_V_alloca_fu_176">
<pin_list>
<pin id="177" dir="0" index="0" bw="1" slack="0"/>
<pin id="178" dir="1" index="1" bw="19" slack="2147483647"/>
</pin_list>
<bind>
<opcode="alloca(26) " fcode="alloca"/>
<opset="a1_V/1 "/>
</bind>
</comp>

<comp id="180" class="1004" name="a2_V_alloca_fu_180">
<pin_list>
<pin id="181" dir="0" index="0" bw="1" slack="0"/>
<pin id="182" dir="1" index="1" bw="19" slack="2147483647"/>
</pin_list>
<bind>
<opcode="alloca(26) " fcode="alloca"/>
<opset="a2_V/1 "/>
</bind>
</comp>

<comp id="184" class="1004" name="a3_V_alloca_fu_184">
<pin_list>
<pin id="185" dir="0" index="0" bw="1" slack="0"/>
<pin id="186" dir="1" index="1" bw="19" slack="2147483647"/>
</pin_list>
<bind>
<opcode="alloca(26) " fcode="alloca"/>
<opset="a3_V/1 "/>
</bind>
</comp>

<comp id="188" class="1004" name="z4_V_alloca_fu_188">
<pin_list>
<pin id="189" dir="0" index="0" bw="1" slack="0"/>
<pin id="190" dir="1" index="1" bw="20" slack="2147483647"/>
</pin_list>
<bind>
<opcode="alloca(26) " fcode="alloca"/>
<opset="z4_V/1 "/>
</bind>
</comp>

<comp id="192" class="1004" name="logits_alloca_fu_192">
<pin_list>
<pin id="193" dir="0" index="0" bw="1" slack="0"/>
<pin id="194" dir="1" index="1" bw="32" slack="2147483647"/>
</pin_list>
<bind>
<opcode="alloca(26) " fcode="alloca"/>
<opset="logits/1 "/>
</bind>
</comp>

<comp id="196" class="1004" name="B1_V_addr_gep_fu_196">
<pin_list>
<pin id="197" dir="0" index="0" bw="13" slack="0"/>
<pin id="198" dir="0" index="1" bw="1" slack="0"/>
<pin id="199" dir="0" index="2" bw="3" slack="0"/>
<pin id="200" dir="1" index="3" bw="3" slack="0"/>
</pin_list>
<bind>
<opcode="getelementptr(29) " fcode="getelementptr"/>
<opset="B1_V_addr/2 "/>
</bind>
</comp>

<comp id="203" class="1004" name="grp_access_fu_203">
<pin_list>
<pin id="204" dir="0" index="0" bw="3" slack="0"/>
<pin id="205" dir="0" index="1" bw="13" slack="2147483647"/>
<pin id="206" dir="0" index="2" bw="0" slack="2147483647"/>
<pin id="207" dir="1" index="3" bw="13" slack="0"/>
</pin_list>
<bind>
<opcode="load(27) " fcode="load"/>
<opset="acc_V/2 "/>
</bind>
</comp>

<comp id="209" class="1004" name="W1_V_addr_gep_fu_209">
<pin_list>
<pin id="210" dir="0" index="0" bw="16" slack="0"/>
<pin id="211" dir="0" index="1" bw="1" slack="0"/>
<pin id="212" dir="0" index="2" bw="12" slack="0"/>
<pin id="213" dir="1" index="3" bw="12" slack="0"/>
</pin_list>
<bind>
<opcode="getelementptr(29) " fcode="getelementptr"/>
<opset="W1_V_addr/4 "/>
</bind>
</comp>

<comp id="216" class="1004" name="input_V_addr_gep_fu_216">
<pin_list>
<pin id="217" dir="0" index="0" bw="20" slack="0"/>
<pin id="218" dir="0" index="1" bw="1" slack="0"/>
<pin id="219" dir="0" index="2" bw="10" slack="0"/>
<pin id="220" dir="1" index="3" bw="10" slack="0"/>
</pin_list>
<bind>
<opcode="getelementptr(29) " fcode="getelementptr"/>
<opset="input_V_addr/4 "/>
</bind>
</comp>

<comp id="223" class="1004" name="grp_access_fu_223">
<pin_list>
<pin id="224" dir="0" index="0" bw="10" slack="0"/>
<pin id="225" dir="0" index="1" bw="20" slack="2147483647"/>
<pin id="226" dir="0" index="2" bw="0" slack="2147483647"/>
<pin id="227" dir="1" index="3" bw="20" slack="0"/>
</pin_list>
<bind>
<opcode="load(27) " fcode="load"/>
<opset="input_V_load/4 "/>
</bind>
</comp>

<comp id="229" class="1004" name="grp_access_fu_229">
<pin_list>
<pin id="230" dir="0" index="0" bw="12" slack="0"/>
<pin id="231" dir="0" index="1" bw="16" slack="2147483647"/>
<pin id="232" dir="0" index="2" bw="0" slack="2147483647"/>
<pin id="233" dir="1" index="3" bw="16" slack="0"/>
</pin_list>
<bind>
<opcode="load(27) " fcode="load"/>
<opset="W1_V_load/4 "/>
</bind>
</comp>

<comp id="235" class="1004" name="a1_V_addr_gep_fu_235">
<pin_list>
<pin id="236" dir="0" index="0" bw="19" slack="2147483647"/>
<pin id="237" dir="0" index="1" bw="1" slack="0"/>
<pin id="238" dir="0" index="2" bw="3" slack="2"/>
<pin id="239" dir="1" index="3" bw="3" slack="0"/>
</pin_list>
<bind>
<opcode="getelementptr(29) " fcode="getelementptr"/>
<opset="a1_V_addr/4 "/>
</bind>
</comp>

<comp id="241" class="1004" name="grp_access_fu_241">
<pin_list>
<pin id="242" dir="0" index="0" bw="3" slack="0"/>
<pin id="243" dir="0" index="1" bw="19" slack="0"/>
<pin id="244" dir="0" index="2" bw="0" slack="2147483647"/>
<pin id="245" dir="1" index="3" bw="19" slack="0"/>
</pin_list>
<bind>
<opcode="load(27) store(28) " fcode="load"/>
<opset="store_ln89/4 a1_V_load/8 "/>
</bind>
</comp>

<comp id="247" class="1004" name="B2_V_addr_gep_fu_247">
<pin_list>
<pin id="248" dir="0" index="0" bw="15" slack="0"/>
<pin id="249" dir="0" index="1" bw="1" slack="0"/>
<pin id="250" dir="0" index="2" bw="4" slack="0"/>
<pin id="251" dir="1" index="3" bw="3" slack="0"/>
</pin_list>
<bind>
<opcode="getelementptr(29) " fcode="getelementptr"/>
<opset="B2_V_addr/6 "/>
</bind>
</comp>

<comp id="254" class="1004" name="grp_access_fu_254">
<pin_list>
<pin id="255" dir="0" index="0" bw="3" slack="0"/>
<pin id="256" dir="0" index="1" bw="15" slack="2147483647"/>
<pin id="257" dir="0" index="2" bw="0" slack="2147483647"/>
<pin id="258" dir="1" index="3" bw="15" slack="0"/>
</pin_list>
<bind>
<opcode="load(27) " fcode="load"/>
<opset="acc_V_1/6 "/>
</bind>
</comp>

<comp id="260" class="1004" name="W2_V_addr_gep_fu_260">
<pin_list>
<pin id="261" dir="0" index="0" bw="16" slack="0"/>
<pin id="262" dir="0" index="1" bw="1" slack="0"/>
<pin id="263" dir="0" index="2" bw="7" slack="0"/>
<pin id="264" dir="1" index="3" bw="6" slack="0"/>
</pin_list>
<bind>
<opcode="getelementptr(29) " fcode="getelementptr"/>
<opset="W2_V_addr/8 "/>
</bind>
</comp>

<comp id="267" class="1004" name="a1_V_addr_1_gep_fu_267">
<pin_list>
<pin id="268" dir="0" index="0" bw="19" slack="2147483647"/>
<pin id="269" dir="0" index="1" bw="1" slack="0"/>
<pin id="270" dir="0" index="2" bw="3" slack="0"/>
<pin id="271" dir="1" index="3" bw="3" slack="0"/>
</pin_list>
<bind>
<opcode="getelementptr(29) " fcode="getelementptr"/>
<opset="a1_V_addr_1/8 "/>
</bind>
</comp>

<comp id="274" class="1004" name="grp_access_fu_274">
<pin_list>
<pin id="275" dir="0" index="0" bw="6" slack="0"/>
<pin id="276" dir="0" index="1" bw="16" slack="2147483647"/>
<pin id="277" dir="0" index="2" bw="0" slack="2147483647"/>
<pin id="278" dir="1" index="3" bw="16" slack="0"/>
</pin_list>
<bind>
<opcode="load(27) " fcode="load"/>
<opset="W2_V_load/8 "/>
</bind>
</comp>

<comp id="280" class="1004" name="a2_V_addr_gep_fu_280">
<pin_list>
<pin id="281" dir="0" index="0" bw="19" slack="2147483647"/>
<pin id="282" dir="0" index="1" bw="1" slack="0"/>
<pin id="283" dir="0" index="2" bw="4" slack="2"/>
<pin id="284" dir="1" index="3" bw="3" slack="0"/>
</pin_list>
<bind>
<opcode="getelementptr(29) " fcode="getelementptr"/>
<opset="a2_V_addr/8 "/>
</bind>
</comp>

<comp id="286" class="1004" name="grp_access_fu_286">
<pin_list>
<pin id="287" dir="0" index="0" bw="3" slack="0"/>
<pin id="288" dir="0" index="1" bw="19" slack="0"/>
<pin id="289" dir="0" index="2" bw="0" slack="2147483647"/>
<pin id="290" dir="1" index="3" bw="19" slack="0"/>
</pin_list>
<bind>
<opcode="load(27) store(28) " fcode="load"/>
<opset="store_ln94/8 a2_V_load/12 "/>
</bind>
</comp>

<comp id="292" class="1004" name="B3_V_addr_gep_fu_292">
<pin_list>
<pin id="293" dir="0" index="0" bw="15" slack="0"/>
<pin id="294" dir="0" index="1" bw="1" slack="0"/>
<pin id="295" dir="0" index="2" bw="4" slack="0"/>
<pin id="296" dir="1" index="3" bw="3" slack="0"/>
</pin_list>
<bind>
<opcode="getelementptr(29) " fcode="getelementptr"/>
<opset="B3_V_addr/10 "/>
</bind>
</comp>

<comp id="299" class="1004" name="grp_access_fu_299">
<pin_list>
<pin id="300" dir="0" index="0" bw="3" slack="0"/>
<pin id="301" dir="0" index="1" bw="15" slack="2147483647"/>
<pin id="302" dir="0" index="2" bw="0" slack="2147483647"/>
<pin id="303" dir="1" index="3" bw="15" slack="0"/>
</pin_list>
<bind>
<opcode="load(27) " fcode="load"/>
<opset="acc_V_3/10 "/>
</bind>
</comp>

<comp id="305" class="1004" name="W3_V_addr_gep_fu_305">
<pin_list>
<pin id="306" dir="0" index="0" bw="16" slack="0"/>
<pin id="307" dir="0" index="1" bw="1" slack="0"/>
<pin id="308" dir="0" index="2" bw="8" slack="0"/>
<pin id="309" dir="1" index="3" bw="6" slack="0"/>
</pin_list>
<bind>
<opcode="getelementptr(29) " fcode="getelementptr"/>
<opset="W3_V_addr/12 "/>
</bind>
</comp>

<comp id="312" class="1004" name="a2_V_addr_1_gep_fu_312">
<pin_list>
<pin id="313" dir="0" index="0" bw="19" slack="2147483647"/>
<pin id="314" dir="0" index="1" bw="1" slack="0"/>
<pin id="315" dir="0" index="2" bw="4" slack="0"/>
<pin id="316" dir="1" index="3" bw="3" slack="0"/>
</pin_list>
<bind>
<opcode="getelementptr(29) " fcode="getelementptr"/>
<opset="a2_V_addr_1/12 "/>
</bind>
</comp>

<comp id="319" class="1004" name="grp_access_fu_319">
<pin_list>
<pin id="320" dir="0" index="0" bw="6" slack="0"/>
<pin id="321" dir="0" index="1" bw="16" slack="2147483647"/>
<pin id="322" dir="0" index="2" bw="0" slack="2147483647"/>
<pin id="323" dir="1" index="3" bw="16" slack="0"/>
</pin_list>
<bind>
<opcode="load(27) " fcode="load"/>
<opset="W3_V_load/12 "/>
</bind>
</comp>

<comp id="325" class="1004" name="a3_V_addr_gep_fu_325">
<pin_list>
<pin id="326" dir="0" index="0" bw="19" slack="2147483647"/>
<pin id="327" dir="0" index="1" bw="1" slack="0"/>
<pin id="328" dir="0" index="2" bw="4" slack="2"/>
<pin id="329" dir="1" index="3" bw="3" slack="0"/>
</pin_list>
<bind>
<opcode="getelementptr(29) " fcode="getelementptr"/>
<opset="a3_V_addr/12 "/>
</bind>
</comp>

<comp id="331" class="1004" name="grp_access_fu_331">
<pin_list>
<pin id="332" dir="0" index="0" bw="3" slack="0"/>
<pin id="333" dir="0" index="1" bw="19" slack="0"/>
<pin id="334" dir="0" index="2" bw="0" slack="2147483647"/>
<pin id="335" dir="1" index="3" bw="19" slack="0"/>
</pin_list>
<bind>
<opcode="load(27) store(28) " fcode="load"/>
<opset="store_ln99/12 a3_V_load/16 "/>
</bind>
</comp>

<comp id="337" class="1004" name="B4_V_addr_gep_fu_337">
<pin_list>
<pin id="338" dir="0" index="0" bw="16" slack="0"/>
<pin id="339" dir="0" index="1" bw="1" slack="0"/>
<pin id="340" dir="0" index="2" bw="4" slack="0"/>
<pin id="341" dir="1" index="3" bw="4" slack="0"/>
</pin_list>
<bind>
<opcode="getelementptr(29) " fcode="getelementptr"/>
<opset="B4_V_addr/14 "/>
</bind>
</comp>

<comp id="344" class="1004" name="grp_access_fu_344">
<pin_list>
<pin id="345" dir="0" index="0" bw="4" slack="0"/>
<pin id="346" dir="0" index="1" bw="16" slack="2147483647"/>
<pin id="347" dir="0" index="2" bw="0" slack="2147483647"/>
<pin id="348" dir="1" index="3" bw="16" slack="0"/>
</pin_list>
<bind>
<opcode="load(27) " fcode="load"/>
<opset="acc_V_5/14 "/>
</bind>
</comp>

<comp id="350" class="1004" name="z4_V_addr_gep_fu_350">
<pin_list>
<pin id="351" dir="0" index="0" bw="20" slack="2147483647"/>
<pin id="352" dir="0" index="1" bw="1" slack="0"/>
<pin id="353" dir="0" index="2" bw="1" slack="0"/>
<pin id="354" dir="1" index="3" bw="4" slack="0"/>
</pin_list>
<bind>
<opcode="getelementptr(29) " fcode="getelementptr"/>
<opset="z4_V_addr/14 "/>
</bind>
</comp>

<comp id="357" class="1004" name="grp_access_fu_357">
<pin_list>
<pin id="358" dir="0" index="0" bw="4" slack="0"/>
<pin id="359" dir="0" index="1" bw="20" slack="0"/>
<pin id="360" dir="0" index="2" bw="0" slack="2147483647"/>
<pin id="361" dir="1" index="3" bw="20" slack="0"/>
</pin_list>
<bind>
<opcode="load(27) store(28) " fcode="load"/>
<opset="tmp_V_9/14 store_ln104/16 tmp_V_11/20 "/>
</bind>
</comp>

<comp id="363" class="1004" name="W4_V_addr_gep_fu_363">
<pin_list>
<pin id="364" dir="0" index="0" bw="16" slack="0"/>
<pin id="365" dir="0" index="1" bw="1" slack="0"/>
<pin id="366" dir="0" index="2" bw="8" slack="0"/>
<pin id="367" dir="1" index="3" bw="7" slack="0"/>
</pin_list>
<bind>
<opcode="getelementptr(29) " fcode="getelementptr"/>
<opset="W4_V_addr/16 "/>
</bind>
</comp>

<comp id="370" class="1004" name="a3_V_addr_1_gep_fu_370">
<pin_list>
<pin id="371" dir="0" index="0" bw="19" slack="2147483647"/>
<pin id="372" dir="0" index="1" bw="1" slack="0"/>
<pin id="373" dir="0" index="2" bw="4" slack="0"/>
<pin id="374" dir="1" index="3" bw="3" slack="0"/>
</pin_list>
<bind>
<opcode="getelementptr(29) " fcode="getelementptr"/>
<opset="a3_V_addr_1/16 "/>
</bind>
</comp>

<comp id="377" class="1004" name="grp_access_fu_377">
<pin_list>
<pin id="378" dir="0" index="0" bw="7" slack="0"/>
<pin id="379" dir="0" index="1" bw="16" slack="2147483647"/>
<pin id="380" dir="0" index="2" bw="0" slack="2147483647"/>
<pin id="381" dir="1" index="3" bw="16" slack="0"/>
</pin_list>
<bind>
<opcode="load(27) " fcode="load"/>
<opset="W4_V_load/16 "/>
</bind>
</comp>

<comp id="383" class="1004" name="z4_V_addr_1_gep_fu_383">
<pin_list>
<pin id="384" dir="0" index="0" bw="20" slack="2147483647"/>
<pin id="385" dir="0" index="1" bw="1" slack="0"/>
<pin id="386" dir="0" index="2" bw="4" slack="2"/>
<pin id="387" dir="1" index="3" bw="4" slack="0"/>
</pin_list>
<bind>
<opcode="getelementptr(29) " fcode="getelementptr"/>
<opset="z4_V_addr_1/16 "/>
</bind>
</comp>

<comp id="390" class="1004" name="z4_V_addr_2_gep_fu_390">
<pin_list>
<pin id="391" dir="0" index="0" bw="20" slack="2147483647"/>
<pin id="392" dir="0" index="1" bw="1" slack="0"/>
<pin id="393" dir="0" index="2" bw="4" slack="0"/>
<pin id="394" dir="1" index="3" bw="4" slack="0"/>
</pin_list>
<bind>
<opcode="getelementptr(29) " fcode="getelementptr"/>
<opset="z4_V_addr_2/20 "/>
</bind>
</comp>

<comp id="397" class="1004" name="logits_addr_2_gep_fu_397">
<pin_list>
<pin id="398" dir="0" index="0" bw="32" slack="2147483647"/>
<pin id="399" dir="0" index="1" bw="1" slack="0"/>
<pin id="400" dir="0" index="2" bw="1" slack="0"/>
<pin id="401" dir="1" index="3" bw="4" slack="0"/>
</pin_list>
<bind>
<opcode="getelementptr(29) " fcode="getelementptr"/>
<opset="logits_addr_2/20 "/>
</bind>
</comp>

<comp id="404" class="1004" name="grp_access_fu_404">
<pin_list>
<pin id="405" dir="0" index="0" bw="4" slack="0"/>
<pin id="406" dir="0" index="1" bw="32" slack="0"/>
<pin id="407" dir="0" index="2" bw="0" slack="2147483647"/>
<pin id="408" dir="1" index="3" bw="32" slack="0"/>
</pin_list>
<bind>
<opcode="load(27) store(28) " fcode="load"/>
<opset="store_ln114/20 store_ln110/21 store_ln110/22 logits_load/25 "/>
</bind>
</comp>

<comp id="410" class="1004" name="logits_addr_gep_fu_410">
<pin_list>
<pin id="411" dir="0" index="0" bw="32" slack="2147483647"/>
<pin id="412" dir="0" index="1" bw="1" slack="0"/>
<pin id="413" dir="0" index="2" bw="4" slack="1"/>
<pin id="414" dir="1" index="3" bw="4" slack="0"/>
</pin_list>
<bind>
<opcode="getelementptr(29) " fcode="getelementptr"/>
<opset="logits_addr/21 "/>
</bind>
</comp>

<comp id="418" class="1004" name="logits_addr_1_gep_fu_418">
<pin_list>
<pin id="419" dir="0" index="0" bw="32" slack="2147483647"/>
<pin id="420" dir="0" index="1" bw="1" slack="0"/>
<pin id="421" dir="0" index="2" bw="4" slack="2"/>
<pin id="422" dir="1" index="3" bw="4" slack="0"/>
</pin_list>
<bind>
<opcode="getelementptr(29) " fcode="getelementptr"/>
<opset="logits_addr_1/22 "/>
</bind>
</comp>

<comp id="425" class="1004" name="logits_addr_3_gep_fu_425">
<pin_list>
<pin id="426" dir="0" index="0" bw="32" slack="2147483647"/>
<pin id="427" dir="0" index="1" bw="1" slack="0"/>
<pin id="428" dir="0" index="2" bw="4" slack="0"/>
<pin id="429" dir="1" index="3" bw="4" slack="0"/>
</pin_list>
<bind>
<opcode="getelementptr(29) " fcode="getelementptr"/>
<opset="logits_addr_3/25 "/>
</bind>
</comp>

<comp id="432" class="1004" name="output_addr_gep_fu_432">
<pin_list>
<pin id="433" dir="0" index="0" bw="32" slack="0"/>
<pin id="434" dir="0" index="1" bw="1" slack="0"/>
<pin id="435" dir="0" index="2" bw="4" slack="12"/>
<pin id="436" dir="1" index="3" bw="4" slack="0"/>
</pin_list>
<bind>
<opcode="getelementptr(29) " fcode="getelementptr"/>
<opset="output_addr/37 "/>
</bind>
</comp>

<comp id="439" class="1004" name="grp_access_fu_439">
<pin_list>
<pin id="440" dir="0" index="0" bw="4" slack="0"/>
<pin id="441" dir="0" index="1" bw="32" slack="0"/>
<pin id="442" dir="0" index="2" bw="0" slack="2147483647"/>
<pin id="443" dir="1" index="3" bw="32" slack="1"/>
</pin_list>
<bind>
<opcode="load(27) store(28) " fcode="store"/>
<opset="store_ln120/37 output_load/42 store_ln125/53 "/>
</bind>
</comp>

<comp id="445" class="1004" name="output_addr_1_gep_fu_445">
<pin_list>
<pin id="446" dir="0" index="0" bw="32" slack="0"/>
<pin id="447" dir="0" index="1" bw="1" slack="0"/>
<pin id="448" dir="0" index="2" bw="4" slack="0"/>
<pin id="449" dir="1" index="3" bw="4" slack="0"/>
</pin_list>
<bind>
<opcode="getelementptr(29) " fcode="getelementptr"/>
<opset="output_addr_1/42 "/>
</bind>
</comp>

<comp id="453" class="1005" name="j_0_reg_453">
<pin_list>
<pin id="454" dir="0" index="0" bw="3" slack="1"/>
<pin id="455" dir="1" index="1" bw="3" slack="1"/>
</pin_list>
<bind>
<opset="j_0 (phireg) "/>
</bind>
</comp>

<comp id="457" class="1004" name="j_0_phi_fu_457">
<pin_list>
<pin id="458" dir="0" index="0" bw="3" slack="0"/>
<pin id="459" dir="0" index="1" bw="0" slack="2147483647"/>
<pin id="460" dir="0" index="2" bw="1" slack="1"/>
<pin id="461" dir="0" index="3" bw="0" slack="2147483647"/>
<pin id="462" dir="1" index="4" bw="3" slack="0"/>
</pin_list>
<bind>
<opcode="phi(47) " fcode="phi"/>
<opset="j_0/2 "/>
</bind>
</comp>

<comp id="464" class="1005" name="phi_mul_reg_464">
<pin_list>
<pin id="465" dir="0" index="0" bw="12" slack="1"/>
<pin id="466" dir="1" index="1" bw="12" slack="1"/>
</pin_list>
<bind>
<opset="phi_mul (phireg) "/>
</bind>
</comp>

<comp id="468" class="1004" name="phi_mul_phi_fu_468">
<pin_list>
<pin id="469" dir="0" index="0" bw="12" slack="0"/>
<pin id="470" dir="0" index="1" bw="0" slack="2147483647"/>
<pin id="471" dir="0" index="2" bw="1" slack="1"/>
<pin id="472" dir="0" index="3" bw="0" slack="2147483647"/>
<pin id="473" dir="1" index="4" bw="12" slack="0"/>
</pin_list>
<bind>
<opcode="phi(47) " fcode="phi"/>
<opset="phi_mul/2 "/>
</bind>
</comp>

<comp id="476" class="1005" name="p_Val2_1_reg_476">
<pin_list>
<pin id="477" dir="0" index="0" bw="20" slack="1"/>
<pin id="478" dir="1" index="1" bw="20" slack="1"/>
</pin_list>
<bind>
<opset="p_Val2_1 (phireg) "/>
</bind>
</comp>

<comp id="479" class="1004" name="p_Val2_1_phi_fu_479">
<pin_list>
<pin id="480" dir="0" index="0" bw="13" slack="1"/>
<pin id="481" dir="0" index="1" bw="0" slack="2147483647"/>
<pin id="482" dir="0" index="2" bw="20" slack="1"/>
<pin id="483" dir="0" index="3" bw="0" slack="2147483647"/>
<pin id="484" dir="1" index="4" bw="20" slack="0"/>
</pin_list>
<bind>
<opcode="phi(47) " fcode="phi"/>
<opset="p_Val2_1/4 "/>
</bind>
</comp>

<comp id="486" class="1005" name="i_0_i_reg_486">
<pin_list>
<pin id="487" dir="0" index="0" bw="10" slack="1"/>
<pin id="488" dir="1" index="1" bw="10" slack="1"/>
</pin_list>
<bind>
<opset="i_0_i (phireg) "/>
</bind>
</comp>

<comp id="490" class="1004" name="i_0_i_phi_fu_490">
<pin_list>
<pin id="491" dir="0" index="0" bw="1" slack="1"/>
<pin id="492" dir="0" index="1" bw="0" slack="2147483647"/>
<pin id="493" dir="0" index="2" bw="10" slack="0"/>
<pin id="494" dir="0" index="3" bw="0" slack="2147483647"/>
<pin id="495" dir="1" index="4" bw="10" slack="0"/>
</pin_list>
<bind>
<opcode="phi(47) " fcode="phi"/>
<opset="i_0_i/4 "/>
</bind>
</comp>

<comp id="497" class="1005" name="j4_0_reg_497">
<pin_list>
<pin id="498" dir="0" index="0" bw="4" slack="1"/>
<pin id="499" dir="1" index="1" bw="4" slack="1"/>
</pin_list>
<bind>
<opset="j4_0 (phireg) "/>
</bind>
</comp>

<comp id="501" class="1004" name="j4_0_phi_fu_501">
<pin_list>
<pin id="502" dir="0" index="0" bw="4" slack="0"/>
<pin id="503" dir="0" index="1" bw="0" slack="2147483647"/>
<pin id="504" dir="0" index="2" bw="1" slack="1"/>
<pin id="505" dir="0" index="3" bw="0" slack="2147483647"/>
<pin id="506" dir="1" index="4" bw="4" slack="0"/>
</pin_list>
<bind>
<opcode="phi(47) " fcode="phi"/>
<opset="j4_0/6 "/>
</bind>
</comp>

<comp id="509" class="1005" name="p_Val2_4_reg_509">
<pin_list>
<pin id="510" dir="0" index="0" bw="20" slack="1"/>
<pin id="511" dir="1" index="1" bw="20" slack="1"/>
</pin_list>
<bind>
<opset="p_Val2_4 (phireg) "/>
</bind>
</comp>

<comp id="512" class="1004" name="p_Val2_4_phi_fu_512">
<pin_list>
<pin id="513" dir="0" index="0" bw="15" slack="1"/>
<pin id="514" dir="0" index="1" bw="0" slack="2147483647"/>
<pin id="515" dir="0" index="2" bw="20" slack="1"/>
<pin id="516" dir="0" index="3" bw="0" slack="2147483647"/>
<pin id="517" dir="1" index="4" bw="20" slack="0"/>
</pin_list>
<bind>
<opcode="phi(47) " fcode="phi"/>
<opset="p_Val2_4/8 "/>
</bind>
</comp>

<comp id="519" class="1005" name="i_0_i10_reg_519">
<pin_list>
<pin id="520" dir="0" index="0" bw="3" slack="1"/>
<pin id="521" dir="1" index="1" bw="3" slack="1"/>
</pin_list>
<bind>
<opset="i_0_i10 (phireg) "/>
</bind>
</comp>

<comp id="523" class="1004" name="i_0_i10_phi_fu_523">
<pin_list>
<pin id="524" dir="0" index="0" bw="1" slack="1"/>
<pin id="525" dir="0" index="1" bw="0" slack="2147483647"/>
<pin id="526" dir="0" index="2" bw="3" slack="0"/>
<pin id="527" dir="0" index="3" bw="0" slack="2147483647"/>
<pin id="528" dir="1" index="4" bw="3" slack="0"/>
</pin_list>
<bind>
<opcode="phi(47) " fcode="phi"/>
<opset="i_0_i10/8 "/>
</bind>
</comp>

<comp id="530" class="1005" name="j5_0_reg_530">
<pin_list>
<pin id="531" dir="0" index="0" bw="4" slack="1"/>
<pin id="532" dir="1" index="1" bw="4" slack="1"/>
</pin_list>
<bind>
<opset="j5_0 (phireg) "/>
</bind>
</comp>

<comp id="534" class="1004" name="j5_0_phi_fu_534">
<pin_list>
<pin id="535" dir="0" index="0" bw="4" slack="0"/>
<pin id="536" dir="0" index="1" bw="0" slack="2147483647"/>
<pin id="537" dir="0" index="2" bw="1" slack="1"/>
<pin id="538" dir="0" index="3" bw="0" slack="2147483647"/>
<pin id="539" dir="1" index="4" bw="4" slack="0"/>
</pin_list>
<bind>
<opcode="phi(47) " fcode="phi"/>
<opset="j5_0/10 "/>
</bind>
</comp>

<comp id="542" class="1005" name="p_Val2_9_reg_542">
<pin_list>
<pin id="543" dir="0" index="0" bw="20" slack="1"/>
<pin id="544" dir="1" index="1" bw="20" slack="1"/>
</pin_list>
<bind>
<opset="p_Val2_9 (phireg) "/>
</bind>
</comp>

<comp id="545" class="1004" name="p_Val2_9_phi_fu_545">
<pin_list>
<pin id="546" dir="0" index="0" bw="15" slack="1"/>
<pin id="547" dir="0" index="1" bw="0" slack="2147483647"/>
<pin id="548" dir="0" index="2" bw="20" slack="1"/>
<pin id="549" dir="0" index="3" bw="0" slack="2147483647"/>
<pin id="550" dir="1" index="4" bw="20" slack="0"/>
</pin_list>
<bind>
<opcode="phi(47) " fcode="phi"/>
<opset="p_Val2_9/12 "/>
</bind>
</comp>

<comp id="552" class="1005" name="i_0_i26_reg_552">
<pin_list>
<pin id="553" dir="0" index="0" bw="4" slack="1"/>
<pin id="554" dir="1" index="1" bw="4" slack="1"/>
</pin_list>
<bind>
<opset="i_0_i26 (phireg) "/>
</bind>
</comp>

<comp id="556" class="1004" name="i_0_i26_phi_fu_556">
<pin_list>
<pin id="557" dir="0" index="0" bw="1" slack="1"/>
<pin id="558" dir="0" index="1" bw="0" slack="2147483647"/>
<pin id="559" dir="0" index="2" bw="4" slack="0"/>
<pin id="560" dir="0" index="3" bw="0" slack="2147483647"/>
<pin id="561" dir="1" index="4" bw="4" slack="0"/>
</pin_list>
<bind>
<opcode="phi(47) " fcode="phi"/>
<opset="i_0_i26/12 "/>
</bind>
</comp>

<comp id="563" class="1005" name="j6_0_reg_563">
<pin_list>
<pin id="564" dir="0" index="0" bw="4" slack="1"/>
<pin id="565" dir="1" index="1" bw="4" slack="1"/>
</pin_list>
<bind>
<opset="j6_0 (phireg) "/>
</bind>
</comp>

<comp id="567" class="1004" name="j6_0_phi_fu_567">
<pin_list>
<pin id="568" dir="0" index="0" bw="4" slack="0"/>
<pin id="569" dir="0" index="1" bw="0" slack="2147483647"/>
<pin id="570" dir="0" index="2" bw="1" slack="1"/>
<pin id="571" dir="0" index="3" bw="0" slack="2147483647"/>
<pin id="572" dir="1" index="4" bw="4" slack="0"/>
</pin_list>
<bind>
<opcode="phi(47) " fcode="phi"/>
<opset="j6_0/14 "/>
</bind>
</comp>

<comp id="575" class="1005" name="p_Val2_14_reg_575">
<pin_list>
<pin id="576" dir="0" index="0" bw="20" slack="1"/>
<pin id="577" dir="1" index="1" bw="20" slack="1"/>
</pin_list>
<bind>
<opset="p_Val2_14 (phireg) "/>
</bind>
</comp>

<comp id="578" class="1004" name="p_Val2_14_phi_fu_578">
<pin_list>
<pin id="579" dir="0" index="0" bw="16" slack="1"/>
<pin id="580" dir="0" index="1" bw="0" slack="2147483647"/>
<pin id="581" dir="0" index="2" bw="20" slack="1"/>
<pin id="582" dir="0" index="3" bw="0" slack="2147483647"/>
<pin id="583" dir="1" index="4" bw="20" slack="0"/>
</pin_list>
<bind>
<opcode="phi(47) " fcode="phi"/>
<opset="p_Val2_14/16 "/>
</bind>
</comp>

<comp id="586" class="1005" name="i_0_i42_reg_586">
<pin_list>
<pin id="587" dir="0" index="0" bw="4" slack="1"/>
<pin id="588" dir="1" index="1" bw="4" slack="1"/>
</pin_list>
<bind>
<opset="i_0_i42 (phireg) "/>
</bind>
</comp>

<comp id="590" class="1004" name="i_0_i42_phi_fu_590">
<pin_list>
<pin id="591" dir="0" index="0" bw="1" slack="1"/>
<pin id="592" dir="0" index="1" bw="0" slack="2147483647"/>
<pin id="593" dir="0" index="2" bw="4" slack="0"/>
<pin id="594" dir="0" index="3" bw="0" slack="2147483647"/>
<pin id="595" dir="1" index="4" bw="4" slack="0"/>
</pin_list>
<bind>
<opcode="phi(47) " fcode="phi"/>
<opset="i_0_i42/16 "/>
</bind>
</comp>

<comp id="597" class="1005" name="maxv_0_reg_597">
<pin_list>
<pin id="598" dir="0" index="0" bw="32" slack="2"/>
<pin id="599" dir="1" index="1" bw="32" slack="2"/>
</pin_list>
<bind>
<opset="maxv_0 (phireg) "/>
</bind>
</comp>

<comp id="600" class="1004" name="maxv_0_phi_fu_600">
<pin_list>
<pin id="601" dir="0" index="0" bw="32" slack="1"/>
<pin id="602" dir="0" index="1" bw="0" slack="2147483647"/>
<pin id="603" dir="0" index="2" bw="32" slack="1"/>
<pin id="604" dir="0" index="3" bw="0" slack="2147483647"/>
<pin id="605" dir="1" index="4" bw="32" slack="2"/>
</pin_list>
<bind>
<opcode="phi(47) " fcode="phi"/>
<opset="maxv_0/20 "/>
</bind>
</comp>

<comp id="607" class="1005" name="j7_0_reg_607">
<pin_list>
<pin id="608" dir="0" index="0" bw="4" slack="1"/>
<pin id="609" dir="1" index="1" bw="4" slack="1"/>
</pin_list>
<bind>
<opset="j7_0 (phireg) "/>
</bind>
</comp>

<comp id="611" class="1004" name="j7_0_phi_fu_611">
<pin_list>
<pin id="612" dir="0" index="0" bw="4" slack="1"/>
<pin id="613" dir="0" index="1" bw="0" slack="2147483647"/>
<pin id="614" dir="0" index="2" bw="1" slack="1"/>
<pin id="615" dir="0" index="3" bw="0" slack="2147483647"/>
<pin id="616" dir="1" index="4" bw="4" slack="0"/>
</pin_list>
<bind>
<opcode="phi(47) " fcode="phi"/>
<opset="j7_0/20 "/>
</bind>
</comp>

<comp id="619" class="1005" name="p_0202_reg_619">
<pin_list>
<pin id="620" dir="0" index="0" bw="32" slack="1"/>
<pin id="621" dir="1" index="1" bw="32" slack="2"/>
</pin_list>
<bind>
<opset="p_0202 (phireg) "/>
</bind>
</comp>

<comp id="623" class="1004" name="p_0202_phi_fu_623">
<pin_list>
<pin id="624" dir="0" index="0" bw="32" slack="1"/>
<pin id="625" dir="0" index="1" bw="0" slack="2147483647"/>
<pin id="626" dir="0" index="2" bw="32" slack="2"/>
<pin id="627" dir="0" index="3" bw="0" slack="2147483647"/>
<pin id="628" dir="1" index="4" bw="32" slack="0"/>
</pin_list>
<bind>
<opcode="phi(47) " fcode="phi"/>
<opset="p_0202/23 "/>
</bind>
</comp>

<comp id="631" class="1005" name="sum_0_reg_631">
<pin_list>
<pin id="632" dir="0" index="0" bw="32" slack="1"/>
<pin id="633" dir="1" index="1" bw="32" slack="1"/>
</pin_list>
<bind>
<opset="sum_0 (phireg) "/>
</bind>
</comp>

<comp id="635" class="1004" name="sum_0_phi_fu_635">
<pin_list>
<pin id="636" dir="0" index="0" bw="32" slack="1"/>
<pin id="637" dir="0" index="1" bw="0" slack="2147483647"/>
<pin id="638" dir="0" index="2" bw="32" slack="1"/>
<pin id="639" dir="0" index="3" bw="0" slack="2147483647"/>
<pin id="640" dir="1" index="4" bw="32" slack="3"/>
</pin_list>
<bind>
<opcode="phi(47) " fcode="phi"/>
<opset="sum_0/25 "/>
</bind>
</comp>

<comp id="643" class="1005" name="j8_0_reg_643">
<pin_list>
<pin id="644" dir="0" index="0" bw="4" slack="1"/>
<pin id="645" dir="1" index="1" bw="4" slack="1"/>
</pin_list>
<bind>
<opset="j8_0 (phireg) "/>
</bind>
</comp>

<comp id="647" class="1004" name="j8_0_phi_fu_647">
<pin_list>
<pin id="648" dir="0" index="0" bw="1" slack="1"/>
<pin id="649" dir="0" index="1" bw="0" slack="2147483647"/>
<pin id="650" dir="0" index="2" bw="4" slack="0"/>
<pin id="651" dir="0" index="3" bw="0" slack="2147483647"/>
<pin id="652" dir="1" index="4" bw="4" slack="0"/>
</pin_list>
<bind>
<opcode="phi(47) " fcode="phi"/>
<opset="j8_0/25 "/>
</bind>
</comp>

<comp id="654" class="1005" name="j9_0_reg_654">
<pin_list>
<pin id="655" dir="0" index="0" bw="4" slack="1"/>
<pin id="656" dir="1" index="1" bw="4" slack="1"/>
</pin_list>
<bind>
<opset="j9_0 (phireg) "/>
</bind>
</comp>

<comp id="658" class="1004" name="j9_0_phi_fu_658">
<pin_list>
<pin id="659" dir="0" index="0" bw="4" slack="0"/>
<pin id="660" dir="0" index="1" bw="0" slack="2147483647"/>
<pin id="661" dir="0" index="2" bw="1" slack="1"/>
<pin id="662" dir="0" index="3" bw="0" slack="2147483647"/>
<pin id="663" dir="1" index="4" bw="4" slack="0"/>
</pin_list>
<bind>
<opcode="phi(47) " fcode="phi"/>
<opset="j9_0/42 "/>
</bind>
</comp>

<comp id="665" class="1004" name="grp_fu_665">
<pin_list>
<pin id="666" dir="0" index="0" bw="32" slack="0"/>
<pin id="667" dir="0" index="1" bw="32" slack="1"/>
<pin id="668" dir="1" index="2" bw="32" slack="1"/>
</pin_list>
<bind>
<opcode="fadd(9) fsub(11) " fcode="fadd"/>
<opset="tmp/26 sum/38 "/>
</bind>
</comp>

<comp id="672" class="1004" name="grp_fu_672">
<pin_list>
<pin id="673" dir="0" index="0" bw="32" slack="1"/>
<pin id="674" dir="0" index="1" bw="32" slack="3"/>
<pin id="675" dir="1" index="2" bw="32" slack="1"/>
</pin_list>
<bind>
<opcode="fdiv(16) " fcode="fdiv"/>
<opset="tmp_2/44 "/>
</bind>
</comp>

<comp id="677" class="1004" name="grp_fu_677">
<pin_list>
<pin id="678" dir="0" index="0" bw="32" slack="0"/>
<pin id="679" dir="0" index="1" bw="32" slack="3"/>
<pin id="680" dir="1" index="2" bw="1" slack="0"/>
</pin_list>
<bind>
<opcode="fcmp(46) " fcode="fcmp"/>
<opset="tmp_5/23 "/>
</bind>
</comp>

<comp id="683" class="1004" name="grp_fu_683">
<pin_list>
<pin id="684" dir="0" index="0" bw="32" slack="0"/>
<pin id="685" dir="0" index="1" bw="32" slack="1"/>
<pin id="686" dir="1" index="2" bw="32" slack="0"/>
</pin_list>
<bind>
<opcode="fexp(507) " fcode="fexp"/>
<opset="e/30 "/>
</bind>
</comp>

<comp id="689" class="1004" name="grp_fu_689">
<pin_list>
<pin id="690" dir="0" index="0" bw="20" slack="0"/>
<pin id="691" dir="0" index="1" bw="1" slack="0"/>
<pin id="692" dir="1" index="2" bw="1" slack="1"/>
</pin_list>
<bind>
<opcode="icmp(45) " fcode="icmp"/>
<opset="icmp_ln935/18 icmp_ln935_1/21 "/>
</bind>
</comp>

<comp id="695" class="1004" name="grp_fu_695">
<pin_list>
<pin id="696" dir="0" index="0" bw="1" slack="0"/>
<pin id="697" dir="0" index="1" bw="20" slack="0"/>
<pin id="698" dir="0" index="2" bw="6" slack="0"/>
<pin id="699" dir="1" index="3" bw="1" slack="0"/>
</pin_list>
<bind>
<opcode="bitselect(1000) " fcode="bitselect"/>
<opset="p_Result_21/18 p_Result_24/21 "/>
</bind>
</comp>

<comp id="703" class="1004" name="grp_fu_703">
<pin_list>
<pin id="704" dir="0" index="0" bw="1" slack="0"/>
<pin id="705" dir="0" index="1" bw="20" slack="0"/>
<pin id="706" dir="1" index="2" bw="20" slack="0"/>
</pin_list>
<bind>
<opcode="sub(10) " fcode="sub"/>
<opset="tmp_V/18 tmp_V_5/21 "/>
</bind>
</comp>

<comp id="709" class="1004" name="grp_fu_709">
<pin_list>
<pin id="710" dir="0" index="0" bw="1" slack="0"/>
<pin id="711" dir="0" index="1" bw="20" slack="0"/>
<pin id="712" dir="0" index="2" bw="20" slack="0"/>
<pin id="713" dir="1" index="3" bw="20" slack="0"/>
</pin_list>
<bind>
<opcode="select(49) " fcode="select"/>
<opset="tmp_V_10/18 tmp_V_12/21 "/>
</bind>
</comp>

<comp id="717" class="1004" name="grp_fu_717">
<pin_list>
<pin id="718" dir="0" index="0" bw="20" slack="0"/>
<pin id="719" dir="0" index="1" bw="20" slack="0"/>
<pin id="720" dir="0" index="2" bw="6" slack="0"/>
<pin id="721" dir="0" index="3" bw="1" slack="0"/>
<pin id="722" dir="1" index="4" bw="20" slack="0"/>
</pin_list>
<bind>
<opcode="partselect(1002) " fcode="partselect"/>
<opset="p_Result_s/18 p_Result_10/21 "/>
</bind>
</comp>

<comp id="727" class="1005" name="reg_727">
<pin_list>
<pin id="728" dir="0" index="0" bw="20" slack="1"/>
<pin id="729" dir="1" index="1" bw="20" slack="1"/>
</pin_list>
<bind>
<opset="tmp_V_10 tmp_V_12 "/>
</bind>
</comp>

<comp id="731" class="1004" name="add_ln88_fu_731">
<pin_list>
<pin id="732" dir="0" index="0" bw="12" slack="0"/>
<pin id="733" dir="0" index="1" bw="11" slack="0"/>
<pin id="734" dir="1" index="2" bw="12" slack="0"/>
</pin_list>
<bind>
<opcode="add(8) " fcode="add"/>
<opset="add_ln88/2 "/>
</bind>
</comp>

<comp id="737" class="1004" name="icmp_ln88_fu_737">
<pin_list>
<pin id="738" dir="0" index="0" bw="3" slack="0"/>
<pin id="739" dir="0" index="1" bw="3" slack="0"/>
<pin id="740" dir="1" index="2" bw="1" slack="2147483647"/>
</pin_list>
<bind>
<opcode="icmp(45) " fcode="icmp"/>
<opset="icmp_ln88/2 "/>
</bind>
</comp>

<comp id="743" class="1004" name="j_fu_743">
<pin_list>
<pin id="744" dir="0" index="0" bw="3" slack="0"/>
<pin id="745" dir="0" index="1" bw="1" slack="0"/>
<pin id="746" dir="1" index="2" bw="3" slack="0"/>
</pin_list>
<bind>
<opcode="add(8) " fcode="add"/>
<opset="j/2 "/>
</bind>
</comp>

<comp id="749" class="1004" name="zext_ln89_fu_749">
<pin_list>
<pin id="750" dir="0" index="0" bw="3" slack="0"/>
<pin id="751" dir="1" index="1" bw="64" slack="0"/>
</pin_list>
<bind>
<opcode="zext(34) " fcode="zext"/>
<opset="zext_ln89/2 "/>
</bind>
</comp>

<comp id="754" class="1004" name="zext_ln89_1_fu_754">
<pin_list>
<pin id="755" dir="0" index="0" bw="13" slack="0"/>
<pin id="756" dir="1" index="1" bw="20" slack="1"/>
</pin_list>
<bind>
<opcode="zext(34) " fcode="zext"/>
<opset="zext_ln89_1/3 "/>
</bind>
</comp>

<comp id="758" class="1004" name="icmp_ln68_fu_758">
<pin_list>
<pin id="759" dir="0" index="0" bw="10" slack="0"/>
<pin id="760" dir="0" index="1" bw="9" slack="0"/>
<pin id="761" dir="1" index="2" bw="1" slack="2147483647"/>
</pin_list>
<bind>
<opcode="icmp(45) " fcode="icmp"/>
<opset="icmp_ln68/4 "/>
</bind>
</comp>

<comp id="764" class="1004" name="i_fu_764">
<pin_list>
<pin id="765" dir="0" index="0" bw="10" slack="0"/>
<pin id="766" dir="0" index="1" bw="1" slack="0"/>
<pin id="767" dir="1" index="2" bw="10" slack="0"/>
</pin_list>
<bind>
<opcode="add(8) " fcode="add"/>
<opset="i/4 "/>
</bind>
</comp>

<comp id="770" class="1004" name="zext_ln69_fu_770">
<pin_list>
<pin id="771" dir="0" index="0" bw="10" slack="0"/>
<pin id="772" dir="1" index="1" bw="64" slack="0"/>
</pin_list>
<bind>
<opcode="zext(34) " fcode="zext"/>
<opset="zext_ln69/4 "/>
</bind>
</comp>

<comp id="775" class="1004" name="zext_ln1117_2_fu_775">
<pin_list>
<pin id="776" dir="0" index="0" bw="10" slack="0"/>
<pin id="777" dir="1" index="1" bw="12" slack="0"/>
</pin_list>
<bind>
<opcode="zext(34) " fcode="zext"/>
<opset="zext_ln1117_2/4 "/>
</bind>
</comp>

<comp id="779" class="1004" name="add_ln1117_1_fu_779">
<pin_list>
<pin id="780" dir="0" index="0" bw="10" slack="0"/>
<pin id="781" dir="0" index="1" bw="12" slack="2"/>
<pin id="782" dir="1" index="2" bw="12" slack="0"/>
</pin_list>
<bind>
<opcode="add(8) " fcode="add"/>
<opset="add_ln1117_1/4 "/>
</bind>
</comp>

<comp id="785" class="1004" name="zext_ln1117_3_fu_785">
<pin_list>
<pin id="786" dir="0" index="0" bw="12" slack="0"/>
<pin id="787" dir="1" index="1" bw="64" slack="0"/>
</pin_list>
<bind>
<opcode="zext(34) " fcode="zext"/>
<opset="zext_ln1117_3/4 "/>
</bind>
</comp>

<comp id="790" class="1004" name="empty_16_fu_790">
<pin_list>
<pin id="791" dir="0" index="0" bw="20" slack="0"/>
<pin id="792" dir="1" index="1" bw="19" slack="0"/>
</pin_list>
<bind>
<opcode="trunc(33) " fcode="trunc"/>
<opset="empty_16/4 "/>
</bind>
</comp>

<comp id="794" class="1004" name="tmp_10_fu_794">
<pin_list>
<pin id="795" dir="0" index="0" bw="1" slack="0"/>
<pin id="796" dir="0" index="1" bw="20" slack="0"/>
<pin id="797" dir="0" index="2" bw="6" slack="0"/>
<pin id="798" dir="1" index="3" bw="1" slack="0"/>
</pin_list>
<bind>
<opcode="bitselect(1000) " fcode="bitselect"/>
<opset="tmp_10/4 "/>
</bind>
</comp>

<comp id="802" class="1004" name="p_Val2_s_fu_802">
<pin_list>
<pin id="803" dir="0" index="0" bw="1" slack="0"/>
<pin id="804" dir="0" index="1" bw="1" slack="0"/>
<pin id="805" dir="0" index="2" bw="19" slack="0"/>
<pin id="806" dir="1" index="3" bw="19" slack="0"/>
</pin_list>
<bind>
<opcode="select(49) " fcode="select"/>
<opset="p_Val2_s/4 "/>
</bind>
</comp>

<comp id="811" class="1004" name="sext_ln1192_fu_811">
<pin_list>
<pin id="812" dir="0" index="0" bw="20" slack="0"/>
<pin id="813" dir="1" index="1" bw="34" slack="0"/>
</pin_list>
<bind>
<opcode="sext(35) " fcode="sext"/>
<opset="sext_ln1192/5 "/>
</bind>
</comp>

<comp id="815" class="1004" name="sext_ln1192_1_fu_815">
<pin_list>
<pin id="816" dir="0" index="0" bw="16" slack="0"/>
<pin id="817" dir="1" index="1" bw="34" slack="0"/>
</pin_list>
<bind>
<opcode="sext(35) " fcode="sext"/>
<opset="sext_ln1192_1/5 "/>
</bind>
</comp>

<comp id="819" class="1004" name="lhs_V_fu_819">
<pin_list>
<pin id="820" dir="0" index="0" bw="34" slack="0"/>
<pin id="821" dir="0" index="1" bw="20" slack="1"/>
<pin id="822" dir="0" index="2" bw="1" slack="0"/>
<pin id="823" dir="1" index="3" bw="34" slack="0"/>
</pin_list>
<bind>
<opcode="bitconcatenate(1004) " fcode="bitconcatenate"/>
<opset="lhs_V/5 "/>
</bind>
</comp>

<comp id="827" class="1004" name="acc_V_2_fu_827">
<pin_list>
<pin id="828" dir="0" index="0" bw="20" slack="0"/>
<pin id="829" dir="0" index="1" bw="34" slack="0"/>
<pin id="830" dir="0" index="2" bw="5" slack="0"/>
<pin id="831" dir="0" index="3" bw="7" slack="0"/>
<pin id="832" dir="1" index="4" bw="20" slack="1"/>
</pin_list>
<bind>
<opcode="partselect(1002) " fcode="partselect"/>
<opset="acc_V_2/5 "/>
</bind>
</comp>

<comp id="836" class="1004" name="icmp_ln93_fu_836">
<pin_list>
<pin id="837" dir="0" index="0" bw="4" slack="0"/>
<pin id="838" dir="0" index="1" bw="4" slack="0"/>
<pin id="839" dir="1" index="2" bw="1" slack="2147483647"/>
</pin_list>
<bind>
<opcode="icmp(45) " fcode="icmp"/>
<opset="icmp_ln93/6 "/>
</bind>
</comp>

<comp id="842" class="1004" name="j_1_fu_842">
<pin_list>
<pin id="843" dir="0" index="0" bw="4" slack="0"/>
<pin id="844" dir="0" index="1" bw="1" slack="0"/>
<pin id="845" dir="1" index="2" bw="4" slack="0"/>
</pin_list>
<bind>
<opcode="add(8) " fcode="add"/>
<opset="j_1/6 "/>
</bind>
</comp>

<comp id="848" class="1004" name="zext_ln94_fu_848">
<pin_list>
<pin id="849" dir="0" index="0" bw="4" slack="0"/>
<pin id="850" dir="1" index="1" bw="64" slack="0"/>
</pin_list>
<bind>
<opcode="zext(34) " fcode="zext"/>
<opset="zext_ln94/6 "/>
</bind>
</comp>

<comp id="853" class="1004" name="zext_ln1117_fu_853">
<pin_list>
<pin id="854" dir="0" index="0" bw="4" slack="1"/>
<pin id="855" dir="1" index="1" bw="7" slack="0"/>
</pin_list>
<bind>
<opcode="zext(34) " fcode="zext"/>
<opset="zext_ln1117/7 "/>
</bind>
</comp>

<comp id="857" class="1004" name="tmp_7_fu_857">
<pin_list>
<pin id="858" dir="0" index="0" bw="6" slack="0"/>
<pin id="859" dir="0" index="1" bw="4" slack="1"/>
<pin id="860" dir="0" index="2" bw="1" slack="0"/>
<pin id="861" dir="1" index="3" bw="6" slack="0"/>
</pin_list>
<bind>
<opcode="bitconcatenate(1004) " fcode="bitconcatenate"/>
<opset="tmp_7/7 "/>
</bind>
</comp>

<comp id="865" class="1004" name="zext_ln1117_1_fu_865">
<pin_list>
<pin id="866" dir="0" index="0" bw="6" slack="0"/>
<pin id="867" dir="1" index="1" bw="7" slack="0"/>
</pin_list>
<bind>
<opcode="zext(34) " fcode="zext"/>
<opset="zext_ln1117_1/7 "/>
</bind>
</comp>

<comp id="869" class="1004" name="add_ln1117_fu_869">
<pin_list>
<pin id="870" dir="0" index="0" bw="4" slack="0"/>
<pin id="871" dir="0" index="1" bw="6" slack="0"/>
<pin id="872" dir="1" index="2" bw="7" slack="1"/>
</pin_list>
<bind>
<opcode="add(8) " fcode="add"/>
<opset="add_ln1117/7 "/>
</bind>
</comp>

<comp id="875" class="1004" name="sext_ln94_fu_875">
<pin_list>
<pin id="876" dir="0" index="0" bw="15" slack="0"/>
<pin id="877" dir="1" index="1" bw="20" slack="1"/>
</pin_list>
<bind>
<opcode="sext(35) " fcode="sext"/>
<opset="sext_ln94/7 "/>
</bind>
</comp>

<comp id="879" class="1004" name="icmp_ln68_1_fu_879">
<pin_list>
<pin id="880" dir="0" index="0" bw="3" slack="0"/>
<pin id="881" dir="0" index="1" bw="3" slack="0"/>
<pin id="882" dir="1" index="2" bw="1" slack="2147483647"/>
</pin_list>
<bind>
<opcode="icmp(45) " fcode="icmp"/>
<opset="icmp_ln68_1/8 "/>
</bind>
</comp>

<comp id="885" class="1004" name="i_1_fu_885">
<pin_list>
<pin id="886" dir="0" index="0" bw="3" slack="0"/>
<pin id="887" dir="0" index="1" bw="1" slack="0"/>
<pin id="888" dir="1" index="2" bw="3" slack="0"/>
</pin_list>
<bind>
<opcode="add(8) " fcode="add"/>
<opset="i_1/8 "/>
</bind>
</comp>

<comp id="891" class="1004" name="zext_ln69_1_fu_891">
<pin_list>
<pin id="892" dir="0" index="0" bw="3" slack="0"/>
<pin id="893" dir="1" index="1" bw="64" slack="0"/>
</pin_list>
<bind>
<opcode="zext(34) " fcode="zext"/>
<opset="zext_ln69_1/8 "/>
</bind>
</comp>

<comp id="896" class="1004" name="zext_ln1117_4_fu_896">
<pin_list>
<pin id="897" dir="0" index="0" bw="3" slack="0"/>
<pin id="898" dir="1" index="1" bw="7" slack="0"/>
</pin_list>
<bind>
<opcode="zext(34) " fcode="zext"/>
<opset="zext_ln1117_4/8 "/>
</bind>
</comp>

<comp id="900" class="1004" name="add_ln1117_2_fu_900">
<pin_list>
<pin id="901" dir="0" index="0" bw="3" slack="0"/>
<pin id="902" dir="0" index="1" bw="7" slack="1"/>
<pin id="903" dir="1" index="2" bw="7" slack="0"/>
</pin_list>
<bind>
<opcode="add(8) " fcode="add"/>
<opset="add_ln1117_2/8 "/>
</bind>
</comp>

<comp id="905" class="1004" name="zext_ln1117_5_fu_905">
<pin_list>
<pin id="906" dir="0" index="0" bw="7" slack="0"/>
<pin id="907" dir="1" index="1" bw="64" slack="0"/>
</pin_list>
<bind>
<opcode="zext(34) " fcode="zext"/>
<opset="zext_ln1117_5/8 "/>
</bind>
</comp>

<comp id="910" class="1004" name="empty_19_fu_910">
<pin_list>
<pin id="911" dir="0" index="0" bw="20" slack="0"/>
<pin id="912" dir="1" index="1" bw="19" slack="0"/>
</pin_list>
<bind>
<opcode="trunc(33) " fcode="trunc"/>
<opset="empty_19/8 "/>
</bind>
</comp>

<comp id="914" class="1004" name="tmp_11_fu_914">
<pin_list>
<pin id="915" dir="0" index="0" bw="1" slack="0"/>
<pin id="916" dir="0" index="1" bw="20" slack="0"/>
<pin id="917" dir="0" index="2" bw="6" slack="0"/>
<pin id="918" dir="1" index="3" bw="1" slack="0"/>
</pin_list>
<bind>
<opcode="bitselect(1000) " fcode="bitselect"/>
<opset="tmp_11/8 "/>
</bind>
</comp>

<comp id="922" class="1004" name="p_Val2_3_fu_922">
<pin_list>
<pin id="923" dir="0" index="0" bw="1" slack="0"/>
<pin id="924" dir="0" index="1" bw="1" slack="0"/>
<pin id="925" dir="0" index="2" bw="19" slack="0"/>
<pin id="926" dir="1" index="3" bw="19" slack="0"/>
</pin_list>
<bind>
<opcode="select(49) " fcode="select"/>
<opset="p_Val2_3/8 "/>
</bind>
</comp>

<comp id="931" class="1004" name="zext_ln1192_fu_931">
<pin_list>
<pin id="932" dir="0" index="0" bw="19" slack="0"/>
<pin id="933" dir="1" index="1" bw="34" slack="0"/>
</pin_list>
<bind>
<opcode="zext(34) " fcode="zext"/>
<opset="zext_ln1192/9 "/>
</bind>
</comp>

<comp id="935" class="1004" name="sext_ln1192_2_fu_935">
<pin_list>
<pin id="936" dir="0" index="0" bw="16" slack="0"/>
<pin id="937" dir="1" index="1" bw="34" slack="0"/>
</pin_list>
<bind>
<opcode="sext(35) " fcode="sext"/>
<opset="sext_ln1192_2/9 "/>
</bind>
</comp>

<comp id="939" class="1004" name="lhs_V_1_fu_939">
<pin_list>
<pin id="940" dir="0" index="0" bw="34" slack="0"/>
<pin id="941" dir="0" index="1" bw="20" slack="1"/>
<pin id="942" dir="0" index="2" bw="1" slack="0"/>
<pin id="943" dir="1" index="3" bw="34" slack="0"/>
</pin_list>
<bind>
<opcode="bitconcatenate(1004) " fcode="bitconcatenate"/>
<opset="lhs_V_1/9 "/>
</bind>
</comp>

<comp id="947" class="1004" name="acc_V_4_fu_947">
<pin_list>
<pin id="948" dir="0" index="0" bw="20" slack="0"/>
<pin id="949" dir="0" index="1" bw="34" slack="0"/>
<pin id="950" dir="0" index="2" bw="5" slack="0"/>
<pin id="951" dir="0" index="3" bw="7" slack="0"/>
<pin id="952" dir="1" index="4" bw="20" slack="1"/>
</pin_list>
<bind>
<opcode="partselect(1002) " fcode="partselect"/>
<opset="acc_V_4/9 "/>
</bind>
</comp>

<comp id="956" class="1004" name="icmp_ln98_fu_956">
<pin_list>
<pin id="957" dir="0" index="0" bw="4" slack="0"/>
<pin id="958" dir="0" index="1" bw="4" slack="0"/>
<pin id="959" dir="1" index="2" bw="1" slack="2147483647"/>
</pin_list>
<bind>
<opcode="icmp(45) " fcode="icmp"/>
<opset="icmp_ln98/10 "/>
</bind>
</comp>

<comp id="962" class="1004" name="j_2_fu_962">
<pin_list>
<pin id="963" dir="0" index="0" bw="4" slack="0"/>
<pin id="964" dir="0" index="1" bw="1" slack="0"/>
<pin id="965" dir="1" index="2" bw="4" slack="0"/>
</pin_list>
<bind>
<opcode="add(8) " fcode="add"/>
<opset="j_2/10 "/>
</bind>
</comp>

<comp id="968" class="1004" name="zext_ln99_fu_968">
<pin_list>
<pin id="969" dir="0" index="0" bw="4" slack="0"/>
<pin id="970" dir="1" index="1" bw="64" slack="0"/>
</pin_list>
<bind>
<opcode="zext(34) " fcode="zext"/>
<opset="zext_ln99/10 "/>
</bind>
</comp>

<comp id="973" class="1004" name="tmp_8_fu_973">
<pin_list>
<pin id="974" dir="0" index="0" bw="7" slack="0"/>
<pin id="975" dir="0" index="1" bw="4" slack="1"/>
<pin id="976" dir="0" index="2" bw="1" slack="0"/>
<pin id="977" dir="1" index="3" bw="7" slack="0"/>
</pin_list>
<bind>
<opcode="bitconcatenate(1004) " fcode="bitconcatenate"/>
<opset="tmp_8/11 "/>
</bind>
</comp>

<comp id="981" class="1004" name="zext_ln99_1_fu_981">
<pin_list>
<pin id="982" dir="0" index="0" bw="7" slack="0"/>
<pin id="983" dir="1" index="1" bw="8" slack="1"/>
</pin_list>
<bind>
<opcode="zext(34) " fcode="zext"/>
<opset="zext_ln99_1/11 "/>
</bind>
</comp>

<comp id="985" class="1004" name="sext_ln99_fu_985">
<pin_list>
<pin id="986" dir="0" index="0" bw="15" slack="0"/>
<pin id="987" dir="1" index="1" bw="20" slack="1"/>
</pin_list>
<bind>
<opcode="sext(35) " fcode="sext"/>
<opset="sext_ln99/11 "/>
</bind>
</comp>

<comp id="989" class="1004" name="icmp_ln68_2_fu_989">
<pin_list>
<pin id="990" dir="0" index="0" bw="4" slack="0"/>
<pin id="991" dir="0" index="1" bw="4" slack="0"/>
<pin id="992" dir="1" index="2" bw="1" slack="2147483647"/>
</pin_list>
<bind>
<opcode="icmp(45) " fcode="icmp"/>
<opset="icmp_ln68_2/12 "/>
</bind>
</comp>

<comp id="995" class="1004" name="i_2_fu_995">
<pin_list>
<pin id="996" dir="0" index="0" bw="4" slack="0"/>
<pin id="997" dir="0" index="1" bw="1" slack="0"/>
<pin id="998" dir="1" index="2" bw="4" slack="0"/>
</pin_list>
<bind>
<opcode="add(8) " fcode="add"/>
<opset="i_2/12 "/>
</bind>
</comp>

<comp id="1001" class="1004" name="zext_ln69_2_fu_1001">
<pin_list>
<pin id="1002" dir="0" index="0" bw="4" slack="0"/>
<pin id="1003" dir="1" index="1" bw="64" slack="0"/>
</pin_list>
<bind>
<opcode="zext(34) " fcode="zext"/>
<opset="zext_ln69_2/12 "/>
</bind>
</comp>

<comp id="1006" class="1004" name="zext_ln1117_6_fu_1006">
<pin_list>
<pin id="1007" dir="0" index="0" bw="4" slack="0"/>
<pin id="1008" dir="1" index="1" bw="8" slack="0"/>
</pin_list>
<bind>
<opcode="zext(34) " fcode="zext"/>
<opset="zext_ln1117_6/12 "/>
</bind>
</comp>

<comp id="1010" class="1004" name="add_ln1117_3_fu_1010">
<pin_list>
<pin id="1011" dir="0" index="0" bw="4" slack="0"/>
<pin id="1012" dir="0" index="1" bw="7" slack="1"/>
<pin id="1013" dir="1" index="2" bw="8" slack="0"/>
</pin_list>
<bind>
<opcode="add(8) " fcode="add"/>
<opset="add_ln1117_3/12 "/>
</bind>
</comp>

<comp id="1015" class="1004" name="zext_ln1117_7_fu_1015">
<pin_list>
<pin id="1016" dir="0" index="0" bw="8" slack="0"/>
<pin id="1017" dir="1" index="1" bw="64" slack="0"/>
</pin_list>
<bind>
<opcode="zext(34) " fcode="zext"/>
<opset="zext_ln1117_7/12 "/>
</bind>
</comp>

<comp id="1020" class="1004" name="empty_22_fu_1020">
<pin_list>
<pin id="1021" dir="0" index="0" bw="20" slack="0"/>
<pin id="1022" dir="1" index="1" bw="19" slack="0"/>
</pin_list>
<bind>
<opcode="trunc(33) " fcode="trunc"/>
<opset="empty_22/12 "/>
</bind>
</comp>

<comp id="1024" class="1004" name="tmp_16_fu_1024">
<pin_list>
<pin id="1025" dir="0" index="0" bw="1" slack="0"/>
<pin id="1026" dir="0" index="1" bw="20" slack="0"/>
<pin id="1027" dir="0" index="2" bw="6" slack="0"/>
<pin id="1028" dir="1" index="3" bw="1" slack="0"/>
</pin_list>
<bind>
<opcode="bitselect(1000) " fcode="bitselect"/>
<opset="tmp_16/12 "/>
</bind>
</comp>

<comp id="1032" class="1004" name="p_Val2_10_fu_1032">
<pin_list>
<pin id="1033" dir="0" index="0" bw="1" slack="0"/>
<pin id="1034" dir="0" index="1" bw="1" slack="0"/>
<pin id="1035" dir="0" index="2" bw="19" slack="0"/>
<pin id="1036" dir="1" index="3" bw="19" slack="0"/>
</pin_list>
<bind>
<opcode="select(49) " fcode="select"/>
<opset="p_Val2_10/12 "/>
</bind>
</comp>

<comp id="1041" class="1004" name="zext_ln1192_1_fu_1041">
<pin_list>
<pin id="1042" dir="0" index="0" bw="19" slack="0"/>
<pin id="1043" dir="1" index="1" bw="34" slack="0"/>
</pin_list>
<bind>
<opcode="zext(34) " fcode="zext"/>
<opset="zext_ln1192_1/13 "/>
</bind>
</comp>

<comp id="1045" class="1004" name="sext_ln1192_3_fu_1045">
<pin_list>
<pin id="1046" dir="0" index="0" bw="16" slack="0"/>
<pin id="1047" dir="1" index="1" bw="34" slack="0"/>
</pin_list>
<bind>
<opcode="sext(35) " fcode="sext"/>
<opset="sext_ln1192_3/13 "/>
</bind>
</comp>

<comp id="1049" class="1004" name="lhs_V_2_fu_1049">
<pin_list>
<pin id="1050" dir="0" index="0" bw="34" slack="0"/>
<pin id="1051" dir="0" index="1" bw="20" slack="1"/>
<pin id="1052" dir="0" index="2" bw="1" slack="0"/>
<pin id="1053" dir="1" index="3" bw="34" slack="0"/>
</pin_list>
<bind>
<opcode="bitconcatenate(1004) " fcode="bitconcatenate"/>
<opset="lhs_V_2/13 "/>
</bind>
</comp>

<comp id="1057" class="1004" name="acc_V_6_fu_1057">
<pin_list>
<pin id="1058" dir="0" index="0" bw="20" slack="0"/>
<pin id="1059" dir="0" index="1" bw="34" slack="0"/>
<pin id="1060" dir="0" index="2" bw="5" slack="0"/>
<pin id="1061" dir="0" index="3" bw="7" slack="0"/>
<pin id="1062" dir="1" index="4" bw="20" slack="1"/>
</pin_list>
<bind>
<opcode="partselect(1002) " fcode="partselect"/>
<opset="acc_V_6/13 "/>
</bind>
</comp>

<comp id="1066" class="1004" name="icmp_ln103_fu_1066">
<pin_list>
<pin id="1067" dir="0" index="0" bw="4" slack="0"/>
<pin id="1068" dir="0" index="1" bw="4" slack="0"/>
<pin id="1069" dir="1" index="2" bw="1" slack="2147483647"/>
</pin_list>
<bind>
<opcode="icmp(45) " fcode="icmp"/>
<opset="icmp_ln103/14 "/>
</bind>
</comp>

<comp id="1072" class="1004" name="j_3_fu_1072">
<pin_list>
<pin id="1073" dir="0" index="0" bw="4" slack="0"/>
<pin id="1074" dir="0" index="1" bw="1" slack="0"/>
<pin id="1075" dir="1" index="2" bw="4" slack="0"/>
</pin_list>
<bind>
<opcode="add(8) " fcode="add"/>
<opset="j_3/14 "/>
</bind>
</comp>

<comp id="1078" class="1004" name="zext_ln104_fu_1078">
<pin_list>
<pin id="1079" dir="0" index="0" bw="4" slack="0"/>
<pin id="1080" dir="1" index="1" bw="64" slack="0"/>
</pin_list>
<bind>
<opcode="zext(34) " fcode="zext"/>
<opset="zext_ln104/14 "/>
</bind>
</comp>

<comp id="1083" class="1004" name="tmp_9_fu_1083">
<pin_list>
<pin id="1084" dir="0" index="0" bw="7" slack="0"/>
<pin id="1085" dir="0" index="1" bw="4" slack="1"/>
<pin id="1086" dir="0" index="2" bw="1" slack="0"/>
<pin id="1087" dir="1" index="3" bw="7" slack="0"/>
</pin_list>
<bind>
<opcode="bitconcatenate(1004) " fcode="bitconcatenate"/>
<opset="tmp_9/15 "/>
</bind>
</comp>

<comp id="1091" class="1004" name="zext_ln104_1_fu_1091">
<pin_list>
<pin id="1092" dir="0" index="0" bw="7" slack="0"/>
<pin id="1093" dir="1" index="1" bw="8" slack="1"/>
</pin_list>
<bind>
<opcode="zext(34) " fcode="zext"/>
<opset="zext_ln104_1/15 "/>
</bind>
</comp>

<comp id="1095" class="1004" name="sext_ln104_fu_1095">
<pin_list>
<pin id="1096" dir="0" index="0" bw="16" slack="0"/>
<pin id="1097" dir="1" index="1" bw="20" slack="1"/>
</pin_list>
<bind>
<opcode="sext(35) " fcode="sext"/>
<opset="sext_ln104/15 "/>
</bind>
</comp>

<comp id="1099" class="1004" name="icmp_ln68_3_fu_1099">
<pin_list>
<pin id="1100" dir="0" index="0" bw="4" slack="0"/>
<pin id="1101" dir="0" index="1" bw="4" slack="0"/>
<pin id="1102" dir="1" index="2" bw="1" slack="2147483647"/>
</pin_list>
<bind>
<opcode="icmp(45) " fcode="icmp"/>
<opset="icmp_ln68_3/16 "/>
</bind>
</comp>

<comp id="1105" class="1004" name="i_3_fu_1105">
<pin_list>
<pin id="1106" dir="0" index="0" bw="4" slack="0"/>
<pin id="1107" dir="0" index="1" bw="1" slack="0"/>
<pin id="1108" dir="1" index="2" bw="4" slack="0"/>
</pin_list>
<bind>
<opcode="add(8) " fcode="add"/>
<opset="i_3/16 "/>
</bind>
</comp>

<comp id="1111" class="1004" name="zext_ln69_3_fu_1111">
<pin_list>
<pin id="1112" dir="0" index="0" bw="4" slack="0"/>
<pin id="1113" dir="1" index="1" bw="64" slack="0"/>
</pin_list>
<bind>
<opcode="zext(34) " fcode="zext"/>
<opset="zext_ln69_3/16 "/>
</bind>
</comp>

<comp id="1116" class="1004" name="zext_ln1117_8_fu_1116">
<pin_list>
<pin id="1117" dir="0" index="0" bw="4" slack="0"/>
<pin id="1118" dir="1" index="1" bw="8" slack="0"/>
</pin_list>
<bind>
<opcode="zext(34) " fcode="zext"/>
<opset="zext_ln1117_8/16 "/>
</bind>
</comp>

<comp id="1120" class="1004" name="add_ln1117_4_fu_1120">
<pin_list>
<pin id="1121" dir="0" index="0" bw="4" slack="0"/>
<pin id="1122" dir="0" index="1" bw="7" slack="1"/>
<pin id="1123" dir="1" index="2" bw="8" slack="0"/>
</pin_list>
<bind>
<opcode="add(8) " fcode="add"/>
<opset="add_ln1117_4/16 "/>
</bind>
</comp>

<comp id="1125" class="1004" name="zext_ln1117_9_fu_1125">
<pin_list>
<pin id="1126" dir="0" index="0" bw="8" slack="0"/>
<pin id="1127" dir="1" index="1" bw="64" slack="0"/>
</pin_list>
<bind>
<opcode="zext(34) " fcode="zext"/>
<opset="zext_ln1117_9/16 "/>
</bind>
</comp>

<comp id="1130" class="1004" name="zext_ln1192_2_fu_1130">
<pin_list>
<pin id="1131" dir="0" index="0" bw="19" slack="0"/>
<pin id="1132" dir="1" index="1" bw="34" slack="0"/>
</pin_list>
<bind>
<opcode="zext(34) " fcode="zext"/>
<opset="zext_ln1192_2/17 "/>
</bind>
</comp>

<comp id="1134" class="1004" name="sext_ln1192_4_fu_1134">
<pin_list>
<pin id="1135" dir="0" index="0" bw="16" slack="0"/>
<pin id="1136" dir="1" index="1" bw="34" slack="0"/>
</pin_list>
<bind>
<opcode="sext(35) " fcode="sext"/>
<opset="sext_ln1192_4/17 "/>
</bind>
</comp>

<comp id="1138" class="1004" name="lhs_V_3_fu_1138">
<pin_list>
<pin id="1139" dir="0" index="0" bw="34" slack="0"/>
<pin id="1140" dir="0" index="1" bw="20" slack="1"/>
<pin id="1141" dir="0" index="2" bw="1" slack="0"/>
<pin id="1142" dir="1" index="3" bw="34" slack="0"/>
</pin_list>
<bind>
<opcode="bitconcatenate(1004) " fcode="bitconcatenate"/>
<opset="lhs_V_3/17 "/>
</bind>
</comp>

<comp id="1146" class="1004" name="acc_V_7_fu_1146">
<pin_list>
<pin id="1147" dir="0" index="0" bw="20" slack="0"/>
<pin id="1148" dir="0" index="1" bw="34" slack="0"/>
<pin id="1149" dir="0" index="2" bw="5" slack="0"/>
<pin id="1150" dir="0" index="3" bw="7" slack="0"/>
<pin id="1151" dir="1" index="4" bw="20" slack="1"/>
</pin_list>
<bind>
<opcode="partselect(1002) " fcode="partselect"/>
<opset="acc_V_7/17 "/>
</bind>
</comp>

<comp id="1155" class="1004" name="p_Result_22_fu_1155">
<pin_list>
<pin id="1156" dir="0" index="0" bw="32" slack="0"/>
<pin id="1157" dir="0" index="1" bw="1" slack="0"/>
<pin id="1158" dir="0" index="2" bw="20" slack="0"/>
<pin id="1159" dir="1" index="3" bw="32" slack="0"/>
</pin_list>
<bind>
<opcode="bitconcatenate(1004) " fcode="bitconcatenate"/>
<opset="p_Result_22/18 "/>
</bind>
</comp>

<comp id="1163" class="1004" name="l_fu_1163">
<pin_list>
<pin id="1164" dir="0" index="0" bw="32" slack="0"/>
<pin id="1165" dir="0" index="1" bw="32" slack="0"/>
<pin id="1166" dir="0" index="2" bw="1" slack="0"/>
<pin id="1167" dir="1" index="3" bw="32" slack="0"/>
</pin_list>
<bind>
<opcode="cttz(524) " fcode="cttz"/>
<opset="l/18 "/>
</bind>
</comp>

<comp id="1171" class="1004" name="sub_ln944_fu_1171">
<pin_list>
<pin id="1172" dir="0" index="0" bw="6" slack="0"/>
<pin id="1173" dir="0" index="1" bw="32" slack="0"/>
<pin id="1174" dir="1" index="2" bw="32" slack="0"/>
</pin_list>
<bind>
<opcode="sub(10) " fcode="sub"/>
<opset="sub_ln944/18 "/>
</bind>
</comp>

<comp id="1177" class="1004" name="trunc_ln944_fu_1177">
<pin_list>
<pin id="1178" dir="0" index="0" bw="32" slack="0"/>
<pin id="1179" dir="1" index="1" bw="20" slack="0"/>
</pin_list>
<bind>
<opcode="trunc(33) " fcode="trunc"/>
<opset="trunc_ln944/18 "/>
</bind>
</comp>

<comp id="1181" class="1004" name="lsb_index_fu_1181">
<pin_list>
<pin id="1182" dir="0" index="0" bw="6" slack="0"/>
<pin id="1183" dir="0" index="1" bw="32" slack="0"/>
<pin id="1184" dir="1" index="2" bw="32" slack="0"/>
</pin_list>
<bind>
<opcode="add(8) " fcode="add"/>
<opset="lsb_index/18 "/>
</bind>
</comp>

<comp id="1187" class="1004" name="tmp_13_fu_1187">
<pin_list>
<pin id="1188" dir="0" index="0" bw="31" slack="0"/>
<pin id="1189" dir="0" index="1" bw="32" slack="0"/>
<pin id="1190" dir="0" index="2" bw="1" slack="0"/>
<pin id="1191" dir="0" index="3" bw="6" slack="0"/>
<pin id="1192" dir="1" index="4" bw="31" slack="0"/>
</pin_list>
<bind>
<opcode="partselect(1002) " fcode="partselect"/>
<opset="tmp_13/18 "/>
</bind>
</comp>

<comp id="1197" class="1004" name="icmp_ln947_fu_1197">
<pin_list>
<pin id="1198" dir="0" index="0" bw="31" slack="0"/>
<pin id="1199" dir="0" index="1" bw="1" slack="0"/>
<pin id="1200" dir="1" index="2" bw="1" slack="0"/>
</pin_list>
<bind>
<opcode="icmp(45) " fcode="icmp"/>
<opset="icmp_ln947/18 "/>
</bind>
</comp>

<comp id="1203" class="1004" name="trunc_ln947_fu_1203">
<pin_list>
<pin id="1204" dir="0" index="0" bw="32" slack="0"/>
<pin id="1205" dir="1" index="1" bw="5" slack="0"/>
</pin_list>
<bind>
<opcode="trunc(33) " fcode="trunc"/>
<opset="trunc_ln947/18 "/>
</bind>
</comp>

<comp id="1207" class="1004" name="sub_ln947_fu_1207">
<pin_list>
<pin id="1208" dir="0" index="0" bw="5" slack="0"/>
<pin id="1209" dir="0" index="1" bw="5" slack="0"/>
<pin id="1210" dir="1" index="2" bw="5" slack="0"/>
</pin_list>
<bind>
<opcode="sub(10) " fcode="sub"/>
<opset="sub_ln947/18 "/>
</bind>
</comp>

<comp id="1213" class="1004" name="zext_ln947_fu_1213">
<pin_list>
<pin id="1214" dir="0" index="0" bw="5" slack="0"/>
<pin id="1215" dir="1" index="1" bw="20" slack="0"/>
</pin_list>
<bind>
<opcode="zext(34) " fcode="zext"/>
<opset="zext_ln947/18 "/>
</bind>
</comp>

<comp id="1217" class="1004" name="lshr_ln947_fu_1217">
<pin_list>
<pin id="1218" dir="0" index="0" bw="1" slack="0"/>
<pin id="1219" dir="0" index="1" bw="5" slack="0"/>
<pin id="1220" dir="1" index="2" bw="20" slack="0"/>
</pin_list>
<bind>
<opcode="lshr(21) " fcode="lshr"/>
<opset="lshr_ln947/18 "/>
</bind>
</comp>

<comp id="1223" class="1004" name="p_Result_4_fu_1223">
<pin_list>
<pin id="1224" dir="0" index="0" bw="20" slack="0"/>
<pin id="1225" dir="0" index="1" bw="20" slack="0"/>
<pin id="1226" dir="1" index="2" bw="20" slack="0"/>
</pin_list>
<bind>
<opcode="and(23) " fcode="and"/>
<opset="p_Result_4/18 "/>
</bind>
</comp>

<comp id="1229" class="1004" name="icmp_ln947_1_fu_1229">
<pin_list>
<pin id="1230" dir="0" index="0" bw="20" slack="0"/>
<pin id="1231" dir="0" index="1" bw="1" slack="0"/>
<pin id="1232" dir="1" index="2" bw="1" slack="0"/>
</pin_list>
<bind>
<opcode="icmp(45) " fcode="icmp"/>
<opset="icmp_ln947_1/18 "/>
</bind>
</comp>

<comp id="1235" class="1004" name="a_fu_1235">
<pin_list>
<pin id="1236" dir="0" index="0" bw="1" slack="0"/>
<pin id="1237" dir="0" index="1" bw="1" slack="0"/>
<pin id="1238" dir="1" index="2" bw="1" slack="0"/>
</pin_list>
<bind>
<opcode="and(23) " fcode="and"/>
<opset="a/18 "/>
</bind>
</comp>

<comp id="1241" class="1004" name="tmp_14_fu_1241">
<pin_list>
<pin id="1242" dir="0" index="0" bw="1" slack="0"/>
<pin id="1243" dir="0" index="1" bw="32" slack="0"/>
<pin id="1244" dir="0" index="2" bw="6" slack="0"/>
<pin id="1245" dir="1" index="3" bw="1" slack="0"/>
</pin_list>
<bind>
<opcode="bitselect(1000) " fcode="bitselect"/>
<opset="tmp_14/18 "/>
</bind>
</comp>

<comp id="1249" class="1004" name="xor_ln949_fu_1249">
<pin_list>
<pin id="1250" dir="0" index="0" bw="1" slack="0"/>
<pin id="1251" dir="0" index="1" bw="1" slack="0"/>
<pin id="1252" dir="1" index="2" bw="1" slack="0"/>
</pin_list>
<bind>
<opcode="xor(25) " fcode="xor"/>
<opset="xor_ln949/18 "/>
</bind>
</comp>

<comp id="1255" class="1004" name="add_ln949_fu_1255">
<pin_list>
<pin id="1256" dir="0" index="0" bw="6" slack="0"/>
<pin id="1257" dir="0" index="1" bw="20" slack="0"/>
<pin id="1258" dir="1" index="2" bw="20" slack="0"/>
</pin_list>
<bind>
<opcode="add(8) " fcode="add"/>
<opset="add_ln949/18 "/>
</bind>
</comp>

<comp id="1261" class="1004" name="p_Result_3_fu_1261">
<pin_list>
<pin id="1262" dir="0" index="0" bw="1" slack="0"/>
<pin id="1263" dir="0" index="1" bw="20" slack="0"/>
<pin id="1264" dir="0" index="2" bw="20" slack="0"/>
<pin id="1265" dir="1" index="3" bw="1" slack="0"/>
</pin_list>
<bind>
<opcode="bitselect(1000) " fcode="bitselect"/>
<opset="p_Result_3/18 "/>
</bind>
</comp>

<comp id="1269" class="1004" name="and_ln949_fu_1269">
<pin_list>
<pin id="1270" dir="0" index="0" bw="1" slack="0"/>
<pin id="1271" dir="0" index="1" bw="1" slack="0"/>
<pin id="1272" dir="1" index="2" bw="1" slack="0"/>
</pin_list>
<bind>
<opcode="and(23) " fcode="and"/>
<opset="and_ln949/18 "/>
</bind>
</comp>

<comp id="1275" class="1004" name="or_ln949_fu_1275">
<pin_list>
<pin id="1276" dir="0" index="0" bw="1" slack="0"/>
<pin id="1277" dir="0" index="1" bw="1" slack="0"/>
<pin id="1278" dir="1" index="2" bw="1" slack="0"/>
</pin_list>
<bind>
<opcode="or(24) " fcode="or"/>
<opset="or_ln949/18 "/>
</bind>
</comp>

<comp id="1281" class="1004" name="or_ln_fu_1281">
<pin_list>
<pin id="1282" dir="0" index="0" bw="32" slack="0"/>
<pin id="1283" dir="0" index="1" bw="1" slack="0"/>
<pin id="1284" dir="0" index="2" bw="1" slack="0"/>
<pin id="1285" dir="1" index="3" bw="32" slack="1"/>
</pin_list>
<bind>
<opcode="bitconcatenate(1004) " fcode="bitconcatenate"/>
<opset="or_ln/18 "/>
</bind>
</comp>

<comp id="1289" class="1004" name="icmp_ln958_fu_1289">
<pin_list>
<pin id="1290" dir="0" index="0" bw="32" slack="0"/>
<pin id="1291" dir="0" index="1" bw="1" slack="0"/>
<pin id="1292" dir="1" index="2" bw="1" slack="1"/>
</pin_list>
<bind>
<opcode="icmp(45) " fcode="icmp"/>
<opset="icmp_ln958/18 "/>
</bind>
</comp>

<comp id="1295" class="1004" name="trunc_ln943_fu_1295">
<pin_list>
<pin id="1296" dir="0" index="0" bw="32" slack="0"/>
<pin id="1297" dir="1" index="1" bw="8" slack="1"/>
</pin_list>
<bind>
<opcode="trunc(33) " fcode="trunc"/>
<opset="trunc_ln943/18 "/>
</bind>
</comp>

<comp id="1299" class="1004" name="m_fu_1299">
<pin_list>
<pin id="1300" dir="0" index="0" bw="20" slack="1"/>
<pin id="1301" dir="1" index="1" bw="64" slack="0"/>
</pin_list>
<bind>
<opcode="zext(34) " fcode="zext"/>
<opset="m/19 "/>
</bind>
</comp>

<comp id="1303" class="1004" name="zext_ln957_1_fu_1303">
<pin_list>
<pin id="1304" dir="0" index="0" bw="20" slack="1"/>
<pin id="1305" dir="1" index="1" bw="32" slack="0"/>
</pin_list>
<bind>
<opcode="zext(34) " fcode="zext"/>
<opset="zext_ln957_1/19 "/>
</bind>
</comp>

<comp id="1307" class="1004" name="add_ln958_fu_1307">
<pin_list>
<pin id="1308" dir="0" index="0" bw="6" slack="0"/>
<pin id="1309" dir="0" index="1" bw="32" slack="1"/>
<pin id="1310" dir="1" index="2" bw="32" slack="0"/>
</pin_list>
<bind>
<opcode="add(8) " fcode="add"/>
<opset="add_ln958/19 "/>
</bind>
</comp>

<comp id="1312" class="1004" name="lshr_ln958_fu_1312">
<pin_list>
<pin id="1313" dir="0" index="0" bw="20" slack="0"/>
<pin id="1314" dir="0" index="1" bw="32" slack="0"/>
<pin id="1315" dir="1" index="2" bw="32" slack="0"/>
</pin_list>
<bind>
<opcode="lshr(21) " fcode="lshr"/>
<opset="lshr_ln958/19 "/>
</bind>
</comp>

<comp id="1318" class="1004" name="zext_ln958_fu_1318">
<pin_list>
<pin id="1319" dir="0" index="0" bw="32" slack="0"/>
<pin id="1320" dir="1" index="1" bw="64" slack="0"/>
</pin_list>
<bind>
<opcode="zext(34) " fcode="zext"/>
<opset="zext_ln958/19 "/>
</bind>
</comp>

<comp id="1322" class="1004" name="sub_ln958_fu_1322">
<pin_list>
<pin id="1323" dir="0" index="0" bw="6" slack="0"/>
<pin id="1324" dir="0" index="1" bw="32" slack="1"/>
<pin id="1325" dir="1" index="2" bw="32" slack="0"/>
</pin_list>
<bind>
<opcode="sub(10) " fcode="sub"/>
<opset="sub_ln958/19 "/>
</bind>
</comp>

<comp id="1327" class="1004" name="zext_ln958_1_fu_1327">
<pin_list>
<pin id="1328" dir="0" index="0" bw="32" slack="0"/>
<pin id="1329" dir="1" index="1" bw="64" slack="0"/>
</pin_list>
<bind>
<opcode="zext(34) " fcode="zext"/>
<opset="zext_ln958_1/19 "/>
</bind>
</comp>

<comp id="1331" class="1004" name="shl_ln958_fu_1331">
<pin_list>
<pin id="1332" dir="0" index="0" bw="20" slack="0"/>
<pin id="1333" dir="0" index="1" bw="32" slack="0"/>
<pin id="1334" dir="1" index="2" bw="64" slack="0"/>
</pin_list>
<bind>
<opcode="shl(20) " fcode="shl"/>
<opset="shl_ln958/19 "/>
</bind>
</comp>

<comp id="1337" class="1004" name="m_1_fu_1337">
<pin_list>
<pin id="1338" dir="0" index="0" bw="1" slack="1"/>
<pin id="1339" dir="0" index="1" bw="32" slack="0"/>
<pin id="1340" dir="0" index="2" bw="64" slack="0"/>
<pin id="1341" dir="1" index="3" bw="64" slack="0"/>
</pin_list>
<bind>
<opcode="select(49) " fcode="select"/>
<opset="m_1/19 "/>
</bind>
</comp>

<comp id="1344" class="1004" name="zext_ln961_fu_1344">
<pin_list>
<pin id="1345" dir="0" index="0" bw="32" slack="1"/>
<pin id="1346" dir="1" index="1" bw="64" slack="0"/>
</pin_list>
<bind>
<opcode="zext(34) " fcode="zext"/>
<opset="zext_ln961/19 "/>
</bind>
</comp>

<comp id="1347" class="1004" name="m_2_fu_1347">
<pin_list>
<pin id="1348" dir="0" index="0" bw="64" slack="0"/>
<pin id="1349" dir="0" index="1" bw="32" slack="0"/>
<pin id="1350" dir="1" index="2" bw="64" slack="0"/>
</pin_list>
<bind>
<opcode="add(8) " fcode="add"/>
<opset="m_2/19 "/>
</bind>
</comp>

<comp id="1353" class="1004" name="m_s_fu_1353">
<pin_list>
<pin id="1354" dir="0" index="0" bw="63" slack="0"/>
<pin id="1355" dir="0" index="1" bw="64" slack="0"/>
<pin id="1356" dir="0" index="2" bw="1" slack="0"/>
<pin id="1357" dir="0" index="3" bw="7" slack="0"/>
<pin id="1358" dir="1" index="4" bw="63" slack="0"/>
</pin_list>
<bind>
<opcode="partselect(1002) " fcode="partselect"/>
<opset="m_s/19 "/>
</bind>
</comp>

<comp id="1363" class="1004" name="m_26_fu_1363">
<pin_list>
<pin id="1364" dir="0" index="0" bw="63" slack="0"/>
<pin id="1365" dir="1" index="1" bw="64" slack="0"/>
</pin_list>
<bind>
<opcode="zext(34) " fcode="zext"/>
<opset="m_26/19 "/>
</bind>
</comp>

<comp id="1367" class="1004" name="tmp_15_fu_1367">
<pin_list>
<pin id="1368" dir="0" index="0" bw="1" slack="0"/>
<pin id="1369" dir="0" index="1" bw="64" slack="0"/>
<pin id="1370" dir="0" index="2" bw="6" slack="0"/>
<pin id="1371" dir="1" index="3" bw="1" slack="0"/>
</pin_list>
<bind>
<opcode="bitselect(1000) " fcode="bitselect"/>
<opset="tmp_15/19 "/>
</bind>
</comp>

<comp id="1375" class="1004" name="select_ln964_fu_1375">
<pin_list>
<pin id="1376" dir="0" index="0" bw="1" slack="0"/>
<pin id="1377" dir="0" index="1" bw="8" slack="0"/>
<pin id="1378" dir="0" index="2" bw="8" slack="0"/>
<pin id="1379" dir="1" index="3" bw="8" slack="0"/>
</pin_list>
<bind>
<opcode="select(49) " fcode="select"/>
<opset="select_ln964/19 "/>
</bind>
</comp>

<comp id="1383" class="1004" name="sub_ln964_fu_1383">
<pin_list>
<pin id="1384" dir="0" index="0" bw="4" slack="0"/>
<pin id="1385" dir="0" index="1" bw="8" slack="1"/>
<pin id="1386" dir="1" index="2" bw="8" slack="0"/>
</pin_list>
<bind>
<opcode="sub(10) " fcode="sub"/>
<opset="sub_ln964/19 "/>
</bind>
</comp>

<comp id="1388" class="1004" name="add_ln964_fu_1388">
<pin_list>
<pin id="1389" dir="0" index="0" bw="8" slack="0"/>
<pin id="1390" dir="0" index="1" bw="8" slack="0"/>
<pin id="1391" dir="1" index="2" bw="8" slack="0"/>
</pin_list>
<bind>
<opcode="add(8) " fcode="add"/>
<opset="add_ln964/19 "/>
</bind>
</comp>

<comp id="1394" class="1004" name="tmp_s_fu_1394">
<pin_list>
<pin id="1395" dir="0" index="0" bw="9" slack="0"/>
<pin id="1396" dir="0" index="1" bw="1" slack="1"/>
<pin id="1397" dir="0" index="2" bw="8" slack="0"/>
<pin id="1398" dir="1" index="3" bw="9" slack="0"/>
</pin_list>
<bind>
<opcode="bitconcatenate(1004) " fcode="bitconcatenate"/>
<opset="tmp_s/19 "/>
</bind>
</comp>

<comp id="1401" class="1004" name="p_Result_23_fu_1401">
<pin_list>
<pin id="1402" dir="0" index="0" bw="64" slack="0"/>
<pin id="1403" dir="0" index="1" bw="63" slack="0"/>
<pin id="1404" dir="0" index="2" bw="9" slack="0"/>
<pin id="1405" dir="0" index="3" bw="6" slack="0"/>
<pin id="1406" dir="0" index="4" bw="6" slack="0"/>
<pin id="1407" dir="1" index="5" bw="64" slack="0"/>
</pin_list>
<bind>
<opcode="partset(1003) " fcode="partset"/>
<opset="p_Result_23/19 "/>
</bind>
</comp>

<comp id="1413" class="1004" name="trunc_ln738_fu_1413">
<pin_list>
<pin id="1414" dir="0" index="0" bw="64" slack="0"/>
<pin id="1415" dir="1" index="1" bw="32" slack="0"/>
</pin_list>
<bind>
<opcode="trunc(33) " fcode="trunc"/>
<opset="trunc_ln738/19 "/>
</bind>
</comp>

<comp id="1417" class="1004" name="bitcast_ln739_fu_1417">
<pin_list>
<pin id="1418" dir="0" index="0" bw="32" slack="0"/>
<pin id="1419" dir="1" index="1" bw="32" slack="0"/>
</pin_list>
<bind>
<opcode="bitcast(44) " fcode="bitcast"/>
<opset="bitcast_ln739/19 "/>
</bind>
</comp>

<comp id="1421" class="1004" name="select_ln935_fu_1421">
<pin_list>
<pin id="1422" dir="0" index="0" bw="1" slack="1"/>
<pin id="1423" dir="0" index="1" bw="32" slack="0"/>
<pin id="1424" dir="0" index="2" bw="32" slack="0"/>
<pin id="1425" dir="1" index="3" bw="32" slack="1"/>
</pin_list>
<bind>
<opcode="select(49) " fcode="select"/>
<opset="select_ln935/19 "/>
</bind>
</comp>

<comp id="1428" class="1004" name="icmp_ln109_fu_1428">
<pin_list>
<pin id="1429" dir="0" index="0" bw="4" slack="0"/>
<pin id="1430" dir="0" index="1" bw="4" slack="0"/>
<pin id="1431" dir="1" index="2" bw="1" slack="2147483647"/>
</pin_list>
<bind>
<opcode="icmp(45) " fcode="icmp"/>
<opset="icmp_ln109/20 "/>
</bind>
</comp>

<comp id="1434" class="1004" name="zext_ln110_fu_1434">
<pin_list>
<pin id="1435" dir="0" index="0" bw="4" slack="0"/>
<pin id="1436" dir="1" index="1" bw="64" slack="0"/>
</pin_list>
<bind>
<opcode="zext(34) " fcode="zext"/>
<opset="zext_ln110/20 "/>
</bind>
</comp>

<comp id="1439" class="1004" name="p_Result_25_fu_1439">
<pin_list>
<pin id="1440" dir="0" index="0" bw="32" slack="0"/>
<pin id="1441" dir="0" index="1" bw="1" slack="0"/>
<pin id="1442" dir="0" index="2" bw="20" slack="0"/>
<pin id="1443" dir="1" index="3" bw="32" slack="0"/>
</pin_list>
<bind>
<opcode="bitconcatenate(1004) " fcode="bitconcatenate"/>
<opset="p_Result_25/21 "/>
</bind>
</comp>

<comp id="1447" class="1004" name="l_1_fu_1447">
<pin_list>
<pin id="1448" dir="0" index="0" bw="32" slack="0"/>
<pin id="1449" dir="0" index="1" bw="32" slack="0"/>
<pin id="1450" dir="0" index="2" bw="1" slack="0"/>
<pin id="1451" dir="1" index="3" bw="32" slack="0"/>
</pin_list>
<bind>
<opcode="cttz(524) " fcode="cttz"/>
<opset="l_1/21 "/>
</bind>
</comp>

<comp id="1455" class="1004" name="sub_ln944_1_fu_1455">
<pin_list>
<pin id="1456" dir="0" index="0" bw="6" slack="0"/>
<pin id="1457" dir="0" index="1" bw="32" slack="0"/>
<pin id="1458" dir="1" index="2" bw="32" slack="0"/>
</pin_list>
<bind>
<opcode="sub(10) " fcode="sub"/>
<opset="sub_ln944_1/21 "/>
</bind>
</comp>

<comp id="1461" class="1004" name="trunc_ln944_1_fu_1461">
<pin_list>
<pin id="1462" dir="0" index="0" bw="32" slack="0"/>
<pin id="1463" dir="1" index="1" bw="20" slack="0"/>
</pin_list>
<bind>
<opcode="trunc(33) " fcode="trunc"/>
<opset="trunc_ln944_1/21 "/>
</bind>
</comp>

<comp id="1465" class="1004" name="lsb_index_1_fu_1465">
<pin_list>
<pin id="1466" dir="0" index="0" bw="6" slack="0"/>
<pin id="1467" dir="0" index="1" bw="32" slack="0"/>
<pin id="1468" dir="1" index="2" bw="32" slack="0"/>
</pin_list>
<bind>
<opcode="add(8) " fcode="add"/>
<opset="lsb_index_1/21 "/>
</bind>
</comp>

<comp id="1471" class="1004" name="tmp_18_fu_1471">
<pin_list>
<pin id="1472" dir="0" index="0" bw="31" slack="0"/>
<pin id="1473" dir="0" index="1" bw="32" slack="0"/>
<pin id="1474" dir="0" index="2" bw="1" slack="0"/>
<pin id="1475" dir="0" index="3" bw="6" slack="0"/>
<pin id="1476" dir="1" index="4" bw="31" slack="0"/>
</pin_list>
<bind>
<opcode="partselect(1002) " fcode="partselect"/>
<opset="tmp_18/21 "/>
</bind>
</comp>

<comp id="1481" class="1004" name="icmp_ln947_2_fu_1481">
<pin_list>
<pin id="1482" dir="0" index="0" bw="31" slack="0"/>
<pin id="1483" dir="0" index="1" bw="1" slack="0"/>
<pin id="1484" dir="1" index="2" bw="1" slack="0"/>
</pin_list>
<bind>
<opcode="icmp(45) " fcode="icmp"/>
<opset="icmp_ln947_2/21 "/>
</bind>
</comp>

<comp id="1487" class="1004" name="trunc_ln947_1_fu_1487">
<pin_list>
<pin id="1488" dir="0" index="0" bw="32" slack="0"/>
<pin id="1489" dir="1" index="1" bw="5" slack="0"/>
</pin_list>
<bind>
<opcode="trunc(33) " fcode="trunc"/>
<opset="trunc_ln947_1/21 "/>
</bind>
</comp>

<comp id="1491" class="1004" name="sub_ln947_1_fu_1491">
<pin_list>
<pin id="1492" dir="0" index="0" bw="5" slack="0"/>
<pin id="1493" dir="0" index="1" bw="5" slack="0"/>
<pin id="1494" dir="1" index="2" bw="5" slack="0"/>
</pin_list>
<bind>
<opcode="sub(10) " fcode="sub"/>
<opset="sub_ln947_1/21 "/>
</bind>
</comp>

<comp id="1497" class="1004" name="zext_ln947_1_fu_1497">
<pin_list>
<pin id="1498" dir="0" index="0" bw="5" slack="0"/>
<pin id="1499" dir="1" index="1" bw="20" slack="0"/>
</pin_list>
<bind>
<opcode="zext(34) " fcode="zext"/>
<opset="zext_ln947_1/21 "/>
</bind>
</comp>

<comp id="1501" class="1004" name="lshr_ln947_1_fu_1501">
<pin_list>
<pin id="1502" dir="0" index="0" bw="1" slack="0"/>
<pin id="1503" dir="0" index="1" bw="5" slack="0"/>
<pin id="1504" dir="1" index="2" bw="20" slack="0"/>
</pin_list>
<bind>
<opcode="lshr(21) " fcode="lshr"/>
<opset="lshr_ln947_1/21 "/>
</bind>
</comp>

<comp id="1507" class="1004" name="p_Result_12_fu_1507">
<pin_list>
<pin id="1508" dir="0" index="0" bw="20" slack="0"/>
<pin id="1509" dir="0" index="1" bw="20" slack="0"/>
<pin id="1510" dir="1" index="2" bw="20" slack="0"/>
</pin_list>
<bind>
<opcode="and(23) " fcode="and"/>
<opset="p_Result_12/21 "/>
</bind>
</comp>

<comp id="1513" class="1004" name="icmp_ln947_3_fu_1513">
<pin_list>
<pin id="1514" dir="0" index="0" bw="20" slack="0"/>
<pin id="1515" dir="0" index="1" bw="1" slack="0"/>
<pin id="1516" dir="1" index="2" bw="1" slack="0"/>
</pin_list>
<bind>
<opcode="icmp(45) " fcode="icmp"/>
<opset="icmp_ln947_3/21 "/>
</bind>
</comp>

<comp id="1519" class="1004" name="a_1_fu_1519">
<pin_list>
<pin id="1520" dir="0" index="0" bw="1" slack="0"/>
<pin id="1521" dir="0" index="1" bw="1" slack="0"/>
<pin id="1522" dir="1" index="2" bw="1" slack="0"/>
</pin_list>
<bind>
<opcode="and(23) " fcode="and"/>
<opset="a_1/21 "/>
</bind>
</comp>

<comp id="1525" class="1004" name="tmp_19_fu_1525">
<pin_list>
<pin id="1526" dir="0" index="0" bw="1" slack="0"/>
<pin id="1527" dir="0" index="1" bw="32" slack="0"/>
<pin id="1528" dir="0" index="2" bw="6" slack="0"/>
<pin id="1529" dir="1" index="3" bw="1" slack="0"/>
</pin_list>
<bind>
<opcode="bitselect(1000) " fcode="bitselect"/>
<opset="tmp_19/21 "/>
</bind>
</comp>

<comp id="1533" class="1004" name="xor_ln949_1_fu_1533">
<pin_list>
<pin id="1534" dir="0" index="0" bw="1" slack="0"/>
<pin id="1535" dir="0" index="1" bw="1" slack="0"/>
<pin id="1536" dir="1" index="2" bw="1" slack="0"/>
</pin_list>
<bind>
<opcode="xor(25) " fcode="xor"/>
<opset="xor_ln949_1/21 "/>
</bind>
</comp>

<comp id="1539" class="1004" name="add_ln949_1_fu_1539">
<pin_list>
<pin id="1540" dir="0" index="0" bw="6" slack="0"/>
<pin id="1541" dir="0" index="1" bw="20" slack="0"/>
<pin id="1542" dir="1" index="2" bw="20" slack="0"/>
</pin_list>
<bind>
<opcode="add(8) " fcode="add"/>
<opset="add_ln949_1/21 "/>
</bind>
</comp>

<comp id="1545" class="1004" name="p_Result_13_fu_1545">
<pin_list>
<pin id="1546" dir="0" index="0" bw="1" slack="0"/>
<pin id="1547" dir="0" index="1" bw="20" slack="0"/>
<pin id="1548" dir="0" index="2" bw="20" slack="0"/>
<pin id="1549" dir="1" index="3" bw="1" slack="0"/>
</pin_list>
<bind>
<opcode="bitselect(1000) " fcode="bitselect"/>
<opset="p_Result_13/21 "/>
</bind>
</comp>

<comp id="1553" class="1004" name="and_ln949_1_fu_1553">
<pin_list>
<pin id="1554" dir="0" index="0" bw="1" slack="0"/>
<pin id="1555" dir="0" index="1" bw="1" slack="0"/>
<pin id="1556" dir="1" index="2" bw="1" slack="0"/>
</pin_list>
<bind>
<opcode="and(23) " fcode="and"/>
<opset="and_ln949_1/21 "/>
</bind>
</comp>

<comp id="1559" class="1004" name="or_ln949_1_fu_1559">
<pin_list>
<pin id="1560" dir="0" index="0" bw="1" slack="0"/>
<pin id="1561" dir="0" index="1" bw="1" slack="0"/>
<pin id="1562" dir="1" index="2" bw="1" slack="0"/>
</pin_list>
<bind>
<opcode="or(24) " fcode="or"/>
<opset="or_ln949_1/21 "/>
</bind>
</comp>

<comp id="1565" class="1004" name="or_ln949_2_fu_1565">
<pin_list>
<pin id="1566" dir="0" index="0" bw="32" slack="0"/>
<pin id="1567" dir="0" index="1" bw="1" slack="0"/>
<pin id="1568" dir="0" index="2" bw="1" slack="0"/>
<pin id="1569" dir="1" index="3" bw="32" slack="1"/>
</pin_list>
<bind>
<opcode="bitconcatenate(1004) " fcode="bitconcatenate"/>
<opset="or_ln949_2/21 "/>
</bind>
</comp>

<comp id="1573" class="1004" name="icmp_ln958_1_fu_1573">
<pin_list>
<pin id="1574" dir="0" index="0" bw="32" slack="0"/>
<pin id="1575" dir="0" index="1" bw="1" slack="0"/>
<pin id="1576" dir="1" index="2" bw="1" slack="1"/>
</pin_list>
<bind>
<opcode="icmp(45) " fcode="icmp"/>
<opset="icmp_ln958_1/21 "/>
</bind>
</comp>

<comp id="1579" class="1004" name="trunc_ln943_1_fu_1579">
<pin_list>
<pin id="1580" dir="0" index="0" bw="32" slack="0"/>
<pin id="1581" dir="1" index="1" bw="8" slack="1"/>
</pin_list>
<bind>
<opcode="trunc(33) " fcode="trunc"/>
<opset="trunc_ln943_1/21 "/>
</bind>
</comp>

<comp id="1583" class="1004" name="m_15_fu_1583">
<pin_list>
<pin id="1584" dir="0" index="0" bw="20" slack="1"/>
<pin id="1585" dir="1" index="1" bw="64" slack="0"/>
</pin_list>
<bind>
<opcode="zext(34) " fcode="zext"/>
<opset="m_15/22 "/>
</bind>
</comp>

<comp id="1587" class="1004" name="zext_ln957_2_fu_1587">
<pin_list>
<pin id="1588" dir="0" index="0" bw="20" slack="1"/>
<pin id="1589" dir="1" index="1" bw="32" slack="0"/>
</pin_list>
<bind>
<opcode="zext(34) " fcode="zext"/>
<opset="zext_ln957_2/22 "/>
</bind>
</comp>

<comp id="1591" class="1004" name="add_ln958_1_fu_1591">
<pin_list>
<pin id="1592" dir="0" index="0" bw="6" slack="0"/>
<pin id="1593" dir="0" index="1" bw="32" slack="1"/>
<pin id="1594" dir="1" index="2" bw="32" slack="0"/>
</pin_list>
<bind>
<opcode="add(8) " fcode="add"/>
<opset="add_ln958_1/22 "/>
</bind>
</comp>

<comp id="1596" class="1004" name="lshr_ln958_1_fu_1596">
<pin_list>
<pin id="1597" dir="0" index="0" bw="20" slack="0"/>
<pin id="1598" dir="0" index="1" bw="32" slack="0"/>
<pin id="1599" dir="1" index="2" bw="32" slack="0"/>
</pin_list>
<bind>
<opcode="lshr(21) " fcode="lshr"/>
<opset="lshr_ln958_1/22 "/>
</bind>
</comp>

<comp id="1602" class="1004" name="zext_ln958_2_fu_1602">
<pin_list>
<pin id="1603" dir="0" index="0" bw="32" slack="0"/>
<pin id="1604" dir="1" index="1" bw="64" slack="0"/>
</pin_list>
<bind>
<opcode="zext(34) " fcode="zext"/>
<opset="zext_ln958_2/22 "/>
</bind>
</comp>

<comp id="1606" class="1004" name="sub_ln958_1_fu_1606">
<pin_list>
<pin id="1607" dir="0" index="0" bw="6" slack="0"/>
<pin id="1608" dir="0" index="1" bw="32" slack="1"/>
<pin id="1609" dir="1" index="2" bw="32" slack="0"/>
</pin_list>
<bind>
<opcode="sub(10) " fcode="sub"/>
<opset="sub_ln958_1/22 "/>
</bind>
</comp>

<comp id="1611" class="1004" name="zext_ln958_3_fu_1611">
<pin_list>
<pin id="1612" dir="0" index="0" bw="32" slack="0"/>
<pin id="1613" dir="1" index="1" bw="64" slack="0"/>
</pin_list>
<bind>
<opcode="zext(34) " fcode="zext"/>
<opset="zext_ln958_3/22 "/>
</bind>
</comp>

<comp id="1615" class="1004" name="shl_ln958_1_fu_1615">
<pin_list>
<pin id="1616" dir="0" index="0" bw="20" slack="0"/>
<pin id="1617" dir="0" index="1" bw="32" slack="0"/>
<pin id="1618" dir="1" index="2" bw="64" slack="0"/>
</pin_list>
<bind>
<opcode="shl(20) " fcode="shl"/>
<opset="shl_ln958_1/22 "/>
</bind>
</comp>

<comp id="1621" class="1004" name="m_16_fu_1621">
<pin_list>
<pin id="1622" dir="0" index="0" bw="1" slack="1"/>
<pin id="1623" dir="0" index="1" bw="32" slack="0"/>
<pin id="1624" dir="0" index="2" bw="64" slack="0"/>
<pin id="1625" dir="1" index="3" bw="64" slack="0"/>
</pin_list>
<bind>
<opcode="select(49) " fcode="select"/>
<opset="m_16/22 "/>
</bind>
</comp>

<comp id="1628" class="1004" name="zext_ln961_1_fu_1628">
<pin_list>
<pin id="1629" dir="0" index="0" bw="32" slack="1"/>
<pin id="1630" dir="1" index="1" bw="64" slack="0"/>
</pin_list>
<bind>
<opcode="zext(34) " fcode="zext"/>
<opset="zext_ln961_1/22 "/>
</bind>
</comp>

<comp id="1631" class="1004" name="m_17_fu_1631">
<pin_list>
<pin id="1632" dir="0" index="0" bw="64" slack="0"/>
<pin id="1633" dir="0" index="1" bw="32" slack="0"/>
<pin id="1634" dir="1" index="2" bw="64" slack="0"/>
</pin_list>
<bind>
<opcode="add(8) " fcode="add"/>
<opset="m_17/22 "/>
</bind>
</comp>

<comp id="1637" class="1004" name="m_3_fu_1637">
<pin_list>
<pin id="1638" dir="0" index="0" bw="63" slack="0"/>
<pin id="1639" dir="0" index="1" bw="64" slack="0"/>
<pin id="1640" dir="0" index="2" bw="1" slack="0"/>
<pin id="1641" dir="0" index="3" bw="7" slack="0"/>
<pin id="1642" dir="1" index="4" bw="63" slack="0"/>
</pin_list>
<bind>
<opcode="partselect(1002) " fcode="partselect"/>
<opset="m_3/22 "/>
</bind>
</comp>

<comp id="1647" class="1004" name="m_27_fu_1647">
<pin_list>
<pin id="1648" dir="0" index="0" bw="63" slack="0"/>
<pin id="1649" dir="1" index="1" bw="64" slack="0"/>
</pin_list>
<bind>
<opcode="zext(34) " fcode="zext"/>
<opset="m_27/22 "/>
</bind>
</comp>

<comp id="1651" class="1004" name="tmp_20_fu_1651">
<pin_list>
<pin id="1652" dir="0" index="0" bw="1" slack="0"/>
<pin id="1653" dir="0" index="1" bw="64" slack="0"/>
<pin id="1654" dir="0" index="2" bw="6" slack="0"/>
<pin id="1655" dir="1" index="3" bw="1" slack="0"/>
</pin_list>
<bind>
<opcode="bitselect(1000) " fcode="bitselect"/>
<opset="tmp_20/22 "/>
</bind>
</comp>

<comp id="1659" class="1004" name="select_ln964_1_fu_1659">
<pin_list>
<pin id="1660" dir="0" index="0" bw="1" slack="0"/>
<pin id="1661" dir="0" index="1" bw="8" slack="0"/>
<pin id="1662" dir="0" index="2" bw="8" slack="0"/>
<pin id="1663" dir="1" index="3" bw="8" slack="0"/>
</pin_list>
<bind>
<opcode="select(49) " fcode="select"/>
<opset="select_ln964_1/22 "/>
</bind>
</comp>

<comp id="1667" class="1004" name="sub_ln964_1_fu_1667">
<pin_list>
<pin id="1668" dir="0" index="0" bw="4" slack="0"/>
<pin id="1669" dir="0" index="1" bw="8" slack="1"/>
<pin id="1670" dir="1" index="2" bw="8" slack="0"/>
</pin_list>
<bind>
<opcode="sub(10) " fcode="sub"/>
<opset="sub_ln964_1/22 "/>
</bind>
</comp>

<comp id="1672" class="1004" name="add_ln964_1_fu_1672">
<pin_list>
<pin id="1673" dir="0" index="0" bw="8" slack="0"/>
<pin id="1674" dir="0" index="1" bw="8" slack="0"/>
<pin id="1675" dir="1" index="2" bw="8" slack="0"/>
</pin_list>
<bind>
<opcode="add(8) " fcode="add"/>
<opset="add_ln964_1/22 "/>
</bind>
</comp>

<comp id="1678" class="1004" name="tmp_4_fu_1678">
<pin_list>
<pin id="1679" dir="0" index="0" bw="9" slack="0"/>
<pin id="1680" dir="0" index="1" bw="1" slack="1"/>
<pin id="1681" dir="0" index="2" bw="8" slack="0"/>
<pin id="1682" dir="1" index="3" bw="9" slack="0"/>
</pin_list>
<bind>
<opcode="bitconcatenate(1004) " fcode="bitconcatenate"/>
<opset="tmp_4/22 "/>
</bind>
</comp>

<comp id="1685" class="1004" name="p_Result_26_fu_1685">
<pin_list>
<pin id="1686" dir="0" index="0" bw="64" slack="0"/>
<pin id="1687" dir="0" index="1" bw="63" slack="0"/>
<pin id="1688" dir="0" index="2" bw="9" slack="0"/>
<pin id="1689" dir="0" index="3" bw="6" slack="0"/>
<pin id="1690" dir="0" index="4" bw="6" slack="0"/>
<pin id="1691" dir="1" index="5" bw="64" slack="0"/>
</pin_list>
<bind>
<opcode="partset(1003) " fcode="partset"/>
<opset="p_Result_26/22 "/>
</bind>
</comp>

<comp id="1697" class="1004" name="trunc_ln738_1_fu_1697">
<pin_list>
<pin id="1698" dir="0" index="0" bw="64" slack="0"/>
<pin id="1699" dir="1" index="1" bw="32" slack="0"/>
</pin_list>
<bind>
<opcode="trunc(33) " fcode="trunc"/>
<opset="trunc_ln738_1/22 "/>
</bind>
</comp>

<comp id="1701" class="1004" name="bitcast_ln739_1_fu_1701">
<pin_list>
<pin id="1702" dir="0" index="0" bw="32" slack="0"/>
<pin id="1703" dir="1" index="1" bw="32" slack="0"/>
</pin_list>
<bind>
<opcode="bitcast(44) " fcode="bitcast"/>
<opset="bitcast_ln739_1/22 "/>
</bind>
</comp>

<comp id="1706" class="1004" name="j_5_fu_1706">
<pin_list>
<pin id="1707" dir="0" index="0" bw="1" slack="0"/>
<pin id="1708" dir="0" index="1" bw="4" slack="2"/>
<pin id="1709" dir="1" index="2" bw="4" slack="1"/>
</pin_list>
<bind>
<opcode="add(8) " fcode="add"/>
<opset="j_5/22 "/>
</bind>
</comp>

<comp id="1712" class="1004" name="bitcast_ln111_fu_1712">
<pin_list>
<pin id="1713" dir="0" index="0" bw="32" slack="0"/>
<pin id="1714" dir="1" index="1" bw="32" slack="0"/>
</pin_list>
<bind>
<opcode="bitcast(44) " fcode="bitcast"/>
<opset="bitcast_ln111/23 "/>
</bind>
</comp>

<comp id="1716" class="1004" name="tmp_1_fu_1716">
<pin_list>
<pin id="1717" dir="0" index="0" bw="8" slack="0"/>
<pin id="1718" dir="0" index="1" bw="32" slack="0"/>
<pin id="1719" dir="0" index="2" bw="6" slack="0"/>
<pin id="1720" dir="0" index="3" bw="6" slack="0"/>
<pin id="1721" dir="1" index="4" bw="8" slack="0"/>
</pin_list>
<bind>
<opcode="partselect(1002) " fcode="partselect"/>
<opset="tmp_1/23 "/>
</bind>
</comp>

<comp id="1726" class="1004" name="trunc_ln111_fu_1726">
<pin_list>
<pin id="1727" dir="0" index="0" bw="32" slack="0"/>
<pin id="1728" dir="1" index="1" bw="23" slack="0"/>
</pin_list>
<bind>
<opcode="trunc(33) " fcode="trunc"/>
<opset="trunc_ln111/23 "/>
</bind>
</comp>

<comp id="1730" class="1004" name="icmp_ln111_fu_1730">
<pin_list>
<pin id="1731" dir="0" index="0" bw="8" slack="0"/>
<pin id="1732" dir="0" index="1" bw="1" slack="0"/>
<pin id="1733" dir="1" index="2" bw="1" slack="1"/>
</pin_list>
<bind>
<opcode="icmp(45) " fcode="icmp"/>
<opset="icmp_ln111/23 "/>
</bind>
</comp>

<comp id="1736" class="1004" name="icmp_ln111_1_fu_1736">
<pin_list>
<pin id="1737" dir="0" index="0" bw="23" slack="0"/>
<pin id="1738" dir="0" index="1" bw="1" slack="0"/>
<pin id="1739" dir="1" index="2" bw="1" slack="1"/>
</pin_list>
<bind>
<opcode="icmp(45) " fcode="icmp"/>
<opset="icmp_ln111_1/23 "/>
</bind>
</comp>

<comp id="1742" class="1004" name="p_Result_27_fu_1742">
<pin_list>
<pin id="1743" dir="0" index="0" bw="1" slack="0"/>
<pin id="1744" dir="0" index="1" bw="20" slack="2"/>
<pin id="1745" dir="0" index="2" bw="6" slack="0"/>
<pin id="1746" dir="1" index="3" bw="1" slack="0"/>
</pin_list>
<bind>
<opcode="bitselect(1000) " fcode="bitselect"/>
<opset="p_Result_27/23 "/>
</bind>
</comp>

<comp id="1749" class="1004" name="tmp_V_7_fu_1749">
<pin_list>
<pin id="1750" dir="0" index="0" bw="1" slack="0"/>
<pin id="1751" dir="0" index="1" bw="20" slack="2"/>
<pin id="1752" dir="1" index="2" bw="20" slack="0"/>
</pin_list>
<bind>
<opcode="sub(10) " fcode="sub"/>
<opset="tmp_V_7/23 "/>
</bind>
</comp>

<comp id="1754" class="1004" name="tmp_V_13_fu_1754">
<pin_list>
<pin id="1755" dir="0" index="0" bw="1" slack="0"/>
<pin id="1756" dir="0" index="1" bw="20" slack="0"/>
<pin id="1757" dir="0" index="2" bw="20" slack="2"/>
<pin id="1758" dir="1" index="3" bw="20" slack="0"/>
</pin_list>
<bind>
<opcode="select(49) " fcode="select"/>
<opset="tmp_V_13/23 "/>
</bind>
</comp>

<comp id="1761" class="1004" name="p_Result_16_fu_1761">
<pin_list>
<pin id="1762" dir="0" index="0" bw="20" slack="0"/>
<pin id="1763" dir="0" index="1" bw="20" slack="0"/>
<pin id="1764" dir="0" index="2" bw="6" slack="0"/>
<pin id="1765" dir="0" index="3" bw="1" slack="0"/>
<pin id="1766" dir="1" index="4" bw="20" slack="0"/>
</pin_list>
<bind>
<opcode="partselect(1002) " fcode="partselect"/>
<opset="p_Result_16/23 "/>
</bind>
</comp>

<comp id="1771" class="1004" name="p_Result_28_fu_1771">
<pin_list>
<pin id="1772" dir="0" index="0" bw="32" slack="0"/>
<pin id="1773" dir="0" index="1" bw="1" slack="0"/>
<pin id="1774" dir="0" index="2" bw="20" slack="0"/>
<pin id="1775" dir="1" index="3" bw="32" slack="0"/>
</pin_list>
<bind>
<opcode="bitconcatenate(1004) " fcode="bitconcatenate"/>
<opset="p_Result_28/23 "/>
</bind>
</comp>

<comp id="1779" class="1004" name="l_2_fu_1779">
<pin_list>
<pin id="1780" dir="0" index="0" bw="32" slack="0"/>
<pin id="1781" dir="0" index="1" bw="32" slack="0"/>
<pin id="1782" dir="0" index="2" bw="1" slack="0"/>
<pin id="1783" dir="1" index="3" bw="32" slack="0"/>
</pin_list>
<bind>
<opcode="cttz(524) " fcode="cttz"/>
<opset="l_2/23 "/>
</bind>
</comp>

<comp id="1787" class="1004" name="sub_ln944_2_fu_1787">
<pin_list>
<pin id="1788" dir="0" index="0" bw="6" slack="0"/>
<pin id="1789" dir="0" index="1" bw="32" slack="0"/>
<pin id="1790" dir="1" index="2" bw="32" slack="0"/>
</pin_list>
<bind>
<opcode="sub(10) " fcode="sub"/>
<opset="sub_ln944_2/23 "/>
</bind>
</comp>

<comp id="1793" class="1004" name="trunc_ln944_2_fu_1793">
<pin_list>
<pin id="1794" dir="0" index="0" bw="32" slack="0"/>
<pin id="1795" dir="1" index="1" bw="20" slack="0"/>
</pin_list>
<bind>
<opcode="trunc(33) " fcode="trunc"/>
<opset="trunc_ln944_2/23 "/>
</bind>
</comp>

<comp id="1797" class="1004" name="lsb_index_2_fu_1797">
<pin_list>
<pin id="1798" dir="0" index="0" bw="6" slack="0"/>
<pin id="1799" dir="0" index="1" bw="32" slack="0"/>
<pin id="1800" dir="1" index="2" bw="32" slack="0"/>
</pin_list>
<bind>
<opcode="add(8) " fcode="add"/>
<opset="lsb_index_2/23 "/>
</bind>
</comp>

<comp id="1803" class="1004" name="tmp_22_fu_1803">
<pin_list>
<pin id="1804" dir="0" index="0" bw="31" slack="0"/>
<pin id="1805" dir="0" index="1" bw="32" slack="0"/>
<pin id="1806" dir="0" index="2" bw="1" slack="0"/>
<pin id="1807" dir="0" index="3" bw="6" slack="0"/>
<pin id="1808" dir="1" index="4" bw="31" slack="0"/>
</pin_list>
<bind>
<opcode="partselect(1002) " fcode="partselect"/>
<opset="tmp_22/23 "/>
</bind>
</comp>

<comp id="1813" class="1004" name="icmp_ln947_4_fu_1813">
<pin_list>
<pin id="1814" dir="0" index="0" bw="31" slack="0"/>
<pin id="1815" dir="0" index="1" bw="1" slack="0"/>
<pin id="1816" dir="1" index="2" bw="1" slack="0"/>
</pin_list>
<bind>
<opcode="icmp(45) " fcode="icmp"/>
<opset="icmp_ln947_4/23 "/>
</bind>
</comp>

<comp id="1819" class="1004" name="trunc_ln947_2_fu_1819">
<pin_list>
<pin id="1820" dir="0" index="0" bw="32" slack="0"/>
<pin id="1821" dir="1" index="1" bw="5" slack="0"/>
</pin_list>
<bind>
<opcode="trunc(33) " fcode="trunc"/>
<opset="trunc_ln947_2/23 "/>
</bind>
</comp>

<comp id="1823" class="1004" name="sub_ln947_2_fu_1823">
<pin_list>
<pin id="1824" dir="0" index="0" bw="5" slack="0"/>
<pin id="1825" dir="0" index="1" bw="5" slack="0"/>
<pin id="1826" dir="1" index="2" bw="5" slack="0"/>
</pin_list>
<bind>
<opcode="sub(10) " fcode="sub"/>
<opset="sub_ln947_2/23 "/>
</bind>
</comp>

<comp id="1829" class="1004" name="zext_ln947_2_fu_1829">
<pin_list>
<pin id="1830" dir="0" index="0" bw="5" slack="0"/>
<pin id="1831" dir="1" index="1" bw="20" slack="0"/>
</pin_list>
<bind>
<opcode="zext(34) " fcode="zext"/>
<opset="zext_ln947_2/23 "/>
</bind>
</comp>

<comp id="1833" class="1004" name="lshr_ln947_2_fu_1833">
<pin_list>
<pin id="1834" dir="0" index="0" bw="1" slack="0"/>
<pin id="1835" dir="0" index="1" bw="5" slack="0"/>
<pin id="1836" dir="1" index="2" bw="20" slack="0"/>
</pin_list>
<bind>
<opcode="lshr(21) " fcode="lshr"/>
<opset="lshr_ln947_2/23 "/>
</bind>
</comp>

<comp id="1839" class="1004" name="p_Result_18_fu_1839">
<pin_list>
<pin id="1840" dir="0" index="0" bw="20" slack="0"/>
<pin id="1841" dir="0" index="1" bw="20" slack="0"/>
<pin id="1842" dir="1" index="2" bw="20" slack="0"/>
</pin_list>
<bind>
<opcode="and(23) " fcode="and"/>
<opset="p_Result_18/23 "/>
</bind>
</comp>

<comp id="1845" class="1004" name="icmp_ln947_5_fu_1845">
<pin_list>
<pin id="1846" dir="0" index="0" bw="20" slack="0"/>
<pin id="1847" dir="0" index="1" bw="1" slack="0"/>
<pin id="1848" dir="1" index="2" bw="1" slack="0"/>
</pin_list>
<bind>
<opcode="icmp(45) " fcode="icmp"/>
<opset="icmp_ln947_5/23 "/>
</bind>
</comp>

<comp id="1851" class="1004" name="a_2_fu_1851">
<pin_list>
<pin id="1852" dir="0" index="0" bw="1" slack="0"/>
<pin id="1853" dir="0" index="1" bw="1" slack="0"/>
<pin id="1854" dir="1" index="2" bw="1" slack="0"/>
</pin_list>
<bind>
<opcode="and(23) " fcode="and"/>
<opset="a_2/23 "/>
</bind>
</comp>

<comp id="1857" class="1004" name="tmp_23_fu_1857">
<pin_list>
<pin id="1858" dir="0" index="0" bw="1" slack="0"/>
<pin id="1859" dir="0" index="1" bw="32" slack="0"/>
<pin id="1860" dir="0" index="2" bw="6" slack="0"/>
<pin id="1861" dir="1" index="3" bw="1" slack="0"/>
</pin_list>
<bind>
<opcode="bitselect(1000) " fcode="bitselect"/>
<opset="tmp_23/23 "/>
</bind>
</comp>

<comp id="1865" class="1004" name="xor_ln949_2_fu_1865">
<pin_list>
<pin id="1866" dir="0" index="0" bw="1" slack="0"/>
<pin id="1867" dir="0" index="1" bw="1" slack="0"/>
<pin id="1868" dir="1" index="2" bw="1" slack="0"/>
</pin_list>
<bind>
<opcode="xor(25) " fcode="xor"/>
<opset="xor_ln949_2/23 "/>
</bind>
</comp>

<comp id="1871" class="1004" name="add_ln949_2_fu_1871">
<pin_list>
<pin id="1872" dir="0" index="0" bw="6" slack="0"/>
<pin id="1873" dir="0" index="1" bw="20" slack="0"/>
<pin id="1874" dir="1" index="2" bw="20" slack="0"/>
</pin_list>
<bind>
<opcode="add(8) " fcode="add"/>
<opset="add_ln949_2/23 "/>
</bind>
</comp>

<comp id="1877" class="1004" name="p_Result_19_fu_1877">
<pin_list>
<pin id="1878" dir="0" index="0" bw="1" slack="0"/>
<pin id="1879" dir="0" index="1" bw="20" slack="0"/>
<pin id="1880" dir="0" index="2" bw="20" slack="0"/>
<pin id="1881" dir="1" index="3" bw="1" slack="0"/>
</pin_list>
<bind>
<opcode="bitselect(1000) " fcode="bitselect"/>
<opset="p_Result_19/23 "/>
</bind>
</comp>

<comp id="1885" class="1004" name="and_ln949_2_fu_1885">
<pin_list>
<pin id="1886" dir="0" index="0" bw="1" slack="0"/>
<pin id="1887" dir="0" index="1" bw="1" slack="0"/>
<pin id="1888" dir="1" index="2" bw="1" slack="0"/>
</pin_list>
<bind>
<opcode="and(23) " fcode="and"/>
<opset="and_ln949_2/23 "/>
</bind>
</comp>

<comp id="1891" class="1004" name="or_ln949_3_fu_1891">
<pin_list>
<pin id="1892" dir="0" index="0" bw="1" slack="0"/>
<pin id="1893" dir="0" index="1" bw="1" slack="0"/>
<pin id="1894" dir="1" index="2" bw="1" slack="0"/>
</pin_list>
<bind>
<opcode="or(24) " fcode="or"/>
<opset="or_ln949_3/23 "/>
</bind>
</comp>

<comp id="1897" class="1004" name="or_ln949_4_fu_1897">
<pin_list>
<pin id="1898" dir="0" index="0" bw="32" slack="0"/>
<pin id="1899" dir="0" index="1" bw="1" slack="0"/>
<pin id="1900" dir="0" index="2" bw="1" slack="0"/>
<pin id="1901" dir="1" index="3" bw="32" slack="1"/>
</pin_list>
<bind>
<opcode="bitconcatenate(1004) " fcode="bitconcatenate"/>
<opset="or_ln949_4/23 "/>
</bind>
</comp>

<comp id="1905" class="1004" name="icmp_ln958_2_fu_1905">
<pin_list>
<pin id="1906" dir="0" index="0" bw="32" slack="0"/>
<pin id="1907" dir="0" index="1" bw="1" slack="0"/>
<pin id="1908" dir="1" index="2" bw="1" slack="1"/>
</pin_list>
<bind>
<opcode="icmp(45) " fcode="icmp"/>
<opset="icmp_ln958_2/23 "/>
</bind>
</comp>

<comp id="1911" class="1004" name="trunc_ln943_2_fu_1911">
<pin_list>
<pin id="1912" dir="0" index="0" bw="32" slack="0"/>
<pin id="1913" dir="1" index="1" bw="8" slack="1"/>
</pin_list>
<bind>
<opcode="trunc(33) " fcode="trunc"/>
<opset="trunc_ln943_2/23 "/>
</bind>
</comp>

<comp id="1915" class="1004" name="bitcast_ln111_1_fu_1915">
<pin_list>
<pin id="1916" dir="0" index="0" bw="32" slack="4"/>
<pin id="1917" dir="1" index="1" bw="32" slack="0"/>
</pin_list>
<bind>
<opcode="bitcast(44) " fcode="bitcast"/>
<opset="bitcast_ln111_1/24 "/>
</bind>
</comp>

<comp id="1919" class="1004" name="tmp_3_fu_1919">
<pin_list>
<pin id="1920" dir="0" index="0" bw="8" slack="0"/>
<pin id="1921" dir="0" index="1" bw="32" slack="0"/>
<pin id="1922" dir="0" index="2" bw="6" slack="0"/>
<pin id="1923" dir="0" index="3" bw="6" slack="0"/>
<pin id="1924" dir="1" index="4" bw="8" slack="0"/>
</pin_list>
<bind>
<opcode="partselect(1002) " fcode="partselect"/>
<opset="tmp_3/24 "/>
</bind>
</comp>

<comp id="1929" class="1004" name="trunc_ln111_1_fu_1929">
<pin_list>
<pin id="1930" dir="0" index="0" bw="32" slack="0"/>
<pin id="1931" dir="1" index="1" bw="23" slack="0"/>
</pin_list>
<bind>
<opcode="trunc(33) " fcode="trunc"/>
<opset="trunc_ln111_1/24 "/>
</bind>
</comp>

<comp id="1933" class="1004" name="or_ln111_1_fu_1933">
<pin_list>
<pin id="1934" dir="0" index="0" bw="1" slack="1"/>
<pin id="1935" dir="0" index="1" bw="1" slack="1"/>
<pin id="1936" dir="1" index="2" bw="1" slack="0"/>
</pin_list>
<bind>
<opcode="or(24) " fcode="or"/>
<opset="or_ln111_1/24 "/>
</bind>
</comp>

<comp id="1937" class="1004" name="icmp_ln111_2_fu_1937">
<pin_list>
<pin id="1938" dir="0" index="0" bw="8" slack="0"/>
<pin id="1939" dir="0" index="1" bw="1" slack="0"/>
<pin id="1940" dir="1" index="2" bw="1" slack="0"/>
</pin_list>
<bind>
<opcode="icmp(45) " fcode="icmp"/>
<opset="icmp_ln111_2/24 "/>
</bind>
</comp>

<comp id="1943" class="1004" name="icmp_ln111_3_fu_1943">
<pin_list>
<pin id="1944" dir="0" index="0" bw="23" slack="0"/>
<pin id="1945" dir="0" index="1" bw="1" slack="0"/>
<pin id="1946" dir="1" index="2" bw="1" slack="0"/>
</pin_list>
<bind>
<opcode="icmp(45) " fcode="icmp"/>
<opset="icmp_ln111_3/24 "/>
</bind>
</comp>

<comp id="1949" class="1004" name="or_ln111_2_fu_1949">
<pin_list>
<pin id="1950" dir="0" index="0" bw="1" slack="0"/>
<pin id="1951" dir="0" index="1" bw="1" slack="0"/>
<pin id="1952" dir="1" index="2" bw="1" slack="0"/>
</pin_list>
<bind>
<opcode="or(24) " fcode="or"/>
<opset="or_ln111_2/24 "/>
</bind>
</comp>

<comp id="1955" class="1004" name="and_ln111_fu_1955">
<pin_list>
<pin id="1956" dir="0" index="0" bw="1" slack="0"/>
<pin id="1957" dir="0" index="1" bw="1" slack="0"/>
<pin id="1958" dir="1" index="2" bw="1" slack="0"/>
</pin_list>
<bind>
<opcode="and(23) " fcode="and"/>
<opset="and_ln111/24 "/>
</bind>
</comp>

<comp id="1961" class="1004" name="and_ln111_1_fu_1961">
<pin_list>
<pin id="1962" dir="0" index="0" bw="1" slack="0"/>
<pin id="1963" dir="0" index="1" bw="1" slack="0"/>
<pin id="1964" dir="1" index="2" bw="1" slack="0"/>
</pin_list>
<bind>
<opcode="and(23) " fcode="and"/>
<opset="and_ln111_1/24 "/>
</bind>
</comp>

<comp id="1967" class="1004" name="xor_ln111_fu_1967">
<pin_list>
<pin id="1968" dir="0" index="0" bw="1" slack="0"/>
<pin id="1969" dir="0" index="1" bw="1" slack="0"/>
<pin id="1970" dir="1" index="2" bw="1" slack="0"/>
</pin_list>
<bind>
<opcode="xor(25) " fcode="xor"/>
<opset="xor_ln111/24 "/>
</bind>
</comp>

<comp id="1973" class="1004" name="or_ln111_fu_1973">
<pin_list>
<pin id="1974" dir="0" index="0" bw="1" slack="3"/>
<pin id="1975" dir="0" index="1" bw="1" slack="0"/>
<pin id="1976" dir="1" index="2" bw="1" slack="0"/>
</pin_list>
<bind>
<opcode="or(24) " fcode="or"/>
<opset="or_ln111/24 "/>
</bind>
</comp>

<comp id="1978" class="1004" name="select_ln111_fu_1978">
<pin_list>
<pin id="1979" dir="0" index="0" bw="1" slack="0"/>
<pin id="1980" dir="0" index="1" bw="32" slack="0"/>
<pin id="1981" dir="0" index="2" bw="32" slack="4"/>
<pin id="1982" dir="1" index="3" bw="32" slack="0"/>
</pin_list>
<bind>
<opcode="select(49) " fcode="select"/>
<opset="select_ln111/24 "/>
</bind>
</comp>

<comp id="1986" class="1004" name="m_21_fu_1986">
<pin_list>
<pin id="1987" dir="0" index="0" bw="20" slack="1"/>
<pin id="1988" dir="1" index="1" bw="64" slack="0"/>
</pin_list>
<bind>
<opcode="zext(34) " fcode="zext"/>
<opset="m_21/24 "/>
</bind>
</comp>

<comp id="1989" class="1004" name="zext_ln957_3_fu_1989">
<pin_list>
<pin id="1990" dir="0" index="0" bw="20" slack="1"/>
<pin id="1991" dir="1" index="1" bw="32" slack="0"/>
</pin_list>
<bind>
<opcode="zext(34) " fcode="zext"/>
<opset="zext_ln957_3/24 "/>
</bind>
</comp>

<comp id="1992" class="1004" name="add_ln958_2_fu_1992">
<pin_list>
<pin id="1993" dir="0" index="0" bw="6" slack="0"/>
<pin id="1994" dir="0" index="1" bw="32" slack="1"/>
<pin id="1995" dir="1" index="2" bw="32" slack="0"/>
</pin_list>
<bind>
<opcode="add(8) " fcode="add"/>
<opset="add_ln958_2/24 "/>
</bind>
</comp>

<comp id="1997" class="1004" name="lshr_ln958_2_fu_1997">
<pin_list>
<pin id="1998" dir="0" index="0" bw="20" slack="0"/>
<pin id="1999" dir="0" index="1" bw="32" slack="0"/>
<pin id="2000" dir="1" index="2" bw="32" slack="0"/>
</pin_list>
<bind>
<opcode="lshr(21) " fcode="lshr"/>
<opset="lshr_ln958_2/24 "/>
</bind>
</comp>

<comp id="2003" class="1004" name="zext_ln958_4_fu_2003">
<pin_list>
<pin id="2004" dir="0" index="0" bw="32" slack="0"/>
<pin id="2005" dir="1" index="1" bw="64" slack="0"/>
</pin_list>
<bind>
<opcode="zext(34) " fcode="zext"/>
<opset="zext_ln958_4/24 "/>
</bind>
</comp>

<comp id="2007" class="1004" name="sub_ln958_2_fu_2007">
<pin_list>
<pin id="2008" dir="0" index="0" bw="6" slack="0"/>
<pin id="2009" dir="0" index="1" bw="32" slack="1"/>
<pin id="2010" dir="1" index="2" bw="32" slack="0"/>
</pin_list>
<bind>
<opcode="sub(10) " fcode="sub"/>
<opset="sub_ln958_2/24 "/>
</bind>
</comp>

<comp id="2012" class="1004" name="zext_ln958_5_fu_2012">
<pin_list>
<pin id="2013" dir="0" index="0" bw="32" slack="0"/>
<pin id="2014" dir="1" index="1" bw="64" slack="0"/>
</pin_list>
<bind>
<opcode="zext(34) " fcode="zext"/>
<opset="zext_ln958_5/24 "/>
</bind>
</comp>

<comp id="2016" class="1004" name="shl_ln958_2_fu_2016">
<pin_list>
<pin id="2017" dir="0" index="0" bw="20" slack="0"/>
<pin id="2018" dir="0" index="1" bw="32" slack="0"/>
<pin id="2019" dir="1" index="2" bw="64" slack="0"/>
</pin_list>
<bind>
<opcode="shl(20) " fcode="shl"/>
<opset="shl_ln958_2/24 "/>
</bind>
</comp>

<comp id="2022" class="1004" name="m_22_fu_2022">
<pin_list>
<pin id="2023" dir="0" index="0" bw="1" slack="1"/>
<pin id="2024" dir="0" index="1" bw="32" slack="0"/>
<pin id="2025" dir="0" index="2" bw="64" slack="0"/>
<pin id="2026" dir="1" index="3" bw="64" slack="0"/>
</pin_list>
<bind>
<opcode="select(49) " fcode="select"/>
<opset="m_22/24 "/>
</bind>
</comp>

<comp id="2029" class="1004" name="zext_ln961_2_fu_2029">
<pin_list>
<pin id="2030" dir="0" index="0" bw="32" slack="1"/>
<pin id="2031" dir="1" index="1" bw="64" slack="0"/>
</pin_list>
<bind>
<opcode="zext(34) " fcode="zext"/>
<opset="zext_ln961_2/24 "/>
</bind>
</comp>

<comp id="2032" class="1004" name="m_23_fu_2032">
<pin_list>
<pin id="2033" dir="0" index="0" bw="64" slack="0"/>
<pin id="2034" dir="0" index="1" bw="32" slack="0"/>
<pin id="2035" dir="1" index="2" bw="64" slack="0"/>
</pin_list>
<bind>
<opcode="add(8) " fcode="add"/>
<opset="m_23/24 "/>
</bind>
</comp>

<comp id="2038" class="1004" name="m_4_fu_2038">
<pin_list>
<pin id="2039" dir="0" index="0" bw="63" slack="0"/>
<pin id="2040" dir="0" index="1" bw="64" slack="0"/>
<pin id="2041" dir="0" index="2" bw="1" slack="0"/>
<pin id="2042" dir="0" index="3" bw="7" slack="0"/>
<pin id="2043" dir="1" index="4" bw="63" slack="0"/>
</pin_list>
<bind>
<opcode="partselect(1002) " fcode="partselect"/>
<opset="m_4/24 "/>
</bind>
</comp>

<comp id="2048" class="1004" name="m_28_fu_2048">
<pin_list>
<pin id="2049" dir="0" index="0" bw="63" slack="0"/>
<pin id="2050" dir="1" index="1" bw="64" slack="0"/>
</pin_list>
<bind>
<opcode="zext(34) " fcode="zext"/>
<opset="m_28/24 "/>
</bind>
</comp>

<comp id="2052" class="1004" name="tmp_24_fu_2052">
<pin_list>
<pin id="2053" dir="0" index="0" bw="1" slack="0"/>
<pin id="2054" dir="0" index="1" bw="64" slack="0"/>
<pin id="2055" dir="0" index="2" bw="6" slack="0"/>
<pin id="2056" dir="1" index="3" bw="1" slack="0"/>
</pin_list>
<bind>
<opcode="bitselect(1000) " fcode="bitselect"/>
<opset="tmp_24/24 "/>
</bind>
</comp>

<comp id="2060" class="1004" name="select_ln964_2_fu_2060">
<pin_list>
<pin id="2061" dir="0" index="0" bw="1" slack="0"/>
<pin id="2062" dir="0" index="1" bw="8" slack="0"/>
<pin id="2063" dir="0" index="2" bw="8" slack="0"/>
<pin id="2064" dir="1" index="3" bw="8" slack="0"/>
</pin_list>
<bind>
<opcode="select(49) " fcode="select"/>
<opset="select_ln964_2/24 "/>
</bind>
</comp>

<comp id="2068" class="1004" name="sub_ln964_2_fu_2068">
<pin_list>
<pin id="2069" dir="0" index="0" bw="4" slack="0"/>
<pin id="2070" dir="0" index="1" bw="8" slack="1"/>
<pin id="2071" dir="1" index="2" bw="8" slack="0"/>
</pin_list>
<bind>
<opcode="sub(10) " fcode="sub"/>
<opset="sub_ln964_2/24 "/>
</bind>
</comp>

<comp id="2073" class="1004" name="add_ln964_2_fu_2073">
<pin_list>
<pin id="2074" dir="0" index="0" bw="8" slack="0"/>
<pin id="2075" dir="0" index="1" bw="8" slack="0"/>
<pin id="2076" dir="1" index="2" bw="8" slack="0"/>
</pin_list>
<bind>
<opcode="add(8) " fcode="add"/>
<opset="add_ln964_2/24 "/>
</bind>
</comp>

<comp id="2079" class="1004" name="tmp_6_fu_2079">
<pin_list>
<pin id="2080" dir="0" index="0" bw="9" slack="0"/>
<pin id="2081" dir="0" index="1" bw="1" slack="1"/>
<pin id="2082" dir="0" index="2" bw="8" slack="0"/>
<pin id="2083" dir="1" index="3" bw="9" slack="0"/>
</pin_list>
<bind>
<opcode="bitconcatenate(1004) " fcode="bitconcatenate"/>
<opset="tmp_6/24 "/>
</bind>
</comp>

<comp id="2086" class="1004" name="p_Result_29_fu_2086">
<pin_list>
<pin id="2087" dir="0" index="0" bw="64" slack="0"/>
<pin id="2088" dir="0" index="1" bw="63" slack="0"/>
<pin id="2089" dir="0" index="2" bw="9" slack="0"/>
<pin id="2090" dir="0" index="3" bw="6" slack="0"/>
<pin id="2091" dir="0" index="4" bw="6" slack="0"/>
<pin id="2092" dir="1" index="5" bw="64" slack="0"/>
</pin_list>
<bind>
<opcode="partset(1003) " fcode="partset"/>
<opset="p_Result_29/24 "/>
</bind>
</comp>

<comp id="2098" class="1004" name="trunc_ln738_2_fu_2098">
<pin_list>
<pin id="2099" dir="0" index="0" bw="64" slack="0"/>
<pin id="2100" dir="1" index="1" bw="32" slack="0"/>
</pin_list>
<bind>
<opcode="trunc(33) " fcode="trunc"/>
<opset="trunc_ln738_2/24 "/>
</bind>
</comp>

<comp id="2102" class="1004" name="bitcast_ln739_2_fu_2102">
<pin_list>
<pin id="2103" dir="0" index="0" bw="32" slack="0"/>
<pin id="2104" dir="1" index="1" bw="32" slack="0"/>
</pin_list>
<bind>
<opcode="bitcast(44) " fcode="bitcast"/>
<opset="bitcast_ln739_2/24 "/>
</bind>
</comp>

<comp id="2106" class="1004" name="select_ln111_1_fu_2106">
<pin_list>
<pin id="2107" dir="0" index="0" bw="1" slack="0"/>
<pin id="2108" dir="0" index="1" bw="32" slack="0"/>
<pin id="2109" dir="0" index="2" bw="32" slack="0"/>
<pin id="2110" dir="1" index="3" bw="32" slack="1"/>
</pin_list>
<bind>
<opcode="select(49) " fcode="select"/>
<opset="select_ln111_1/24 "/>
</bind>
</comp>

<comp id="2114" class="1004" name="icmp_ln118_fu_2114">
<pin_list>
<pin id="2115" dir="0" index="0" bw="4" slack="0"/>
<pin id="2116" dir="0" index="1" bw="4" slack="0"/>
<pin id="2117" dir="1" index="2" bw="1" slack="2147483647"/>
</pin_list>
<bind>
<opcode="icmp(45) " fcode="icmp"/>
<opset="icmp_ln118/25 "/>
</bind>
</comp>

<comp id="2120" class="1004" name="j_4_fu_2120">
<pin_list>
<pin id="2121" dir="0" index="0" bw="4" slack="0"/>
<pin id="2122" dir="0" index="1" bw="1" slack="0"/>
<pin id="2123" dir="1" index="2" bw="4" slack="0"/>
</pin_list>
<bind>
<opcode="add(8) " fcode="add"/>
<opset="j_4/25 "/>
</bind>
</comp>

<comp id="2126" class="1004" name="zext_ln119_fu_2126">
<pin_list>
<pin id="2127" dir="0" index="0" bw="4" slack="0"/>
<pin id="2128" dir="1" index="1" bw="64" slack="0"/>
</pin_list>
<bind>
<opcode="zext(34) " fcode="zext"/>
<opset="zext_ln119/25 "/>
</bind>
</comp>

<comp id="2131" class="1004" name="icmp_ln124_fu_2131">
<pin_list>
<pin id="2132" dir="0" index="0" bw="4" slack="0"/>
<pin id="2133" dir="0" index="1" bw="4" slack="0"/>
<pin id="2134" dir="1" index="2" bw="1" slack="2147483647"/>
</pin_list>
<bind>
<opcode="icmp(45) " fcode="icmp"/>
<opset="icmp_ln124/42 "/>
</bind>
</comp>

<comp id="2137" class="1004" name="j_6_fu_2137">
<pin_list>
<pin id="2138" dir="0" index="0" bw="4" slack="0"/>
<pin id="2139" dir="0" index="1" bw="1" slack="0"/>
<pin id="2140" dir="1" index="2" bw="4" slack="0"/>
</pin_list>
<bind>
<opcode="add(8) " fcode="add"/>
<opset="j_6/42 "/>
</bind>
</comp>

<comp id="2143" class="1004" name="zext_ln125_fu_2143">
<pin_list>
<pin id="2144" dir="0" index="0" bw="4" slack="0"/>
<pin id="2145" dir="1" index="1" bw="64" slack="0"/>
</pin_list>
<bind>
<opcode="zext(34) " fcode="zext"/>
<opset="zext_ln125/42 "/>
</bind>
</comp>

<comp id="2148" class="1007" name="grp_fu_2148">
<pin_list>
<pin id="2149" dir="0" index="0" bw="20" slack="0"/>
<pin id="2150" dir="0" index="1" bw="16" slack="0"/>
<pin id="2151" dir="0" index="2" bw="34" slack="0"/>
<pin id="2152" dir="1" index="3" bw="34" slack="0"/>
</pin_list>
<bind>
<opcode="muladd(1172) " fcode="muladd"/>
<opset="mul_ln1192/5 ret_V/5 "/>
</bind>
</comp>

<comp id="2157" class="1007" name="grp_fu_2157">
<pin_list>
<pin id="2158" dir="0" index="0" bw="19" slack="0"/>
<pin id="2159" dir="0" index="1" bw="16" slack="0"/>
<pin id="2160" dir="0" index="2" bw="34" slack="0"/>
<pin id="2161" dir="1" index="3" bw="34" slack="0"/>
</pin_list>
<bind>
<opcode="muladd(1172) " fcode="muladd"/>
<opset="mul_ln1192_1/9 ret_V_1/9 "/>
</bind>
</comp>

<comp id="2166" class="1007" name="grp_fu_2166">
<pin_list>
<pin id="2167" dir="0" index="0" bw="19" slack="0"/>
<pin id="2168" dir="0" index="1" bw="16" slack="0"/>
<pin id="2169" dir="0" index="2" bw="34" slack="0"/>
<pin id="2170" dir="1" index="3" bw="34" slack="0"/>
</pin_list>
<bind>
<opcode="muladd(1172) " fcode="muladd"/>
<opset="mul_ln1192_2/13 ret_V_2/13 "/>
</bind>
</comp>

<comp id="2175" class="1007" name="grp_fu_2175">
<pin_list>
<pin id="2176" dir="0" index="0" bw="19" slack="0"/>
<pin id="2177" dir="0" index="1" bw="16" slack="0"/>
<pin id="2178" dir="0" index="2" bw="34" slack="0"/>
<pin id="2179" dir="1" index="3" bw="34" slack="0"/>
</pin_list>
<bind>
<opcode="muladd(1172) " fcode="muladd"/>
<opset="mul_ln1192_3/17 ret_V_3/17 "/>
</bind>
</comp>

<comp id="2184" class="1005" name="add_ln88_reg_2184">
<pin_list>
<pin id="2185" dir="0" index="0" bw="12" slack="0"/>
<pin id="2186" dir="1" index="1" bw="12" slack="0"/>
</pin_list>
<bind>
<opset="add_ln88 "/>
</bind>
</comp>

<comp id="2192" class="1005" name="j_reg_2192">
<pin_list>
<pin id="2193" dir="0" index="0" bw="3" slack="0"/>
<pin id="2194" dir="1" index="1" bw="3" slack="0"/>
</pin_list>
<bind>
<opset="j "/>
</bind>
</comp>

<comp id="2197" class="1005" name="zext_ln89_reg_2197">
<pin_list>
<pin id="2198" dir="0" index="0" bw="64" slack="2"/>
<pin id="2199" dir="1" index="1" bw="64" slack="2"/>
</pin_list>
<bind>
<opset="zext_ln89 "/>
</bind>
</comp>

<comp id="2202" class="1005" name="B1_V_addr_reg_2202">
<pin_list>
<pin id="2203" dir="0" index="0" bw="3" slack="1"/>
<pin id="2204" dir="1" index="1" bw="3" slack="1"/>
</pin_list>
<bind>
<opset="B1_V_addr "/>
</bind>
</comp>

<comp id="2207" class="1005" name="zext_ln89_1_reg_2207">
<pin_list>
<pin id="2208" dir="0" index="0" bw="20" slack="1"/>
<pin id="2209" dir="1" index="1" bw="20" slack="1"/>
</pin_list>
<bind>
<opset="zext_ln89_1 "/>
</bind>
</comp>

<comp id="2215" class="1005" name="i_reg_2215">
<pin_list>
<pin id="2216" dir="0" index="0" bw="10" slack="0"/>
<pin id="2217" dir="1" index="1" bw="10" slack="0"/>
</pin_list>
<bind>
<opset="i "/>
</bind>
</comp>

<comp id="2220" class="1005" name="W1_V_addr_reg_2220">
<pin_list>
<pin id="2221" dir="0" index="0" bw="12" slack="1"/>
<pin id="2222" dir="1" index="1" bw="12" slack="1"/>
</pin_list>
<bind>
<opset="W1_V_addr "/>
</bind>
</comp>

<comp id="2225" class="1005" name="input_V_addr_reg_2225">
<pin_list>
<pin id="2226" dir="0" index="0" bw="10" slack="1"/>
<pin id="2227" dir="1" index="1" bw="10" slack="1"/>
</pin_list>
<bind>
<opset="input_V_addr "/>
</bind>
</comp>

<comp id="2230" class="1005" name="acc_V_2_reg_2230">
<pin_list>
<pin id="2231" dir="0" index="0" bw="20" slack="1"/>
<pin id="2232" dir="1" index="1" bw="20" slack="1"/>
</pin_list>
<bind>
<opset="acc_V_2 "/>
</bind>
</comp>

<comp id="2238" class="1005" name="j_1_reg_2238">
<pin_list>
<pin id="2239" dir="0" index="0" bw="4" slack="0"/>
<pin id="2240" dir="1" index="1" bw="4" slack="0"/>
</pin_list>
<bind>
<opset="j_1 "/>
</bind>
</comp>

<comp id="2243" class="1005" name="zext_ln94_reg_2243">
<pin_list>
<pin id="2244" dir="0" index="0" bw="64" slack="2"/>
<pin id="2245" dir="1" index="1" bw="64" slack="2"/>
</pin_list>
<bind>
<opset="zext_ln94 "/>
</bind>
</comp>

<comp id="2248" class="1005" name="B2_V_addr_reg_2248">
<pin_list>
<pin id="2249" dir="0" index="0" bw="3" slack="1"/>
<pin id="2250" dir="1" index="1" bw="3" slack="1"/>
</pin_list>
<bind>
<opset="B2_V_addr "/>
</bind>
</comp>

<comp id="2253" class="1005" name="add_ln1117_reg_2253">
<pin_list>
<pin id="2254" dir="0" index="0" bw="7" slack="1"/>
<pin id="2255" dir="1" index="1" bw="7" slack="1"/>
</pin_list>
<bind>
<opset="add_ln1117 "/>
</bind>
</comp>

<comp id="2258" class="1005" name="sext_ln94_reg_2258">
<pin_list>
<pin id="2259" dir="0" index="0" bw="20" slack="1"/>
<pin id="2260" dir="1" index="1" bw="20" slack="1"/>
</pin_list>
<bind>
<opset="sext_ln94 "/>
</bind>
</comp>

<comp id="2266" class="1005" name="i_1_reg_2266">
<pin_list>
<pin id="2267" dir="0" index="0" bw="3" slack="0"/>
<pin id="2268" dir="1" index="1" bw="3" slack="0"/>
</pin_list>
<bind>
<opset="i_1 "/>
</bind>
</comp>

<comp id="2271" class="1005" name="W2_V_addr_reg_2271">
<pin_list>
<pin id="2272" dir="0" index="0" bw="6" slack="1"/>
<pin id="2273" dir="1" index="1" bw="6" slack="1"/>
</pin_list>
<bind>
<opset="W2_V_addr "/>
</bind>
</comp>

<comp id="2276" class="1005" name="a1_V_addr_1_reg_2276">
<pin_list>
<pin id="2277" dir="0" index="0" bw="3" slack="1"/>
<pin id="2278" dir="1" index="1" bw="3" slack="1"/>
</pin_list>
<bind>
<opset="a1_V_addr_1 "/>
</bind>
</comp>

<comp id="2281" class="1005" name="acc_V_4_reg_2281">
<pin_list>
<pin id="2282" dir="0" index="0" bw="20" slack="1"/>
<pin id="2283" dir="1" index="1" bw="20" slack="1"/>
</pin_list>
<bind>
<opset="acc_V_4 "/>
</bind>
</comp>

<comp id="2289" class="1005" name="j_2_reg_2289">
<pin_list>
<pin id="2290" dir="0" index="0" bw="4" slack="0"/>
<pin id="2291" dir="1" index="1" bw="4" slack="0"/>
</pin_list>
<bind>
<opset="j_2 "/>
</bind>
</comp>

<comp id="2294" class="1005" name="zext_ln99_reg_2294">
<pin_list>
<pin id="2295" dir="0" index="0" bw="64" slack="2"/>
<pin id="2296" dir="1" index="1" bw="64" slack="2"/>
</pin_list>
<bind>
<opset="zext_ln99 "/>
</bind>
</comp>

<comp id="2299" class="1005" name="B3_V_addr_reg_2299">
<pin_list>
<pin id="2300" dir="0" index="0" bw="3" slack="1"/>
<pin id="2301" dir="1" index="1" bw="3" slack="1"/>
</pin_list>
<bind>
<opset="B3_V_addr "/>
</bind>
</comp>

<comp id="2304" class="1005" name="zext_ln99_1_reg_2304">
<pin_list>
<pin id="2305" dir="0" index="0" bw="8" slack="1"/>
<pin id="2306" dir="1" index="1" bw="8" slack="1"/>
</pin_list>
<bind>
<opset="zext_ln99_1 "/>
</bind>
</comp>

<comp id="2309" class="1005" name="sext_ln99_reg_2309">
<pin_list>
<pin id="2310" dir="0" index="0" bw="20" slack="1"/>
<pin id="2311" dir="1" index="1" bw="20" slack="1"/>
</pin_list>
<bind>
<opset="sext_ln99 "/>
</bind>
</comp>

<comp id="2317" class="1005" name="i_2_reg_2317">
<pin_list>
<pin id="2318" dir="0" index="0" bw="4" slack="0"/>
<pin id="2319" dir="1" index="1" bw="4" slack="0"/>
</pin_list>
<bind>
<opset="i_2 "/>
</bind>
</comp>

<comp id="2322" class="1005" name="W3_V_addr_reg_2322">
<pin_list>
<pin id="2323" dir="0" index="0" bw="6" slack="1"/>
<pin id="2324" dir="1" index="1" bw="6" slack="1"/>
</pin_list>
<bind>
<opset="W3_V_addr "/>
</bind>
</comp>

<comp id="2327" class="1005" name="a2_V_addr_1_reg_2327">
<pin_list>
<pin id="2328" dir="0" index="0" bw="3" slack="1"/>
<pin id="2329" dir="1" index="1" bw="3" slack="1"/>
</pin_list>
<bind>
<opset="a2_V_addr_1 "/>
</bind>
</comp>

<comp id="2332" class="1005" name="acc_V_6_reg_2332">
<pin_list>
<pin id="2333" dir="0" index="0" bw="20" slack="1"/>
<pin id="2334" dir="1" index="1" bw="20" slack="1"/>
</pin_list>
<bind>
<opset="acc_V_6 "/>
</bind>
</comp>

<comp id="2340" class="1005" name="j_3_reg_2340">
<pin_list>
<pin id="2341" dir="0" index="0" bw="4" slack="0"/>
<pin id="2342" dir="1" index="1" bw="4" slack="0"/>
</pin_list>
<bind>
<opset="j_3 "/>
</bind>
</comp>

<comp id="2345" class="1005" name="zext_ln104_reg_2345">
<pin_list>
<pin id="2346" dir="0" index="0" bw="64" slack="2"/>
<pin id="2347" dir="1" index="1" bw="64" slack="2"/>
</pin_list>
<bind>
<opset="zext_ln104 "/>
</bind>
</comp>

<comp id="2350" class="1005" name="B4_V_addr_reg_2350">
<pin_list>
<pin id="2351" dir="0" index="0" bw="4" slack="1"/>
<pin id="2352" dir="1" index="1" bw="4" slack="1"/>
</pin_list>
<bind>
<opset="B4_V_addr "/>
</bind>
</comp>

<comp id="2355" class="1005" name="z4_V_addr_reg_2355">
<pin_list>
<pin id="2356" dir="0" index="0" bw="4" slack="1"/>
<pin id="2357" dir="1" index="1" bw="4" slack="1"/>
</pin_list>
<bind>
<opset="z4_V_addr "/>
</bind>
</comp>

<comp id="2360" class="1005" name="zext_ln104_1_reg_2360">
<pin_list>
<pin id="2361" dir="0" index="0" bw="8" slack="1"/>
<pin id="2362" dir="1" index="1" bw="8" slack="1"/>
</pin_list>
<bind>
<opset="zext_ln104_1 "/>
</bind>
</comp>

<comp id="2365" class="1005" name="sext_ln104_reg_2365">
<pin_list>
<pin id="2366" dir="0" index="0" bw="20" slack="1"/>
<pin id="2367" dir="1" index="1" bw="20" slack="1"/>
</pin_list>
<bind>
<opset="sext_ln104 "/>
</bind>
</comp>

<comp id="2373" class="1005" name="i_3_reg_2373">
<pin_list>
<pin id="2374" dir="0" index="0" bw="4" slack="0"/>
<pin id="2375" dir="1" index="1" bw="4" slack="0"/>
</pin_list>
<bind>
<opset="i_3 "/>
</bind>
</comp>

<comp id="2378" class="1005" name="W4_V_addr_reg_2378">
<pin_list>
<pin id="2379" dir="0" index="0" bw="7" slack="1"/>
<pin id="2380" dir="1" index="1" bw="7" slack="1"/>
</pin_list>
<bind>
<opset="W4_V_addr "/>
</bind>
</comp>

<comp id="2383" class="1005" name="a3_V_addr_1_reg_2383">
<pin_list>
<pin id="2384" dir="0" index="0" bw="3" slack="1"/>
<pin id="2385" dir="1" index="1" bw="3" slack="1"/>
</pin_list>
<bind>
<opset="a3_V_addr_1 "/>
</bind>
</comp>

<comp id="2388" class="1005" name="acc_V_7_reg_2388">
<pin_list>
<pin id="2389" dir="0" index="0" bw="20" slack="1"/>
<pin id="2390" dir="1" index="1" bw="20" slack="1"/>
</pin_list>
<bind>
<opset="acc_V_7 "/>
</bind>
</comp>

<comp id="2393" class="1005" name="icmp_ln935_reg_2393">
<pin_list>
<pin id="2394" dir="0" index="0" bw="1" slack="1"/>
<pin id="2395" dir="1" index="1" bw="1" slack="1"/>
</pin_list>
<bind>
<opset="icmp_ln935 "/>
</bind>
</comp>

<comp id="2398" class="1005" name="p_Result_21_reg_2398">
<pin_list>
<pin id="2399" dir="0" index="0" bw="1" slack="1"/>
<pin id="2400" dir="1" index="1" bw="1" slack="1"/>
</pin_list>
<bind>
<opset="p_Result_21 "/>
</bind>
</comp>

<comp id="2403" class="1005" name="sub_ln944_reg_2403">
<pin_list>
<pin id="2404" dir="0" index="0" bw="32" slack="1"/>
<pin id="2405" dir="1" index="1" bw="32" slack="1"/>
</pin_list>
<bind>
<opset="sub_ln944 "/>
</bind>
</comp>

<comp id="2409" class="1005" name="or_ln_reg_2409">
<pin_list>
<pin id="2410" dir="0" index="0" bw="32" slack="1"/>
<pin id="2411" dir="1" index="1" bw="32" slack="1"/>
</pin_list>
<bind>
<opset="or_ln "/>
</bind>
</comp>

<comp id="2414" class="1005" name="icmp_ln958_reg_2414">
<pin_list>
<pin id="2415" dir="0" index="0" bw="1" slack="1"/>
<pin id="2416" dir="1" index="1" bw="1" slack="1"/>
</pin_list>
<bind>
<opset="icmp_ln958 "/>
</bind>
</comp>

<comp id="2419" class="1005" name="trunc_ln943_reg_2419">
<pin_list>
<pin id="2420" dir="0" index="0" bw="8" slack="1"/>
<pin id="2421" dir="1" index="1" bw="8" slack="1"/>
</pin_list>
<bind>
<opset="trunc_ln943 "/>
</bind>
</comp>

<comp id="2424" class="1005" name="select_ln935_reg_2424">
<pin_list>
<pin id="2425" dir="0" index="0" bw="32" slack="1"/>
<pin id="2426" dir="1" index="1" bw="32" slack="1"/>
</pin_list>
<bind>
<opset="select_ln935 "/>
</bind>
</comp>

<comp id="2433" class="1005" name="zext_ln110_reg_2433">
<pin_list>
<pin id="2434" dir="0" index="0" bw="64" slack="1"/>
<pin id="2435" dir="1" index="1" bw="64" slack="1"/>
</pin_list>
<bind>
<opset="zext_ln110 "/>
</bind>
</comp>

<comp id="2439" class="1005" name="z4_V_addr_2_reg_2439">
<pin_list>
<pin id="2440" dir="0" index="0" bw="4" slack="1"/>
<pin id="2441" dir="1" index="1" bw="4" slack="1"/>
</pin_list>
<bind>
<opset="z4_V_addr_2 "/>
</bind>
</comp>

<comp id="2444" class="1005" name="tmp_V_11_reg_2444">
<pin_list>
<pin id="2445" dir="0" index="0" bw="20" slack="2"/>
<pin id="2446" dir="1" index="1" bw="20" slack="2"/>
</pin_list>
<bind>
<opset="tmp_V_11 "/>
</bind>
</comp>

<comp id="2451" class="1005" name="icmp_ln935_1_reg_2451">
<pin_list>
<pin id="2452" dir="0" index="0" bw="1" slack="1"/>
<pin id="2453" dir="1" index="1" bw="1" slack="3"/>
</pin_list>
<bind>
<opset="icmp_ln935_1 "/>
</bind>
</comp>

<comp id="2456" class="1005" name="p_Result_24_reg_2456">
<pin_list>
<pin id="2457" dir="0" index="0" bw="1" slack="1"/>
<pin id="2458" dir="1" index="1" bw="1" slack="1"/>
</pin_list>
<bind>
<opset="p_Result_24 "/>
</bind>
</comp>

<comp id="2461" class="1005" name="sub_ln944_1_reg_2461">
<pin_list>
<pin id="2462" dir="0" index="0" bw="32" slack="1"/>
<pin id="2463" dir="1" index="1" bw="32" slack="1"/>
</pin_list>
<bind>
<opset="sub_ln944_1 "/>
</bind>
</comp>

<comp id="2467" class="1005" name="or_ln949_2_reg_2467">
<pin_list>
<pin id="2468" dir="0" index="0" bw="32" slack="1"/>
<pin id="2469" dir="1" index="1" bw="32" slack="1"/>
</pin_list>
<bind>
<opset="or_ln949_2 "/>
</bind>
</comp>

<comp id="2472" class="1005" name="icmp_ln958_1_reg_2472">
<pin_list>
<pin id="2473" dir="0" index="0" bw="1" slack="1"/>
<pin id="2474" dir="1" index="1" bw="1" slack="1"/>
</pin_list>
<bind>
<opset="icmp_ln958_1 "/>
</bind>
</comp>

<comp id="2477" class="1005" name="trunc_ln943_1_reg_2477">
<pin_list>
<pin id="2478" dir="0" index="0" bw="8" slack="1"/>
<pin id="2479" dir="1" index="1" bw="8" slack="1"/>
</pin_list>
<bind>
<opset="trunc_ln943_1 "/>
</bind>
</comp>

<comp id="2482" class="1005" name="bitcast_ln739_1_reg_2482">
<pin_list>
<pin id="2483" dir="0" index="0" bw="32" slack="1"/>
<pin id="2484" dir="1" index="1" bw="32" slack="1"/>
</pin_list>
<bind>
<opset="bitcast_ln739_1 "/>
</bind>
</comp>

<comp id="2487" class="1005" name="j_5_reg_2487">
<pin_list>
<pin id="2488" dir="0" index="0" bw="4" slack="1"/>
<pin id="2489" dir="1" index="1" bw="4" slack="1"/>
</pin_list>
<bind>
<opset="j_5 "/>
</bind>
</comp>

<comp id="2492" class="1005" name="icmp_ln111_reg_2492">
<pin_list>
<pin id="2493" dir="0" index="0" bw="1" slack="1"/>
<pin id="2494" dir="1" index="1" bw="1" slack="1"/>
</pin_list>
<bind>
<opset="icmp_ln111 "/>
</bind>
</comp>

<comp id="2497" class="1005" name="icmp_ln111_1_reg_2497">
<pin_list>
<pin id="2498" dir="0" index="0" bw="1" slack="1"/>
<pin id="2499" dir="1" index="1" bw="1" slack="1"/>
</pin_list>
<bind>
<opset="icmp_ln111_1 "/>
</bind>
</comp>

<comp id="2502" class="1005" name="p_Result_27_reg_2502">
<pin_list>
<pin id="2503" dir="0" index="0" bw="1" slack="1"/>
<pin id="2504" dir="1" index="1" bw="1" slack="1"/>
</pin_list>
<bind>
<opset="p_Result_27 "/>
</bind>
</comp>

<comp id="2507" class="1005" name="tmp_V_13_reg_2507">
<pin_list>
<pin id="2508" dir="0" index="0" bw="20" slack="1"/>
<pin id="2509" dir="1" index="1" bw="20" slack="1"/>
</pin_list>
<bind>
<opset="tmp_V_13 "/>
</bind>
</comp>

<comp id="2513" class="1005" name="sub_ln944_2_reg_2513">
<pin_list>
<pin id="2514" dir="0" index="0" bw="32" slack="1"/>
<pin id="2515" dir="1" index="1" bw="32" slack="1"/>
</pin_list>
<bind>
<opset="sub_ln944_2 "/>
</bind>
</comp>

<comp id="2519" class="1005" name="or_ln949_4_reg_2519">
<pin_list>
<pin id="2520" dir="0" index="0" bw="32" slack="1"/>
<pin id="2521" dir="1" index="1" bw="32" slack="1"/>
</pin_list>
<bind>
<opset="or_ln949_4 "/>
</bind>
</comp>

<comp id="2524" class="1005" name="icmp_ln958_2_reg_2524">
<pin_list>
<pin id="2525" dir="0" index="0" bw="1" slack="1"/>
<pin id="2526" dir="1" index="1" bw="1" slack="1"/>
</pin_list>
<bind>
<opset="icmp_ln958_2 "/>
</bind>
</comp>

<comp id="2529" class="1005" name="trunc_ln943_2_reg_2529">
<pin_list>
<pin id="2530" dir="0" index="0" bw="8" slack="1"/>
<pin id="2531" dir="1" index="1" bw="8" slack="1"/>
</pin_list>
<bind>
<opset="trunc_ln943_2 "/>
</bind>
</comp>

<comp id="2534" class="1005" name="select_ln111_1_reg_2534">
<pin_list>
<pin id="2535" dir="0" index="0" bw="32" slack="1"/>
<pin id="2536" dir="1" index="1" bw="32" slack="1"/>
</pin_list>
<bind>
<opset="select_ln111_1 "/>
</bind>
</comp>

<comp id="2542" class="1005" name="j_4_reg_2542">
<pin_list>
<pin id="2543" dir="0" index="0" bw="4" slack="0"/>
<pin id="2544" dir="1" index="1" bw="4" slack="0"/>
</pin_list>
<bind>
<opset="j_4 "/>
</bind>
</comp>

<comp id="2547" class="1005" name="zext_ln119_reg_2547">
<pin_list>
<pin id="2548" dir="0" index="0" bw="64" slack="12"/>
<pin id="2549" dir="1" index="1" bw="64" slack="12"/>
</pin_list>
<bind>
<opset="zext_ln119 "/>
</bind>
</comp>

<comp id="2552" class="1005" name="logits_addr_3_reg_2552">
<pin_list>
<pin id="2553" dir="0" index="0" bw="4" slack="1"/>
<pin id="2554" dir="1" index="1" bw="4" slack="1"/>
</pin_list>
<bind>
<opset="logits_addr_3 "/>
</bind>
</comp>

<comp id="2557" class="1005" name="logits_load_reg_2557">
<pin_list>
<pin id="2558" dir="0" index="0" bw="32" slack="1"/>
<pin id="2559" dir="1" index="1" bw="32" slack="1"/>
</pin_list>
<bind>
<opset="logits_load "/>
</bind>
</comp>

<comp id="2562" class="1005" name="tmp_reg_2562">
<pin_list>
<pin id="2563" dir="0" index="0" bw="32" slack="1"/>
<pin id="2564" dir="1" index="1" bw="32" slack="1"/>
</pin_list>
<bind>
<opset="tmp "/>
</bind>
</comp>

<comp id="2567" class="1005" name="e_reg_2567">
<pin_list>
<pin id="2568" dir="0" index="0" bw="32" slack="1"/>
<pin id="2569" dir="1" index="1" bw="32" slack="1"/>
</pin_list>
<bind>
<opset="e "/>
</bind>
</comp>

<comp id="2572" class="1005" name="sum_reg_2572">
<pin_list>
<pin id="2573" dir="0" index="0" bw="32" slack="1"/>
<pin id="2574" dir="1" index="1" bw="32" slack="1"/>
</pin_list>
<bind>
<opset="sum "/>
</bind>
</comp>

<comp id="2580" class="1005" name="j_6_reg_2580">
<pin_list>
<pin id="2581" dir="0" index="0" bw="4" slack="0"/>
<pin id="2582" dir="1" index="1" bw="4" slack="0"/>
</pin_list>
<bind>
<opset="j_6 "/>
</bind>
</comp>

<comp id="2585" class="1005" name="output_addr_1_reg_2585">
<pin_list>
<pin id="2586" dir="0" index="0" bw="4" slack="1"/>
<pin id="2587" dir="1" index="1" bw="4" slack="1"/>
</pin_list>
<bind>
<opset="output_addr_1 "/>
</bind>
</comp>

<comp id="2590" class="1005" name="output_load_reg_2590">
<pin_list>
<pin id="2591" dir="0" index="0" bw="32" slack="1"/>
<pin id="2592" dir="1" index="1" bw="32" slack="1"/>
</pin_list>
<bind>
<opset="output_load "/>
</bind>
</comp>

<comp id="2595" class="1005" name="tmp_2_reg_2595">
<pin_list>
<pin id="2596" dir="0" index="0" bw="32" slack="1"/>
<pin id="2597" dir="1" index="1" bw="32" slack="1"/>
</pin_list>
<bind>
<opset="tmp_2 "/>
</bind>
</comp>

</comp_list>

<net_list>
<net id="179"><net_src comp="26" pin="0"/><net_sink comp="176" pin=0"/></net>

<net id="183"><net_src comp="26" pin="0"/><net_sink comp="180" pin=0"/></net>

<net id="187"><net_src comp="26" pin="0"/><net_sink comp="184" pin=0"/></net>

<net id="191"><net_src comp="26" pin="0"/><net_sink comp="188" pin=0"/></net>

<net id="195"><net_src comp="26" pin="0"/><net_sink comp="192" pin=0"/></net>

<net id="201"><net_src comp="4" pin="0"/><net_sink comp="196" pin=0"/></net>

<net id="202"><net_src comp="42" pin="0"/><net_sink comp="196" pin=1"/></net>

<net id="208"><net_src comp="196" pin="3"/><net_sink comp="203" pin=0"/></net>

<net id="214"><net_src comp="6" pin="0"/><net_sink comp="209" pin=0"/></net>

<net id="215"><net_src comp="42" pin="0"/><net_sink comp="209" pin=1"/></net>

<net id="221"><net_src comp="0" pin="0"/><net_sink comp="216" pin=0"/></net>

<net id="222"><net_src comp="42" pin="0"/><net_sink comp="216" pin=1"/></net>

<net id="228"><net_src comp="216" pin="3"/><net_sink comp="223" pin=0"/></net>

<net id="234"><net_src comp="209" pin="3"/><net_sink comp="229" pin=0"/></net>

<net id="240"><net_src comp="42" pin="0"/><net_sink comp="235" pin=1"/></net>

<net id="246"><net_src comp="235" pin="3"/><net_sink comp="241" pin=0"/></net>

<net id="252"><net_src comp="8" pin="0"/><net_sink comp="247" pin=0"/></net>

<net id="253"><net_src comp="42" pin="0"/><net_sink comp="247" pin=1"/></net>

<net id="259"><net_src comp="247" pin="3"/><net_sink comp="254" pin=0"/></net>

<net id="265"><net_src comp="10" pin="0"/><net_sink comp="260" pin=0"/></net>

<net id="266"><net_src comp="42" pin="0"/><net_sink comp="260" pin=1"/></net>

<net id="272"><net_src comp="42" pin="0"/><net_sink comp="267" pin=1"/></net>

<net id="273"><net_src comp="267" pin="3"/><net_sink comp="241" pin=0"/></net>

<net id="279"><net_src comp="260" pin="3"/><net_sink comp="274" pin=0"/></net>

<net id="285"><net_src comp="42" pin="0"/><net_sink comp="280" pin=1"/></net>

<net id="291"><net_src comp="280" pin="3"/><net_sink comp="286" pin=0"/></net>

<net id="297"><net_src comp="12" pin="0"/><net_sink comp="292" pin=0"/></net>

<net id="298"><net_src comp="42" pin="0"/><net_sink comp="292" pin=1"/></net>

<net id="304"><net_src comp="292" pin="3"/><net_sink comp="299" pin=0"/></net>

<net id="310"><net_src comp="14" pin="0"/><net_sink comp="305" pin=0"/></net>

<net id="311"><net_src comp="42" pin="0"/><net_sink comp="305" pin=1"/></net>

<net id="317"><net_src comp="42" pin="0"/><net_sink comp="312" pin=1"/></net>

<net id="318"><net_src comp="312" pin="3"/><net_sink comp="286" pin=0"/></net>

<net id="324"><net_src comp="305" pin="3"/><net_sink comp="319" pin=0"/></net>

<net id="330"><net_src comp="42" pin="0"/><net_sink comp="325" pin=1"/></net>

<net id="336"><net_src comp="325" pin="3"/><net_sink comp="331" pin=0"/></net>

<net id="342"><net_src comp="16" pin="0"/><net_sink comp="337" pin=0"/></net>

<net id="343"><net_src comp="42" pin="0"/><net_sink comp="337" pin=1"/></net>

<net id="349"><net_src comp="337" pin="3"/><net_sink comp="344" pin=0"/></net>

<net id="355"><net_src comp="42" pin="0"/><net_sink comp="350" pin=1"/></net>

<net id="356"><net_src comp="42" pin="0"/><net_sink comp="350" pin=2"/></net>

<net id="362"><net_src comp="350" pin="3"/><net_sink comp="357" pin=0"/></net>

<net id="368"><net_src comp="18" pin="0"/><net_sink comp="363" pin=0"/></net>

<net id="369"><net_src comp="42" pin="0"/><net_sink comp="363" pin=1"/></net>

<net id="375"><net_src comp="42" pin="0"/><net_sink comp="370" pin=1"/></net>

<net id="376"><net_src comp="370" pin="3"/><net_sink comp="331" pin=0"/></net>

<net id="382"><net_src comp="363" pin="3"/><net_sink comp="377" pin=0"/></net>

<net id="388"><net_src comp="42" pin="0"/><net_sink comp="383" pin=1"/></net>

<net id="389"><net_src comp="383" pin="3"/><net_sink comp="357" pin=0"/></net>

<net id="395"><net_src comp="42" pin="0"/><net_sink comp="390" pin=1"/></net>

<net id="396"><net_src comp="390" pin="3"/><net_sink comp="357" pin=0"/></net>

<net id="402"><net_src comp="42" pin="0"/><net_sink comp="397" pin=1"/></net>

<net id="403"><net_src comp="42" pin="0"/><net_sink comp="397" pin=2"/></net>

<net id="409"><net_src comp="397" pin="3"/><net_sink comp="404" pin=0"/></net>

<net id="415"><net_src comp="42" pin="0"/><net_sink comp="410" pin=1"/></net>

<net id="416"><net_src comp="158" pin="0"/><net_sink comp="404" pin=1"/></net>

<net id="417"><net_src comp="410" pin="3"/><net_sink comp="404" pin=0"/></net>

<net id="423"><net_src comp="42" pin="0"/><net_sink comp="418" pin=1"/></net>

<net id="424"><net_src comp="418" pin="3"/><net_sink comp="404" pin=0"/></net>

<net id="430"><net_src comp="42" pin="0"/><net_sink comp="425" pin=1"/></net>

<net id="431"><net_src comp="425" pin="3"/><net_sink comp="404" pin=0"/></net>

<net id="437"><net_src comp="2" pin="0"/><net_sink comp="432" pin=0"/></net>

<net id="438"><net_src comp="42" pin="0"/><net_sink comp="432" pin=1"/></net>

<net id="444"><net_src comp="432" pin="3"/><net_sink comp="439" pin=0"/></net>

<net id="450"><net_src comp="2" pin="0"/><net_sink comp="445" pin=0"/></net>

<net id="451"><net_src comp="42" pin="0"/><net_sink comp="445" pin=1"/></net>

<net id="452"><net_src comp="445" pin="3"/><net_sink comp="439" pin=0"/></net>

<net id="456"><net_src comp="28" pin="0"/><net_sink comp="453" pin=0"/></net>

<net id="463"><net_src comp="453" pin="1"/><net_sink comp="457" pin=2"/></net>

<net id="467"><net_src comp="30" pin="0"/><net_sink comp="464" pin=0"/></net>

<net id="474"><net_src comp="464" pin="1"/><net_sink comp="468" pin=2"/></net>

<net id="475"><net_src comp="468" pin="4"/><net_sink comp="464" pin=0"/></net>

<net id="485"><net_src comp="479" pin="4"/><net_sink comp="476" pin=0"/></net>

<net id="489"><net_src comp="48" pin="0"/><net_sink comp="486" pin=0"/></net>

<net id="496"><net_src comp="486" pin="1"/><net_sink comp="490" pin=0"/></net>

<net id="500"><net_src comp="74" pin="0"/><net_sink comp="497" pin=0"/></net>

<net id="507"><net_src comp="497" pin="1"/><net_sink comp="501" pin=2"/></net>

<net id="508"><net_src comp="501" pin="4"/><net_sink comp="497" pin=0"/></net>

<net id="518"><net_src comp="512" pin="4"/><net_sink comp="509" pin=0"/></net>

<net id="522"><net_src comp="28" pin="0"/><net_sink comp="519" pin=0"/></net>

<net id="529"><net_src comp="519" pin="1"/><net_sink comp="523" pin=0"/></net>

<net id="533"><net_src comp="74" pin="0"/><net_sink comp="530" pin=0"/></net>

<net id="540"><net_src comp="530" pin="1"/><net_sink comp="534" pin=2"/></net>

<net id="541"><net_src comp="534" pin="4"/><net_sink comp="530" pin=0"/></net>

<net id="551"><net_src comp="545" pin="4"/><net_sink comp="542" pin=0"/></net>

<net id="555"><net_src comp="74" pin="0"/><net_sink comp="552" pin=0"/></net>

<net id="562"><net_src comp="552" pin="1"/><net_sink comp="556" pin=0"/></net>

<net id="566"><net_src comp="74" pin="0"/><net_sink comp="563" pin=0"/></net>

<net id="573"><net_src comp="563" pin="1"/><net_sink comp="567" pin=2"/></net>

<net id="574"><net_src comp="567" pin="4"/><net_sink comp="563" pin=0"/></net>

<net id="584"><net_src comp="578" pin="4"/><net_sink comp="357" pin=1"/></net>

<net id="585"><net_src comp="578" pin="4"/><net_sink comp="575" pin=0"/></net>

<net id="589"><net_src comp="74" pin="0"/><net_sink comp="586" pin=0"/></net>

<net id="596"><net_src comp="586" pin="1"/><net_sink comp="590" pin=0"/></net>

<net id="606"><net_src comp="600" pin="4"/><net_sink comp="597" pin=0"/></net>

<net id="610"><net_src comp="80" pin="0"/><net_sink comp="607" pin=0"/></net>

<net id="617"><net_src comp="607" pin="1"/><net_sink comp="611" pin=2"/></net>

<net id="618"><net_src comp="611" pin="4"/><net_sink comp="607" pin=0"/></net>

<net id="622"><net_src comp="158" pin="0"/><net_sink comp="619" pin=0"/></net>

<net id="629"><net_src comp="619" pin="1"/><net_sink comp="623" pin=2"/></net>

<net id="630"><net_src comp="623" pin="4"/><net_sink comp="619" pin=0"/></net>

<net id="634"><net_src comp="158" pin="0"/><net_sink comp="631" pin=0"/></net>

<net id="641"><net_src comp="631" pin="1"/><net_sink comp="635" pin=0"/></net>

<net id="642"><net_src comp="635" pin="4"/><net_sink comp="631" pin=0"/></net>

<net id="646"><net_src comp="74" pin="0"/><net_sink comp="643" pin=0"/></net>

<net id="653"><net_src comp="643" pin="1"/><net_sink comp="647" pin=0"/></net>

<net id="657"><net_src comp="74" pin="0"/><net_sink comp="654" pin=0"/></net>

<net id="664"><net_src comp="654" pin="1"/><net_sink comp="658" pin=2"/></net>

<net id="669"><net_src comp="404" pin="3"/><net_sink comp="665" pin=0"/></net>

<net id="670"><net_src comp="597" pin="1"/><net_sink comp="665" pin=1"/></net>

<net id="671"><net_src comp="631" pin="1"/><net_sink comp="665" pin=0"/></net>

<net id="676"><net_src comp="631" pin="1"/><net_sink comp="672" pin=1"/></net>

<net id="681"><net_src comp="623" pin="4"/><net_sink comp="677" pin=0"/></net>

<net id="682"><net_src comp="597" pin="1"/><net_sink comp="677" pin=1"/></net>

<net id="687"><net_src comp="683" pin="2"/><net_sink comp="439" pin=1"/></net>

<net id="688"><net_src comp="170" pin="0"/><net_sink comp="683" pin=0"/></net>

<net id="693"><net_src comp="357" pin="3"/><net_sink comp="689" pin=0"/></net>

<net id="694"><net_src comp="98" pin="0"/><net_sink comp="689" pin=1"/></net>

<net id="700"><net_src comp="56" pin="0"/><net_sink comp="695" pin=0"/></net>

<net id="701"><net_src comp="357" pin="3"/><net_sink comp="695" pin=1"/></net>

<net id="702"><net_src comp="58" pin="0"/><net_sink comp="695" pin=2"/></net>

<net id="707"><net_src comp="98" pin="0"/><net_sink comp="703" pin=0"/></net>

<net id="708"><net_src comp="357" pin="3"/><net_sink comp="703" pin=1"/></net>

<net id="714"><net_src comp="695" pin="3"/><net_sink comp="709" pin=0"/></net>

<net id="715"><net_src comp="703" pin="2"/><net_sink comp="709" pin=1"/></net>

<net id="716"><net_src comp="357" pin="3"/><net_sink comp="709" pin=2"/></net>

<net id="723"><net_src comp="100" pin="0"/><net_sink comp="717" pin=0"/></net>

<net id="724"><net_src comp="709" pin="3"/><net_sink comp="717" pin=1"/></net>

<net id="725"><net_src comp="58" pin="0"/><net_sink comp="717" pin=2"/></net>

<net id="726"><net_src comp="102" pin="0"/><net_sink comp="717" pin=3"/></net>

<net id="730"><net_src comp="709" pin="3"/><net_sink comp="727" pin=0"/></net>

<net id="735"><net_src comp="468" pin="4"/><net_sink comp="731" pin=0"/></net>

<net id="736"><net_src comp="32" pin="0"/><net_sink comp="731" pin=1"/></net>

<net id="741"><net_src comp="457" pin="4"/><net_sink comp="737" pin=0"/></net>

<net id="742"><net_src comp="34" pin="0"/><net_sink comp="737" pin=1"/></net>

<net id="747"><net_src comp="457" pin="4"/><net_sink comp="743" pin=0"/></net>

<net id="748"><net_src comp="40" pin="0"/><net_sink comp="743" pin=1"/></net>

<net id="752"><net_src comp="457" pin="4"/><net_sink comp="749" pin=0"/></net>

<net id="753"><net_src comp="749" pin="1"/><net_sink comp="196" pin=2"/></net>

<net id="757"><net_src comp="203" pin="3"/><net_sink comp="754" pin=0"/></net>

<net id="762"><net_src comp="490" pin="4"/><net_sink comp="758" pin=0"/></net>

<net id="763"><net_src comp="52" pin="0"/><net_sink comp="758" pin=1"/></net>

<net id="768"><net_src comp="490" pin="4"/><net_sink comp="764" pin=0"/></net>

<net id="769"><net_src comp="54" pin="0"/><net_sink comp="764" pin=1"/></net>

<net id="773"><net_src comp="490" pin="4"/><net_sink comp="770" pin=0"/></net>

<net id="774"><net_src comp="770" pin="1"/><net_sink comp="216" pin=2"/></net>

<net id="778"><net_src comp="490" pin="4"/><net_sink comp="775" pin=0"/></net>

<net id="783"><net_src comp="775" pin="1"/><net_sink comp="779" pin=0"/></net>

<net id="784"><net_src comp="464" pin="1"/><net_sink comp="779" pin=1"/></net>

<net id="788"><net_src comp="779" pin="2"/><net_sink comp="785" pin=0"/></net>

<net id="789"><net_src comp="785" pin="1"/><net_sink comp="209" pin=2"/></net>

<net id="793"><net_src comp="479" pin="4"/><net_sink comp="790" pin=0"/></net>

<net id="799"><net_src comp="56" pin="0"/><net_sink comp="794" pin=0"/></net>

<net id="800"><net_src comp="479" pin="4"/><net_sink comp="794" pin=1"/></net>

<net id="801"><net_src comp="58" pin="0"/><net_sink comp="794" pin=2"/></net>

<net id="807"><net_src comp="794" pin="3"/><net_sink comp="802" pin=0"/></net>

<net id="808"><net_src comp="60" pin="0"/><net_sink comp="802" pin=1"/></net>

<net id="809"><net_src comp="790" pin="1"/><net_sink comp="802" pin=2"/></net>

<net id="810"><net_src comp="802" pin="3"/><net_sink comp="241" pin=1"/></net>

<net id="814"><net_src comp="223" pin="3"/><net_sink comp="811" pin=0"/></net>

<net id="818"><net_src comp="229" pin="3"/><net_sink comp="815" pin=0"/></net>

<net id="824"><net_src comp="64" pin="0"/><net_sink comp="819" pin=0"/></net>

<net id="825"><net_src comp="476" pin="1"/><net_sink comp="819" pin=1"/></net>

<net id="826"><net_src comp="66" pin="0"/><net_sink comp="819" pin=2"/></net>

<net id="833"><net_src comp="68" pin="0"/><net_sink comp="827" pin=0"/></net>

<net id="834"><net_src comp="70" pin="0"/><net_sink comp="827" pin=2"/></net>

<net id="835"><net_src comp="72" pin="0"/><net_sink comp="827" pin=3"/></net>

<net id="840"><net_src comp="501" pin="4"/><net_sink comp="836" pin=0"/></net>

<net id="841"><net_src comp="76" pin="0"/><net_sink comp="836" pin=1"/></net>

<net id="846"><net_src comp="501" pin="4"/><net_sink comp="842" pin=0"/></net>

<net id="847"><net_src comp="80" pin="0"/><net_sink comp="842" pin=1"/></net>

<net id="851"><net_src comp="501" pin="4"/><net_sink comp="848" pin=0"/></net>

<net id="852"><net_src comp="848" pin="1"/><net_sink comp="247" pin=2"/></net>

<net id="856"><net_src comp="497" pin="1"/><net_sink comp="853" pin=0"/></net>

<net id="862"><net_src comp="84" pin="0"/><net_sink comp="857" pin=0"/></net>

<net id="863"><net_src comp="497" pin="1"/><net_sink comp="857" pin=1"/></net>

<net id="864"><net_src comp="86" pin="0"/><net_sink comp="857" pin=2"/></net>

<net id="868"><net_src comp="857" pin="3"/><net_sink comp="865" pin=0"/></net>

<net id="873"><net_src comp="853" pin="1"/><net_sink comp="869" pin=0"/></net>

<net id="874"><net_src comp="865" pin="1"/><net_sink comp="869" pin=1"/></net>

<net id="878"><net_src comp="254" pin="3"/><net_sink comp="875" pin=0"/></net>

<net id="883"><net_src comp="523" pin="4"/><net_sink comp="879" pin=0"/></net>

<net id="884"><net_src comp="34" pin="0"/><net_sink comp="879" pin=1"/></net>

<net id="889"><net_src comp="523" pin="4"/><net_sink comp="885" pin=0"/></net>

<net id="890"><net_src comp="40" pin="0"/><net_sink comp="885" pin=1"/></net>

<net id="894"><net_src comp="523" pin="4"/><net_sink comp="891" pin=0"/></net>

<net id="895"><net_src comp="891" pin="1"/><net_sink comp="267" pin=2"/></net>

<net id="899"><net_src comp="523" pin="4"/><net_sink comp="896" pin=0"/></net>

<net id="904"><net_src comp="896" pin="1"/><net_sink comp="900" pin=0"/></net>

<net id="908"><net_src comp="900" pin="2"/><net_sink comp="905" pin=0"/></net>

<net id="909"><net_src comp="905" pin="1"/><net_sink comp="260" pin=2"/></net>

<net id="913"><net_src comp="512" pin="4"/><net_sink comp="910" pin=0"/></net>

<net id="919"><net_src comp="56" pin="0"/><net_sink comp="914" pin=0"/></net>

<net id="920"><net_src comp="512" pin="4"/><net_sink comp="914" pin=1"/></net>

<net id="921"><net_src comp="58" pin="0"/><net_sink comp="914" pin=2"/></net>

<net id="927"><net_src comp="914" pin="3"/><net_sink comp="922" pin=0"/></net>

<net id="928"><net_src comp="60" pin="0"/><net_sink comp="922" pin=1"/></net>

<net id="929"><net_src comp="910" pin="1"/><net_sink comp="922" pin=2"/></net>

<net id="930"><net_src comp="922" pin="3"/><net_sink comp="286" pin=1"/></net>

<net id="934"><net_src comp="241" pin="3"/><net_sink comp="931" pin=0"/></net>

<net id="938"><net_src comp="274" pin="3"/><net_sink comp="935" pin=0"/></net>

<net id="944"><net_src comp="64" pin="0"/><net_sink comp="939" pin=0"/></net>

<net id="945"><net_src comp="509" pin="1"/><net_sink comp="939" pin=1"/></net>

<net id="946"><net_src comp="66" pin="0"/><net_sink comp="939" pin=2"/></net>

<net id="953"><net_src comp="68" pin="0"/><net_sink comp="947" pin=0"/></net>

<net id="954"><net_src comp="70" pin="0"/><net_sink comp="947" pin=2"/></net>

<net id="955"><net_src comp="72" pin="0"/><net_sink comp="947" pin=3"/></net>

<net id="960"><net_src comp="534" pin="4"/><net_sink comp="956" pin=0"/></net>

<net id="961"><net_src comp="76" pin="0"/><net_sink comp="956" pin=1"/></net>

<net id="966"><net_src comp="534" pin="4"/><net_sink comp="962" pin=0"/></net>

<net id="967"><net_src comp="80" pin="0"/><net_sink comp="962" pin=1"/></net>

<net id="971"><net_src comp="534" pin="4"/><net_sink comp="968" pin=0"/></net>

<net id="972"><net_src comp="968" pin="1"/><net_sink comp="292" pin=2"/></net>

<net id="978"><net_src comp="90" pin="0"/><net_sink comp="973" pin=0"/></net>

<net id="979"><net_src comp="530" pin="1"/><net_sink comp="973" pin=1"/></net>

<net id="980"><net_src comp="28" pin="0"/><net_sink comp="973" pin=2"/></net>

<net id="984"><net_src comp="973" pin="3"/><net_sink comp="981" pin=0"/></net>

<net id="988"><net_src comp="299" pin="3"/><net_sink comp="985" pin=0"/></net>

<net id="993"><net_src comp="556" pin="4"/><net_sink comp="989" pin=0"/></net>

<net id="994"><net_src comp="76" pin="0"/><net_sink comp="989" pin=1"/></net>

<net id="999"><net_src comp="556" pin="4"/><net_sink comp="995" pin=0"/></net>

<net id="1000"><net_src comp="80" pin="0"/><net_sink comp="995" pin=1"/></net>

<net id="1004"><net_src comp="556" pin="4"/><net_sink comp="1001" pin=0"/></net>

<net id="1005"><net_src comp="1001" pin="1"/><net_sink comp="312" pin=2"/></net>

<net id="1009"><net_src comp="556" pin="4"/><net_sink comp="1006" pin=0"/></net>

<net id="1014"><net_src comp="1006" pin="1"/><net_sink comp="1010" pin=0"/></net>

<net id="1018"><net_src comp="1010" pin="2"/><net_sink comp="1015" pin=0"/></net>

<net id="1019"><net_src comp="1015" pin="1"/><net_sink comp="305" pin=2"/></net>

<net id="1023"><net_src comp="545" pin="4"/><net_sink comp="1020" pin=0"/></net>

<net id="1029"><net_src comp="56" pin="0"/><net_sink comp="1024" pin=0"/></net>

<net id="1030"><net_src comp="545" pin="4"/><net_sink comp="1024" pin=1"/></net>

<net id="1031"><net_src comp="58" pin="0"/><net_sink comp="1024" pin=2"/></net>

<net id="1037"><net_src comp="1024" pin="3"/><net_sink comp="1032" pin=0"/></net>

<net id="1038"><net_src comp="60" pin="0"/><net_sink comp="1032" pin=1"/></net>

<net id="1039"><net_src comp="1020" pin="1"/><net_sink comp="1032" pin=2"/></net>

<net id="1040"><net_src comp="1032" pin="3"/><net_sink comp="331" pin=1"/></net>

<net id="1044"><net_src comp="286" pin="3"/><net_sink comp="1041" pin=0"/></net>

<net id="1048"><net_src comp="319" pin="3"/><net_sink comp="1045" pin=0"/></net>

<net id="1054"><net_src comp="64" pin="0"/><net_sink comp="1049" pin=0"/></net>

<net id="1055"><net_src comp="542" pin="1"/><net_sink comp="1049" pin=1"/></net>

<net id="1056"><net_src comp="66" pin="0"/><net_sink comp="1049" pin=2"/></net>

<net id="1063"><net_src comp="68" pin="0"/><net_sink comp="1057" pin=0"/></net>

<net id="1064"><net_src comp="70" pin="0"/><net_sink comp="1057" pin=2"/></net>

<net id="1065"><net_src comp="72" pin="0"/><net_sink comp="1057" pin=3"/></net>

<net id="1070"><net_src comp="567" pin="4"/><net_sink comp="1066" pin=0"/></net>

<net id="1071"><net_src comp="92" pin="0"/><net_sink comp="1066" pin=1"/></net>

<net id="1076"><net_src comp="567" pin="4"/><net_sink comp="1072" pin=0"/></net>

<net id="1077"><net_src comp="80" pin="0"/><net_sink comp="1072" pin=1"/></net>

<net id="1081"><net_src comp="567" pin="4"/><net_sink comp="1078" pin=0"/></net>

<net id="1082"><net_src comp="1078" pin="1"/><net_sink comp="337" pin=2"/></net>

<net id="1088"><net_src comp="90" pin="0"/><net_sink comp="1083" pin=0"/></net>

<net id="1089"><net_src comp="563" pin="1"/><net_sink comp="1083" pin=1"/></net>

<net id="1090"><net_src comp="28" pin="0"/><net_sink comp="1083" pin=2"/></net>

<net id="1094"><net_src comp="1083" pin="3"/><net_sink comp="1091" pin=0"/></net>

<net id="1098"><net_src comp="344" pin="3"/><net_sink comp="1095" pin=0"/></net>

<net id="1103"><net_src comp="590" pin="4"/><net_sink comp="1099" pin=0"/></net>

<net id="1104"><net_src comp="76" pin="0"/><net_sink comp="1099" pin=1"/></net>

<net id="1109"><net_src comp="590" pin="4"/><net_sink comp="1105" pin=0"/></net>

<net id="1110"><net_src comp="80" pin="0"/><net_sink comp="1105" pin=1"/></net>

<net id="1114"><net_src comp="590" pin="4"/><net_sink comp="1111" pin=0"/></net>

<net id="1115"><net_src comp="1111" pin="1"/><net_sink comp="370" pin=2"/></net>

<net id="1119"><net_src comp="590" pin="4"/><net_sink comp="1116" pin=0"/></net>

<net id="1124"><net_src comp="1116" pin="1"/><net_sink comp="1120" pin=0"/></net>

<net id="1128"><net_src comp="1120" pin="2"/><net_sink comp="1125" pin=0"/></net>

<net id="1129"><net_src comp="1125" pin="1"/><net_sink comp="363" pin=2"/></net>

<net id="1133"><net_src comp="331" pin="3"/><net_sink comp="1130" pin=0"/></net>

<net id="1137"><net_src comp="377" pin="3"/><net_sink comp="1134" pin=0"/></net>

<net id="1143"><net_src comp="64" pin="0"/><net_sink comp="1138" pin=0"/></net>

<net id="1144"><net_src comp="575" pin="1"/><net_sink comp="1138" pin=1"/></net>

<net id="1145"><net_src comp="66" pin="0"/><net_sink comp="1138" pin=2"/></net>

<net id="1152"><net_src comp="68" pin="0"/><net_sink comp="1146" pin=0"/></net>

<net id="1153"><net_src comp="70" pin="0"/><net_sink comp="1146" pin=2"/></net>

<net id="1154"><net_src comp="72" pin="0"/><net_sink comp="1146" pin=3"/></net>

<net id="1160"><net_src comp="104" pin="0"/><net_sink comp="1155" pin=0"/></net>

<net id="1161"><net_src comp="106" pin="0"/><net_sink comp="1155" pin=1"/></net>

<net id="1162"><net_src comp="717" pin="4"/><net_sink comp="1155" pin=2"/></net>

<net id="1168"><net_src comp="108" pin="0"/><net_sink comp="1163" pin=0"/></net>

<net id="1169"><net_src comp="1155" pin="3"/><net_sink comp="1163" pin=1"/></net>

<net id="1170"><net_src comp="110" pin="0"/><net_sink comp="1163" pin=2"/></net>

<net id="1175"><net_src comp="112" pin="0"/><net_sink comp="1171" pin=0"/></net>

<net id="1176"><net_src comp="1163" pin="3"/><net_sink comp="1171" pin=1"/></net>

<net id="1180"><net_src comp="1171" pin="2"/><net_sink comp="1177" pin=0"/></net>

<net id="1185"><net_src comp="114" pin="0"/><net_sink comp="1181" pin=0"/></net>

<net id="1186"><net_src comp="1171" pin="2"/><net_sink comp="1181" pin=1"/></net>

<net id="1193"><net_src comp="116" pin="0"/><net_sink comp="1187" pin=0"/></net>

<net id="1194"><net_src comp="1181" pin="2"/><net_sink comp="1187" pin=1"/></net>

<net id="1195"><net_src comp="118" pin="0"/><net_sink comp="1187" pin=2"/></net>

<net id="1196"><net_src comp="120" pin="0"/><net_sink comp="1187" pin=3"/></net>

<net id="1201"><net_src comp="1187" pin="4"/><net_sink comp="1197" pin=0"/></net>

<net id="1202"><net_src comp="122" pin="0"/><net_sink comp="1197" pin=1"/></net>

<net id="1206"><net_src comp="1171" pin="2"/><net_sink comp="1203" pin=0"/></net>

<net id="1211"><net_src comp="124" pin="0"/><net_sink comp="1207" pin=0"/></net>

<net id="1212"><net_src comp="1203" pin="1"/><net_sink comp="1207" pin=1"/></net>

<net id="1216"><net_src comp="1207" pin="2"/><net_sink comp="1213" pin=0"/></net>

<net id="1221"><net_src comp="126" pin="0"/><net_sink comp="1217" pin=0"/></net>

<net id="1222"><net_src comp="1213" pin="1"/><net_sink comp="1217" pin=1"/></net>

<net id="1227"><net_src comp="709" pin="3"/><net_sink comp="1223" pin=0"/></net>

<net id="1228"><net_src comp="1217" pin="2"/><net_sink comp="1223" pin=1"/></net>

<net id="1233"><net_src comp="1223" pin="2"/><net_sink comp="1229" pin=0"/></net>

<net id="1234"><net_src comp="98" pin="0"/><net_sink comp="1229" pin=1"/></net>

<net id="1239"><net_src comp="1197" pin="2"/><net_sink comp="1235" pin=0"/></net>

<net id="1240"><net_src comp="1229" pin="2"/><net_sink comp="1235" pin=1"/></net>

<net id="1246"><net_src comp="128" pin="0"/><net_sink comp="1241" pin=0"/></net>

<net id="1247"><net_src comp="1181" pin="2"/><net_sink comp="1241" pin=1"/></net>

<net id="1248"><net_src comp="120" pin="0"/><net_sink comp="1241" pin=2"/></net>

<net id="1253"><net_src comp="1241" pin="3"/><net_sink comp="1249" pin=0"/></net>

<net id="1254"><net_src comp="110" pin="0"/><net_sink comp="1249" pin=1"/></net>

<net id="1259"><net_src comp="130" pin="0"/><net_sink comp="1255" pin=0"/></net>

<net id="1260"><net_src comp="1177" pin="1"/><net_sink comp="1255" pin=1"/></net>

<net id="1266"><net_src comp="132" pin="0"/><net_sink comp="1261" pin=0"/></net>

<net id="1267"><net_src comp="709" pin="3"/><net_sink comp="1261" pin=1"/></net>

<net id="1268"><net_src comp="1255" pin="2"/><net_sink comp="1261" pin=2"/></net>

<net id="1273"><net_src comp="1261" pin="3"/><net_sink comp="1269" pin=0"/></net>

<net id="1274"><net_src comp="1249" pin="2"/><net_sink comp="1269" pin=1"/></net>

<net id="1279"><net_src comp="1269" pin="2"/><net_sink comp="1275" pin=0"/></net>

<net id="1280"><net_src comp="1235" pin="2"/><net_sink comp="1275" pin=1"/></net>

<net id="1286"><net_src comp="134" pin="0"/><net_sink comp="1281" pin=0"/></net>

<net id="1287"><net_src comp="122" pin="0"/><net_sink comp="1281" pin=1"/></net>

<net id="1288"><net_src comp="1275" pin="2"/><net_sink comp="1281" pin=2"/></net>

<net id="1293"><net_src comp="1181" pin="2"/><net_sink comp="1289" pin=0"/></net>

<net id="1294"><net_src comp="102" pin="0"/><net_sink comp="1289" pin=1"/></net>

<net id="1298"><net_src comp="1163" pin="3"/><net_sink comp="1295" pin=0"/></net>

<net id="1302"><net_src comp="727" pin="1"/><net_sink comp="1299" pin=0"/></net>

<net id="1306"><net_src comp="727" pin="1"/><net_sink comp="1303" pin=0"/></net>

<net id="1311"><net_src comp="136" pin="0"/><net_sink comp="1307" pin=0"/></net>

<net id="1316"><net_src comp="1303" pin="1"/><net_sink comp="1312" pin=0"/></net>

<net id="1317"><net_src comp="1307" pin="2"/><net_sink comp="1312" pin=1"/></net>

<net id="1321"><net_src comp="1312" pin="2"/><net_sink comp="1318" pin=0"/></net>

<net id="1326"><net_src comp="138" pin="0"/><net_sink comp="1322" pin=0"/></net>

<net id="1330"><net_src comp="1322" pin="2"/><net_sink comp="1327" pin=0"/></net>

<net id="1335"><net_src comp="1299" pin="1"/><net_sink comp="1331" pin=0"/></net>

<net id="1336"><net_src comp="1327" pin="1"/><net_sink comp="1331" pin=1"/></net>

<net id="1342"><net_src comp="1318" pin="1"/><net_sink comp="1337" pin=1"/></net>

<net id="1343"><net_src comp="1331" pin="2"/><net_sink comp="1337" pin=2"/></net>

<net id="1351"><net_src comp="1337" pin="3"/><net_sink comp="1347" pin=0"/></net>

<net id="1352"><net_src comp="1344" pin="1"/><net_sink comp="1347" pin=1"/></net>

<net id="1359"><net_src comp="140" pin="0"/><net_sink comp="1353" pin=0"/></net>

<net id="1360"><net_src comp="1347" pin="2"/><net_sink comp="1353" pin=1"/></net>

<net id="1361"><net_src comp="118" pin="0"/><net_sink comp="1353" pin=2"/></net>

<net id="1362"><net_src comp="142" pin="0"/><net_sink comp="1353" pin=3"/></net>

<net id="1366"><net_src comp="1353" pin="4"/><net_sink comp="1363" pin=0"/></net>

<net id="1372"><net_src comp="144" pin="0"/><net_sink comp="1367" pin=0"/></net>

<net id="1373"><net_src comp="1347" pin="2"/><net_sink comp="1367" pin=1"/></net>

<net id="1374"><net_src comp="138" pin="0"/><net_sink comp="1367" pin=2"/></net>

<net id="1380"><net_src comp="1367" pin="3"/><net_sink comp="1375" pin=0"/></net>

<net id="1381"><net_src comp="146" pin="0"/><net_sink comp="1375" pin=1"/></net>

<net id="1382"><net_src comp="148" pin="0"/><net_sink comp="1375" pin=2"/></net>

<net id="1387"><net_src comp="150" pin="0"/><net_sink comp="1383" pin=0"/></net>

<net id="1392"><net_src comp="1375" pin="3"/><net_sink comp="1388" pin=0"/></net>

<net id="1393"><net_src comp="1383" pin="2"/><net_sink comp="1388" pin=1"/></net>

<net id="1399"><net_src comp="152" pin="0"/><net_sink comp="1394" pin=0"/></net>

<net id="1400"><net_src comp="1388" pin="2"/><net_sink comp="1394" pin=2"/></net>

<net id="1408"><net_src comp="154" pin="0"/><net_sink comp="1401" pin=0"/></net>

<net id="1409"><net_src comp="1363" pin="1"/><net_sink comp="1401" pin=1"/></net>

<net id="1410"><net_src comp="1394" pin="3"/><net_sink comp="1401" pin=2"/></net>

<net id="1411"><net_src comp="156" pin="0"/><net_sink comp="1401" pin=3"/></net>

<net id="1412"><net_src comp="120" pin="0"/><net_sink comp="1401" pin=4"/></net>

<net id="1416"><net_src comp="1401" pin="5"/><net_sink comp="1413" pin=0"/></net>

<net id="1420"><net_src comp="1413" pin="1"/><net_sink comp="1417" pin=0"/></net>

<net id="1426"><net_src comp="158" pin="0"/><net_sink comp="1421" pin=1"/></net>

<net id="1427"><net_src comp="1417" pin="1"/><net_sink comp="1421" pin=2"/></net>

<net id="1432"><net_src comp="611" pin="4"/><net_sink comp="1428" pin=0"/></net>

<net id="1433"><net_src comp="92" pin="0"/><net_sink comp="1428" pin=1"/></net>

<net id="1437"><net_src comp="611" pin="4"/><net_sink comp="1434" pin=0"/></net>

<net id="1438"><net_src comp="1434" pin="1"/><net_sink comp="390" pin=2"/></net>

<net id="1444"><net_src comp="104" pin="0"/><net_sink comp="1439" pin=0"/></net>

<net id="1445"><net_src comp="106" pin="0"/><net_sink comp="1439" pin=1"/></net>

<net id="1446"><net_src comp="717" pin="4"/><net_sink comp="1439" pin=2"/></net>

<net id="1452"><net_src comp="108" pin="0"/><net_sink comp="1447" pin=0"/></net>

<net id="1453"><net_src comp="1439" pin="3"/><net_sink comp="1447" pin=1"/></net>

<net id="1454"><net_src comp="110" pin="0"/><net_sink comp="1447" pin=2"/></net>

<net id="1459"><net_src comp="112" pin="0"/><net_sink comp="1455" pin=0"/></net>

<net id="1460"><net_src comp="1447" pin="3"/><net_sink comp="1455" pin=1"/></net>

<net id="1464"><net_src comp="1455" pin="2"/><net_sink comp="1461" pin=0"/></net>

<net id="1469"><net_src comp="114" pin="0"/><net_sink comp="1465" pin=0"/></net>

<net id="1470"><net_src comp="1455" pin="2"/><net_sink comp="1465" pin=1"/></net>

<net id="1477"><net_src comp="116" pin="0"/><net_sink comp="1471" pin=0"/></net>

<net id="1478"><net_src comp="1465" pin="2"/><net_sink comp="1471" pin=1"/></net>

<net id="1479"><net_src comp="118" pin="0"/><net_sink comp="1471" pin=2"/></net>

<net id="1480"><net_src comp="120" pin="0"/><net_sink comp="1471" pin=3"/></net>

<net id="1485"><net_src comp="1471" pin="4"/><net_sink comp="1481" pin=0"/></net>

<net id="1486"><net_src comp="122" pin="0"/><net_sink comp="1481" pin=1"/></net>

<net id="1490"><net_src comp="1455" pin="2"/><net_sink comp="1487" pin=0"/></net>

<net id="1495"><net_src comp="124" pin="0"/><net_sink comp="1491" pin=0"/></net>

<net id="1496"><net_src comp="1487" pin="1"/><net_sink comp="1491" pin=1"/></net>

<net id="1500"><net_src comp="1491" pin="2"/><net_sink comp="1497" pin=0"/></net>

<net id="1505"><net_src comp="126" pin="0"/><net_sink comp="1501" pin=0"/></net>

<net id="1506"><net_src comp="1497" pin="1"/><net_sink comp="1501" pin=1"/></net>

<net id="1511"><net_src comp="709" pin="3"/><net_sink comp="1507" pin=0"/></net>

<net id="1512"><net_src comp="1501" pin="2"/><net_sink comp="1507" pin=1"/></net>

<net id="1517"><net_src comp="1507" pin="2"/><net_sink comp="1513" pin=0"/></net>

<net id="1518"><net_src comp="98" pin="0"/><net_sink comp="1513" pin=1"/></net>

<net id="1523"><net_src comp="1481" pin="2"/><net_sink comp="1519" pin=0"/></net>

<net id="1524"><net_src comp="1513" pin="2"/><net_sink comp="1519" pin=1"/></net>

<net id="1530"><net_src comp="128" pin="0"/><net_sink comp="1525" pin=0"/></net>

<net id="1531"><net_src comp="1465" pin="2"/><net_sink comp="1525" pin=1"/></net>

<net id="1532"><net_src comp="120" pin="0"/><net_sink comp="1525" pin=2"/></net>

<net id="1537"><net_src comp="1525" pin="3"/><net_sink comp="1533" pin=0"/></net>

<net id="1538"><net_src comp="110" pin="0"/><net_sink comp="1533" pin=1"/></net>

<net id="1543"><net_src comp="130" pin="0"/><net_sink comp="1539" pin=0"/></net>

<net id="1544"><net_src comp="1461" pin="1"/><net_sink comp="1539" pin=1"/></net>

<net id="1550"><net_src comp="132" pin="0"/><net_sink comp="1545" pin=0"/></net>

<net id="1551"><net_src comp="709" pin="3"/><net_sink comp="1545" pin=1"/></net>

<net id="1552"><net_src comp="1539" pin="2"/><net_sink comp="1545" pin=2"/></net>

<net id="1557"><net_src comp="1545" pin="3"/><net_sink comp="1553" pin=0"/></net>

<net id="1558"><net_src comp="1533" pin="2"/><net_sink comp="1553" pin=1"/></net>

<net id="1563"><net_src comp="1553" pin="2"/><net_sink comp="1559" pin=0"/></net>

<net id="1564"><net_src comp="1519" pin="2"/><net_sink comp="1559" pin=1"/></net>

<net id="1570"><net_src comp="134" pin="0"/><net_sink comp="1565" pin=0"/></net>

<net id="1571"><net_src comp="122" pin="0"/><net_sink comp="1565" pin=1"/></net>

<net id="1572"><net_src comp="1559" pin="2"/><net_sink comp="1565" pin=2"/></net>

<net id="1577"><net_src comp="1465" pin="2"/><net_sink comp="1573" pin=0"/></net>

<net id="1578"><net_src comp="102" pin="0"/><net_sink comp="1573" pin=1"/></net>

<net id="1582"><net_src comp="1447" pin="3"/><net_sink comp="1579" pin=0"/></net>

<net id="1586"><net_src comp="727" pin="1"/><net_sink comp="1583" pin=0"/></net>

<net id="1590"><net_src comp="727" pin="1"/><net_sink comp="1587" pin=0"/></net>

<net id="1595"><net_src comp="136" pin="0"/><net_sink comp="1591" pin=0"/></net>

<net id="1600"><net_src comp="1587" pin="1"/><net_sink comp="1596" pin=0"/></net>

<net id="1601"><net_src comp="1591" pin="2"/><net_sink comp="1596" pin=1"/></net>

<net id="1605"><net_src comp="1596" pin="2"/><net_sink comp="1602" pin=0"/></net>

<net id="1610"><net_src comp="138" pin="0"/><net_sink comp="1606" pin=0"/></net>

<net id="1614"><net_src comp="1606" pin="2"/><net_sink comp="1611" pin=0"/></net>

<net id="1619"><net_src comp="1583" pin="1"/><net_sink comp="1615" pin=0"/></net>

<net id="1620"><net_src comp="1611" pin="1"/><net_sink comp="1615" pin=1"/></net>

<net id="1626"><net_src comp="1602" pin="1"/><net_sink comp="1621" pin=1"/></net>

<net id="1627"><net_src comp="1615" pin="2"/><net_sink comp="1621" pin=2"/></net>

<net id="1635"><net_src comp="1621" pin="3"/><net_sink comp="1631" pin=0"/></net>

<net id="1636"><net_src comp="1628" pin="1"/><net_sink comp="1631" pin=1"/></net>

<net id="1643"><net_src comp="140" pin="0"/><net_sink comp="1637" pin=0"/></net>

<net id="1644"><net_src comp="1631" pin="2"/><net_sink comp="1637" pin=1"/></net>

<net id="1645"><net_src comp="118" pin="0"/><net_sink comp="1637" pin=2"/></net>

<net id="1646"><net_src comp="142" pin="0"/><net_sink comp="1637" pin=3"/></net>

<net id="1650"><net_src comp="1637" pin="4"/><net_sink comp="1647" pin=0"/></net>

<net id="1656"><net_src comp="144" pin="0"/><net_sink comp="1651" pin=0"/></net>

<net id="1657"><net_src comp="1631" pin="2"/><net_sink comp="1651" pin=1"/></net>

<net id="1658"><net_src comp="138" pin="0"/><net_sink comp="1651" pin=2"/></net>

<net id="1664"><net_src comp="1651" pin="3"/><net_sink comp="1659" pin=0"/></net>

<net id="1665"><net_src comp="146" pin="0"/><net_sink comp="1659" pin=1"/></net>

<net id="1666"><net_src comp="148" pin="0"/><net_sink comp="1659" pin=2"/></net>

<net id="1671"><net_src comp="150" pin="0"/><net_sink comp="1667" pin=0"/></net>

<net id="1676"><net_src comp="1659" pin="3"/><net_sink comp="1672" pin=0"/></net>

<net id="1677"><net_src comp="1667" pin="2"/><net_sink comp="1672" pin=1"/></net>

<net id="1683"><net_src comp="152" pin="0"/><net_sink comp="1678" pin=0"/></net>

<net id="1684"><net_src comp="1672" pin="2"/><net_sink comp="1678" pin=2"/></net>

<net id="1692"><net_src comp="154" pin="0"/><net_sink comp="1685" pin=0"/></net>

<net id="1693"><net_src comp="1647" pin="1"/><net_sink comp="1685" pin=1"/></net>

<net id="1694"><net_src comp="1678" pin="3"/><net_sink comp="1685" pin=2"/></net>

<net id="1695"><net_src comp="156" pin="0"/><net_sink comp="1685" pin=3"/></net>

<net id="1696"><net_src comp="120" pin="0"/><net_sink comp="1685" pin=4"/></net>

<net id="1700"><net_src comp="1685" pin="5"/><net_sink comp="1697" pin=0"/></net>

<net id="1704"><net_src comp="1697" pin="1"/><net_sink comp="1701" pin=0"/></net>

<net id="1705"><net_src comp="1701" pin="1"/><net_sink comp="404" pin=1"/></net>

<net id="1710"><net_src comp="80" pin="0"/><net_sink comp="1706" pin=0"/></net>

<net id="1711"><net_src comp="607" pin="1"/><net_sink comp="1706" pin=1"/></net>

<net id="1715"><net_src comp="623" pin="4"/><net_sink comp="1712" pin=0"/></net>

<net id="1722"><net_src comp="162" pin="0"/><net_sink comp="1716" pin=0"/></net>

<net id="1723"><net_src comp="1712" pin="1"/><net_sink comp="1716" pin=1"/></net>

<net id="1724"><net_src comp="156" pin="0"/><net_sink comp="1716" pin=2"/></net>

<net id="1725"><net_src comp="164" pin="0"/><net_sink comp="1716" pin=3"/></net>

<net id="1729"><net_src comp="1712" pin="1"/><net_sink comp="1726" pin=0"/></net>

<net id="1734"><net_src comp="1716" pin="4"/><net_sink comp="1730" pin=0"/></net>

<net id="1735"><net_src comp="166" pin="0"/><net_sink comp="1730" pin=1"/></net>

<net id="1740"><net_src comp="1726" pin="1"/><net_sink comp="1736" pin=0"/></net>

<net id="1741"><net_src comp="168" pin="0"/><net_sink comp="1736" pin=1"/></net>

<net id="1747"><net_src comp="56" pin="0"/><net_sink comp="1742" pin=0"/></net>

<net id="1748"><net_src comp="58" pin="0"/><net_sink comp="1742" pin=2"/></net>

<net id="1753"><net_src comp="98" pin="0"/><net_sink comp="1749" pin=0"/></net>

<net id="1759"><net_src comp="1742" pin="3"/><net_sink comp="1754" pin=0"/></net>

<net id="1760"><net_src comp="1749" pin="2"/><net_sink comp="1754" pin=1"/></net>

<net id="1767"><net_src comp="100" pin="0"/><net_sink comp="1761" pin=0"/></net>

<net id="1768"><net_src comp="1754" pin="3"/><net_sink comp="1761" pin=1"/></net>

<net id="1769"><net_src comp="58" pin="0"/><net_sink comp="1761" pin=2"/></net>

<net id="1770"><net_src comp="102" pin="0"/><net_sink comp="1761" pin=3"/></net>

<net id="1776"><net_src comp="104" pin="0"/><net_sink comp="1771" pin=0"/></net>

<net id="1777"><net_src comp="106" pin="0"/><net_sink comp="1771" pin=1"/></net>

<net id="1778"><net_src comp="1761" pin="4"/><net_sink comp="1771" pin=2"/></net>

<net id="1784"><net_src comp="108" pin="0"/><net_sink comp="1779" pin=0"/></net>

<net id="1785"><net_src comp="1771" pin="3"/><net_sink comp="1779" pin=1"/></net>

<net id="1786"><net_src comp="110" pin="0"/><net_sink comp="1779" pin=2"/></net>

<net id="1791"><net_src comp="112" pin="0"/><net_sink comp="1787" pin=0"/></net>

<net id="1792"><net_src comp="1779" pin="3"/><net_sink comp="1787" pin=1"/></net>

<net id="1796"><net_src comp="1787" pin="2"/><net_sink comp="1793" pin=0"/></net>

<net id="1801"><net_src comp="114" pin="0"/><net_sink comp="1797" pin=0"/></net>

<net id="1802"><net_src comp="1787" pin="2"/><net_sink comp="1797" pin=1"/></net>

<net id="1809"><net_src comp="116" pin="0"/><net_sink comp="1803" pin=0"/></net>

<net id="1810"><net_src comp="1797" pin="2"/><net_sink comp="1803" pin=1"/></net>

<net id="1811"><net_src comp="118" pin="0"/><net_sink comp="1803" pin=2"/></net>

<net id="1812"><net_src comp="120" pin="0"/><net_sink comp="1803" pin=3"/></net>

<net id="1817"><net_src comp="1803" pin="4"/><net_sink comp="1813" pin=0"/></net>

<net id="1818"><net_src comp="122" pin="0"/><net_sink comp="1813" pin=1"/></net>

<net id="1822"><net_src comp="1787" pin="2"/><net_sink comp="1819" pin=0"/></net>

<net id="1827"><net_src comp="124" pin="0"/><net_sink comp="1823" pin=0"/></net>

<net id="1828"><net_src comp="1819" pin="1"/><net_sink comp="1823" pin=1"/></net>

<net id="1832"><net_src comp="1823" pin="2"/><net_sink comp="1829" pin=0"/></net>

<net id="1837"><net_src comp="126" pin="0"/><net_sink comp="1833" pin=0"/></net>

<net id="1838"><net_src comp="1829" pin="1"/><net_sink comp="1833" pin=1"/></net>

<net id="1843"><net_src comp="1754" pin="3"/><net_sink comp="1839" pin=0"/></net>

<net id="1844"><net_src comp="1833" pin="2"/><net_sink comp="1839" pin=1"/></net>

<net id="1849"><net_src comp="1839" pin="2"/><net_sink comp="1845" pin=0"/></net>

<net id="1850"><net_src comp="98" pin="0"/><net_sink comp="1845" pin=1"/></net>

<net id="1855"><net_src comp="1813" pin="2"/><net_sink comp="1851" pin=0"/></net>

<net id="1856"><net_src comp="1845" pin="2"/><net_sink comp="1851" pin=1"/></net>

<net id="1862"><net_src comp="128" pin="0"/><net_sink comp="1857" pin=0"/></net>

<net id="1863"><net_src comp="1797" pin="2"/><net_sink comp="1857" pin=1"/></net>

<net id="1864"><net_src comp="120" pin="0"/><net_sink comp="1857" pin=2"/></net>

<net id="1869"><net_src comp="1857" pin="3"/><net_sink comp="1865" pin=0"/></net>

<net id="1870"><net_src comp="110" pin="0"/><net_sink comp="1865" pin=1"/></net>

<net id="1875"><net_src comp="130" pin="0"/><net_sink comp="1871" pin=0"/></net>

<net id="1876"><net_src comp="1793" pin="1"/><net_sink comp="1871" pin=1"/></net>

<net id="1882"><net_src comp="132" pin="0"/><net_sink comp="1877" pin=0"/></net>

<net id="1883"><net_src comp="1754" pin="3"/><net_sink comp="1877" pin=1"/></net>

<net id="1884"><net_src comp="1871" pin="2"/><net_sink comp="1877" pin=2"/></net>

<net id="1889"><net_src comp="1877" pin="3"/><net_sink comp="1885" pin=0"/></net>

<net id="1890"><net_src comp="1865" pin="2"/><net_sink comp="1885" pin=1"/></net>

<net id="1895"><net_src comp="1885" pin="2"/><net_sink comp="1891" pin=0"/></net>

<net id="1896"><net_src comp="1851" pin="2"/><net_sink comp="1891" pin=1"/></net>

<net id="1902"><net_src comp="134" pin="0"/><net_sink comp="1897" pin=0"/></net>

<net id="1903"><net_src comp="122" pin="0"/><net_sink comp="1897" pin=1"/></net>

<net id="1904"><net_src comp="1891" pin="2"/><net_sink comp="1897" pin=2"/></net>

<net id="1909"><net_src comp="1797" pin="2"/><net_sink comp="1905" pin=0"/></net>

<net id="1910"><net_src comp="102" pin="0"/><net_sink comp="1905" pin=1"/></net>

<net id="1914"><net_src comp="1779" pin="3"/><net_sink comp="1911" pin=0"/></net>

<net id="1918"><net_src comp="597" pin="1"/><net_sink comp="1915" pin=0"/></net>

<net id="1925"><net_src comp="162" pin="0"/><net_sink comp="1919" pin=0"/></net>

<net id="1926"><net_src comp="1915" pin="1"/><net_sink comp="1919" pin=1"/></net>

<net id="1927"><net_src comp="156" pin="0"/><net_sink comp="1919" pin=2"/></net>

<net id="1928"><net_src comp="164" pin="0"/><net_sink comp="1919" pin=3"/></net>

<net id="1932"><net_src comp="1915" pin="1"/><net_sink comp="1929" pin=0"/></net>

<net id="1941"><net_src comp="1919" pin="4"/><net_sink comp="1937" pin=0"/></net>

<net id="1942"><net_src comp="166" pin="0"/><net_sink comp="1937" pin=1"/></net>

<net id="1947"><net_src comp="1929" pin="1"/><net_sink comp="1943" pin=0"/></net>

<net id="1948"><net_src comp="168" pin="0"/><net_sink comp="1943" pin=1"/></net>

<net id="1953"><net_src comp="1943" pin="2"/><net_sink comp="1949" pin=0"/></net>

<net id="1954"><net_src comp="1937" pin="2"/><net_sink comp="1949" pin=1"/></net>

<net id="1959"><net_src comp="1933" pin="2"/><net_sink comp="1955" pin=0"/></net>

<net id="1960"><net_src comp="1949" pin="2"/><net_sink comp="1955" pin=1"/></net>

<net id="1965"><net_src comp="1955" pin="2"/><net_sink comp="1961" pin=0"/></net>

<net id="1966"><net_src comp="677" pin="2"/><net_sink comp="1961" pin=1"/></net>

<net id="1971"><net_src comp="1961" pin="2"/><net_sink comp="1967" pin=0"/></net>

<net id="1972"><net_src comp="110" pin="0"/><net_sink comp="1967" pin=1"/></net>

<net id="1977"><net_src comp="1967" pin="2"/><net_sink comp="1973" pin=1"/></net>

<net id="1983"><net_src comp="1961" pin="2"/><net_sink comp="1978" pin=0"/></net>

<net id="1984"><net_src comp="158" pin="0"/><net_sink comp="1978" pin=1"/></net>

<net id="1985"><net_src comp="597" pin="1"/><net_sink comp="1978" pin=2"/></net>

<net id="1996"><net_src comp="136" pin="0"/><net_sink comp="1992" pin=0"/></net>

<net id="2001"><net_src comp="1989" pin="1"/><net_sink comp="1997" pin=0"/></net>

<net id="2002"><net_src comp="1992" pin="2"/><net_sink comp="1997" pin=1"/></net>

<net id="2006"><net_src comp="1997" pin="2"/><net_sink comp="2003" pin=0"/></net>

<net id="2011"><net_src comp="138" pin="0"/><net_sink comp="2007" pin=0"/></net>

<net id="2015"><net_src comp="2007" pin="2"/><net_sink comp="2012" pin=0"/></net>

<net id="2020"><net_src comp="1986" pin="1"/><net_sink comp="2016" pin=0"/></net>

<net id="2021"><net_src comp="2012" pin="1"/><net_sink comp="2016" pin=1"/></net>

<net id="2027"><net_src comp="2003" pin="1"/><net_sink comp="2022" pin=1"/></net>

<net id="2028"><net_src comp="2016" pin="2"/><net_sink comp="2022" pin=2"/></net>

<net id="2036"><net_src comp="2022" pin="3"/><net_sink comp="2032" pin=0"/></net>

<net id="2037"><net_src comp="2029" pin="1"/><net_sink comp="2032" pin=1"/></net>

<net id="2044"><net_src comp="140" pin="0"/><net_sink comp="2038" pin=0"/></net>

<net id="2045"><net_src comp="2032" pin="2"/><net_sink comp="2038" pin=1"/></net>

<net id="2046"><net_src comp="118" pin="0"/><net_sink comp="2038" pin=2"/></net>

<net id="2047"><net_src comp="142" pin="0"/><net_sink comp="2038" pin=3"/></net>

<net id="2051"><net_src comp="2038" pin="4"/><net_sink comp="2048" pin=0"/></net>

<net id="2057"><net_src comp="144" pin="0"/><net_sink comp="2052" pin=0"/></net>

<net id="2058"><net_src comp="2032" pin="2"/><net_sink comp="2052" pin=1"/></net>

<net id="2059"><net_src comp="138" pin="0"/><net_sink comp="2052" pin=2"/></net>

<net id="2065"><net_src comp="2052" pin="3"/><net_sink comp="2060" pin=0"/></net>

<net id="2066"><net_src comp="146" pin="0"/><net_sink comp="2060" pin=1"/></net>

<net id="2067"><net_src comp="148" pin="0"/><net_sink comp="2060" pin=2"/></net>

<net id="2072"><net_src comp="150" pin="0"/><net_sink comp="2068" pin=0"/></net>

<net id="2077"><net_src comp="2060" pin="3"/><net_sink comp="2073" pin=0"/></net>

<net id="2078"><net_src comp="2068" pin="2"/><net_sink comp="2073" pin=1"/></net>

<net id="2084"><net_src comp="152" pin="0"/><net_sink comp="2079" pin=0"/></net>

<net id="2085"><net_src comp="2073" pin="2"/><net_sink comp="2079" pin=2"/></net>

<net id="2093"><net_src comp="154" pin="0"/><net_sink comp="2086" pin=0"/></net>

<net id="2094"><net_src comp="2048" pin="1"/><net_sink comp="2086" pin=1"/></net>

<net id="2095"><net_src comp="2079" pin="3"/><net_sink comp="2086" pin=2"/></net>

<net id="2096"><net_src comp="156" pin="0"/><net_sink comp="2086" pin=3"/></net>

<net id="2097"><net_src comp="120" pin="0"/><net_sink comp="2086" pin=4"/></net>

<net id="2101"><net_src comp="2086" pin="5"/><net_sink comp="2098" pin=0"/></net>

<net id="2105"><net_src comp="2098" pin="1"/><net_sink comp="2102" pin=0"/></net>

<net id="2111"><net_src comp="1973" pin="2"/><net_sink comp="2106" pin=0"/></net>

<net id="2112"><net_src comp="1978" pin="3"/><net_sink comp="2106" pin=1"/></net>

<net id="2113"><net_src comp="2102" pin="1"/><net_sink comp="2106" pin=2"/></net>

<net id="2118"><net_src comp="647" pin="4"/><net_sink comp="2114" pin=0"/></net>

<net id="2119"><net_src comp="92" pin="0"/><net_sink comp="2114" pin=1"/></net>

<net id="2124"><net_src comp="647" pin="4"/><net_sink comp="2120" pin=0"/></net>

<net id="2125"><net_src comp="80" pin="0"/><net_sink comp="2120" pin=1"/></net>

<net id="2129"><net_src comp="647" pin="4"/><net_sink comp="2126" pin=0"/></net>

<net id="2130"><net_src comp="2126" pin="1"/><net_sink comp="425" pin=2"/></net>

<net id="2135"><net_src comp="658" pin="4"/><net_sink comp="2131" pin=0"/></net>

<net id="2136"><net_src comp="92" pin="0"/><net_sink comp="2131" pin=1"/></net>

<net id="2141"><net_src comp="658" pin="4"/><net_sink comp="2137" pin=0"/></net>

<net id="2142"><net_src comp="80" pin="0"/><net_sink comp="2137" pin=1"/></net>

<net id="2146"><net_src comp="658" pin="4"/><net_sink comp="2143" pin=0"/></net>

<net id="2147"><net_src comp="2143" pin="1"/><net_sink comp="445" pin=2"/></net>

<net id="2153"><net_src comp="811" pin="1"/><net_sink comp="2148" pin=0"/></net>

<net id="2154"><net_src comp="815" pin="1"/><net_sink comp="2148" pin=1"/></net>

<net id="2155"><net_src comp="819" pin="3"/><net_sink comp="2148" pin=2"/></net>

<net id="2156"><net_src comp="2148" pin="3"/><net_sink comp="827" pin=1"/></net>

<net id="2162"><net_src comp="931" pin="1"/><net_sink comp="2157" pin=0"/></net>

<net id="2163"><net_src comp="935" pin="1"/><net_sink comp="2157" pin=1"/></net>

<net id="2164"><net_src comp="939" pin="3"/><net_sink comp="2157" pin=2"/></net>

<net id="2165"><net_src comp="2157" pin="3"/><net_sink comp="947" pin=1"/></net>

<net id="2171"><net_src comp="1041" pin="1"/><net_sink comp="2166" pin=0"/></net>

<net id="2172"><net_src comp="1045" pin="1"/><net_sink comp="2166" pin=1"/></net>

<net id="2173"><net_src comp="1049" pin="3"/><net_sink comp="2166" pin=2"/></net>

<net id="2174"><net_src comp="2166" pin="3"/><net_sink comp="1057" pin=1"/></net>

<net id="2180"><net_src comp="1130" pin="1"/><net_sink comp="2175" pin=0"/></net>

<net id="2181"><net_src comp="1134" pin="1"/><net_sink comp="2175" pin=1"/></net>

<net id="2182"><net_src comp="1138" pin="3"/><net_sink comp="2175" pin=2"/></net>

<net id="2183"><net_src comp="2175" pin="3"/><net_sink comp="1146" pin=1"/></net>

<net id="2187"><net_src comp="731" pin="2"/><net_sink comp="2184" pin=0"/></net>

<net id="2188"><net_src comp="2184" pin="1"/><net_sink comp="468" pin=0"/></net>

<net id="2195"><net_src comp="743" pin="2"/><net_sink comp="2192" pin=0"/></net>

<net id="2196"><net_src comp="2192" pin="1"/><net_sink comp="457" pin=0"/></net>

<net id="2200"><net_src comp="749" pin="1"/><net_sink comp="2197" pin=0"/></net>

<net id="2201"><net_src comp="2197" pin="1"/><net_sink comp="235" pin=2"/></net>

<net id="2205"><net_src comp="196" pin="3"/><net_sink comp="2202" pin=0"/></net>

<net id="2206"><net_src comp="2202" pin="1"/><net_sink comp="203" pin=0"/></net>

<net id="2210"><net_src comp="754" pin="1"/><net_sink comp="2207" pin=0"/></net>

<net id="2211"><net_src comp="2207" pin="1"/><net_sink comp="479" pin=0"/></net>

<net id="2218"><net_src comp="764" pin="2"/><net_sink comp="2215" pin=0"/></net>

<net id="2219"><net_src comp="2215" pin="1"/><net_sink comp="490" pin=2"/></net>

<net id="2223"><net_src comp="209" pin="3"/><net_sink comp="2220" pin=0"/></net>

<net id="2224"><net_src comp="2220" pin="1"/><net_sink comp="229" pin=0"/></net>

<net id="2228"><net_src comp="216" pin="3"/><net_sink comp="2225" pin=0"/></net>

<net id="2229"><net_src comp="2225" pin="1"/><net_sink comp="223" pin=0"/></net>

<net id="2233"><net_src comp="827" pin="4"/><net_sink comp="2230" pin=0"/></net>

<net id="2234"><net_src comp="2230" pin="1"/><net_sink comp="479" pin=2"/></net>

<net id="2241"><net_src comp="842" pin="2"/><net_sink comp="2238" pin=0"/></net>

<net id="2242"><net_src comp="2238" pin="1"/><net_sink comp="501" pin=0"/></net>

<net id="2246"><net_src comp="848" pin="1"/><net_sink comp="2243" pin=0"/></net>

<net id="2247"><net_src comp="2243" pin="1"/><net_sink comp="280" pin=2"/></net>

<net id="2251"><net_src comp="247" pin="3"/><net_sink comp="2248" pin=0"/></net>

<net id="2252"><net_src comp="2248" pin="1"/><net_sink comp="254" pin=0"/></net>

<net id="2256"><net_src comp="869" pin="2"/><net_sink comp="2253" pin=0"/></net>

<net id="2257"><net_src comp="2253" pin="1"/><net_sink comp="900" pin=1"/></net>

<net id="2261"><net_src comp="875" pin="1"/><net_sink comp="2258" pin=0"/></net>

<net id="2262"><net_src comp="2258" pin="1"/><net_sink comp="512" pin=0"/></net>

<net id="2269"><net_src comp="885" pin="2"/><net_sink comp="2266" pin=0"/></net>

<net id="2270"><net_src comp="2266" pin="1"/><net_sink comp="523" pin=2"/></net>

<net id="2274"><net_src comp="260" pin="3"/><net_sink comp="2271" pin=0"/></net>

<net id="2275"><net_src comp="2271" pin="1"/><net_sink comp="274" pin=0"/></net>

<net id="2279"><net_src comp="267" pin="3"/><net_sink comp="2276" pin=0"/></net>

<net id="2280"><net_src comp="2276" pin="1"/><net_sink comp="241" pin=0"/></net>

<net id="2284"><net_src comp="947" pin="4"/><net_sink comp="2281" pin=0"/></net>

<net id="2285"><net_src comp="2281" pin="1"/><net_sink comp="512" pin=2"/></net>

<net id="2292"><net_src comp="962" pin="2"/><net_sink comp="2289" pin=0"/></net>

<net id="2293"><net_src comp="2289" pin="1"/><net_sink comp="534" pin=0"/></net>

<net id="2297"><net_src comp="968" pin="1"/><net_sink comp="2294" pin=0"/></net>

<net id="2298"><net_src comp="2294" pin="1"/><net_sink comp="325" pin=2"/></net>

<net id="2302"><net_src comp="292" pin="3"/><net_sink comp="2299" pin=0"/></net>

<net id="2303"><net_src comp="2299" pin="1"/><net_sink comp="299" pin=0"/></net>

<net id="2307"><net_src comp="981" pin="1"/><net_sink comp="2304" pin=0"/></net>

<net id="2308"><net_src comp="2304" pin="1"/><net_sink comp="1010" pin=1"/></net>

<net id="2312"><net_src comp="985" pin="1"/><net_sink comp="2309" pin=0"/></net>

<net id="2313"><net_src comp="2309" pin="1"/><net_sink comp="545" pin=0"/></net>

<net id="2320"><net_src comp="995" pin="2"/><net_sink comp="2317" pin=0"/></net>

<net id="2321"><net_src comp="2317" pin="1"/><net_sink comp="556" pin=2"/></net>

<net id="2325"><net_src comp="305" pin="3"/><net_sink comp="2322" pin=0"/></net>

<net id="2326"><net_src comp="2322" pin="1"/><net_sink comp="319" pin=0"/></net>

<net id="2330"><net_src comp="312" pin="3"/><net_sink comp="2327" pin=0"/></net>

<net id="2331"><net_src comp="2327" pin="1"/><net_sink comp="286" pin=0"/></net>

<net id="2335"><net_src comp="1057" pin="4"/><net_sink comp="2332" pin=0"/></net>

<net id="2336"><net_src comp="2332" pin="1"/><net_sink comp="545" pin=2"/></net>

<net id="2343"><net_src comp="1072" pin="2"/><net_sink comp="2340" pin=0"/></net>

<net id="2344"><net_src comp="2340" pin="1"/><net_sink comp="567" pin=0"/></net>

<net id="2348"><net_src comp="1078" pin="1"/><net_sink comp="2345" pin=0"/></net>

<net id="2349"><net_src comp="2345" pin="1"/><net_sink comp="383" pin=2"/></net>

<net id="2353"><net_src comp="337" pin="3"/><net_sink comp="2350" pin=0"/></net>

<net id="2354"><net_src comp="2350" pin="1"/><net_sink comp="344" pin=0"/></net>

<net id="2358"><net_src comp="350" pin="3"/><net_sink comp="2355" pin=0"/></net>

<net id="2359"><net_src comp="2355" pin="1"/><net_sink comp="357" pin=0"/></net>

<net id="2363"><net_src comp="1091" pin="1"/><net_sink comp="2360" pin=0"/></net>

<net id="2364"><net_src comp="2360" pin="1"/><net_sink comp="1120" pin=1"/></net>

<net id="2368"><net_src comp="1095" pin="1"/><net_sink comp="2365" pin=0"/></net>

<net id="2369"><net_src comp="2365" pin="1"/><net_sink comp="578" pin=0"/></net>

<net id="2376"><net_src comp="1105" pin="2"/><net_sink comp="2373" pin=0"/></net>

<net id="2377"><net_src comp="2373" pin="1"/><net_sink comp="590" pin=2"/></net>

<net id="2381"><net_src comp="363" pin="3"/><net_sink comp="2378" pin=0"/></net>

<net id="2382"><net_src comp="2378" pin="1"/><net_sink comp="377" pin=0"/></net>

<net id="2386"><net_src comp="370" pin="3"/><net_sink comp="2383" pin=0"/></net>

<net id="2387"><net_src comp="2383" pin="1"/><net_sink comp="331" pin=0"/></net>

<net id="2391"><net_src comp="1146" pin="4"/><net_sink comp="2388" pin=0"/></net>

<net id="2392"><net_src comp="2388" pin="1"/><net_sink comp="578" pin=2"/></net>

<net id="2396"><net_src comp="689" pin="2"/><net_sink comp="2393" pin=0"/></net>

<net id="2397"><net_src comp="2393" pin="1"/><net_sink comp="1421" pin=0"/></net>

<net id="2401"><net_src comp="695" pin="3"/><net_sink comp="2398" pin=0"/></net>

<net id="2402"><net_src comp="2398" pin="1"/><net_sink comp="1394" pin=1"/></net>

<net id="2406"><net_src comp="1171" pin="2"/><net_sink comp="2403" pin=0"/></net>

<net id="2407"><net_src comp="2403" pin="1"/><net_sink comp="1307" pin=1"/></net>

<net id="2408"><net_src comp="2403" pin="1"/><net_sink comp="1322" pin=1"/></net>

<net id="2412"><net_src comp="1281" pin="3"/><net_sink comp="2409" pin=0"/></net>

<net id="2413"><net_src comp="2409" pin="1"/><net_sink comp="1344" pin=0"/></net>

<net id="2417"><net_src comp="1289" pin="2"/><net_sink comp="2414" pin=0"/></net>

<net id="2418"><net_src comp="2414" pin="1"/><net_sink comp="1337" pin=0"/></net>

<net id="2422"><net_src comp="1295" pin="1"/><net_sink comp="2419" pin=0"/></net>

<net id="2423"><net_src comp="2419" pin="1"/><net_sink comp="1383" pin=1"/></net>

<net id="2427"><net_src comp="1421" pin="3"/><net_sink comp="2424" pin=0"/></net>

<net id="2428"><net_src comp="2424" pin="1"/><net_sink comp="600" pin=2"/></net>

<net id="2429"><net_src comp="2424" pin="1"/><net_sink comp="404" pin=1"/></net>

<net id="2436"><net_src comp="1434" pin="1"/><net_sink comp="2433" pin=0"/></net>

<net id="2437"><net_src comp="2433" pin="1"/><net_sink comp="410" pin=2"/></net>

<net id="2438"><net_src comp="2433" pin="1"/><net_sink comp="418" pin=2"/></net>

<net id="2442"><net_src comp="390" pin="3"/><net_sink comp="2439" pin=0"/></net>

<net id="2443"><net_src comp="2439" pin="1"/><net_sink comp="357" pin=0"/></net>

<net id="2447"><net_src comp="357" pin="3"/><net_sink comp="2444" pin=0"/></net>

<net id="2448"><net_src comp="2444" pin="1"/><net_sink comp="1742" pin=1"/></net>

<net id="2449"><net_src comp="2444" pin="1"/><net_sink comp="1749" pin=1"/></net>

<net id="2450"><net_src comp="2444" pin="1"/><net_sink comp="1754" pin=2"/></net>

<net id="2454"><net_src comp="689" pin="2"/><net_sink comp="2451" pin=0"/></net>

<net id="2455"><net_src comp="2451" pin="1"/><net_sink comp="1973" pin=0"/></net>

<net id="2459"><net_src comp="695" pin="3"/><net_sink comp="2456" pin=0"/></net>

<net id="2460"><net_src comp="2456" pin="1"/><net_sink comp="1678" pin=1"/></net>

<net id="2464"><net_src comp="1455" pin="2"/><net_sink comp="2461" pin=0"/></net>

<net id="2465"><net_src comp="2461" pin="1"/><net_sink comp="1591" pin=1"/></net>

<net id="2466"><net_src comp="2461" pin="1"/><net_sink comp="1606" pin=1"/></net>

<net id="2470"><net_src comp="1565" pin="3"/><net_sink comp="2467" pin=0"/></net>

<net id="2471"><net_src comp="2467" pin="1"/><net_sink comp="1628" pin=0"/></net>

<net id="2475"><net_src comp="1573" pin="2"/><net_sink comp="2472" pin=0"/></net>

<net id="2476"><net_src comp="2472" pin="1"/><net_sink comp="1621" pin=0"/></net>

<net id="2480"><net_src comp="1579" pin="1"/><net_sink comp="2477" pin=0"/></net>

<net id="2481"><net_src comp="2477" pin="1"/><net_sink comp="1667" pin=1"/></net>

<net id="2485"><net_src comp="1701" pin="1"/><net_sink comp="2482" pin=0"/></net>

<net id="2486"><net_src comp="2482" pin="1"/><net_sink comp="623" pin=0"/></net>

<net id="2490"><net_src comp="1706" pin="2"/><net_sink comp="2487" pin=0"/></net>

<net id="2491"><net_src comp="2487" pin="1"/><net_sink comp="611" pin=0"/></net>

<net id="2495"><net_src comp="1730" pin="2"/><net_sink comp="2492" pin=0"/></net>

<net id="2496"><net_src comp="2492" pin="1"/><net_sink comp="1933" pin=1"/></net>

<net id="2500"><net_src comp="1736" pin="2"/><net_sink comp="2497" pin=0"/></net>

<net id="2501"><net_src comp="2497" pin="1"/><net_sink comp="1933" pin=0"/></net>

<net id="2505"><net_src comp="1742" pin="3"/><net_sink comp="2502" pin=0"/></net>

<net id="2506"><net_src comp="2502" pin="1"/><net_sink comp="2079" pin=1"/></net>

<net id="2510"><net_src comp="1754" pin="3"/><net_sink comp="2507" pin=0"/></net>

<net id="2511"><net_src comp="2507" pin="1"/><net_sink comp="1986" pin=0"/></net>

<net id="2512"><net_src comp="2507" pin="1"/><net_sink comp="1989" pin=0"/></net>

<net id="2516"><net_src comp="1787" pin="2"/><net_sink comp="2513" pin=0"/></net>

<net id="2517"><net_src comp="2513" pin="1"/><net_sink comp="1992" pin=1"/></net>

<net id="2518"><net_src comp="2513" pin="1"/><net_sink comp="2007" pin=1"/></net>

<net id="2522"><net_src comp="1897" pin="3"/><net_sink comp="2519" pin=0"/></net>

<net id="2523"><net_src comp="2519" pin="1"/><net_sink comp="2029" pin=0"/></net>

<net id="2527"><net_src comp="1905" pin="2"/><net_sink comp="2524" pin=0"/></net>

<net id="2528"><net_src comp="2524" pin="1"/><net_sink comp="2022" pin=0"/></net>

<net id="2532"><net_src comp="1911" pin="1"/><net_sink comp="2529" pin=0"/></net>

<net id="2533"><net_src comp="2529" pin="1"/><net_sink comp="2068" pin=1"/></net>

<net id="2537"><net_src comp="2106" pin="3"/><net_sink comp="2534" pin=0"/></net>

<net id="2538"><net_src comp="2534" pin="1"/><net_sink comp="600" pin=0"/></net>

<net id="2545"><net_src comp="2120" pin="2"/><net_sink comp="2542" pin=0"/></net>

<net id="2546"><net_src comp="2542" pin="1"/><net_sink comp="647" pin=2"/></net>

<net id="2550"><net_src comp="2126" pin="1"/><net_sink comp="2547" pin=0"/></net>

<net id="2551"><net_src comp="2547" pin="1"/><net_sink comp="432" pin=2"/></net>

<net id="2555"><net_src comp="425" pin="3"/><net_sink comp="2552" pin=0"/></net>

<net id="2556"><net_src comp="2552" pin="1"/><net_sink comp="404" pin=0"/></net>

<net id="2560"><net_src comp="404" pin="3"/><net_sink comp="2557" pin=0"/></net>

<net id="2561"><net_src comp="2557" pin="1"/><net_sink comp="665" pin=0"/></net>

<net id="2565"><net_src comp="665" pin="2"/><net_sink comp="2562" pin=0"/></net>

<net id="2566"><net_src comp="2562" pin="1"/><net_sink comp="683" pin=1"/></net>

<net id="2570"><net_src comp="683" pin="2"/><net_sink comp="2567" pin=0"/></net>

<net id="2571"><net_src comp="2567" pin="1"/><net_sink comp="665" pin=1"/></net>

<net id="2575"><net_src comp="665" pin="2"/><net_sink comp="2572" pin=0"/></net>

<net id="2576"><net_src comp="2572" pin="1"/><net_sink comp="635" pin=2"/></net>

<net id="2583"><net_src comp="2137" pin="2"/><net_sink comp="2580" pin=0"/></net>

<net id="2584"><net_src comp="2580" pin="1"/><net_sink comp="658" pin=0"/></net>

<net id="2588"><net_src comp="445" pin="3"/><net_sink comp="2585" pin=0"/></net>

<net id="2589"><net_src comp="2585" pin="1"/><net_sink comp="439" pin=0"/></net>

<net id="2593"><net_src comp="439" pin="3"/><net_sink comp="2590" pin=0"/></net>

<net id="2594"><net_src comp="2590" pin="1"/><net_sink comp="672" pin=0"/></net>

<net id="2598"><net_src comp="672" pin="2"/><net_sink comp="2595" pin=0"/></net>

<net id="2599"><net_src comp="2595" pin="1"/><net_sink comp="439" pin=1"/></net>

</net_list>

</model> 
---------------- Datapath Model END ------------------

* FSMD analyzer results:
  - Output states:
	Port: output_r | {37 53 }
 - Input state : 
	Port: mlp : input_V | {4 5 }
	Port: mlp : output_r | {42 43 }
	Port: mlp : B1_V | {2 3 }
	Port: mlp : W1_V | {4 5 }
	Port: mlp : B2_V | {6 7 }
	Port: mlp : W2_V | {8 9 }
	Port: mlp : B3_V | {10 11 }
	Port: mlp : W3_V | {12 13 }
	Port: mlp : B4_V | {14 15 }
	Port: mlp : W4_V | {16 17 }
  - Chain level:
	State 1
	State 2
		add_ln88 : 1
		icmp_ln88 : 1
		j : 1
		br_ln88 : 2
		zext_ln89 : 1
		B1_V_addr : 2
		acc_V : 3
	State 3
		zext_ln89_1 : 1
	State 4
		icmp_ln68 : 1
		i : 1
		br_ln68 : 2
		zext_ln69 : 1
		zext_ln1117_2 : 1
		add_ln1117_1 : 2
		zext_ln1117_3 : 3
		W1_V_addr : 4
		input_V_addr : 2
		input_V_load : 3
		W1_V_load : 5
		empty_16 : 1
		tmp_10 : 1
		p_Val2_s : 2
		store_ln89 : 3
	State 5
		sext_ln1192 : 1
		sext_ln1192_1 : 1
		mul_ln1192 : 2
		ret_V : 3
		acc_V_2 : 4
	State 6
		icmp_ln93 : 1
		j_1 : 1
		br_ln93 : 2
		zext_ln94 : 1
		B2_V_addr : 2
		acc_V_1 : 3
	State 7
		zext_ln1117_1 : 1
		add_ln1117 : 2
		sext_ln94 : 1
	State 8
		icmp_ln68_1 : 1
		i_1 : 1
		br_ln68 : 2
		zext_ln69_1 : 1
		zext_ln1117_4 : 1
		add_ln1117_2 : 2
		zext_ln1117_5 : 3
		W2_V_addr : 4
		a1_V_addr_1 : 2
		a1_V_load : 3
		W2_V_load : 5
		empty_19 : 1
		tmp_11 : 1
		p_Val2_3 : 2
		store_ln94 : 3
	State 9
		zext_ln1192 : 1
		sext_ln1192_2 : 1
		mul_ln1192_1 : 2
		ret_V_1 : 3
		acc_V_4 : 4
	State 10
		icmp_ln98 : 1
		j_2 : 1
		br_ln98 : 2
		zext_ln99 : 1
		B3_V_addr : 2
		acc_V_3 : 3
	State 11
		zext_ln99_1 : 1
		sext_ln99 : 1
	State 12
		icmp_ln68_2 : 1
		i_2 : 1
		br_ln68 : 2
		zext_ln69_2 : 1
		zext_ln1117_6 : 1
		add_ln1117_3 : 2
		zext_ln1117_7 : 3
		W3_V_addr : 4
		a2_V_addr_1 : 2
		a2_V_load : 3
		W3_V_load : 5
		empty_22 : 1
		tmp_16 : 1
		p_Val2_10 : 2
		store_ln99 : 3
	State 13
		zext_ln1192_1 : 1
		sext_ln1192_3 : 1
		mul_ln1192_2 : 2
		ret_V_2 : 3
		acc_V_6 : 4
	State 14
		icmp_ln103 : 1
		j_3 : 1
		br_ln103 : 2
		zext_ln104 : 1
		B4_V_addr : 2
		acc_V_5 : 3
		tmp_V_9 : 1
	State 15
		zext_ln104_1 : 1
		sext_ln104 : 1
	State 16
		icmp_ln68_3 : 1
		i_3 : 1
		br_ln68 : 2
		zext_ln69_3 : 1
		zext_ln1117_8 : 1
		add_ln1117_4 : 2
		zext_ln1117_9 : 3
		W4_V_addr : 4
		a3_V_addr_1 : 2
		a3_V_load : 3
		W4_V_load : 5
		store_ln104 : 1
	State 17
		zext_ln1192_2 : 1
		sext_ln1192_4 : 1
		mul_ln1192_3 : 2
		ret_V_3 : 3
		acc_V_7 : 4
	State 18
		icmp_ln935 : 1
		p_Result_21 : 1
		tmp_V : 1
		tmp_V_10 : 2
		p_Result_s : 3
		p_Result_22 : 4
		l : 5
		sub_ln944 : 6
		trunc_ln944 : 7
		lsb_index : 7
		tmp_13 : 8
		icmp_ln947 : 9
		trunc_ln947 : 7
		sub_ln947 : 8
		zext_ln947 : 9
		lshr_ln947 : 10
		p_Result_4 : 11
		icmp_ln947_1 : 11
		a : 12
		tmp_14 : 8
		xor_ln949 : 9
		add_ln949 : 8
		p_Result_3 : 9
		and_ln949 : 9
		or_ln949 : 12
		or_ln : 12
		icmp_ln958 : 8
		trunc_ln943 : 6
	State 19
		lshr_ln958 : 1
		zext_ln958 : 2
		zext_ln958_1 : 1
		shl_ln958 : 2
		m_1 : 3
		m_2 : 4
		m_s : 5
		m_26 : 6
		tmp_15 : 5
		select_ln964 : 6
		add_ln964 : 7
		tmp_s : 8
		p_Result_23 : 9
		trunc_ln738 : 10
		bitcast_ln739 : 11
		select_ln935 : 12
	State 20
		icmp_ln109 : 1
		br_ln109 : 2
		zext_ln110 : 1
		z4_V_addr_2 : 2
		tmp_V_11 : 3
		store_ln114 : 1
	State 21
		icmp_ln935_1 : 1
		br_ln110 : 2
		p_Result_24 : 1
		tmp_V_5 : 1
		tmp_V_12 : 2
		p_Result_10 : 3
		p_Result_25 : 4
		l_1 : 5
		sub_ln944_1 : 6
		trunc_ln944_1 : 7
		lsb_index_1 : 7
		tmp_18 : 8
		icmp_ln947_2 : 9
		trunc_ln947_1 : 7
		sub_ln947_1 : 8
		zext_ln947_1 : 9
		lshr_ln947_1 : 10
		p_Result_12 : 11
		icmp_ln947_3 : 11
		a_1 : 12
		tmp_19 : 8
		xor_ln949_1 : 9
		add_ln949_1 : 8
		p_Result_13 : 9
		and_ln949_1 : 9
		or_ln949_1 : 12
		or_ln949_2 : 12
		icmp_ln958_1 : 8
		trunc_ln943_1 : 6
		store_ln110 : 1
	State 22
		lshr_ln958_1 : 1
		zext_ln958_2 : 2
		zext_ln958_3 : 1
		shl_ln958_1 : 2
		m_16 : 3
		m_17 : 4
		m_3 : 5
		m_27 : 6
		tmp_20 : 5
		select_ln964_1 : 6
		add_ln964_1 : 7
		tmp_4 : 8
		p_Result_26 : 9
		trunc_ln738_1 : 10
		bitcast_ln739_1 : 11
		store_ln110 : 12
	State 23
		bitcast_ln111 : 1
		tmp_1 : 2
		trunc_ln111 : 2
		icmp_ln111 : 3
		icmp_ln111_1 : 3
		tmp_5 : 1
		tmp_V_13 : 1
		p_Result_16 : 2
		p_Result_28 : 3
		l_2 : 4
		sub_ln944_2 : 5
		trunc_ln944_2 : 6
		lsb_index_2 : 6
		tmp_22 : 7
		icmp_ln947_4 : 8
		trunc_ln947_2 : 6
		sub_ln947_2 : 7
		zext_ln947_2 : 8
		lshr_ln947_2 : 9
		p_Result_18 : 10
		icmp_ln947_5 : 10
		a_2 : 11
		tmp_23 : 7
		xor_ln949_2 : 8
		add_ln949_2 : 7
		p_Result_19 : 8
		and_ln949_2 : 8
		or_ln949_3 : 11
		or_ln949_4 : 11
		icmp_ln958_2 : 7
		trunc_ln943_2 : 5
	State 24
		tmp_3 : 1
		trunc_ln111_1 : 1
		icmp_ln111_2 : 2
		icmp_ln111_3 : 2
		or_ln111_2 : 3
		and_ln111 : 3
		and_ln111_1 : 3
		xor_ln111 : 3
		or_ln111 : 3
		select_ln111 : 3
		lshr_ln958_2 : 1
		zext_ln958_4 : 2
		zext_ln958_5 : 1
		shl_ln958_2 : 2
		m_22 : 3
		m_23 : 4
		m_4 : 5
		m_28 : 6
		tmp_24 : 5
		select_ln964_2 : 6
		add_ln964_2 : 7
		tmp_6 : 8
		p_Result_29 : 9
		trunc_ln738_2 : 10
		bitcast_ln739_2 : 11
		select_ln111_1 : 12
	State 25
		icmp_ln118 : 1
		j_4 : 1
		br_ln118 : 2
		zext_ln119 : 1
		logits_addr_3 : 2
		logits_load : 3
	State 26
		tmp : 1
	State 27
	State 28
	State 29
	State 30
	State 31
	State 32
	State 33
	State 34
	State 35
	State 36
	State 37
		store_ln120 : 1
	State 38
	State 39
	State 40
	State 41
	State 42
		icmp_ln124 : 1
		j_6 : 1
		br_ln124 : 2
		zext_ln125 : 1
		output_addr_1 : 2
		output_load : 3
	State 43
	State 44
	State 45
	State 46
	State 47
	State 48
	State 49
	State 50
	State 51
	State 52
	State 53


============================================================
+ Verbose Summary: Datapath Resource usage 
============================================================

* Functional unit list:
|----------|------------------------|---------|---------|---------|
| Operation|     Functional Unit    |  DSP48E |    FF   |   LUT   |
|----------|------------------------|---------|---------|---------|
|   fexp   |       grp_fu_683       |    7    |   324   |   905   |
|----------|------------------------|---------|---------|---------|
|   fdiv   |       grp_fu_672       |    0    |   411   |   802   |
|----------|------------------------|---------|---------|---------|
|          |     add_ln88_fu_731    |    0    |    0    |    19   |
|          |        j_fu_743        |    0    |    0    |    11   |
|          |        i_fu_764        |    0    |    0    |    17   |
|          |   add_ln1117_1_fu_779  |    0    |    0    |    19   |
|          |       j_1_fu_842       |    0    |    0    |    12   |
|          |    add_ln1117_fu_869   |    0    |    0    |    15   |
|          |       i_1_fu_885       |    0    |    0    |    11   |
|          |   add_ln1117_2_fu_900  |    0    |    0    |    15   |
|          |       j_2_fu_962       |    0    |    0    |    12   |
|          |       i_2_fu_995       |    0    |    0    |    12   |
|          |  add_ln1117_3_fu_1010  |    0    |    0    |    15   |
|          |       j_3_fu_1072      |    0    |    0    |    12   |
|          |       i_3_fu_1105      |    0    |    0    |    12   |
|          |  add_ln1117_4_fu_1120  |    0    |    0    |    15   |
|          |    lsb_index_fu_1181   |    0    |    0    |    39   |
|    add   |    add_ln949_fu_1255   |    0    |    0    |    27   |
|          |    add_ln958_fu_1307   |    0    |    0    |    39   |
|          |       m_2_fu_1347      |    0    |    0    |    71   |
|          |    add_ln964_fu_1388   |    0    |    0    |    19   |
|          |   lsb_index_1_fu_1465  |    0    |    0    |    39   |
|          |   add_ln949_1_fu_1539  |    0    |    0    |    27   |
|          |   add_ln958_1_fu_1591  |    0    |    0    |    39   |
|          |      m_17_fu_1631      |    0    |    0    |    71   |
|          |   add_ln964_1_fu_1672  |    0    |    0    |    19   |
|          |       j_5_fu_1706      |    0    |    0    |    12   |
|          |   lsb_index_2_fu_1797  |    0    |    0    |    39   |
|          |   add_ln949_2_fu_1871  |    0    |    0    |    27   |
|          |   add_ln958_2_fu_1992  |    0    |    0    |    39   |
|          |      m_23_fu_2032      |    0    |    0    |    71   |
|          |   add_ln964_2_fu_2073  |    0    |    0    |    19   |
|          |       j_4_fu_2120      |    0    |    0    |    12   |
|          |       j_6_fu_2137      |    0    |    0    |    12   |
|----------|------------------------|---------|---------|---------|
|   fadd   |       grp_fu_665       |    2    |   227   |   214   |
|----------|------------------------|---------|---------|---------|
|          |       grp_fu_703       |    0    |    0    |    27   |
|          |    sub_ln944_fu_1171   |    0    |    0    |    39   |
|          |    sub_ln947_fu_1207   |    0    |    0    |    15   |
|          |    sub_ln958_fu_1322   |    0    |    0    |    39   |
|          |    sub_ln964_fu_1383   |    0    |    0    |    19   |
|          |   sub_ln944_1_fu_1455  |    0    |    0    |    39   |
|    sub   |   sub_ln947_1_fu_1491  |    0    |    0    |    15   |
|          |   sub_ln958_1_fu_1606  |    0    |    0    |    39   |
|          |   sub_ln964_1_fu_1667  |    0    |    0    |    19   |
|          |     tmp_V_7_fu_1749    |    0    |    0    |    27   |
|          |   sub_ln944_2_fu_1787  |    0    |    0    |    39   |
|          |   sub_ln947_2_fu_1823  |    0    |    0    |    15   |
|          |   sub_ln958_2_fu_2007  |    0    |    0    |    39   |
|          |   sub_ln964_2_fu_2068  |    0    |    0    |    19   |
|----------|------------------------|---------|---------|---------|
|          |       grp_fu_709       |    0    |    0    |    20   |
|          |     p_Val2_s_fu_802    |    0    |    0    |    19   |
|          |     p_Val2_3_fu_922    |    0    |    0    |    19   |
|          |    p_Val2_10_fu_1032   |    0    |    0    |    19   |
|          |       m_1_fu_1337      |    0    |    0    |    56   |
|          |  select_ln964_fu_1375  |    0    |    0    |    8    |
|  select  |  select_ln935_fu_1421  |    0    |    0    |    32   |
|          |      m_16_fu_1621      |    0    |    0    |    56   |
|          | select_ln964_1_fu_1659 |    0    |    0    |    8    |
|          |    tmp_V_13_fu_1754    |    0    |    0    |    20   |
|          |  select_ln111_fu_1978  |    0    |    0    |    32   |
|          |      m_22_fu_2022      |    0    |    0    |    56   |
|          | select_ln964_2_fu_2060 |    0    |    0    |    8    |
|          | select_ln111_1_fu_2106 |    0    |    0    |    32   |
|----------|------------------------|---------|---------|---------|
|          |       grp_fu_689       |    0    |    0    |    20   |
|          |    icmp_ln88_fu_737    |    0    |    0    |    9    |
|          |    icmp_ln68_fu_758    |    0    |    0    |    13   |
|          |    icmp_ln93_fu_836    |    0    |    0    |    9    |
|          |   icmp_ln68_1_fu_879   |    0    |    0    |    9    |
|          |    icmp_ln98_fu_956    |    0    |    0    |    9    |
|          |   icmp_ln68_2_fu_989   |    0    |    0    |    9    |
|          |   icmp_ln103_fu_1066   |    0    |    0    |    9    |
|          |   icmp_ln68_3_fu_1099  |    0    |    0    |    9    |
|          |   icmp_ln947_fu_1197   |    0    |    0    |    20   |
|          |  icmp_ln947_1_fu_1229  |    0    |    0    |    20   |
|          |   icmp_ln958_fu_1289   |    0    |    0    |    20   |
|   icmp   |   icmp_ln109_fu_1428   |    0    |    0    |    9    |
|          |  icmp_ln947_2_fu_1481  |    0    |    0    |    20   |
|          |  icmp_ln947_3_fu_1513  |    0    |    0    |    20   |
|          |  icmp_ln958_1_fu_1573  |    0    |    0    |    20   |
|          |   icmp_ln111_fu_1730   |    0    |    0    |    11   |
|          |  icmp_ln111_1_fu_1736  |    0    |    0    |    20   |
|          |  icmp_ln947_4_fu_1813  |    0    |    0    |    20   |
|          |  icmp_ln947_5_fu_1845  |    0    |    0    |    20   |
|          |  icmp_ln958_2_fu_1905  |    0    |    0    |    20   |
|          |  icmp_ln111_2_fu_1937  |    0    |    0    |    11   |
|          |  icmp_ln111_3_fu_1943  |    0    |    0    |    20   |
|          |   icmp_ln118_fu_2114   |    0    |    0    |    9    |
|          |   icmp_ln124_fu_2131   |    0    |    0    |    9    |
|----------|------------------------|---------|---------|---------|
|          |   lshr_ln947_fu_1217   |    0    |    0    |    11   |
|          |   lshr_ln958_fu_1312   |    0    |    0    |   101   |
|   lshr   |  lshr_ln947_1_fu_1501  |    0    |    0    |    11   |
|          |  lshr_ln958_1_fu_1596  |    0    |    0    |   101   |
|          |  lshr_ln947_2_fu_1833  |    0    |    0    |    11   |
|          |  lshr_ln958_2_fu_1997  |    0    |    0    |   101   |
|----------|------------------------|---------|---------|---------|
|          |    shl_ln958_fu_1331   |    0    |    0    |   101   |
|    shl   |   shl_ln958_1_fu_1615  |    0    |    0    |   101   |
|          |   shl_ln958_2_fu_2016  |    0    |    0    |   101   |
|----------|------------------------|---------|---------|---------|
|          |        l_fu_1163       |    0    |    40   |    36   |
|   cttz   |       l_1_fu_1447      |    0    |    40   |    36   |
|          |       l_2_fu_1779      |    0    |    40   |    36   |
|----------|------------------------|---------|---------|---------|
|   fcmp   |       grp_fu_677       |    0    |    66   |    66   |
|----------|------------------------|---------|---------|---------|
|          |   p_Result_4_fu_1223   |    0    |    0    |    20   |
|          |        a_fu_1235       |    0    |    0    |    2    |
|          |    and_ln949_fu_1269   |    0    |    0    |    2    |
|          |   p_Result_12_fu_1507  |    0    |    0    |    20   |
|          |       a_1_fu_1519      |    0    |    0    |    2    |
|    and   |   and_ln949_1_fu_1553  |    0    |    0    |    2    |
|          |   p_Result_18_fu_1839  |    0    |    0    |    20   |
|          |       a_2_fu_1851      |    0    |    0    |    2    |
|          |   and_ln949_2_fu_1885  |    0    |    0    |    2    |
|          |    and_ln111_fu_1955   |    0    |    0    |    2    |
|          |   and_ln111_1_fu_1961  |    0    |    0    |    2    |
|----------|------------------------|---------|---------|---------|
|          |    or_ln949_fu_1275    |    0    |    0    |    2    |
|          |   or_ln949_1_fu_1559   |    0    |    0    |    2    |
|    or    |   or_ln949_3_fu_1891   |    0    |    0    |    2    |
|          |   or_ln111_1_fu_1933   |    0    |    0    |    2    |
|          |   or_ln111_2_fu_1949   |    0    |    0    |    2    |
|          |    or_ln111_fu_1973    |    0    |    0    |    2    |
|----------|------------------------|---------|---------|---------|
|          |    xor_ln949_fu_1249   |    0    |    0    |    2    |
|    xor   |   xor_ln949_1_fu_1533  |    0    |    0    |    2    |
|          |   xor_ln949_2_fu_1865  |    0    |    0    |    2    |
|          |    xor_ln111_fu_1967   |    0    |    0    |    2    |
|----------|------------------------|---------|---------|---------|
|          |       grp_fu_2148      |    1    |    0    |    0    |
|  muladd  |       grp_fu_2157      |    1    |    0    |    0    |
|          |       grp_fu_2166      |    1    |    0    |    0    |
|          |       grp_fu_2175      |    1    |    0    |    0    |
|----------|------------------------|---------|---------|---------|
|          |       grp_fu_695       |    0    |    0    |    0    |
|          |      tmp_10_fu_794     |    0    |    0    |    0    |
|          |      tmp_11_fu_914     |    0    |    0    |    0    |
|          |     tmp_16_fu_1024     |    0    |    0    |    0    |
|          |     tmp_14_fu_1241     |    0    |    0    |    0    |
|          |   p_Result_3_fu_1261   |    0    |    0    |    0    |
| bitselect|     tmp_15_fu_1367     |    0    |    0    |    0    |
|          |     tmp_19_fu_1525     |    0    |    0    |    0    |
|          |   p_Result_13_fu_1545  |    0    |    0    |    0    |
|          |     tmp_20_fu_1651     |    0    |    0    |    0    |
|          |   p_Result_27_fu_1742  |    0    |    0    |    0    |
|          |     tmp_23_fu_1857     |    0    |    0    |    0    |
|          |   p_Result_19_fu_1877  |    0    |    0    |    0    |
|          |     tmp_24_fu_2052     |    0    |    0    |    0    |
|----------|------------------------|---------|---------|---------|
|          |       grp_fu_717       |    0    |    0    |    0    |
|          |     acc_V_2_fu_827     |    0    |    0    |    0    |
|          |     acc_V_4_fu_947     |    0    |    0    |    0    |
|          |     acc_V_6_fu_1057    |    0    |    0    |    0    |
|          |     acc_V_7_fu_1146    |    0    |    0    |    0    |
|          |     tmp_13_fu_1187     |    0    |    0    |    0    |
|partselect|       m_s_fu_1353      |    0    |    0    |    0    |
|          |     tmp_18_fu_1471     |    0    |    0    |    0    |
|          |       m_3_fu_1637      |    0    |    0    |    0    |
|          |      tmp_1_fu_1716     |    0    |    0    |    0    |
|          |   p_Result_16_fu_1761  |    0    |    0    |    0    |
|          |     tmp_22_fu_1803     |    0    |    0    |    0    |
|          |      tmp_3_fu_1919     |    0    |    0    |    0    |
|          |       m_4_fu_2038      |    0    |    0    |    0    |
|----------|------------------------|---------|---------|---------|
|          |    zext_ln89_fu_749    |    0    |    0    |    0    |
|          |   zext_ln89_1_fu_754   |    0    |    0    |    0    |
|          |    zext_ln69_fu_770    |    0    |    0    |    0    |
|          |  zext_ln1117_2_fu_775  |    0    |    0    |    0    |
|          |  zext_ln1117_3_fu_785  |    0    |    0    |    0    |
|          |    zext_ln94_fu_848    |    0    |    0    |    0    |
|          |   zext_ln1117_fu_853   |    0    |    0    |    0    |
|          |  zext_ln1117_1_fu_865  |    0    |    0    |    0    |
|          |   zext_ln69_1_fu_891   |    0    |    0    |    0    |
|          |  zext_ln1117_4_fu_896  |    0    |    0    |    0    |
|          |  zext_ln1117_5_fu_905  |    0    |    0    |    0    |
|          |   zext_ln1192_fu_931   |    0    |    0    |    0    |
|          |    zext_ln99_fu_968    |    0    |    0    |    0    |
|          |   zext_ln99_1_fu_981   |    0    |    0    |    0    |
|          |   zext_ln69_2_fu_1001  |    0    |    0    |    0    |
|          |  zext_ln1117_6_fu_1006 |    0    |    0    |    0    |
|          |  zext_ln1117_7_fu_1015 |    0    |    0    |    0    |
|          |  zext_ln1192_1_fu_1041 |    0    |    0    |    0    |
|          |   zext_ln104_fu_1078   |    0    |    0    |    0    |
|          |  zext_ln104_1_fu_1091  |    0    |    0    |    0    |
|          |   zext_ln69_3_fu_1111  |    0    |    0    |    0    |
|          |  zext_ln1117_8_fu_1116 |    0    |    0    |    0    |
|          |  zext_ln1117_9_fu_1125 |    0    |    0    |    0    |
|   zext   |  zext_ln1192_2_fu_1130 |    0    |    0    |    0    |
|          |   zext_ln947_fu_1213   |    0    |    0    |    0    |
|          |        m_fu_1299       |    0    |    0    |    0    |
|          |  zext_ln957_1_fu_1303  |    0    |    0    |    0    |
|          |   zext_ln958_fu_1318   |    0    |    0    |    0    |
|          |  zext_ln958_1_fu_1327  |    0    |    0    |    0    |
|          |   zext_ln961_fu_1344   |    0    |    0    |    0    |
|          |      m_26_fu_1363      |    0    |    0    |    0    |
|          |   zext_ln110_fu_1434   |    0    |    0    |    0    |
|          |  zext_ln947_1_fu_1497  |    0    |    0    |    0    |
|          |      m_15_fu_1583      |    0    |    0    |    0    |
|          |  zext_ln957_2_fu_1587  |    0    |    0    |    0    |
|          |  zext_ln958_2_fu_1602  |    0    |    0    |    0    |
|          |  zext_ln958_3_fu_1611  |    0    |    0    |    0    |
|          |  zext_ln961_1_fu_1628  |    0    |    0    |    0    |
|          |      m_27_fu_1647      |    0    |    0    |    0    |
|          |  zext_ln947_2_fu_1829  |    0    |    0    |    0    |
|          |      m_21_fu_1986      |    0    |    0    |    0    |
|          |  zext_ln957_3_fu_1989  |    0    |    0    |    0    |
|          |  zext_ln958_4_fu_2003  |    0    |    0    |    0    |
|          |  zext_ln958_5_fu_2012  |    0    |    0    |    0    |
|          |  zext_ln961_2_fu_2029  |    0    |    0    |    0    |
|          |      m_28_fu_2048      |    0    |    0    |    0    |
|          |   zext_ln119_fu_2126   |    0    |    0    |    0    |
|          |   zext_ln125_fu_2143   |    0    |    0    |    0    |
|----------|------------------------|---------|---------|---------|
|          |     empty_16_fu_790    |    0    |    0    |    0    |
|          |     empty_19_fu_910    |    0    |    0    |    0    |
|          |    empty_22_fu_1020    |    0    |    0    |    0    |
|          |   trunc_ln944_fu_1177  |    0    |    0    |    0    |
|          |   trunc_ln947_fu_1203  |    0    |    0    |    0    |
|          |   trunc_ln943_fu_1295  |    0    |    0    |    0    |
|          |   trunc_ln738_fu_1413  |    0    |    0    |    0    |
|          |  trunc_ln944_1_fu_1461 |    0    |    0    |    0    |
|   trunc  |  trunc_ln947_1_fu_1487 |    0    |    0    |    0    |
|          |  trunc_ln943_1_fu_1579 |    0    |    0    |    0    |
|          |  trunc_ln738_1_fu_1697 |    0    |    0    |    0    |
|          |   trunc_ln111_fu_1726  |    0    |    0    |    0    |
|          |  trunc_ln944_2_fu_1793 |    0    |    0    |    0    |
|          |  trunc_ln947_2_fu_1819 |    0    |    0    |    0    |
|          |  trunc_ln943_2_fu_1911 |    0    |    0    |    0    |
|          |  trunc_ln111_1_fu_1929 |    0    |    0    |    0    |
|          |  trunc_ln738_2_fu_2098 |    0    |    0    |    0    |
|----------|------------------------|---------|---------|---------|
|          |   sext_ln1192_fu_811   |    0    |    0    |    0    |
|          |  sext_ln1192_1_fu_815  |    0    |    0    |    0    |
|          |    sext_ln94_fu_875    |    0    |    0    |    0    |
|   sext   |  sext_ln1192_2_fu_935  |    0    |    0    |    0    |
|          |    sext_ln99_fu_985    |    0    |    0    |    0    |
|          |  sext_ln1192_3_fu_1045 |    0    |    0    |    0    |
|          |   sext_ln104_fu_1095   |    0    |    0    |    0    |
|          |  sext_ln1192_4_fu_1134 |    0    |    0    |    0    |
|----------|------------------------|---------|---------|---------|
|          |      lhs_V_fu_819      |    0    |    0    |    0    |
|          |      tmp_7_fu_857      |    0    |    0    |    0    |
|          |     lhs_V_1_fu_939     |    0    |    0    |    0    |
|          |      tmp_8_fu_973      |    0    |    0    |    0    |
|          |     lhs_V_2_fu_1049    |    0    |    0    |    0    |
|          |      tmp_9_fu_1083     |    0    |    0    |    0    |
|          |     lhs_V_3_fu_1138    |    0    |    0    |    0    |
|bitconcatenate|   p_Result_22_fu_1155  |    0    |    0    |    0    |
|          |      or_ln_fu_1281     |    0    |    0    |    0    |
|          |      tmp_s_fu_1394     |    0    |    0    |    0    |
|          |   p_Result_25_fu_1439  |    0    |    0    |    0    |
|          |   or_ln949_2_fu_1565   |    0    |    0    |    0    |
|          |      tmp_4_fu_1678     |    0    |    0    |    0    |
|          |   p_Result_28_fu_1771  |    0    |    0    |    0    |
|          |   or_ln949_4_fu_1897   |    0    |    0    |    0    |
|          |      tmp_6_fu_2079     |    0    |    0    |    0    |
|----------|------------------------|---------|---------|---------|
|          |   p_Result_23_fu_1401  |    0    |    0    |    0    |
|  partset |   p_Result_26_fu_1685  |    0    |    0    |    0    |
|          |   p_Result_29_fu_2086  |    0    |    0    |    0    |
|----------|------------------------|---------|---------|---------|
|   Total  |                        |    13   |   1148  |   4788  |
|----------|------------------------|---------|---------|---------|

Memories:
+------+--------+--------+--------+--------+
|      |  BRAM  |   FF   |   LUT  |  URAM  |
+------+--------+--------+--------+--------+
| B1_V |    0   |   13   |    2   |    -   |
| B2_V |    0   |   15   |    2   |    -   |
| B3_V |    0   |   15   |    2   |    -   |
| B4_V |    0   |   16   |    3   |    -   |
| W1_V |    4   |    0   |    0   |    -   |
| W2_V |    0   |   16   |   10   |    -   |
| W3_V |    1   |    0   |    0   |    -   |
| W4_V |    1   |    0   |    0   |    -   |
| a1_V |    0   |   38   |    2   |    0   |
| a2_V |    0   |   38   |    3   |    0   |
| a3_V |    0   |   38   |    3   |    0   |
|logits|    0   |   64   |    5   |    0   |
| z4_V |    0   |   40   |    4   |    0   |
+------+--------+--------+--------+--------+
| Total|    6   |   293  |   36   |    0   |
+------+--------+--------+--------+--------+

* Register list:
+------------------------+--------+
|                        |   FF   |
+------------------------+--------+
|   B1_V_addr_reg_2202   |    3   |
|   B2_V_addr_reg_2248   |    3   |
|   B3_V_addr_reg_2299   |    3   |
|   B4_V_addr_reg_2350   |    4   |
|   W1_V_addr_reg_2220   |   12   |
|   W2_V_addr_reg_2271   |    6   |
|   W3_V_addr_reg_2322   |    6   |
|   W4_V_addr_reg_2378   |    7   |
|  a1_V_addr_1_reg_2276  |    3   |
|  a2_V_addr_1_reg_2327  |    3   |
|  a3_V_addr_1_reg_2383  |    3   |
|    acc_V_2_reg_2230    |   20   |
|    acc_V_4_reg_2281    |   20   |
|    acc_V_6_reg_2332    |   20   |
|    acc_V_7_reg_2388    |   20   |
|   add_ln1117_reg_2253  |    7   |
|    add_ln88_reg_2184   |   12   |
|bitcast_ln739_1_reg_2482|   32   |
|       e_reg_2567       |   32   |
|     i_0_i10_reg_519    |    3   |
|     i_0_i26_reg_552    |    4   |
|     i_0_i42_reg_586    |    4   |
|      i_0_i_reg_486     |   10   |
|      i_1_reg_2266      |    3   |
|      i_2_reg_2317      |    4   |
|      i_3_reg_2373      |    4   |
|       i_reg_2215       |   10   |
|  icmp_ln111_1_reg_2497 |    1   |
|   icmp_ln111_reg_2492  |    1   |
|  icmp_ln935_1_reg_2451 |    1   |
|   icmp_ln935_reg_2393  |    1   |
|  icmp_ln958_1_reg_2472 |    1   |
|  icmp_ln958_2_reg_2524 |    1   |
|   icmp_ln958_reg_2414  |    1   |
|  input_V_addr_reg_2225 |   10   |
|      j4_0_reg_497      |    4   |
|      j5_0_reg_530      |    4   |
|      j6_0_reg_563      |    4   |
|      j7_0_reg_607      |    4   |
|      j8_0_reg_643      |    4   |
|      j9_0_reg_654      |    4   |
|       j_0_reg_453      |    3   |
|      j_1_reg_2238      |    4   |
|      j_2_reg_2289      |    4   |
|      j_3_reg_2340      |    4   |
|      j_4_reg_2542      |    4   |
|      j_5_reg_2487      |    4   |
|      j_6_reg_2580      |    4   |
|       j_reg_2192       |    3   |
| logits_addr_3_reg_2552 |    4   |
|  logits_load_reg_2557  |   32   |
|     maxv_0_reg_597     |   32   |
|   or_ln949_2_reg_2467  |   32   |
|   or_ln949_4_reg_2519  |   32   |
|     or_ln_reg_2409     |   32   |
| output_addr_1_reg_2585 |    4   |
|  output_load_reg_2590  |   32   |
|     p_0202_reg_619     |   32   |
|  p_Result_21_reg_2398  |    1   |
|  p_Result_24_reg_2456  |    1   |
|  p_Result_27_reg_2502  |    1   |
|    p_Val2_14_reg_575   |   20   |
|    p_Val2_1_reg_476    |   20   |
|    p_Val2_4_reg_509    |   20   |
|    p_Val2_9_reg_542    |   20   |
|     phi_mul_reg_464    |   12   |
|         reg_727        |   20   |
| select_ln111_1_reg_2534|   32   |
|  select_ln935_reg_2424 |   32   |
|   sext_ln104_reg_2365  |   20   |
|   sext_ln94_reg_2258   |   20   |
|   sext_ln99_reg_2309   |   20   |
|  sub_ln944_1_reg_2461  |   32   |
|  sub_ln944_2_reg_2513  |   32   |
|   sub_ln944_reg_2403   |   32   |
|      sum_0_reg_631     |   32   |
|      sum_reg_2572      |   32   |
|     tmp_2_reg_2595     |   32   |
|    tmp_V_11_reg_2444   |   20   |
|    tmp_V_13_reg_2507   |   20   |
|      tmp_reg_2562      |   32   |
| trunc_ln943_1_reg_2477 |    8   |
| trunc_ln943_2_reg_2529 |    8   |
|  trunc_ln943_reg_2419  |    8   |
|  z4_V_addr_2_reg_2439  |    4   |
|   z4_V_addr_reg_2355   |    4   |
|  zext_ln104_1_reg_2360 |    8   |
|   zext_ln104_reg_2345  |   64   |
|   zext_ln110_reg_2433  |   64   |
|   zext_ln119_reg_2547  |   64   |
|  zext_ln89_1_reg_2207  |   20   |
|   zext_ln89_reg_2197   |   64   |
|   zext_ln94_reg_2243   |   64   |
|  zext_ln99_1_reg_2304  |    8   |
|   zext_ln99_reg_2294   |   64   |
+------------------------+--------+
|          Total         |  1516  |
+------------------------+--------+

* Multiplexer (MUX) list: 
|-------------------|------|------|------|--------||---------||---------|
|        Comp       |  Pin | Size |  BW  | S x BW ||  Delay  ||   LUT   |
|-------------------|------|------|------|--------||---------||---------|
| grp_access_fu_203 |  p0  |   2  |   3  |    6   ||    9    |
| grp_access_fu_223 |  p0  |   2  |  10  |   20   ||    9    |
| grp_access_fu_229 |  p0  |   2  |  12  |   24   ||    9    |
| grp_access_fu_241 |  p0  |   3  |   3  |    9   ||    15   |
| grp_access_fu_254 |  p0  |   2  |   3  |    6   ||    9    |
| grp_access_fu_274 |  p0  |   2  |   6  |   12   ||    9    |
| grp_access_fu_286 |  p0  |   3  |   3  |    9   ||    15   |
| grp_access_fu_299 |  p0  |   2  |   3  |    6   ||    9    |
| grp_access_fu_319 |  p0  |   2  |   6  |   12   ||    9    |
| grp_access_fu_331 |  p0  |   3  |   3  |    9   ||    15   |
| grp_access_fu_344 |  p0  |   2  |   4  |    8   ||    9    |
| grp_access_fu_357 |  p0  |   5  |   4  |   20   ||    27   |
| grp_access_fu_377 |  p0  |   2  |   7  |   14   ||    9    |
| grp_access_fu_404 |  p0  |   5  |   4  |   20   ||    27   |
| grp_access_fu_404 |  p1  |   3  |  32  |   96   ||    15   |
| grp_access_fu_439 |  p0  |   3  |   4  |   12   ||    15   |
| grp_access_fu_439 |  p1  |   2  |  32  |   64   ||    9    |
|  phi_mul_reg_464  |  p0  |   2  |  12  |   24   ||    9    |
|    j4_0_reg_497   |  p0  |   2  |   4  |    8   ||    9    |
|    j5_0_reg_530   |  p0  |   2  |   4  |    8   ||    9    |
|    j6_0_reg_563   |  p0  |   2  |   4  |    8   ||    9    |
|    j7_0_reg_607   |  p0  |   2  |   4  |    8   ||    9    |
|   p_0202_reg_619  |  p0  |   2  |  32  |   64   ||    9    |
|   sum_0_reg_631   |  p0  |   2  |  32  |   64   ||    9    |
|     grp_fu_665    |  p0  |   3  |  32  |   96   ||    15   |
|     grp_fu_665    |  p1  |   2  |  32  |   64   ||    9    |
|-------------------|------|------|------|--------||---------||---------|
|       Total       |      |      |      |   691  ||  24.787 ||   306   |
|-------------------|------|------|------|--------||---------||---------|



* Summary:
+-----------+--------+--------+--------+--------+--------+--------+
|           |  BRAM  | DSP48E |  Delay |   FF   |   LUT  |  URAM  |
+-----------+--------+--------+--------+--------+--------+--------+
|  Function |    -   |   13   |    -   |  1148  |  4788  |    -   |
|   Memory  |    6   |    -   |    -   |   293  |   36   |    0   |
|Multiplexer|    -   |    -   |   24   |    -   |   306  |    -   |
|  Register |    -   |    -   |    -   |  1516  |    -   |    -   |
+-----------+--------+--------+--------+--------+--------+--------+
|   Total   |    6   |   13   |   24   |  2957  |  5130  |    0   |
+-----------+--------+--------+--------+--------+--------+--------+
