

================================================================
== Vivado HLS Report for 'mlp'
================================================================
* Date:           Thu Sep  3 11:25:43 2026

* Version:        2019.1 (Build 2552052 on Fri May 24 15:28:33 MDT 2019)
* Project:        pruned_mlp
* Solution:       sol_p_7
* Product family: zynquplus
* Target device:  xczu3eg-sbva484-1-i


================================================================
== Performance Estimates
================================================================
+ Timing (ns): 
    * Summary: 
    +--------+-------+----------+------------+
    |  Clock | Target| Estimated| Uncertainty|
    +--------+-------+----------+------------+
    |ap_clk  |   7.00|     6.039|        0.88|
    +--------+-------+----------+------------+

+ Latency (clock cycles): 
    * Summary: 
    +------+------+------+------+---------+
    |   Latency   |   Interval  | Pipeline|
    |  min |  max |  min |  max |   Type  |
    +------+------+------+------+---------+
    |  8686|  8695|  8686|  8695|   none  |
    +------+------+------+------+---------+

    + Detail: 
        * Instance: 
        N/A

        * Loop: 
        +----------------+------+------+----------+-----------+-----------+------+----------+
        |                |   Latency   | Iteration|  Initiation Interval  | Trip |          |
        |    Loop Name   |  min |  max |  Latency |  achieved |   target  | Count| Pipelined|
        +----------------+------+------+----------+-----------+-----------+------+----------+
        |- layer1        |  7855|  7855|      1571|          -|          -|     5|    no    |
        | + neuron_mac   |  1568|  1568|         2|          -|          -|   784|    no    |
        |- layer2        |   104|   104|        13|          -|          -|     8|    no    |
        | + neuron_mac   |    10|    10|         2|          -|          -|     5|    no    |
        |- layer3        |   152|   152|        19|          -|          -|     8|    no    |
        | + neuron_mac   |    16|    16|         2|          -|          -|     8|    no    |
        |- layer4        |   190|   190|        19|          -|          -|    10|    no    |
        | + neuron_mac   |    16|    16|         2|          -|          -|     8|    no    |
        |- Loop 5        |    45|    54|   5 ~ 6  |          -|          -|     9|    no    |
        |- softmax_exp   |   200|   200|        20|          -|          -|    10|    no    |
        |- softmax_norm  |   130|   130|        13|          -|          -|    10|    no    |
        +----------------+------+------+----------+-----------+-----------+------+----------+

============================================================
+ Verbose Summary: Synthesis Manager
============================================================
InlineROM: 1
ExposeGlobal: 0
============================================================
+ Verbose Summary: CDFG Model
============================================================
IsTopModel: 1
ResetActiveHigh: 1
IsCombinational: 0
IsDatapathOnly: 0
HasWiredReturn: 1
HasMFsm: 0
HasVarLatency: 1
IsPipeline: 0
IsRtlPipelined: 0
IsInstanceOverlapped: 0
IsDontTouch: 0
HasImplIP: 0
IsGatedGlobalClock: 0


============================================================
+ Verbose Summary: Schedule
============================================================
* Number of FSM states : 59
* Pipeline : 0
* Dataflow Pipeline: 0

* FSM state transitions: 
1 --> 2 
2 --> 3 6 
3 --> 4 
4 --> 5 2 
5 --> 4 
6 --> 7 10 
7 --> 8 
8 --> 9 6 
9 --> 8 
10 --> 11 14 
11 --> 12 
12 --> 13 10 
13 --> 12 
14 --> 15 18 
15 --> 16 
16 --> 17 14 
17 --> 16 
18 --> 19 
19 --> 20 
20 --> 21 
21 --> 22 27 
22 --> 23 24 
23 --> 24 
24 --> 25 
25 --> 26 
26 --> 21 
27 --> 28 47 
28 --> 29 
29 --> 30 
30 --> 31 
31 --> 32 
32 --> 33 
33 --> 34 
34 --> 35 
35 --> 36 
36 --> 37 
37 --> 38 
38 --> 39 
39 --> 40 
40 --> 41 
41 --> 42 
42 --> 43 
43 --> 44 
44 --> 45 
45 --> 46 
46 --> 27 
47 --> 48 
48 --> 49 
49 --> 50 
50 --> 51 
51 --> 52 
52 --> 53 
53 --> 54 
54 --> 55 
55 --> 56 
56 --> 57 
57 --> 58 
58 --> 59 
59 --> 47 

* FSM state operations: 

State 1 <SV = 0> <Delay = 0.79>
ST_1 : Operation 60 [1/1] (0.00ns)   --->   "call void (...)* @_ssdm_op_SpecBitsMap([784 x i20]* %input_V), !map !88"   --->   Operation 60 'specbitsmap' <Predicate = true> <Delay = 0.00>
ST_1 : Operation 61 [1/1] (0.00ns)   --->   "call void (...)* @_ssdm_op_SpecBitsMap([10 x float]* %output_r), !map !94"   --->   Operation 61 'specbitsmap' <Predicate = true> <Delay = 0.00>
ST_1 : Operation 62 [1/1] (0.00ns)   --->   "call void (...)* @_ssdm_op_SpecTopModule([4 x i8]* @mlp_str) nounwind"   --->   Operation 62 'spectopmodule' <Predicate = true> <Delay = 0.00>
ST_1 : Operation 63 [1/1] (0.79ns)   --->   "%a1_V = alloca [5 x i19], align 4" [pruned_mlp/mlp.cpp:81]   --->   Operation 63 'alloca' 'a1_V' <Predicate = true> <Delay = 0.79> <Core = "RAM">   --->   Core 37 'RAM' <Latency = 1> <II = 1> <Delay = 0.79> <Storage> <Opcode : 'load' 'store'> <Ports = 2> <Width = 32> <Depth = 10> <RAM>
ST_1 : Operation 64 [1/1] (0.79ns)   --->   "%a2_V = alloca [8 x i19], align 4" [pruned_mlp/mlp.cpp:82]   --->   Operation 64 'alloca' 'a2_V' <Predicate = true> <Delay = 0.79> <Core = "RAM">   --->   Core 37 'RAM' <Latency = 1> <II = 1> <Delay = 0.79> <Storage> <Opcode : 'load' 'store'> <Ports = 2> <Width = 32> <Depth = 10> <RAM>
ST_1 : Operation 65 [1/1] (0.79ns)   --->   "%a3_V = alloca [8 x i19], align 4" [pruned_mlp/mlp.cpp:83]   --->   Operation 65 'alloca' 'a3_V' <Predicate = true> <Delay = 0.79> <Core = "RAM">   --->   Core 37 'RAM' <Latency = 1> <II = 1> <Delay = 0.79> <Storage> <Opcode : 'load' 'store'> <Ports = 2> <Width = 32> <Depth = 10> <RAM>
ST_1 : Operation 66 [1/1] (0.79ns)   --->   "%z4_V = alloca [10 x i20], align 4" [pruned_mlp/mlp.cpp:84]   --->   Operation 66 'alloca' 'z4_V' <Predicate = true> <Delay = 0.79> <Core = "RAM">   --->   Core 37 'RAM' <Latency = 1> <II = 1> <Delay = 0.79> <Storage> <Opcode : 'load' 'store'> <Ports = 2> <Width = 32> <Depth = 10> <RAM>
ST_1 : Operation 67 [1/1] (0.79ns)   --->   "%logits = alloca [10 x float], align 16" [pruned_mlp/mlp.cpp:107]   --->   Operation 67 'alloca' 'logits' <Predicate = true> <Delay = 0.79> <Core = "RAM">   --->   Core 37 'RAM' <Latency = 1> <II = 1> <Delay = 0.79> <Storage> <Opcode : 'load' 'store'> <Ports = 2> <Width = 32> <Depth = 10> <RAM>
ST_1 : Operation 68 [1/1] (0.75ns)   --->   "br label %.preheader277" [pruned_mlp/mlp.cpp:88]   --->   Operation 68 'br' <Predicate = true> <Delay = 0.75>

State 2 <SV = 1> <Delay = 1.35>
ST_2 : Operation 69 [1/1] (0.00ns)   --->   "%j_0 = phi i3 [ %j, %neuron.2.exit ], [ 0, %arrayctor.loop1.preheader ]"   --->   Operation 69 'phi' 'j_0' <Predicate = true> <Delay = 0.00>
ST_2 : Operation 70 [1/1] (0.00ns)   --->   "%phi_mul = phi i12 [ %add_ln88, %neuron.2.exit ], [ 0, %arrayctor.loop1.preheader ]" [pruned_mlp/mlp.cpp:88]   --->   Operation 70 'phi' 'phi_mul' <Predicate = true> <Delay = 0.00>
ST_2 : Operation 71 [1/1] (0.96ns)   --->   "%add_ln88 = add i12 %phi_mul, 784" [pruned_mlp/mlp.cpp:88]   --->   Operation 71 'add' 'add_ln88' <Predicate = true> <Delay = 0.96> <Core = "AddSub">   --->   Core 14 'AddSub' <Latency = 0> <II = 1> <Delay = 0.86> <FuncUnit> <Opcode : 'add' 'sub'> <InPorts = 2> <OutPorts = 1>
ST_2 : Operation 72 [1/1] (0.69ns)   --->   "%icmp_ln88 = icmp eq i3 %j_0, -3" [pruned_mlp/mlp.cpp:88]   --->   Operation 72 'icmp' 'icmp_ln88' <Predicate = true> <Delay = 0.69> <Core = "Cmp">   --->   Core 25 'Cmp' <Latency = 0> <II = 1> <Delay = 0.88> <FuncUnit> <Opcode : 'icmp'> <InPorts = 2> <OutPorts = 1>
ST_2 : Operation 73 [1/1] (0.00ns)   --->   "%empty = call i32 (...)* @_ssdm_op_SpecLoopTripCount(i64 5, i64 5, i64 5)"   --->   Operation 73 'speclooptripcount' 'empty' <Predicate = true> <Delay = 0.00>
ST_2 : Operation 74 [1/1] (0.74ns)   --->   "%j = add i3 %j_0, 1" [pruned_mlp/mlp.cpp:88]   --->   Operation 74 'add' 'j' <Predicate = true> <Delay = 0.74> <Core = "AddSub">   --->   Core 14 'AddSub' <Latency = 0> <II = 1> <Delay = 0.86> <FuncUnit> <Opcode : 'add' 'sub'> <InPorts = 2> <OutPorts = 1>
ST_2 : Operation 75 [1/1] (0.00ns)   --->   "br i1 %icmp_ln88, label %.preheader276.preheader, label %0" [pruned_mlp/mlp.cpp:88]   --->   Operation 75 'br' <Predicate = true> <Delay = 0.00>
ST_2 : Operation 76 [1/1] (0.00ns)   --->   "%zext_ln89 = zext i3 %j_0 to i64" [pruned_mlp/mlp.cpp:89]   --->   Operation 76 'zext' 'zext_ln89' <Predicate = (!icmp_ln88)> <Delay = 0.00>
ST_2 : Operation 77 [1/1] (0.00ns)   --->   "%B1_V_addr = getelementptr [5 x i13]* @B1_V, i64 0, i64 %zext_ln89" [pruned_mlp/mlp.cpp:89]   --->   Operation 77 'getelementptr' 'B1_V_addr' <Predicate = (!icmp_ln88)> <Delay = 0.00>
ST_2 : Operation 78 [2/2] (1.35ns)   --->   "%acc_V = load i13* %B1_V_addr, align 2" [pruned_mlp/mlp.cpp:89]   --->   Operation 78 'load' 'acc_V' <Predicate = (!icmp_ln88)> <Delay = 1.35> <Core = "ROM_nP">   --->   Core 52 'ROM_nP' <Latency = 1> <II = 1> <Delay = 1.35> <Storage> <Opcode : 'load'> <Ports = 0> <Width = 16> <Depth = 80> <ROM>
ST_2 : Operation 79 [1/1] (0.75ns)   --->   "br label %.preheader276" [pruned_mlp/mlp.cpp:93]   --->   Operation 79 'br' <Predicate = (icmp_ln88)> <Delay = 0.75>

State 3 <SV = 2> <Delay = 1.35>
ST_3 : Operation 80 [1/1] (0.00ns)   --->   "call void (...)* @_ssdm_op_SpecLoopName([7 x i8]* @p_str8) nounwind" [pruned_mlp/mlp.cpp:89]   --->   Operation 80 'specloopname' <Predicate = true> <Delay = 0.00>
ST_3 : Operation 81 [1/2] (1.35ns)   --->   "%acc_V = load i13* %B1_V_addr, align 2" [pruned_mlp/mlp.cpp:89]   --->   Operation 81 'load' 'acc_V' <Predicate = true> <Delay = 1.35> <Core = "ROM_nP">   --->   Core 52 'ROM_nP' <Latency = 1> <II = 1> <Delay = 1.35> <Storage> <Opcode : 'load'> <Ports = 0> <Width = 16> <Depth = 80> <ROM>
ST_3 : Operation 82 [1/1] (0.00ns)   --->   "%zext_ln89_1 = zext i13 %acc_V to i20" [pruned_mlp/mlp.cpp:89]   --->   Operation 82 'zext' 'zext_ln89_1' <Predicate = true> <Delay = 0.00>
ST_3 : Operation 83 [1/1] (0.75ns)   --->   "br label %1" [pruned_mlp/mlp.cpp:68->pruned_mlp/mlp.cpp:89]   --->   Operation 83 'br' <Predicate = true> <Delay = 0.75>

State 4 <SV = 3> <Delay = 2.31>
ST_4 : Operation 84 [1/1] (0.00ns)   --->   "%p_Val2_1 = phi i20 [ %zext_ln89_1, %0 ], [ %acc_V_2, %_ZN13ap_fixed_baseILi41ELi13ELb1EL9ap_q_mode5EL9ap_o_mode3ELi0EEC1ILi20ELi6ELb1ELS0_5ELS1_3ELi0EEERKS_IXT_EXT0_EXT1_EXT2_EXT3_EXT4_EE.exit.i.i.i ]"   --->   Operation 84 'phi' 'p_Val2_1' <Predicate = true> <Delay = 0.00>
ST_4 : Operation 85 [1/1] (0.00ns)   --->   "%i_0_i = phi i10 [ 0, %0 ], [ %i, %_ZN13ap_fixed_baseILi41ELi13ELb1EL9ap_q_mode5EL9ap_o_mode3ELi0EEC1ILi20ELi6ELb1ELS0_5ELS1_3ELi0EEERKS_IXT_EXT0_EXT1_EXT2_EXT3_EXT4_EE.exit.i.i.i ]"   --->   Operation 85 'phi' 'i_0_i' <Predicate = true> <Delay = 0.00>
ST_4 : Operation 86 [1/1] (0.00ns)   --->   "%empty_15 = call i32 (...)* @_ssdm_op_SpecLoopTripCount(i64 784, i64 784, i64 784)"   --->   Operation 86 'speclooptripcount' 'empty_15' <Predicate = true> <Delay = 0.00>
ST_4 : Operation 87 [1/1] (0.85ns)   --->   "%icmp_ln68 = icmp eq i10 %i_0_i, -240" [pruned_mlp/mlp.cpp:68->pruned_mlp/mlp.cpp:89]   --->   Operation 87 'icmp' 'icmp_ln68' <Predicate = true> <Delay = 0.85> <Core = "Cmp">   --->   Core 25 'Cmp' <Latency = 0> <II = 1> <Delay = 0.88> <FuncUnit> <Opcode : 'icmp'> <InPorts = 2> <OutPorts = 1>
ST_4 : Operation 88 [1/1] (0.93ns)   --->   "%i = add i10 %i_0_i, 1" [pruned_mlp/mlp.cpp:68->pruned_mlp/mlp.cpp:89]   --->   Operation 88 'add' 'i' <Predicate = true> <Delay = 0.93> <Core = "AddSub">   --->   Core 14 'AddSub' <Latency = 0> <II = 1> <Delay = 0.86> <FuncUnit> <Opcode : 'add' 'sub'> <InPorts = 2> <OutPorts = 1>
ST_4 : Operation 89 [1/1] (0.00ns)   --->   "br i1 %icmp_ln68, label %neuron.2.exit, label %_ZN13ap_fixed_baseILi41ELi13ELb1EL9ap_q_mode5EL9ap_o_mode3ELi0EEC1ILi20ELi6ELb1ELS0_5ELS1_3ELi0EEERKS_IXT_EXT0_EXT1_EXT2_EXT3_EXT4_EE.exit.i.i.i" [pruned_mlp/mlp.cpp:68->pruned_mlp/mlp.cpp:89]   --->   Operation 89 'br' <Predicate = true> <Delay = 0.00>
ST_4 : Operation 90 [1/1] (0.00ns)   --->   "%zext_ln69 = zext i10 %i_0_i to i64" [pruned_mlp/mlp.cpp:69->pruned_mlp/mlp.cpp:89]   --->   Operation 90 'zext' 'zext_ln69' <Predicate = (!icmp_ln68)> <Delay = 0.00>
ST_4 : Operation 91 [1/1] (0.00ns)   --->   "%zext_ln1117_2 = zext i10 %i_0_i to i12" [pruned_mlp/mlp.cpp:69->pruned_mlp/mlp.cpp:89]   --->   Operation 91 'zext' 'zext_ln1117_2' <Predicate = (!icmp_ln68)> <Delay = 0.00>
ST_4 : Operation 92 [1/1] (0.96ns)   --->   "%add_ln1117_1 = add i12 %zext_ln1117_2, %phi_mul" [pruned_mlp/mlp.cpp:69->pruned_mlp/mlp.cpp:89]   --->   Operation 92 'add' 'add_ln1117_1' <Predicate = (!icmp_ln68)> <Delay = 0.96> <Core = "AddSub">   --->   Core 14 'AddSub' <Latency = 0> <II = 1> <Delay = 0.86> <FuncUnit> <Opcode : 'add' 'sub'> <InPorts = 2> <OutPorts = 1>
ST_4 : Operation 93 [1/1] (0.00ns)   --->   "%zext_ln1117_3 = zext i12 %add_ln1117_1 to i64" [pruned_mlp/mlp.cpp:69->pruned_mlp/mlp.cpp:89]   --->   Operation 93 'zext' 'zext_ln1117_3' <Predicate = (!icmp_ln68)> <Delay = 0.00>
ST_4 : Operation 94 [1/1] (0.00ns)   --->   "%W1_V_addr = getelementptr [3920 x i16]* @W1_V, i64 0, i64 %zext_ln1117_3" [pruned_mlp/mlp.cpp:69->pruned_mlp/mlp.cpp:89]   --->   Operation 94 'getelementptr' 'W1_V_addr' <Predicate = (!icmp_ln68)> <Delay = 0.00>
ST_4 : Operation 95 [1/1] (0.00ns)   --->   "%input_V_addr = getelementptr [784 x i20]* %input_V, i64 0, i64 %zext_ln69" [pruned_mlp/mlp.cpp:69->pruned_mlp/mlp.cpp:89]   --->   Operation 95 'getelementptr' 'input_V_addr' <Predicate = (!icmp_ln68)> <Delay = 0.00>
ST_4 : Operation 96 [2/2] (1.35ns)   --->   "%input_V_load = load i20* %input_V_addr, align 4" [pruned_mlp/mlp.cpp:69->pruned_mlp/mlp.cpp:89]   --->   Operation 96 'load' 'input_V_load' <Predicate = (!icmp_ln68)> <Delay = 1.35> <Core = "RAM">   --->   Core 37 'RAM' <Latency = 1> <II = 1> <Delay = 0.79> <Storage> <Opcode : 'load' 'store'> <Ports = 2> <Width = 32> <Depth = 10> <RAM>
ST_4 : Operation 97 [2/2] (1.35ns)   --->   "%W1_V_load = load i16* %W1_V_addr, align 2" [pruned_mlp/mlp.cpp:69->pruned_mlp/mlp.cpp:89]   --->   Operation 97 'load' 'W1_V_load' <Predicate = (!icmp_ln68)> <Delay = 1.35> <Core = "ROM_nP">   --->   Core 52 'ROM_nP' <Latency = 1> <II = 1> <Delay = 1.35> <Storage> <Opcode : 'load'> <Ports = 0> <Width = 16> <Depth = 80> <ROM>
ST_4 : Operation 98 [1/1] (0.00ns)   --->   "%empty_16 = trunc i20 %p_Val2_1 to i19" [pruned_mlp/mlp.cpp:89]   --->   Operation 98 'trunc' 'empty_16' <Predicate = (icmp_ln68)> <Delay = 0.00>
ST_4 : Operation 99 [1/1] (0.00ns)   --->   "%tmp_10 = call i1 @_ssdm_op_BitSelect.i1.i20.i32(i20 %p_Val2_1, i32 19)" [pruned_mlp/mlp.cpp:72->pruned_mlp/mlp.cpp:89]   --->   Operation 99 'bitselect' 'tmp_10' <Predicate = (icmp_ln68)> <Delay = 0.00>
ST_4 : Operation 100 [1/1] (0.43ns)   --->   "%p_Val2_s = select i1 %tmp_10, i19 0, i19 %empty_16" [pruned_mlp/mlp.cpp:72->pruned_mlp/mlp.cpp:89]   --->   Operation 100 'select' 'p_Val2_s' <Predicate = (icmp_ln68)> <Delay = 0.43> <Core = "Sel">   --->   Core 26 'Sel' <Latency = 0> <II = 1> <Delay = 0.52> <FuncUnit> <Opcode : 'select'> <InPorts = 3> <OutPorts = 1>
ST_4 : Operation 101 [1/1] (0.00ns)   --->   "%a1_V_addr = getelementptr [5 x i19]* %a1_V, i64 0, i64 %zext_ln89" [pruned_mlp/mlp.cpp:89]   --->   Operation 101 'getelementptr' 'a1_V_addr' <Predicate = (icmp_ln68)> <Delay = 0.00>
ST_4 : Operation 102 [1/1] (0.79ns)   --->   "store i19 %p_Val2_s, i19* %a1_V_addr, align 4" [pruned_mlp/mlp.cpp:89]   --->   Operation 102 'store' <Predicate = (icmp_ln68)> <Delay = 0.79> <Core = "RAM">   --->   Core 37 'RAM' <Latency = 1> <II = 1> <Delay = 0.79> <Storage> <Opcode : 'load' 'store'> <Ports = 2> <Width = 32> <Depth = 10> <RAM>
ST_4 : Operation 103 [1/1] (0.00ns)   --->   "br label %.preheader277" [pruned_mlp/mlp.cpp:88]   --->   Operation 103 'br' <Predicate = (icmp_ln68)> <Delay = 0.00>

State 5 <SV = 4> <Delay = 4.19>
ST_5 : Operation 104 [1/1] (0.00ns)   --->   "call void (...)* @_ssdm_op_SpecLoopName([11 x i8]* @p_str) nounwind" [pruned_mlp/mlp.cpp:68->pruned_mlp/mlp.cpp:89]   --->   Operation 104 'specloopname' <Predicate = true> <Delay = 0.00>
ST_5 : Operation 105 [1/2] (1.35ns)   --->   "%input_V_load = load i20* %input_V_addr, align 4" [pruned_mlp/mlp.cpp:69->pruned_mlp/mlp.cpp:89]   --->   Operation 105 'load' 'input_V_load' <Predicate = true> <Delay = 1.35> <Core = "RAM">   --->   Core 37 'RAM' <Latency = 1> <II = 1> <Delay = 0.79> <Storage> <Opcode : 'load' 'store'> <Ports = 2> <Width = 32> <Depth = 10> <RAM>
ST_5 : Operation 106 [1/1] (0.00ns)   --->   "%sext_ln1192 = sext i20 %input_V_load to i34" [pruned_mlp/mlp.cpp:69->pruned_mlp/mlp.cpp:89]   --->   Operation 106 'sext' 'sext_ln1192' <Predicate = true> <Delay = 0.00>
ST_5 : Operation 107 [1/2] (1.35ns)   --->   "%W1_V_load = load i16* %W1_V_addr, align 2" [pruned_mlp/mlp.cpp:69->pruned_mlp/mlp.cpp:89]   --->   Operation 107 'load' 'W1_V_load' <Predicate = true> <Delay = 1.35> <Core = "ROM_nP">   --->   Core 52 'ROM_nP' <Latency = 1> <II = 1> <Delay = 1.35> <Storage> <Opcode : 'load'> <Ports = 0> <Width = 16> <Depth = 80> <ROM>
ST_5 : Operation 108 [1/1] (0.00ns)   --->   "%sext_ln1192_1 = sext i16 %W1_V_load to i34" [pruned_mlp/mlp.cpp:69->pruned_mlp/mlp.cpp:89]   --->   Operation 108 'sext' 'sext_ln1192_1' <Predicate = true> <Delay = 0.00>
ST_5 : Operation 109 [1/1] (0.63ns) (grouped into DSP with root node ret_V)   --->   "%mul_ln1192 = mul i34 %sext_ln1192, %sext_ln1192_1" [pruned_mlp/mlp.cpp:69->pruned_mlp/mlp.cpp:89]   --->   Operation 109 'mul' 'mul_ln1192' <Predicate = true> <Delay = 0.63> <Core = "DSP48">   --->   Core 88 'DSP48' <Latency = 0> <II = 1> <Delay = 2.84> <IPBlock> <Opcode : 'mul' 'add' 'sub' 'select'> <InPorts = 2> <OutPorts = 1> <Sync> <CReg>
ST_5 : Operation 110 [1/1] (0.00ns)   --->   "%lhs_V = call i34 @_ssdm_op_BitConcatenate.i34.i20.i14(i20 %p_Val2_1, i14 0)" [pruned_mlp/mlp.cpp:69->pruned_mlp/mlp.cpp:89]   --->   Operation 110 'bitconcatenate' 'lhs_V' <Predicate = true> <Delay = 0.00>
ST_5 : Operation 111 [1/1] (2.20ns) (root node of the DSP)   --->   "%ret_V = add i34 %lhs_V, %mul_ln1192" [pruned_mlp/mlp.cpp:69->pruned_mlp/mlp.cpp:89]   --->   Operation 111 'add' 'ret_V' <Predicate = true> <Delay = 2.20> <Core = "DSP48">   --->   Core 88 'DSP48' <Latency = 0> <II = 1> <Delay = 2.84> <IPBlock> <Opcode : 'mul' 'add' 'sub' 'select'> <InPorts = 2> <OutPorts = 1> <Sync> <CReg>
ST_5 : Operation 112 [1/1] (0.00ns)   --->   "%acc_V_2 = call i20 @_ssdm_op_PartSelect.i20.i34.i32.i32(i34 %ret_V, i32 14, i32 33)" [pruned_mlp/mlp.cpp:69->pruned_mlp/mlp.cpp:89]   --->   Operation 112 'partselect' 'acc_V_2' <Predicate = true> <Delay = 0.00>
ST_5 : Operation 113 [1/1] (0.00ns)   --->   "br label %1" [pruned_mlp/mlp.cpp:68->pruned_mlp/mlp.cpp:89]   --->   Operation 113 'br' <Predicate = true> <Delay = 0.00>

State 6 <SV = 2> <Delay = 1.35>
ST_6 : Operation 114 [1/1] (0.00ns)   --->   "%j4_0 = phi i4 [ %j_1, %neuron.1.exit ], [ 0, %.preheader276.preheader ]"   --->   Operation 114 'phi' 'j4_0' <Predicate = true> <Delay = 0.00>
ST_6 : Operation 115 [1/1] (0.88ns)   --->   "%icmp_ln93 = icmp eq i4 %j4_0, -8" [pruned_mlp/mlp.cpp:93]   --->   Operation 115 'icmp' 'icmp_ln93' <Predicate = true> <Delay = 0.88> <Core = "Cmp">   --->   Core 25 'Cmp' <Latency = 0> <II = 1> <Delay = 0.88> <FuncUnit> <Opcode : 'icmp'> <InPorts = 2> <OutPorts = 1>
ST_6 : Operation 116 [1/1] (0.00ns)   --->   "%empty_17 = call i32 (...)* @_ssdm_op_SpecLoopTripCount(i64 8, i64 8, i64 8)"   --->   Operation 116 'speclooptripcount' 'empty_17' <Predicate = true> <Delay = 0.00>
ST_6 : Operation 117 [1/1] (0.86ns)   --->   "%j_1 = add i4 %j4_0, 1" [pruned_mlp/mlp.cpp:93]   --->   Operation 117 'add' 'j_1' <Predicate = true> <Delay = 0.86> <Core = "AddSub">   --->   Core 14 'AddSub' <Latency = 0> <II = 1> <Delay = 0.86> <FuncUnit> <Opcode : 'add' 'sub'> <InPorts = 2> <OutPorts = 1>
ST_6 : Operation 118 [1/1] (0.00ns)   --->   "br i1 %icmp_ln93, label %.preheader275.preheader, label %2" [pruned_mlp/mlp.cpp:93]   --->   Operation 118 'br' <Predicate = true> <Delay = 0.00>
ST_6 : Operation 119 [1/1] (0.00ns)   --->   "%zext_ln94 = zext i4 %j4_0 to i64" [pruned_mlp/mlp.cpp:94]   --->   Operation 119 'zext' 'zext_ln94' <Predicate = (!icmp_ln93)> <Delay = 0.00>
ST_6 : Operation 120 [1/1] (0.00ns)   --->   "%B2_V_addr = getelementptr [8 x i15]* @B2_V, i64 0, i64 %zext_ln94" [pruned_mlp/mlp.cpp:94]   --->   Operation 120 'getelementptr' 'B2_V_addr' <Predicate = (!icmp_ln93)> <Delay = 0.00>
ST_6 : Operation 121 [2/2] (1.35ns)   --->   "%acc_V_1 = load i15* %B2_V_addr, align 2" [pruned_mlp/mlp.cpp:94]   --->   Operation 121 'load' 'acc_V_1' <Predicate = (!icmp_ln93)> <Delay = 1.35> <Core = "ROM_nP">   --->   Core 52 'ROM_nP' <Latency = 1> <II = 1> <Delay = 1.35> <Storage> <Opcode : 'load'> <Ports = 0> <Width = 16> <Depth = 80> <ROM>
ST_6 : Operation 122 [1/1] (0.75ns)   --->   "br label %.preheader275" [pruned_mlp/mlp.cpp:98]   --->   Operation 122 'br' <Predicate = (icmp_ln93)> <Delay = 0.75>

State 7 <SV = 3> <Delay = 1.35>
ST_7 : Operation 123 [1/1] (0.00ns)   --->   "call void (...)* @_ssdm_op_SpecLoopName([7 x i8]* @p_str9) nounwind" [pruned_mlp/mlp.cpp:94]   --->   Operation 123 'specloopname' <Predicate = true> <Delay = 0.00>
ST_7 : Operation 124 [1/1] (0.00ns)   --->   "%zext_ln1117 = zext i4 %j4_0 to i7" [pruned_mlp/mlp.cpp:69->pruned_mlp/mlp.cpp:94]   --->   Operation 124 'zext' 'zext_ln1117' <Predicate = true> <Delay = 0.00>
ST_7 : Operation 125 [1/1] (0.00ns)   --->   "%tmp_7 = call i6 @_ssdm_op_BitConcatenate.i6.i4.i2(i4 %j4_0, i2 0)" [pruned_mlp/mlp.cpp:69->pruned_mlp/mlp.cpp:94]   --->   Operation 125 'bitconcatenate' 'tmp_7' <Predicate = true> <Delay = 0.00>
ST_7 : Operation 126 [1/1] (0.00ns)   --->   "%zext_ln1117_1 = zext i6 %tmp_7 to i7" [pruned_mlp/mlp.cpp:69->pruned_mlp/mlp.cpp:94]   --->   Operation 126 'zext' 'zext_ln1117_1' <Predicate = true> <Delay = 0.00>
ST_7 : Operation 127 [1/1] (0.88ns)   --->   "%add_ln1117 = add i7 %zext_ln1117, %zext_ln1117_1" [pruned_mlp/mlp.cpp:69->pruned_mlp/mlp.cpp:94]   --->   Operation 127 'add' 'add_ln1117' <Predicate = true> <Delay = 0.88> <Core = "AddSub">   --->   Core 14 'AddSub' <Latency = 0> <II = 1> <Delay = 0.86> <FuncUnit> <Opcode : 'add' 'sub'> <InPorts = 2> <OutPorts = 1>
ST_7 : Operation 128 [1/2] (1.35ns)   --->   "%acc_V_1 = load i15* %B2_V_addr, align 2" [pruned_mlp/mlp.cpp:94]   --->   Operation 128 'load' 'acc_V_1' <Predicate = true> <Delay = 1.35> <Core = "ROM_nP">   --->   Core 52 'ROM_nP' <Latency = 1> <II = 1> <Delay = 1.35> <Storage> <Opcode : 'load'> <Ports = 0> <Width = 16> <Depth = 80> <ROM>
ST_7 : Operation 129 [1/1] (0.00ns)   --->   "%sext_ln94 = sext i15 %acc_V_1 to i20" [pruned_mlp/mlp.cpp:94]   --->   Operation 129 'sext' 'sext_ln94' <Predicate = true> <Delay = 0.00>
ST_7 : Operation 130 [1/1] (0.75ns)   --->   "br label %3" [pruned_mlp/mlp.cpp:68->pruned_mlp/mlp.cpp:94]   --->   Operation 130 'br' <Predicate = true> <Delay = 0.75>

State 8 <SV = 4> <Delay = 2.24>
ST_8 : Operation 131 [1/1] (0.00ns)   --->   "%p_Val2_4 = phi i20 [ %sext_ln94, %2 ], [ %acc_V_4, %_ZN13ap_fixed_baseILi41ELi13ELb1EL9ap_q_mode5EL9ap_o_mode3ELi0EEC1ILi20ELi6ELb1ELS0_5ELS1_3ELi0EEERKS_IXT_EXT0_EXT1_EXT2_EXT3_EXT4_EE.exit.i.i.i23 ]"   --->   Operation 131 'phi' 'p_Val2_4' <Predicate = true> <Delay = 0.00>
ST_8 : Operation 132 [1/1] (0.00ns)   --->   "%i_0_i10 = phi i3 [ 0, %2 ], [ %i_1, %_ZN13ap_fixed_baseILi41ELi13ELb1EL9ap_q_mode5EL9ap_o_mode3ELi0EEC1ILi20ELi6ELb1ELS0_5ELS1_3ELi0EEERKS_IXT_EXT0_EXT1_EXT2_EXT3_EXT4_EE.exit.i.i.i23 ]"   --->   Operation 132 'phi' 'i_0_i10' <Predicate = true> <Delay = 0.00>
ST_8 : Operation 133 [1/1] (0.00ns)   --->   "%empty_18 = call i32 (...)* @_ssdm_op_SpecLoopTripCount(i64 5, i64 5, i64 5)"   --->   Operation 133 'speclooptripcount' 'empty_18' <Predicate = true> <Delay = 0.00>
ST_8 : Operation 134 [1/1] (0.69ns)   --->   "%icmp_ln68_1 = icmp eq i3 %i_0_i10, -3" [pruned_mlp/mlp.cpp:68->pruned_mlp/mlp.cpp:94]   --->   Operation 134 'icmp' 'icmp_ln68_1' <Predicate = true> <Delay = 0.69> <Core = "Cmp">   --->   Core 25 'Cmp' <Latency = 0> <II = 1> <Delay = 0.88> <FuncUnit> <Opcode : 'icmp'> <InPorts = 2> <OutPorts = 1>
ST_8 : Operation 135 [1/1] (0.74ns)   --->   "%i_1 = add i3 %i_0_i10, 1" [pruned_mlp/mlp.cpp:68->pruned_mlp/mlp.cpp:94]   --->   Operation 135 'add' 'i_1' <Predicate = true> <Delay = 0.74> <Core = "AddSub">   --->   Core 14 'AddSub' <Latency = 0> <II = 1> <Delay = 0.86> <FuncUnit> <Opcode : 'add' 'sub'> <InPorts = 2> <OutPorts = 1>
ST_8 : Operation 136 [1/1] (0.00ns)   --->   "br i1 %icmp_ln68_1, label %neuron.1.exit, label %_ZN13ap_fixed_baseILi41ELi13ELb1EL9ap_q_mode5EL9ap_o_mode3ELi0EEC1ILi20ELi6ELb1ELS0_5ELS1_3ELi0EEERKS_IXT_EXT0_EXT1_EXT2_EXT3_EXT4_EE.exit.i.i.i23" [pruned_mlp/mlp.cpp:68->pruned_mlp/mlp.cpp:94]   --->   Operation 136 'br' <Predicate = true> <Delay = 0.00>
ST_8 : Operation 137 [1/1] (0.00ns)   --->   "%zext_ln69_1 = zext i3 %i_0_i10 to i64" [pruned_mlp/mlp.cpp:69->pruned_mlp/mlp.cpp:94]   --->   Operation 137 'zext' 'zext_ln69_1' <Predicate = (!icmp_ln68_1)> <Delay = 0.00>
ST_8 : Operation 138 [1/1] (0.00ns)   --->   "%zext_ln1117_4 = zext i3 %i_0_i10 to i7" [pruned_mlp/mlp.cpp:69->pruned_mlp/mlp.cpp:94]   --->   Operation 138 'zext' 'zext_ln1117_4' <Predicate = (!icmp_ln68_1)> <Delay = 0.00>
ST_8 : Operation 139 [1/1] (0.89ns)   --->   "%add_ln1117_2 = add i7 %zext_ln1117_4, %add_ln1117" [pruned_mlp/mlp.cpp:69->pruned_mlp/mlp.cpp:94]   --->   Operation 139 'add' 'add_ln1117_2' <Predicate = (!icmp_ln68_1)> <Delay = 0.89> <Core = "AddSub">   --->   Core 14 'AddSub' <Latency = 0> <II = 1> <Delay = 0.86> <FuncUnit> <Opcode : 'add' 'sub'> <InPorts = 2> <OutPorts = 1>
ST_8 : Operation 140 [1/1] (0.00ns)   --->   "%zext_ln1117_5 = zext i7 %add_ln1117_2 to i64" [pruned_mlp/mlp.cpp:69->pruned_mlp/mlp.cpp:94]   --->   Operation 140 'zext' 'zext_ln1117_5' <Predicate = (!icmp_ln68_1)> <Delay = 0.00>
ST_8 : Operation 141 [1/1] (0.00ns)   --->   "%W2_V_addr = getelementptr [40 x i16]* @W2_V, i64 0, i64 %zext_ln1117_5" [pruned_mlp/mlp.cpp:69->pruned_mlp/mlp.cpp:94]   --->   Operation 141 'getelementptr' 'W2_V_addr' <Predicate = (!icmp_ln68_1)> <Delay = 0.00>
ST_8 : Operation 142 [1/1] (0.00ns)   --->   "%a1_V_addr_1 = getelementptr [5 x i19]* %a1_V, i64 0, i64 %zext_ln69_1" [pruned_mlp/mlp.cpp:69->pruned_mlp/mlp.cpp:94]   --->   Operation 142 'getelementptr' 'a1_V_addr_1' <Predicate = (!icmp_ln68_1)> <Delay = 0.00>
ST_8 : Operation 143 [2/2] (0.79ns)   --->   "%a1_V_load = load i19* %a1_V_addr_1, align 4" [pruned_mlp/mlp.cpp:69->pruned_mlp/mlp.cpp:94]   --->   Operation 143 'load' 'a1_V_load' <Predicate = (!icmp_ln68_1)> <Delay = 0.79> <Core = "RAM">   --->   Core 37 'RAM' <Latency = 1> <II = 1> <Delay = 0.79> <Storage> <Opcode : 'load' 'store'> <Ports = 2> <Width = 32> <Depth = 10> <RAM>
ST_8 : Operation 144 [2/2] (1.35ns)   --->   "%W2_V_load = load i16* %W2_V_addr, align 2" [pruned_mlp/mlp.cpp:69->pruned_mlp/mlp.cpp:94]   --->   Operation 144 'load' 'W2_V_load' <Predicate = (!icmp_ln68_1)> <Delay = 1.35> <Core = "ROM_nP">   --->   Core 52 'ROM_nP' <Latency = 1> <II = 1> <Delay = 1.35> <Storage> <Opcode : 'load'> <Ports = 0> <Width = 16> <Depth = 80> <ROM>
ST_8 : Operation 145 [1/1] (0.00ns)   --->   "%empty_19 = trunc i20 %p_Val2_4 to i19" [pruned_mlp/mlp.cpp:94]   --->   Operation 145 'trunc' 'empty_19' <Predicate = (icmp_ln68_1)> <Delay = 0.00>
ST_8 : Operation 146 [1/1] (0.00ns)   --->   "%tmp_11 = call i1 @_ssdm_op_BitSelect.i1.i20.i32(i20 %p_Val2_4, i32 19)" [pruned_mlp/mlp.cpp:72->pruned_mlp/mlp.cpp:94]   --->   Operation 146 'bitselect' 'tmp_11' <Predicate = (icmp_ln68_1)> <Delay = 0.00>
ST_8 : Operation 147 [1/1] (0.43ns)   --->   "%p_Val2_3 = select i1 %tmp_11, i19 0, i19 %empty_19" [pruned_mlp/mlp.cpp:72->pruned_mlp/mlp.cpp:94]   --->   Operation 147 'select' 'p_Val2_3' <Predicate = (icmp_ln68_1)> <Delay = 0.43> <Core = "Sel">   --->   Core 26 'Sel' <Latency = 0> <II = 1> <Delay = 0.52> <FuncUnit> <Opcode : 'select'> <InPorts = 3> <OutPorts = 1>
ST_8 : Operation 148 [1/1] (0.00ns)   --->   "%a2_V_addr = getelementptr [8 x i19]* %a2_V, i64 0, i64 %zext_ln94" [pruned_mlp/mlp.cpp:94]   --->   Operation 148 'getelementptr' 'a2_V_addr' <Predicate = (icmp_ln68_1)> <Delay = 0.00>
ST_8 : Operation 149 [1/1] (0.79ns)   --->   "store i19 %p_Val2_3, i19* %a2_V_addr, align 4" [pruned_mlp/mlp.cpp:94]   --->   Operation 149 'store' <Predicate = (icmp_ln68_1)> <Delay = 0.79> <Core = "RAM">   --->   Core 37 'RAM' <Latency = 1> <II = 1> <Delay = 0.79> <Storage> <Opcode : 'load' 'store'> <Ports = 2> <Width = 32> <Depth = 10> <RAM>
ST_8 : Operation 150 [1/1] (0.00ns)   --->   "br label %.preheader276" [pruned_mlp/mlp.cpp:93]   --->   Operation 150 'br' <Predicate = (icmp_ln68_1)> <Delay = 0.00>

State 9 <SV = 5> <Delay = 4.19>
ST_9 : Operation 151 [1/1] (0.00ns)   --->   "call void (...)* @_ssdm_op_SpecLoopName([11 x i8]* @p_str) nounwind" [pruned_mlp/mlp.cpp:68->pruned_mlp/mlp.cpp:94]   --->   Operation 151 'specloopname' <Predicate = true> <Delay = 0.00>
ST_9 : Operation 152 [1/2] (0.79ns)   --->   "%a1_V_load = load i19* %a1_V_addr_1, align 4" [pruned_mlp/mlp.cpp:69->pruned_mlp/mlp.cpp:94]   --->   Operation 152 'load' 'a1_V_load' <Predicate = true> <Delay = 0.79> <Core = "RAM">   --->   Core 37 'RAM' <Latency = 1> <II = 1> <Delay = 0.79> <Storage> <Opcode : 'load' 'store'> <Ports = 2> <Width = 32> <Depth = 10> <RAM>
ST_9 : Operation 153 [1/1] (0.00ns)   --->   "%zext_ln1192 = zext i19 %a1_V_load to i34" [pruned_mlp/mlp.cpp:69->pruned_mlp/mlp.cpp:94]   --->   Operation 153 'zext' 'zext_ln1192' <Predicate = true> <Delay = 0.00>
ST_9 : Operation 154 [1/2] (1.35ns)   --->   "%W2_V_load = load i16* %W2_V_addr, align 2" [pruned_mlp/mlp.cpp:69->pruned_mlp/mlp.cpp:94]   --->   Operation 154 'load' 'W2_V_load' <Predicate = true> <Delay = 1.35> <Core = "ROM_nP">   --->   Core 52 'ROM_nP' <Latency = 1> <II = 1> <Delay = 1.35> <Storage> <Opcode : 'load'> <Ports = 0> <Width = 16> <Depth = 80> <ROM>
ST_9 : Operation 155 [1/1] (0.00ns)   --->   "%sext_ln1192_2 = sext i16 %W2_V_load to i34" [pruned_mlp/mlp.cpp:69->pruned_mlp/mlp.cpp:94]   --->   Operation 155 'sext' 'sext_ln1192_2' <Predicate = true> <Delay = 0.00>
ST_9 : Operation 156 [1/1] (0.63ns) (grouped into DSP with root node ret_V_1)   --->   "%mul_ln1192_1 = mul i34 %zext_ln1192, %sext_ln1192_2" [pruned_mlp/mlp.cpp:69->pruned_mlp/mlp.cpp:94]   --->   Operation 156 'mul' 'mul_ln1192_1' <Predicate = true> <Delay = 0.63> <Core = "DSP48">   --->   Core 88 'DSP48' <Latency = 0> <II = 1> <Delay = 2.84> <IPBlock> <Opcode : 'mul' 'add' 'sub' 'select'> <InPorts = 2> <OutPorts = 1> <Sync> <CReg>
ST_9 : Operation 157 [1/1] (0.00ns)   --->   "%lhs_V_1 = call i34 @_ssdm_op_BitConcatenate.i34.i20.i14(i20 %p_Val2_4, i14 0)" [pruned_mlp/mlp.cpp:69->pruned_mlp/mlp.cpp:94]   --->   Operation 157 'bitconcatenate' 'lhs_V_1' <Predicate = true> <Delay = 0.00>
ST_9 : Operation 158 [1/1] (2.20ns) (root node of the DSP)   --->   "%ret_V_1 = add i34 %lhs_V_1, %mul_ln1192_1" [pruned_mlp/mlp.cpp:69->pruned_mlp/mlp.cpp:94]   --->   Operation 158 'add' 'ret_V_1' <Predicate = true> <Delay = 2.20> <Core = "DSP48">   --->   Core 88 'DSP48' <Latency = 0> <II = 1> <Delay = 2.84> <IPBlock> <Opcode : 'mul' 'add' 'sub' 'select'> <InPorts = 2> <OutPorts = 1> <Sync> <CReg>
ST_9 : Operation 159 [1/1] (0.00ns)   --->   "%acc_V_4 = call i20 @_ssdm_op_PartSelect.i20.i34.i32.i32(i34 %ret_V_1, i32 14, i32 33)" [pruned_mlp/mlp.cpp:69->pruned_mlp/mlp.cpp:94]   --->   Operation 159 'partselect' 'acc_V_4' <Predicate = true> <Delay = 0.00>
ST_9 : Operation 160 [1/1] (0.00ns)   --->   "br label %3" [pruned_mlp/mlp.cpp:68->pruned_mlp/mlp.cpp:94]   --->   Operation 160 'br' <Predicate = true> <Delay = 0.00>

State 10 <SV = 3> <Delay = 1.35>
ST_10 : Operation 161 [1/1] (0.00ns)   --->   "%j5_0 = phi i4 [ %j_2, %neuron.141.exit ], [ 0, %.preheader275.preheader ]"   --->   Operation 161 'phi' 'j5_0' <Predicate = true> <Delay = 0.00>
ST_10 : Operation 162 [1/1] (0.88ns)   --->   "%icmp_ln98 = icmp eq i4 %j5_0, -8" [pruned_mlp/mlp.cpp:98]   --->   Operation 162 'icmp' 'icmp_ln98' <Predicate = true> <Delay = 0.88> <Core = "Cmp">   --->   Core 25 'Cmp' <Latency = 0> <II = 1> <Delay = 0.88> <FuncUnit> <Opcode : 'icmp'> <InPorts = 2> <OutPorts = 1>
ST_10 : Operation 163 [1/1] (0.00ns)   --->   "%empty_20 = call i32 (...)* @_ssdm_op_SpecLoopTripCount(i64 8, i64 8, i64 8)"   --->   Operation 163 'speclooptripcount' 'empty_20' <Predicate = true> <Delay = 0.00>
ST_10 : Operation 164 [1/1] (0.86ns)   --->   "%j_2 = add i4 %j5_0, 1" [pruned_mlp/mlp.cpp:98]   --->   Operation 164 'add' 'j_2' <Predicate = true> <Delay = 0.86> <Core = "AddSub">   --->   Core 14 'AddSub' <Latency = 0> <II = 1> <Delay = 0.86> <FuncUnit> <Opcode : 'add' 'sub'> <InPorts = 2> <OutPorts = 1>
ST_10 : Operation 165 [1/1] (0.00ns)   --->   "br i1 %icmp_ln98, label %.preheader274.preheader, label %4" [pruned_mlp/mlp.cpp:98]   --->   Operation 165 'br' <Predicate = true> <Delay = 0.00>
ST_10 : Operation 166 [1/1] (0.00ns)   --->   "%zext_ln99 = zext i4 %j5_0 to i64" [pruned_mlp/mlp.cpp:99]   --->   Operation 166 'zext' 'zext_ln99' <Predicate = (!icmp_ln98)> <Delay = 0.00>
ST_10 : Operation 167 [1/1] (0.00ns)   --->   "%B3_V_addr = getelementptr [8 x i16]* @B3_V, i64 0, i64 %zext_ln99" [pruned_mlp/mlp.cpp:99]   --->   Operation 167 'getelementptr' 'B3_V_addr' <Predicate = (!icmp_ln98)> <Delay = 0.00>
ST_10 : Operation 168 [2/2] (1.35ns)   --->   "%acc_V_3 = load i16* %B3_V_addr, align 2" [pruned_mlp/mlp.cpp:99]   --->   Operation 168 'load' 'acc_V_3' <Predicate = (!icmp_ln98)> <Delay = 1.35> <Core = "ROM_nP">   --->   Core 52 'ROM_nP' <Latency = 1> <II = 1> <Delay = 1.35> <Storage> <Opcode : 'load'> <Ports = 0> <Width = 16> <Depth = 80> <ROM>
ST_10 : Operation 169 [1/1] (0.75ns)   --->   "br label %.preheader274" [pruned_mlp/mlp.cpp:103]   --->   Operation 169 'br' <Predicate = (icmp_ln98)> <Delay = 0.75>

State 11 <SV = 4> <Delay = 1.35>
ST_11 : Operation 170 [1/1] (0.00ns)   --->   "call void (...)* @_ssdm_op_SpecLoopName([7 x i8]* @p_str10) nounwind" [pruned_mlp/mlp.cpp:99]   --->   Operation 170 'specloopname' <Predicate = true> <Delay = 0.00>
ST_11 : Operation 171 [1/1] (0.00ns)   --->   "%tmp_8 = call i7 @_ssdm_op_BitConcatenate.i7.i4.i3(i4 %j5_0, i3 0)" [pruned_mlp/mlp.cpp:69->pruned_mlp/mlp.cpp:99]   --->   Operation 171 'bitconcatenate' 'tmp_8' <Predicate = true> <Delay = 0.00>
ST_11 : Operation 172 [1/1] (0.00ns)   --->   "%zext_ln99_1 = zext i7 %tmp_8 to i8" [pruned_mlp/mlp.cpp:99]   --->   Operation 172 'zext' 'zext_ln99_1' <Predicate = true> <Delay = 0.00>
ST_11 : Operation 173 [1/2] (1.35ns)   --->   "%acc_V_3 = load i16* %B3_V_addr, align 2" [pruned_mlp/mlp.cpp:99]   --->   Operation 173 'load' 'acc_V_3' <Predicate = true> <Delay = 1.35> <Core = "ROM_nP">   --->   Core 52 'ROM_nP' <Latency = 1> <II = 1> <Delay = 1.35> <Storage> <Opcode : 'load'> <Ports = 0> <Width = 16> <Depth = 80> <ROM>
ST_11 : Operation 174 [1/1] (0.00ns)   --->   "%sext_ln99 = sext i16 %acc_V_3 to i20" [pruned_mlp/mlp.cpp:99]   --->   Operation 174 'sext' 'sext_ln99' <Predicate = true> <Delay = 0.00>
ST_11 : Operation 175 [1/1] (0.75ns)   --->   "br label %5" [pruned_mlp/mlp.cpp:68->pruned_mlp/mlp.cpp:99]   --->   Operation 175 'br' <Predicate = true> <Delay = 0.75>

State 12 <SV = 5> <Delay = 2.24>
ST_12 : Operation 176 [1/1] (0.00ns)   --->   "%p_Val2_9 = phi i20 [ %sext_ln99, %4 ], [ %acc_V_6, %_ZN13ap_fixed_baseILi41ELi13ELb1EL9ap_q_mode5EL9ap_o_mode3ELi0EEC1ILi20ELi6ELb1ELS0_5ELS1_3ELi0EEERKS_IXT_EXT0_EXT1_EXT2_EXT3_EXT4_EE.exit.i.i.i39 ]"   --->   Operation 176 'phi' 'p_Val2_9' <Predicate = true> <Delay = 0.00>
ST_12 : Operation 177 [1/1] (0.00ns)   --->   "%i_0_i26 = phi i4 [ 0, %4 ], [ %i_2, %_ZN13ap_fixed_baseILi41ELi13ELb1EL9ap_q_mode5EL9ap_o_mode3ELi0EEC1ILi20ELi6ELb1ELS0_5ELS1_3ELi0EEERKS_IXT_EXT0_EXT1_EXT2_EXT3_EXT4_EE.exit.i.i.i39 ]"   --->   Operation 177 'phi' 'i_0_i26' <Predicate = true> <Delay = 0.00>
ST_12 : Operation 178 [1/1] (0.00ns)   --->   "%empty_21 = call i32 (...)* @_ssdm_op_SpecLoopTripCount(i64 8, i64 8, i64 8)"   --->   Operation 178 'speclooptripcount' 'empty_21' <Predicate = true> <Delay = 0.00>
ST_12 : Operation 179 [1/1] (0.88ns)   --->   "%icmp_ln68_2 = icmp eq i4 %i_0_i26, -8" [pruned_mlp/mlp.cpp:68->pruned_mlp/mlp.cpp:99]   --->   Operation 179 'icmp' 'icmp_ln68_2' <Predicate = true> <Delay = 0.88> <Core = "Cmp">   --->   Core 25 'Cmp' <Latency = 0> <II = 1> <Delay = 0.88> <FuncUnit> <Opcode : 'icmp'> <InPorts = 2> <OutPorts = 1>
ST_12 : Operation 180 [1/1] (0.86ns)   --->   "%i_2 = add i4 %i_0_i26, 1" [pruned_mlp/mlp.cpp:68->pruned_mlp/mlp.cpp:99]   --->   Operation 180 'add' 'i_2' <Predicate = true> <Delay = 0.86> <Core = "AddSub">   --->   Core 14 'AddSub' <Latency = 0> <II = 1> <Delay = 0.86> <FuncUnit> <Opcode : 'add' 'sub'> <InPorts = 2> <OutPorts = 1>
ST_12 : Operation 181 [1/1] (0.00ns)   --->   "br i1 %icmp_ln68_2, label %neuron.141.exit, label %_ZN13ap_fixed_baseILi41ELi13ELb1EL9ap_q_mode5EL9ap_o_mode3ELi0EEC1ILi20ELi6ELb1ELS0_5ELS1_3ELi0EEERKS_IXT_EXT0_EXT1_EXT2_EXT3_EXT4_EE.exit.i.i.i39" [pruned_mlp/mlp.cpp:68->pruned_mlp/mlp.cpp:99]   --->   Operation 181 'br' <Predicate = true> <Delay = 0.00>
ST_12 : Operation 182 [1/1] (0.00ns)   --->   "%zext_ln69_2 = zext i4 %i_0_i26 to i64" [pruned_mlp/mlp.cpp:69->pruned_mlp/mlp.cpp:99]   --->   Operation 182 'zext' 'zext_ln69_2' <Predicate = (!icmp_ln68_2)> <Delay = 0.00>
ST_12 : Operation 183 [1/1] (0.00ns)   --->   "%zext_ln1117_6 = zext i4 %i_0_i26 to i8" [pruned_mlp/mlp.cpp:69->pruned_mlp/mlp.cpp:99]   --->   Operation 183 'zext' 'zext_ln1117_6' <Predicate = (!icmp_ln68_2)> <Delay = 0.00>
ST_12 : Operation 184 [1/1] (0.89ns)   --->   "%add_ln1117_3 = add i8 %zext_ln1117_6, %zext_ln99_1" [pruned_mlp/mlp.cpp:69->pruned_mlp/mlp.cpp:99]   --->   Operation 184 'add' 'add_ln1117_3' <Predicate = (!icmp_ln68_2)> <Delay = 0.89> <Core = "AddSub">   --->   Core 14 'AddSub' <Latency = 0> <II = 1> <Delay = 0.86> <FuncUnit> <Opcode : 'add' 'sub'> <InPorts = 2> <OutPorts = 1>
ST_12 : Operation 185 [1/1] (0.00ns)   --->   "%zext_ln1117_7 = zext i8 %add_ln1117_3 to i64" [pruned_mlp/mlp.cpp:69->pruned_mlp/mlp.cpp:99]   --->   Operation 185 'zext' 'zext_ln1117_7' <Predicate = (!icmp_ln68_2)> <Delay = 0.00>
ST_12 : Operation 186 [1/1] (0.00ns)   --->   "%W3_V_addr = getelementptr [64 x i15]* @W3_V, i64 0, i64 %zext_ln1117_7" [pruned_mlp/mlp.cpp:69->pruned_mlp/mlp.cpp:99]   --->   Operation 186 'getelementptr' 'W3_V_addr' <Predicate = (!icmp_ln68_2)> <Delay = 0.00>
ST_12 : Operation 187 [1/1] (0.00ns)   --->   "%a2_V_addr_1 = getelementptr [8 x i19]* %a2_V, i64 0, i64 %zext_ln69_2" [pruned_mlp/mlp.cpp:69->pruned_mlp/mlp.cpp:99]   --->   Operation 187 'getelementptr' 'a2_V_addr_1' <Predicate = (!icmp_ln68_2)> <Delay = 0.00>
ST_12 : Operation 188 [2/2] (0.79ns)   --->   "%a2_V_load = load i19* %a2_V_addr_1, align 4" [pruned_mlp/mlp.cpp:69->pruned_mlp/mlp.cpp:99]   --->   Operation 188 'load' 'a2_V_load' <Predicate = (!icmp_ln68_2)> <Delay = 0.79> <Core = "RAM">   --->   Core 37 'RAM' <Latency = 1> <II = 1> <Delay = 0.79> <Storage> <Opcode : 'load' 'store'> <Ports = 2> <Width = 32> <Depth = 10> <RAM>
ST_12 : Operation 189 [2/2] (1.35ns)   --->   "%W3_V_load = load i15* %W3_V_addr, align 2" [pruned_mlp/mlp.cpp:69->pruned_mlp/mlp.cpp:99]   --->   Operation 189 'load' 'W3_V_load' <Predicate = (!icmp_ln68_2)> <Delay = 1.35> <Core = "ROM_nP">   --->   Core 52 'ROM_nP' <Latency = 1> <II = 1> <Delay = 1.35> <Storage> <Opcode : 'load'> <Ports = 0> <Width = 16> <Depth = 80> <ROM>
ST_12 : Operation 190 [1/1] (0.00ns)   --->   "%empty_22 = trunc i20 %p_Val2_9 to i19" [pruned_mlp/mlp.cpp:99]   --->   Operation 190 'trunc' 'empty_22' <Predicate = (icmp_ln68_2)> <Delay = 0.00>
ST_12 : Operation 191 [1/1] (0.00ns)   --->   "%tmp_16 = call i1 @_ssdm_op_BitSelect.i1.i20.i32(i20 %p_Val2_9, i32 19)" [pruned_mlp/mlp.cpp:72->pruned_mlp/mlp.cpp:99]   --->   Operation 191 'bitselect' 'tmp_16' <Predicate = (icmp_ln68_2)> <Delay = 0.00>
ST_12 : Operation 192 [1/1] (0.43ns)   --->   "%p_Val2_10 = select i1 %tmp_16, i19 0, i19 %empty_22" [pruned_mlp/mlp.cpp:72->pruned_mlp/mlp.cpp:99]   --->   Operation 192 'select' 'p_Val2_10' <Predicate = (icmp_ln68_2)> <Delay = 0.43> <Core = "Sel">   --->   Core 26 'Sel' <Latency = 0> <II = 1> <Delay = 0.52> <FuncUnit> <Opcode : 'select'> <InPorts = 3> <OutPorts = 1>
ST_12 : Operation 193 [1/1] (0.00ns)   --->   "%a3_V_addr = getelementptr [8 x i19]* %a3_V, i64 0, i64 %zext_ln99" [pruned_mlp/mlp.cpp:99]   --->   Operation 193 'getelementptr' 'a3_V_addr' <Predicate = (icmp_ln68_2)> <Delay = 0.00>
ST_12 : Operation 194 [1/1] (0.79ns)   --->   "store i19 %p_Val2_10, i19* %a3_V_addr, align 4" [pruned_mlp/mlp.cpp:99]   --->   Operation 194 'store' <Predicate = (icmp_ln68_2)> <Delay = 0.79> <Core = "RAM">   --->   Core 37 'RAM' <Latency = 1> <II = 1> <Delay = 0.79> <Storage> <Opcode : 'load' 'store'> <Ports = 2> <Width = 32> <Depth = 10> <RAM>
ST_12 : Operation 195 [1/1] (0.00ns)   --->   "br label %.preheader275" [pruned_mlp/mlp.cpp:98]   --->   Operation 195 'br' <Predicate = (icmp_ln68_2)> <Delay = 0.00>

State 13 <SV = 6> <Delay = 4.19>
ST_13 : Operation 196 [1/1] (0.00ns)   --->   "call void (...)* @_ssdm_op_SpecLoopName([11 x i8]* @p_str) nounwind" [pruned_mlp/mlp.cpp:68->pruned_mlp/mlp.cpp:99]   --->   Operation 196 'specloopname' <Predicate = true> <Delay = 0.00>
ST_13 : Operation 197 [1/2] (0.79ns)   --->   "%a2_V_load = load i19* %a2_V_addr_1, align 4" [pruned_mlp/mlp.cpp:69->pruned_mlp/mlp.cpp:99]   --->   Operation 197 'load' 'a2_V_load' <Predicate = true> <Delay = 0.79> <Core = "RAM">   --->   Core 37 'RAM' <Latency = 1> <II = 1> <Delay = 0.79> <Storage> <Opcode : 'load' 'store'> <Ports = 2> <Width = 32> <Depth = 10> <RAM>
ST_13 : Operation 198 [1/1] (0.00ns)   --->   "%zext_ln1192_1 = zext i19 %a2_V_load to i34" [pruned_mlp/mlp.cpp:69->pruned_mlp/mlp.cpp:99]   --->   Operation 198 'zext' 'zext_ln1192_1' <Predicate = true> <Delay = 0.00>
ST_13 : Operation 199 [1/2] (1.35ns)   --->   "%W3_V_load = load i15* %W3_V_addr, align 2" [pruned_mlp/mlp.cpp:69->pruned_mlp/mlp.cpp:99]   --->   Operation 199 'load' 'W3_V_load' <Predicate = true> <Delay = 1.35> <Core = "ROM_nP">   --->   Core 52 'ROM_nP' <Latency = 1> <II = 1> <Delay = 1.35> <Storage> <Opcode : 'load'> <Ports = 0> <Width = 16> <Depth = 80> <ROM>
ST_13 : Operation 200 [1/1] (0.00ns)   --->   "%sext_ln1192_3 = sext i15 %W3_V_load to i34" [pruned_mlp/mlp.cpp:69->pruned_mlp/mlp.cpp:99]   --->   Operation 200 'sext' 'sext_ln1192_3' <Predicate = true> <Delay = 0.00>
ST_13 : Operation 201 [1/1] (0.63ns) (grouped into DSP with root node ret_V_2)   --->   "%mul_ln1192_2 = mul i34 %zext_ln1192_1, %sext_ln1192_3" [pruned_mlp/mlp.cpp:69->pruned_mlp/mlp.cpp:99]   --->   Operation 201 'mul' 'mul_ln1192_2' <Predicate = true> <Delay = 0.63> <Core = "DSP48">   --->   Core 88 'DSP48' <Latency = 0> <II = 1> <Delay = 2.84> <IPBlock> <Opcode : 'mul' 'add' 'sub' 'select'> <InPorts = 2> <OutPorts = 1> <Sync> <CReg>
ST_13 : Operation 202 [1/1] (0.00ns)   --->   "%lhs_V_2 = call i34 @_ssdm_op_BitConcatenate.i34.i20.i14(i20 %p_Val2_9, i14 0)" [pruned_mlp/mlp.cpp:69->pruned_mlp/mlp.cpp:99]   --->   Operation 202 'bitconcatenate' 'lhs_V_2' <Predicate = true> <Delay = 0.00>
ST_13 : Operation 203 [1/1] (2.20ns) (root node of the DSP)   --->   "%ret_V_2 = add i34 %lhs_V_2, %mul_ln1192_2" [pruned_mlp/mlp.cpp:69->pruned_mlp/mlp.cpp:99]   --->   Operation 203 'add' 'ret_V_2' <Predicate = true> <Delay = 2.20> <Core = "DSP48">   --->   Core 88 'DSP48' <Latency = 0> <II = 1> <Delay = 2.84> <IPBlock> <Opcode : 'mul' 'add' 'sub' 'select'> <InPorts = 2> <OutPorts = 1> <Sync> <CReg>
ST_13 : Operation 204 [1/1] (0.00ns)   --->   "%acc_V_6 = call i20 @_ssdm_op_PartSelect.i20.i34.i32.i32(i34 %ret_V_2, i32 14, i32 33)" [pruned_mlp/mlp.cpp:69->pruned_mlp/mlp.cpp:99]   --->   Operation 204 'partselect' 'acc_V_6' <Predicate = true> <Delay = 0.00>
ST_13 : Operation 205 [1/1] (0.00ns)   --->   "br label %5" [pruned_mlp/mlp.cpp:68->pruned_mlp/mlp.cpp:99]   --->   Operation 205 'br' <Predicate = true> <Delay = 0.00>

State 14 <SV = 4> <Delay = 1.35>
ST_14 : Operation 206 [1/1] (0.00ns)   --->   "%j6_0 = phi i4 [ %j_3, %neuron.exit ], [ 0, %.preheader274.preheader ]"   --->   Operation 206 'phi' 'j6_0' <Predicate = true> <Delay = 0.00>
ST_14 : Operation 207 [1/1] (0.88ns)   --->   "%icmp_ln103 = icmp eq i4 %j6_0, -6" [pruned_mlp/mlp.cpp:103]   --->   Operation 207 'icmp' 'icmp_ln103' <Predicate = true> <Delay = 0.88> <Core = "Cmp">   --->   Core 25 'Cmp' <Latency = 0> <II = 1> <Delay = 0.88> <FuncUnit> <Opcode : 'icmp'> <InPorts = 2> <OutPorts = 1>
ST_14 : Operation 208 [1/1] (0.00ns)   --->   "%empty_23 = call i32 (...)* @_ssdm_op_SpecLoopTripCount(i64 10, i64 10, i64 10)"   --->   Operation 208 'speclooptripcount' 'empty_23' <Predicate = true> <Delay = 0.00>
ST_14 : Operation 209 [1/1] (0.86ns)   --->   "%j_3 = add i4 %j6_0, 1" [pruned_mlp/mlp.cpp:103]   --->   Operation 209 'add' 'j_3' <Predicate = true> <Delay = 0.86> <Core = "AddSub">   --->   Core 14 'AddSub' <Latency = 0> <II = 1> <Delay = 0.86> <FuncUnit> <Opcode : 'add' 'sub'> <InPorts = 2> <OutPorts = 1>
ST_14 : Operation 210 [1/1] (0.00ns)   --->   "br i1 %icmp_ln103, label %_ifconv1, label %6" [pruned_mlp/mlp.cpp:103]   --->   Operation 210 'br' <Predicate = true> <Delay = 0.00>
ST_14 : Operation 211 [1/1] (0.00ns)   --->   "%zext_ln104 = zext i4 %j6_0 to i64" [pruned_mlp/mlp.cpp:104]   --->   Operation 211 'zext' 'zext_ln104' <Predicate = (!icmp_ln103)> <Delay = 0.00>
ST_14 : Operation 212 [1/1] (0.00ns)   --->   "%B4_V_addr = getelementptr [10 x i16]* @B4_V, i64 0, i64 %zext_ln104" [pruned_mlp/mlp.cpp:104]   --->   Operation 212 'getelementptr' 'B4_V_addr' <Predicate = (!icmp_ln103)> <Delay = 0.00>
ST_14 : Operation 213 [2/2] (1.35ns)   --->   "%acc_V_5 = load i16* %B4_V_addr, align 2" [pruned_mlp/mlp.cpp:104]   --->   Operation 213 'load' 'acc_V_5' <Predicate = (!icmp_ln103)> <Delay = 1.35> <Core = "ROM_nP">   --->   Core 52 'ROM_nP' <Latency = 1> <II = 1> <Delay = 1.35> <Storage> <Opcode : 'load'> <Ports = 0> <Width = 16> <Depth = 80> <ROM>
ST_14 : Operation 214 [1/1] (0.00ns)   --->   "%z4_V_addr = getelementptr [10 x i20]* %z4_V, i64 0, i64 0" [pruned_mlp/mlp.cpp:108]   --->   Operation 214 'getelementptr' 'z4_V_addr' <Predicate = (icmp_ln103)> <Delay = 0.00>
ST_14 : Operation 215 [2/2] (0.79ns)   --->   "%tmp_V_9 = load i20* %z4_V_addr, align 16" [pruned_mlp/mlp.cpp:108]   --->   Operation 215 'load' 'tmp_V_9' <Predicate = (icmp_ln103)> <Delay = 0.79> <Core = "RAM">   --->   Core 37 'RAM' <Latency = 1> <II = 1> <Delay = 0.79> <Storage> <Opcode : 'load' 'store'> <Ports = 2> <Width = 32> <Depth = 10> <RAM>

State 15 <SV = 5> <Delay = 1.35>
ST_15 : Operation 216 [1/1] (0.00ns)   --->   "call void (...)* @_ssdm_op_SpecLoopName([7 x i8]* @p_str11) nounwind" [pruned_mlp/mlp.cpp:104]   --->   Operation 216 'specloopname' <Predicate = true> <Delay = 0.00>
ST_15 : Operation 217 [1/1] (0.00ns)   --->   "%tmp_9 = call i7 @_ssdm_op_BitConcatenate.i7.i4.i3(i4 %j6_0, i3 0)" [pruned_mlp/mlp.cpp:69->pruned_mlp/mlp.cpp:104]   --->   Operation 217 'bitconcatenate' 'tmp_9' <Predicate = true> <Delay = 0.00>
ST_15 : Operation 218 [1/1] (0.00ns)   --->   "%zext_ln104_1 = zext i7 %tmp_9 to i8" [pruned_mlp/mlp.cpp:104]   --->   Operation 218 'zext' 'zext_ln104_1' <Predicate = true> <Delay = 0.00>
ST_15 : Operation 219 [1/2] (1.35ns)   --->   "%acc_V_5 = load i16* %B4_V_addr, align 2" [pruned_mlp/mlp.cpp:104]   --->   Operation 219 'load' 'acc_V_5' <Predicate = true> <Delay = 1.35> <Core = "ROM_nP">   --->   Core 52 'ROM_nP' <Latency = 1> <II = 1> <Delay = 1.35> <Storage> <Opcode : 'load'> <Ports = 0> <Width = 16> <Depth = 80> <ROM>
ST_15 : Operation 220 [1/1] (0.00ns)   --->   "%sext_ln104 = sext i16 %acc_V_5 to i20" [pruned_mlp/mlp.cpp:104]   --->   Operation 220 'sext' 'sext_ln104' <Predicate = true> <Delay = 0.00>
ST_15 : Operation 221 [1/1] (0.75ns)   --->   "br label %7" [pruned_mlp/mlp.cpp:68->pruned_mlp/mlp.cpp:104]   --->   Operation 221 'br' <Predicate = true> <Delay = 0.75>

State 16 <SV = 6> <Delay = 2.24>
ST_16 : Operation 222 [1/1] (0.00ns)   --->   "%p_Val2_14 = phi i20 [ %sext_ln104, %6 ], [ %acc_V_7, %_ZN13ap_fixed_baseILi41ELi13ELb1EL9ap_q_mode5EL9ap_o_mode3ELi0EEC1ILi20ELi6ELb1ELS0_5ELS1_3ELi0EEERKS_IXT_EXT0_EXT1_EXT2_EXT3_EXT4_EE.exit.i.i.i55 ]"   --->   Operation 222 'phi' 'p_Val2_14' <Predicate = true> <Delay = 0.00>
ST_16 : Operation 223 [1/1] (0.00ns)   --->   "%i_0_i42 = phi i4 [ 0, %6 ], [ %i_3, %_ZN13ap_fixed_baseILi41ELi13ELb1EL9ap_q_mode5EL9ap_o_mode3ELi0EEC1ILi20ELi6ELb1ELS0_5ELS1_3ELi0EEERKS_IXT_EXT0_EXT1_EXT2_EXT3_EXT4_EE.exit.i.i.i55 ]"   --->   Operation 223 'phi' 'i_0_i42' <Predicate = true> <Delay = 0.00>
ST_16 : Operation 224 [1/1] (0.00ns)   --->   "%empty_24 = call i32 (...)* @_ssdm_op_SpecLoopTripCount(i64 8, i64 8, i64 8)"   --->   Operation 224 'speclooptripcount' 'empty_24' <Predicate = true> <Delay = 0.00>
ST_16 : Operation 225 [1/1] (0.88ns)   --->   "%icmp_ln68_3 = icmp eq i4 %i_0_i42, -8" [pruned_mlp/mlp.cpp:68->pruned_mlp/mlp.cpp:104]   --->   Operation 225 'icmp' 'icmp_ln68_3' <Predicate = true> <Delay = 0.88> <Core = "Cmp">   --->   Core 25 'Cmp' <Latency = 0> <II = 1> <Delay = 0.88> <FuncUnit> <Opcode : 'icmp'> <InPorts = 2> <OutPorts = 1>
ST_16 : Operation 226 [1/1] (0.86ns)   --->   "%i_3 = add i4 %i_0_i42, 1" [pruned_mlp/mlp.cpp:68->pruned_mlp/mlp.cpp:104]   --->   Operation 226 'add' 'i_3' <Predicate = true> <Delay = 0.86> <Core = "AddSub">   --->   Core 14 'AddSub' <Latency = 0> <II = 1> <Delay = 0.86> <FuncUnit> <Opcode : 'add' 'sub'> <InPorts = 2> <OutPorts = 1>
ST_16 : Operation 227 [1/1] (0.00ns)   --->   "br i1 %icmp_ln68_3, label %neuron.exit, label %_ZN13ap_fixed_baseILi41ELi13ELb1EL9ap_q_mode5EL9ap_o_mode3ELi0EEC1ILi20ELi6ELb1ELS0_5ELS1_3ELi0EEERKS_IXT_EXT0_EXT1_EXT2_EXT3_EXT4_EE.exit.i.i.i55" [pruned_mlp/mlp.cpp:68->pruned_mlp/mlp.cpp:104]   --->   Operation 227 'br' <Predicate = true> <Delay = 0.00>
ST_16 : Operation 228 [1/1] (0.00ns)   --->   "%zext_ln69_3 = zext i4 %i_0_i42 to i64" [pruned_mlp/mlp.cpp:69->pruned_mlp/mlp.cpp:104]   --->   Operation 228 'zext' 'zext_ln69_3' <Predicate = (!icmp_ln68_3)> <Delay = 0.00>
ST_16 : Operation 229 [1/1] (0.00ns)   --->   "%zext_ln1117_8 = zext i4 %i_0_i42 to i8" [pruned_mlp/mlp.cpp:69->pruned_mlp/mlp.cpp:104]   --->   Operation 229 'zext' 'zext_ln1117_8' <Predicate = (!icmp_ln68_3)> <Delay = 0.00>
ST_16 : Operation 230 [1/1] (0.89ns)   --->   "%add_ln1117_4 = add i8 %zext_ln1117_8, %zext_ln104_1" [pruned_mlp/mlp.cpp:69->pruned_mlp/mlp.cpp:104]   --->   Operation 230 'add' 'add_ln1117_4' <Predicate = (!icmp_ln68_3)> <Delay = 0.89> <Core = "AddSub">   --->   Core 14 'AddSub' <Latency = 0> <II = 1> <Delay = 0.86> <FuncUnit> <Opcode : 'add' 'sub'> <InPorts = 2> <OutPorts = 1>
ST_16 : Operation 231 [1/1] (0.00ns)   --->   "%zext_ln1117_9 = zext i8 %add_ln1117_4 to i64" [pruned_mlp/mlp.cpp:69->pruned_mlp/mlp.cpp:104]   --->   Operation 231 'zext' 'zext_ln1117_9' <Predicate = (!icmp_ln68_3)> <Delay = 0.00>
ST_16 : Operation 232 [1/1] (0.00ns)   --->   "%W4_V_addr = getelementptr [80 x i16]* @W4_V, i64 0, i64 %zext_ln1117_9" [pruned_mlp/mlp.cpp:69->pruned_mlp/mlp.cpp:104]   --->   Operation 232 'getelementptr' 'W4_V_addr' <Predicate = (!icmp_ln68_3)> <Delay = 0.00>
ST_16 : Operation 233 [1/1] (0.00ns)   --->   "%a3_V_addr_1 = getelementptr [8 x i19]* %a3_V, i64 0, i64 %zext_ln69_3" [pruned_mlp/mlp.cpp:69->pruned_mlp/mlp.cpp:104]   --->   Operation 233 'getelementptr' 'a3_V_addr_1' <Predicate = (!icmp_ln68_3)> <Delay = 0.00>
ST_16 : Operation 234 [2/2] (0.79ns)   --->   "%a3_V_load = load i19* %a3_V_addr_1, align 4" [pruned_mlp/mlp.cpp:69->pruned_mlp/mlp.cpp:104]   --->   Operation 234 'load' 'a3_V_load' <Predicate = (!icmp_ln68_3)> <Delay = 0.79> <Core = "RAM">   --->   Core 37 'RAM' <Latency = 1> <II = 1> <Delay = 0.79> <Storage> <Opcode : 'load' 'store'> <Ports = 2> <Width = 32> <Depth = 10> <RAM>
ST_16 : Operation 235 [2/2] (1.35ns)   --->   "%W4_V_load = load i16* %W4_V_addr, align 2" [pruned_mlp/mlp.cpp:69->pruned_mlp/mlp.cpp:104]   --->   Operation 235 'load' 'W4_V_load' <Predicate = (!icmp_ln68_3)> <Delay = 1.35> <Core = "ROM_nP">   --->   Core 52 'ROM_nP' <Latency = 1> <II = 1> <Delay = 1.35> <Storage> <Opcode : 'load'> <Ports = 0> <Width = 16> <Depth = 80> <ROM>
ST_16 : Operation 236 [1/1] (0.00ns)   --->   "%z4_V_addr_1 = getelementptr [10 x i20]* %z4_V, i64 0, i64 %zext_ln104" [pruned_mlp/mlp.cpp:104]   --->   Operation 236 'getelementptr' 'z4_V_addr_1' <Predicate = (icmp_ln68_3)> <Delay = 0.00>
ST_16 : Operation 237 [1/1] (0.79ns)   --->   "store i20 %p_Val2_14, i20* %z4_V_addr_1, align 4" [pruned_mlp/mlp.cpp:104]   --->   Operation 237 'store' <Predicate = (icmp_ln68_3)> <Delay = 0.79> <Core = "RAM">   --->   Core 37 'RAM' <Latency = 1> <II = 1> <Delay = 0.79> <Storage> <Opcode : 'load' 'store'> <Ports = 2> <Width = 32> <Depth = 10> <RAM>
ST_16 : Operation 238 [1/1] (0.00ns)   --->   "br label %.preheader274" [pruned_mlp/mlp.cpp:103]   --->   Operation 238 'br' <Predicate = (icmp_ln68_3)> <Delay = 0.00>

State 17 <SV = 7> <Delay = 4.19>
ST_17 : Operation 239 [1/1] (0.00ns)   --->   "call void (...)* @_ssdm_op_SpecLoopName([11 x i8]* @p_str) nounwind" [pruned_mlp/mlp.cpp:68->pruned_mlp/mlp.cpp:104]   --->   Operation 239 'specloopname' <Predicate = true> <Delay = 0.00>
ST_17 : Operation 240 [1/2] (0.79ns)   --->   "%a3_V_load = load i19* %a3_V_addr_1, align 4" [pruned_mlp/mlp.cpp:69->pruned_mlp/mlp.cpp:104]   --->   Operation 240 'load' 'a3_V_load' <Predicate = true> <Delay = 0.79> <Core = "RAM">   --->   Core 37 'RAM' <Latency = 1> <II = 1> <Delay = 0.79> <Storage> <Opcode : 'load' 'store'> <Ports = 2> <Width = 32> <Depth = 10> <RAM>
ST_17 : Operation 241 [1/1] (0.00ns)   --->   "%zext_ln1192_2 = zext i19 %a3_V_load to i34" [pruned_mlp/mlp.cpp:69->pruned_mlp/mlp.cpp:104]   --->   Operation 241 'zext' 'zext_ln1192_2' <Predicate = true> <Delay = 0.00>
ST_17 : Operation 242 [1/2] (1.35ns)   --->   "%W4_V_load = load i16* %W4_V_addr, align 2" [pruned_mlp/mlp.cpp:69->pruned_mlp/mlp.cpp:104]   --->   Operation 242 'load' 'W4_V_load' <Predicate = true> <Delay = 1.35> <Core = "ROM_nP">   --->   Core 52 'ROM_nP' <Latency = 1> <II = 1> <Delay = 1.35> <Storage> <Opcode : 'load'> <Ports = 0> <Width = 16> <Depth = 80> <ROM>
ST_17 : Operation 243 [1/1] (0.00ns)   --->   "%sext_ln1192_4 = sext i16 %W4_V_load to i34" [pruned_mlp/mlp.cpp:69->pruned_mlp/mlp.cpp:104]   --->   Operation 243 'sext' 'sext_ln1192_4' <Predicate = true> <Delay = 0.00>
ST_17 : Operation 244 [1/1] (0.63ns) (grouped into DSP with root node ret_V_3)   --->   "%mul_ln1192_3 = mul i34 %zext_ln1192_2, %sext_ln1192_4" [pruned_mlp/mlp.cpp:69->pruned_mlp/mlp.cpp:104]   --->   Operation 244 'mul' 'mul_ln1192_3' <Predicate = true> <Delay = 0.63> <Core = "DSP48">   --->   Core 88 'DSP48' <Latency = 0> <II = 1> <Delay = 2.84> <IPBlock> <Opcode : 'mul' 'add' 'sub' 'select'> <InPorts = 2> <OutPorts = 1> <Sync> <CReg>
ST_17 : Operation 245 [1/1] (0.00ns)   --->   "%lhs_V_3 = call i34 @_ssdm_op_BitConcatenate.i34.i20.i14(i20 %p_Val2_14, i14 0)" [pruned_mlp/mlp.cpp:69->pruned_mlp/mlp.cpp:104]   --->   Operation 245 'bitconcatenate' 'lhs_V_3' <Predicate = true> <Delay = 0.00>
ST_17 : Operation 246 [1/1] (2.20ns) (root node of the DSP)   --->   "%ret_V_3 = add i34 %lhs_V_3, %mul_ln1192_3" [pruned_mlp/mlp.cpp:69->pruned_mlp/mlp.cpp:104]   --->   Operation 246 'add' 'ret_V_3' <Predicate = true> <Delay = 2.20> <Core = "DSP48">   --->   Core 88 'DSP48' <Latency = 0> <II = 1> <Delay = 2.84> <IPBlock> <Opcode : 'mul' 'add' 'sub' 'select'> <InPorts = 2> <OutPorts = 1> <Sync> <CReg>
ST_17 : Operation 247 [1/1] (0.00ns)   --->   "%acc_V_7 = call i20 @_ssdm_op_PartSelect.i20.i34.i32.i32(i34 %ret_V_3, i32 14, i32 33)" [pruned_mlp/mlp.cpp:69->pruned_mlp/mlp.cpp:104]   --->   Operation 247 'partselect' 'acc_V_7' <Predicate = true> <Delay = 0.00>
ST_17 : Operation 248 [1/1] (0.00ns)   --->   "br label %7" [pruned_mlp/mlp.cpp:68->pruned_mlp/mlp.cpp:104]   --->   Operation 248 'br' <Predicate = true> <Delay = 0.00>

State 18 <SV = 5> <Delay = 1.85>
ST_18 : Operation 249 [1/2] (0.79ns)   --->   "%tmp_V_9 = load i20* %z4_V_addr, align 16" [pruned_mlp/mlp.cpp:108]   --->   Operation 249 'load' 'tmp_V_9' <Predicate = true> <Delay = 0.79> <Core = "RAM">   --->   Core 37 'RAM' <Latency = 1> <II = 1> <Delay = 0.79> <Storage> <Opcode : 'load' 'store'> <Ports = 2> <Width = 32> <Depth = 10> <RAM>
ST_18 : Operation 250 [1/1] (0.00ns)   --->   "%p_Result_21 = call i1 @_ssdm_op_BitSelect.i1.i20.i32(i20 %tmp_V_9, i32 19)" [pruned_mlp/mlp.cpp:108]   --->   Operation 250 'bitselect' 'p_Result_21' <Predicate = true> <Delay = 0.00>
ST_18 : Operation 251 [1/1] (1.06ns)   --->   "%tmp_V = sub i20 0, %tmp_V_9" [pruned_mlp/mlp.cpp:108]   --->   Operation 251 'sub' 'tmp_V' <Predicate = true> <Delay = 1.06> <Core = "AddSub">   --->   Core 14 'AddSub' <Latency = 0> <II = 1> <Delay = 0.86> <FuncUnit> <Opcode : 'add' 'sub'> <InPorts = 2> <OutPorts = 1>

State 19 <SV = 6> <Delay = 5.56>
ST_19 : Operation 252 [1/1] (0.92ns)   --->   "%icmp_ln935 = icmp eq i20 %tmp_V_9, 0" [pruned_mlp/mlp.cpp:108]   --->   Operation 252 'icmp' 'icmp_ln935' <Predicate = true> <Delay = 0.92> <Core = "Cmp">   --->   Core 25 'Cmp' <Latency = 0> <II = 1> <Delay = 0.88> <FuncUnit> <Opcode : 'icmp'> <InPorts = 2> <OutPorts = 1>
ST_19 : Operation 253 [1/1] (0.43ns)   --->   "%tmp_V_10 = select i1 %p_Result_21, i20 %tmp_V, i20 %tmp_V_9" [pruned_mlp/mlp.cpp:108]   --->   Operation 253 'select' 'tmp_V_10' <Predicate = true> <Delay = 0.43> <Core = "Sel">   --->   Core 26 'Sel' <Latency = 0> <II = 1> <Delay = 0.52> <FuncUnit> <Opcode : 'select'> <InPorts = 3> <OutPorts = 1>
ST_19 : Operation 254 [1/1] (0.00ns)   --->   "%p_Result_s = call i20 @llvm.part.select.i20(i20 %tmp_V_10, i32 19, i32 0) nounwind" [pruned_mlp/mlp.cpp:108]   --->   Operation 254 'partselect' 'p_Result_s' <Predicate = true> <Delay = 0.00>
ST_19 : Operation 255 [1/1] (0.00ns)   --->   "%p_Result_22 = call i32 @_ssdm_op_BitConcatenate.i32.i12.i20(i12 -1, i20 %p_Result_s)" [pruned_mlp/mlp.cpp:108]   --->   Operation 255 'bitconcatenate' 'p_Result_22' <Predicate = true> <Delay = 0.00>
ST_19 : Operation 256 [1/1] (1.28ns)   --->   "%l = call i32 @llvm.cttz.i32(i32 %p_Result_22, i1 true) nounwind" [pruned_mlp/mlp.cpp:108]   --->   Operation 256 'cttz' 'l' <Predicate = true> <Delay = 1.28> <Core = "CTTZ">   --->   Core 64 'CTTZ' <Latency = 0> <II = 1> <Delay = 1.28> <FuncUnit> <Opcode : 'cttz'> <InPorts = 1> <OutPorts = 1>
ST_19 : Operation 257 [1/1] (1.20ns)   --->   "%sub_ln944 = sub nsw i32 20, %l" [pruned_mlp/mlp.cpp:108]   --->   Operation 257 'sub' 'sub_ln944' <Predicate = true> <Delay = 1.20> <Core = "AddSub">   --->   Core 14 'AddSub' <Latency = 0> <II = 1> <Delay = 0.86> <FuncUnit> <Opcode : 'add' 'sub'> <InPorts = 2> <OutPorts = 1>
ST_19 : Operation 258 [1/1] (0.00ns)   --->   "%trunc_ln944 = trunc i32 %sub_ln944 to i20" [pruned_mlp/mlp.cpp:108]   --->   Operation 258 'trunc' 'trunc_ln944' <Predicate = true> <Delay = 0.00>
ST_19 : Operation 259 [1/1] (1.20ns)   --->   "%lsb_index = add nsw i32 -24, %sub_ln944" [pruned_mlp/mlp.cpp:108]   --->   Operation 259 'add' 'lsb_index' <Predicate = true> <Delay = 1.20> <Core = "AddSub">   --->   Core 14 'AddSub' <Latency = 0> <II = 1> <Delay = 0.86> <FuncUnit> <Opcode : 'add' 'sub'> <InPorts = 2> <OutPorts = 1>
ST_19 : Operation 260 [1/1] (0.00ns)   --->   "%tmp_13 = call i31 @_ssdm_op_PartSelect.i31.i32.i32.i32(i32 %lsb_index, i32 1, i32 31)" [pruned_mlp/mlp.cpp:108]   --->   Operation 260 'partselect' 'tmp_13' <Predicate = true> <Delay = 0.00>
ST_19 : Operation 261 [1/1] (1.09ns)   --->   "%icmp_ln947 = icmp sgt i31 %tmp_13, 0" [pruned_mlp/mlp.cpp:108]   --->   Operation 261 'icmp' 'icmp_ln947' <Predicate = true> <Delay = 1.09> <Core = "Cmp">   --->   Core 25 'Cmp' <Latency = 0> <II = 1> <Delay = 0.88> <FuncUnit> <Opcode : 'icmp'> <InPorts = 2> <OutPorts = 1>
ST_19 : Operation 262 [1/1] (0.00ns)   --->   "%trunc_ln947 = trunc i32 %sub_ln944 to i5" [pruned_mlp/mlp.cpp:108]   --->   Operation 262 'trunc' 'trunc_ln947' <Predicate = true> <Delay = 0.00>
ST_19 : Operation 263 [1/1] (0.87ns)   --->   "%sub_ln947 = sub i5 13, %trunc_ln947" [pruned_mlp/mlp.cpp:108]   --->   Operation 263 'sub' 'sub_ln947' <Predicate = true> <Delay = 0.87> <Core = "AddSub">   --->   Core 14 'AddSub' <Latency = 0> <II = 1> <Delay = 0.86> <FuncUnit> <Opcode : 'add' 'sub'> <InPorts = 2> <OutPorts = 1>
ST_19 : Operation 264 [1/1] (0.00ns) (grouped into LUT with out node icmp_ln947_1)   --->   "%zext_ln947 = zext i5 %sub_ln947 to i20" [pruned_mlp/mlp.cpp:108]   --->   Operation 264 'zext' 'zext_ln947' <Predicate = true> <Delay = 0.00>
ST_19 : Operation 265 [1/1] (0.00ns) (grouped into LUT with out node icmp_ln947_1)   --->   "%lshr_ln947 = lshr i20 -1, %zext_ln947" [pruned_mlp/mlp.cpp:108]   --->   Operation 265 'lshr' 'lshr_ln947' <Predicate = true> <Delay = 0.00> <Core = "Shift">   --->   Core 28 'Shift' <Latency = 0> <II = 1> <Delay = 1.45> <FuncUnit> <Opcode : 'shl' 'lshr' 'ashr'> <InPorts = 2> <OutPorts = 1>
ST_19 : Operation 266 [1/1] (0.00ns) (grouped into LUT with out node icmp_ln947_1)   --->   "%p_Result_4 = and i20 %tmp_V_10, %lshr_ln947" [pruned_mlp/mlp.cpp:108]   --->   Operation 266 'and' 'p_Result_4' <Predicate = true> <Delay = 0.00> <Core = "LogicGate">   --->   Core 27 'LogicGate' <Latency = 0> <II = 1> <Delay = 0.33> <FuncUnit> <Opcode : 'and' 'or' 'xor'> <InPorts = 2> <OutPorts = 1>
ST_19 : Operation 267 [1/1] (0.92ns) (out node of the LUT)   --->   "%icmp_ln947_1 = icmp ne i20 %p_Result_4, 0" [pruned_mlp/mlp.cpp:108]   --->   Operation 267 'icmp' 'icmp_ln947_1' <Predicate = true> <Delay = 0.92> <Core = "Cmp">   --->   Core 25 'Cmp' <Latency = 0> <II = 1> <Delay = 0.88> <FuncUnit> <Opcode : 'icmp'> <InPorts = 2> <OutPorts = 1>
ST_19 : Operation 268 [1/1] (0.00ns) (grouped into LUT with out node or_ln)   --->   "%a = and i1 %icmp_ln947, %icmp_ln947_1" [pruned_mlp/mlp.cpp:108]   --->   Operation 268 'and' 'a' <Predicate = true> <Delay = 0.00> <Core = "LogicGate">   --->   Core 27 'LogicGate' <Latency = 0> <II = 1> <Delay = 0.33> <FuncUnit> <Opcode : 'and' 'or' 'xor'> <InPorts = 2> <OutPorts = 1>
ST_19 : Operation 269 [1/1] (0.00ns) (grouped into LUT with out node or_ln)   --->   "%tmp_14 = call i1 @_ssdm_op_BitSelect.i1.i32.i32(i32 %lsb_index, i32 31)" [pruned_mlp/mlp.cpp:108]   --->   Operation 269 'bitselect' 'tmp_14' <Predicate = true> <Delay = 0.00>
ST_19 : Operation 270 [1/1] (0.00ns) (grouped into LUT with out node or_ln)   --->   "%xor_ln949 = xor i1 %tmp_14, true" [pruned_mlp/mlp.cpp:108]   --->   Operation 270 'xor' 'xor_ln949' <Predicate = true> <Delay = 0.00> <Core = "LogicGate">   --->   Core 27 'LogicGate' <Latency = 0> <II = 1> <Delay = 0.33> <FuncUnit> <Opcode : 'and' 'or' 'xor'> <InPorts = 2> <OutPorts = 1>
ST_19 : Operation 271 [1/1] (1.06ns)   --->   "%add_ln949 = add i20 -24, %trunc_ln944" [pruned_mlp/mlp.cpp:108]   --->   Operation 271 'add' 'add_ln949' <Predicate = true> <Delay = 1.06> <Core = "AddSub">   --->   Core 14 'AddSub' <Latency = 0> <II = 1> <Delay = 0.86> <FuncUnit> <Opcode : 'add' 'sub'> <InPorts = 2> <OutPorts = 1>
ST_19 : Operation 272 [1/1] (0.00ns) (grouped into LUT with out node or_ln)   --->   "%p_Result_3 = call i1 @_ssdm_op_BitSelect.i1.i20.i20(i20 %tmp_V_10, i20 %add_ln949)" [pruned_mlp/mlp.cpp:108]   --->   Operation 272 'bitselect' 'p_Result_3' <Predicate = true> <Delay = 0.00>
ST_19 : Operation 273 [1/1] (0.00ns) (grouped into LUT with out node or_ln)   --->   "%and_ln949 = and i1 %p_Result_3, %xor_ln949" [pruned_mlp/mlp.cpp:108]   --->   Operation 273 'and' 'and_ln949' <Predicate = true> <Delay = 0.00> <Core = "LogicGate">   --->   Core 27 'LogicGate' <Latency = 0> <II = 1> <Delay = 0.33> <FuncUnit> <Opcode : 'and' 'or' 'xor'> <InPorts = 2> <OutPorts = 1>
ST_19 : Operation 274 [1/1] (0.00ns) (grouped into LUT with out node or_ln)   --->   "%or_ln949 = or i1 %and_ln949, %a" [pruned_mlp/mlp.cpp:108]   --->   Operation 274 'or' 'or_ln949' <Predicate = true> <Delay = 0.00> <Core = "LogicGate">   --->   Core 27 'LogicGate' <Latency = 0> <II = 1> <Delay = 0.33> <FuncUnit> <Opcode : 'and' 'or' 'xor'> <InPorts = 2> <OutPorts = 1>
ST_19 : Operation 275 [1/1] (0.33ns) (out node of the LUT)   --->   "%or_ln = call i32 @_ssdm_op_BitConcatenate.i32.i31.i1(i31 0, i1 %or_ln949)" [pruned_mlp/mlp.cpp:108]   --->   Operation 275 'bitconcatenate' 'or_ln' <Predicate = true> <Delay = 0.33>
ST_19 : Operation 276 [1/1] (1.11ns)   --->   "%icmp_ln958 = icmp sgt i32 %lsb_index, 0" [pruned_mlp/mlp.cpp:108]   --->   Operation 276 'icmp' 'icmp_ln958' <Predicate = true> <Delay = 1.11> <Core = "Cmp">   --->   Core 25 'Cmp' <Latency = 0> <II = 1> <Delay = 0.88> <FuncUnit> <Opcode : 'icmp'> <InPorts = 2> <OutPorts = 1>
ST_19 : Operation 277 [1/1] (0.00ns)   --->   "%trunc_ln943 = trunc i32 %l to i8" [pruned_mlp/mlp.cpp:108]   --->   Operation 277 'trunc' 'trunc_ln943' <Predicate = true> <Delay = 0.00>

State 20 <SV = 7> <Delay = 4.86>
ST_20 : Operation 278 [1/1] (0.00ns) (grouped into LUT with out node m_2)   --->   "%m = zext i20 %tmp_V_10 to i64" [pruned_mlp/mlp.cpp:108]   --->   Operation 278 'zext' 'm' <Predicate = (!icmp_ln958 & !icmp_ln935)> <Delay = 0.00>
ST_20 : Operation 279 [1/1] (0.00ns) (grouped into LUT with out node m_2)   --->   "%zext_ln957_1 = zext i20 %tmp_V_10 to i32" [pruned_mlp/mlp.cpp:108]   --->   Operation 279 'zext' 'zext_ln957_1' <Predicate = (icmp_ln958 & !icmp_ln935)> <Delay = 0.00>
ST_20 : Operation 280 [1/1] (1.20ns)   --->   "%add_ln958 = add nsw i32 -25, %sub_ln944" [pruned_mlp/mlp.cpp:108]   --->   Operation 280 'add' 'add_ln958' <Predicate = (icmp_ln958 & !icmp_ln935)> <Delay = 1.20> <Core = "AddSub">   --->   Core 14 'AddSub' <Latency = 0> <II = 1> <Delay = 0.86> <FuncUnit> <Opcode : 'add' 'sub'> <InPorts = 2> <OutPorts = 1>
ST_20 : Operation 281 [1/1] (0.00ns) (grouped into LUT with out node m_2)   --->   "%lshr_ln958 = lshr i32 %zext_ln957_1, %add_ln958" [pruned_mlp/mlp.cpp:108]   --->   Operation 281 'lshr' 'lshr_ln958' <Predicate = (icmp_ln958 & !icmp_ln935)> <Delay = 0.00> <Core = "Shift">   --->   Core 28 'Shift' <Latency = 0> <II = 1> <Delay = 1.45> <FuncUnit> <Opcode : 'shl' 'lshr' 'ashr'> <InPorts = 2> <OutPorts = 1>
ST_20 : Operation 282 [1/1] (0.00ns) (grouped into LUT with out node m_2)   --->   "%zext_ln958 = zext i32 %lshr_ln958 to i64" [pruned_mlp/mlp.cpp:108]   --->   Operation 282 'zext' 'zext_ln958' <Predicate = (icmp_ln958 & !icmp_ln935)> <Delay = 0.00>
ST_20 : Operation 283 [1/1] (1.20ns)   --->   "%sub_ln958 = sub i32 25, %sub_ln944" [pruned_mlp/mlp.cpp:108]   --->   Operation 283 'sub' 'sub_ln958' <Predicate = (!icmp_ln958 & !icmp_ln935)> <Delay = 1.20> <Core = "AddSub">   --->   Core 14 'AddSub' <Latency = 0> <II = 1> <Delay = 0.86> <FuncUnit> <Opcode : 'add' 'sub'> <InPorts = 2> <OutPorts = 1>
ST_20 : Operation 284 [1/1] (0.00ns) (grouped into LUT with out node m_2)   --->   "%zext_ln958_1 = zext i32 %sub_ln958 to i64" [pruned_mlp/mlp.cpp:108]   --->   Operation 284 'zext' 'zext_ln958_1' <Predicate = (!icmp_ln958 & !icmp_ln935)> <Delay = 0.00>
ST_20 : Operation 285 [1/1] (0.00ns) (grouped into LUT with out node m_2)   --->   "%shl_ln958 = shl i64 %m, %zext_ln958_1" [pruned_mlp/mlp.cpp:108]   --->   Operation 285 'shl' 'shl_ln958' <Predicate = (!icmp_ln958 & !icmp_ln935)> <Delay = 0.00> <Core = "Shift">   --->   Core 28 'Shift' <Latency = 0> <II = 1> <Delay = 1.45> <FuncUnit> <Opcode : 'shl' 'lshr' 'ashr'> <InPorts = 2> <OutPorts = 1>
ST_20 : Operation 286 [1/1] (0.00ns) (grouped into LUT with out node m_2)   --->   "%m_1 = select i1 %icmp_ln958, i64 %zext_ln958, i64 %shl_ln958" [pruned_mlp/mlp.cpp:108]   --->   Operation 286 'select' 'm_1' <Predicate = (!icmp_ln935)> <Delay = 0.00> <Core = "Sel">   --->   Core 26 'Sel' <Latency = 0> <II = 1> <Delay = 0.52> <FuncUnit> <Opcode : 'select'> <InPorts = 3> <OutPorts = 1>
ST_20 : Operation 287 [1/1] (0.00ns) (grouped into LUT with out node m_2)   --->   "%zext_ln961 = zext i32 %or_ln to i64" [pruned_mlp/mlp.cpp:108]   --->   Operation 287 'zext' 'zext_ln961' <Predicate = (!icmp_ln935)> <Delay = 0.00>
ST_20 : Operation 288 [1/1] (1.47ns) (out node of the LUT)   --->   "%m_2 = add i64 %m_1, %zext_ln961" [pruned_mlp/mlp.cpp:108]   --->   Operation 288 'add' 'm_2' <Predicate = (!icmp_ln935)> <Delay = 1.47> <Core = "AddSub">   --->   Core 14 'AddSub' <Latency = 0> <II = 1> <Delay = 0.86> <FuncUnit> <Opcode : 'add' 'sub'> <InPorts = 2> <OutPorts = 1>
ST_20 : Operation 289 [1/1] (0.00ns)   --->   "%m_s = call i63 @_ssdm_op_PartSelect.i63.i64.i32.i32(i64 %m_2, i32 1, i32 63)" [pruned_mlp/mlp.cpp:108]   --->   Operation 289 'partselect' 'm_s' <Predicate = (!icmp_ln935)> <Delay = 0.00>
ST_20 : Operation 290 [1/1] (0.00ns)   --->   "%m_26 = zext i63 %m_s to i64" [pruned_mlp/mlp.cpp:108]   --->   Operation 290 'zext' 'm_26' <Predicate = (!icmp_ln935)> <Delay = 0.00>
ST_20 : Operation 291 [1/1] (0.00ns)   --->   "%tmp_15 = call i1 @_ssdm_op_BitSelect.i1.i64.i32(i64 %m_2, i32 25)" [pruned_mlp/mlp.cpp:108]   --->   Operation 291 'bitselect' 'tmp_15' <Predicate = (!icmp_ln935)> <Delay = 0.00>
ST_20 : Operation 292 [1/1] (0.44ns)   --->   "%select_ln964 = select i1 %tmp_15, i8 127, i8 126" [pruned_mlp/mlp.cpp:108]   --->   Operation 292 'select' 'select_ln964' <Predicate = (!icmp_ln935)> <Delay = 0.44> <Core = "Sel">   --->   Core 26 'Sel' <Latency = 0> <II = 1> <Delay = 0.52> <FuncUnit> <Opcode : 'select'> <InPorts = 3> <OutPorts = 1>
ST_20 : Operation 293 [1/1] (0.00ns) (grouped into TernaryAdder)   --->   "%sub_ln964 = sub i8 6, %trunc_ln943" [pruned_mlp/mlp.cpp:108]   --->   Operation 293 'sub' 'sub_ln964' <Predicate = (!icmp_ln935)> <Delay = 0.00> <Core = "TAddSub">   --->   Core 83 'TAddSub' <Latency = 0> <II = 1> <Delay = 0.61> <IPBlock> <Opcode : 'add' 'sub'> <InPorts = 3> <OutPorts = 1> <Sync> <CReg>
ST_20 : Operation 294 [1/1] (1.22ns) (root node of TernaryAdder)   --->   "%add_ln964 = add i8 %select_ln964, %sub_ln964" [pruned_mlp/mlp.cpp:108]   --->   Operation 294 'add' 'add_ln964' <Predicate = (!icmp_ln935)> <Delay = 1.22> <Core = "TAddSub">   --->   Core 83 'TAddSub' <Latency = 0> <II = 1> <Delay = 0.61> <IPBlock> <Opcode : 'add' 'sub'> <InPorts = 3> <OutPorts = 1> <Sync> <CReg>
ST_20 : Operation 295 [1/1] (0.00ns)   --->   "%tmp_s = call i9 @_ssdm_op_BitConcatenate.i9.i1.i8(i1 %p_Result_21, i8 %add_ln964)" [pruned_mlp/mlp.cpp:108]   --->   Operation 295 'bitconcatenate' 'tmp_s' <Predicate = (!icmp_ln935)> <Delay = 0.00>
ST_20 : Operation 296 [1/1] (0.00ns)   --->   "%p_Result_23 = call i64 @_ssdm_op_PartSet.i64.i64.i9.i32.i32(i64 %m_26, i9 %tmp_s, i32 23, i32 31)" [pruned_mlp/mlp.cpp:108]   --->   Operation 296 'partset' 'p_Result_23' <Predicate = (!icmp_ln935)> <Delay = 0.00>
ST_20 : Operation 297 [1/1] (0.00ns)   --->   "%trunc_ln738 = trunc i64 %p_Result_23 to i32" [pruned_mlp/mlp.cpp:108]   --->   Operation 297 'trunc' 'trunc_ln738' <Predicate = (!icmp_ln935)> <Delay = 0.00>
ST_20 : Operation 298 [1/1] (0.00ns)   --->   "%bitcast_ln739 = bitcast i32 %trunc_ln738 to float" [pruned_mlp/mlp.cpp:108]   --->   Operation 298 'bitcast' 'bitcast_ln739' <Predicate = (!icmp_ln935)> <Delay = 0.00>
ST_20 : Operation 299 [1/1] (0.52ns)   --->   "%select_ln935 = select i1 %icmp_ln935, float 0.000000e+00, float %bitcast_ln739" [pruned_mlp/mlp.cpp:108]   --->   Operation 299 'select' 'select_ln935' <Predicate = true> <Delay = 0.52> <Core = "Sel">   --->   Core 26 'Sel' <Latency = 0> <II = 1> <Delay = 0.52> <FuncUnit> <Opcode : 'select'> <InPorts = 3> <OutPorts = 1>
ST_20 : Operation 300 [1/1] (0.75ns)   --->   "br label %_ZNK13ap_fixed_baseILi20ELi6ELb1EL9ap_q_mode5EL9ap_o_mode3ELi0EEcvfEv.exit120" [pruned_mlp/mlp.cpp:109]   --->   Operation 300 'br' <Predicate = true> <Delay = 0.75>

State 21 <SV = 8> <Delay = 0.88>
ST_21 : Operation 301 [1/1] (0.00ns)   --->   "%maxv_0 = phi float [ %select_ln111_1, %_ZNK13ap_fixed_baseILi20ELi6ELb1EL9ap_q_mode5EL9ap_o_mode3ELi0EEcvfEv.exit60_ifconv ], [ %select_ln935, %_ifconv1 ]" [pruned_mlp/mlp.cpp:111]   --->   Operation 301 'phi' 'maxv_0' <Predicate = true> <Delay = 0.00>
ST_21 : Operation 302 [1/1] (0.00ns)   --->   "%j7_0 = phi i4 [ %j_5, %_ZNK13ap_fixed_baseILi20ELi6ELb1EL9ap_q_mode5EL9ap_o_mode3ELi0EEcvfEv.exit60_ifconv ], [ 1, %_ifconv1 ]"   --->   Operation 302 'phi' 'j7_0' <Predicate = true> <Delay = 0.00>
ST_21 : Operation 303 [1/1] (0.88ns)   --->   "%icmp_ln109 = icmp eq i4 %j7_0, -6" [pruned_mlp/mlp.cpp:109]   --->   Operation 303 'icmp' 'icmp_ln109' <Predicate = true> <Delay = 0.88> <Core = "Cmp">   --->   Core 25 'Cmp' <Latency = 0> <II = 1> <Delay = 0.88> <FuncUnit> <Opcode : 'icmp'> <InPorts = 2> <OutPorts = 1>
ST_21 : Operation 304 [1/1] (0.00ns)   --->   "%empty_25 = call i32 (...)* @_ssdm_op_SpecLoopTripCount(i64 9, i64 9, i64 9)"   --->   Operation 304 'speclooptripcount' 'empty_25' <Predicate = true> <Delay = 0.00>
ST_21 : Operation 305 [1/1] (0.00ns)   --->   "br i1 %icmp_ln109, label %_ifconv2, label %8" [pruned_mlp/mlp.cpp:109]   --->   Operation 305 'br' <Predicate = true> <Delay = 0.00>
ST_21 : Operation 306 [1/1] (0.00ns)   --->   "%zext_ln110 = zext i4 %j7_0 to i64" [pruned_mlp/mlp.cpp:110]   --->   Operation 306 'zext' 'zext_ln110' <Predicate = (!icmp_ln109)> <Delay = 0.00>
ST_21 : Operation 307 [1/1] (0.00ns)   --->   "%z4_V_addr_2 = getelementptr [10 x i20]* %z4_V, i64 0, i64 %zext_ln110" [pruned_mlp/mlp.cpp:110]   --->   Operation 307 'getelementptr' 'z4_V_addr_2' <Predicate = (!icmp_ln109)> <Delay = 0.00>
ST_21 : Operation 308 [2/2] (0.79ns)   --->   "%tmp_V_11 = load i20* %z4_V_addr_2, align 4" [pruned_mlp/mlp.cpp:110]   --->   Operation 308 'load' 'tmp_V_11' <Predicate = (!icmp_ln109)> <Delay = 0.79> <Core = "RAM">   --->   Core 37 'RAM' <Latency = 1> <II = 1> <Delay = 0.79> <Storage> <Opcode : 'load' 'store'> <Ports = 2> <Width = 32> <Depth = 10> <RAM>
ST_21 : Operation 309 [1/1] (0.00ns)   --->   "%logits_addr_2 = getelementptr inbounds [10 x float]* %logits, i64 0, i64 0" [pruned_mlp/mlp.cpp:114]   --->   Operation 309 'getelementptr' 'logits_addr_2' <Predicate = (icmp_ln109)> <Delay = 0.00>
ST_21 : Operation 310 [1/1] (0.79ns)   --->   "store float %select_ln935, float* %logits_addr_2, align 16" [pruned_mlp/mlp.cpp:114]   --->   Operation 310 'store' <Predicate = (icmp_ln109)> <Delay = 0.79> <Core = "RAM">   --->   Core 37 'RAM' <Latency = 1> <II = 1> <Delay = 0.79> <Storage> <Opcode : 'load' 'store'> <Ports = 2> <Width = 32> <Depth = 10> <RAM>
ST_21 : Operation 311 [1/1] (0.75ns)   --->   "br label %9" [pruned_mlp/mlp.cpp:118]   --->   Operation 311 'br' <Predicate = (icmp_ln109)> <Delay = 0.75>

State 22 <SV = 9> <Delay = 1.85>
ST_22 : Operation 312 [1/2] (0.79ns)   --->   "%tmp_V_11 = load i20* %z4_V_addr_2, align 4" [pruned_mlp/mlp.cpp:110]   --->   Operation 312 'load' 'tmp_V_11' <Predicate = true> <Delay = 0.79> <Core = "RAM">   --->   Core 37 'RAM' <Latency = 1> <II = 1> <Delay = 0.79> <Storage> <Opcode : 'load' 'store'> <Ports = 2> <Width = 32> <Depth = 10> <RAM>
ST_22 : Operation 313 [1/1] (0.92ns)   --->   "%icmp_ln935_1 = icmp eq i20 %tmp_V_11, 0" [pruned_mlp/mlp.cpp:110]   --->   Operation 313 'icmp' 'icmp_ln935_1' <Predicate = true> <Delay = 0.92> <Core = "Cmp">   --->   Core 25 'Cmp' <Latency = 0> <II = 1> <Delay = 0.88> <FuncUnit> <Opcode : 'icmp'> <InPorts = 2> <OutPorts = 1>
ST_22 : Operation 314 [1/1] (0.00ns)   --->   "br i1 %icmp_ln935_1, label %_ZNK13ap_fixed_baseILi20ELi6ELb1EL9ap_q_mode5EL9ap_o_mode3ELi0EEcvfEv.exit90._ZNK13ap_fixed_baseILi20ELi6ELb1EL9ap_q_mode5EL9ap_o_mode3ELi0EEcvfEv.exit60_crit_edge.critedge, label %_ifconv" [pruned_mlp/mlp.cpp:110]   --->   Operation 314 'br' <Predicate = true> <Delay = 0.00>
ST_22 : Operation 315 [1/1] (1.06ns)   --->   "%tmp_V_5 = sub i20 0, %tmp_V_11" [pruned_mlp/mlp.cpp:110]   --->   Operation 315 'sub' 'tmp_V_5' <Predicate = (!icmp_ln935_1)> <Delay = 1.06> <Core = "AddSub">   --->   Core 14 'AddSub' <Latency = 0> <II = 1> <Delay = 0.86> <FuncUnit> <Opcode : 'add' 'sub'> <InPorts = 2> <OutPorts = 1>
ST_22 : Operation 316 [1/1] (0.00ns)   --->   "%logits_addr = getelementptr inbounds [10 x float]* %logits, i64 0, i64 %zext_ln110" [pruned_mlp/mlp.cpp:110]   --->   Operation 316 'getelementptr' 'logits_addr' <Predicate = (icmp_ln935_1)> <Delay = 0.00>
ST_22 : Operation 317 [1/1] (0.79ns)   --->   "store float 0.000000e+00, float* %logits_addr, align 4" [pruned_mlp/mlp.cpp:110]   --->   Operation 317 'store' <Predicate = (icmp_ln935_1)> <Delay = 0.79> <Core = "RAM">   --->   Core 37 'RAM' <Latency = 1> <II = 1> <Delay = 0.79> <Storage> <Opcode : 'load' 'store'> <Ports = 2> <Width = 32> <Depth = 10> <RAM>
ST_22 : Operation 318 [1/1] (0.75ns)   --->   "br label %_ZNK13ap_fixed_baseILi20ELi6ELb1EL9ap_q_mode5EL9ap_o_mode3ELi0EEcvfEv.exit60_ifconv" [pruned_mlp/mlp.cpp:111]   --->   Operation 318 'br' <Predicate = (icmp_ln935_1)> <Delay = 0.75>

State 23 <SV = 10> <Delay = 5.56>
ST_23 : Operation 319 [1/1] (0.00ns)   --->   "%p_Result_24 = call i1 @_ssdm_op_BitSelect.i1.i20.i32(i20 %tmp_V_11, i32 19)" [pruned_mlp/mlp.cpp:110]   --->   Operation 319 'bitselect' 'p_Result_24' <Predicate = true> <Delay = 0.00>
ST_23 : Operation 320 [1/1] (0.43ns)   --->   "%tmp_V_12 = select i1 %p_Result_24, i20 %tmp_V_5, i20 %tmp_V_11" [pruned_mlp/mlp.cpp:110]   --->   Operation 320 'select' 'tmp_V_12' <Predicate = true> <Delay = 0.43> <Core = "Sel">   --->   Core 26 'Sel' <Latency = 0> <II = 1> <Delay = 0.52> <FuncUnit> <Opcode : 'select'> <InPorts = 3> <OutPorts = 1>
ST_23 : Operation 321 [1/1] (0.00ns)   --->   "%p_Result_10 = call i20 @llvm.part.select.i20(i20 %tmp_V_12, i32 19, i32 0) nounwind" [pruned_mlp/mlp.cpp:110]   --->   Operation 321 'partselect' 'p_Result_10' <Predicate = true> <Delay = 0.00>
ST_23 : Operation 322 [1/1] (0.00ns)   --->   "%p_Result_25 = call i32 @_ssdm_op_BitConcatenate.i32.i12.i20(i12 -1, i20 %p_Result_10)" [pruned_mlp/mlp.cpp:110]   --->   Operation 322 'bitconcatenate' 'p_Result_25' <Predicate = true> <Delay = 0.00>
ST_23 : Operation 323 [1/1] (1.28ns)   --->   "%l_1 = call i32 @llvm.cttz.i32(i32 %p_Result_25, i1 true) nounwind" [pruned_mlp/mlp.cpp:110]   --->   Operation 323 'cttz' 'l_1' <Predicate = true> <Delay = 1.28> <Core = "CTTZ">   --->   Core 64 'CTTZ' <Latency = 0> <II = 1> <Delay = 1.28> <FuncUnit> <Opcode : 'cttz'> <InPorts = 1> <OutPorts = 1>
ST_23 : Operation 324 [1/1] (1.20ns)   --->   "%sub_ln944_1 = sub nsw i32 20, %l_1" [pruned_mlp/mlp.cpp:110]   --->   Operation 324 'sub' 'sub_ln944_1' <Predicate = true> <Delay = 1.20> <Core = "AddSub">   --->   Core 14 'AddSub' <Latency = 0> <II = 1> <Delay = 0.86> <FuncUnit> <Opcode : 'add' 'sub'> <InPorts = 2> <OutPorts = 1>
ST_23 : Operation 325 [1/1] (0.00ns)   --->   "%trunc_ln944_1 = trunc i32 %sub_ln944_1 to i20" [pruned_mlp/mlp.cpp:110]   --->   Operation 325 'trunc' 'trunc_ln944_1' <Predicate = true> <Delay = 0.00>
ST_23 : Operation 326 [1/1] (1.20ns)   --->   "%lsb_index_1 = add nsw i32 -24, %sub_ln944_1" [pruned_mlp/mlp.cpp:110]   --->   Operation 326 'add' 'lsb_index_1' <Predicate = true> <Delay = 1.20> <Core = "AddSub">   --->   Core 14 'AddSub' <Latency = 0> <II = 1> <Delay = 0.86> <FuncUnit> <Opcode : 'add' 'sub'> <InPorts = 2> <OutPorts = 1>
ST_23 : Operation 327 [1/1] (0.00ns)   --->   "%tmp_18 = call i31 @_ssdm_op_PartSelect.i31.i32.i32.i32(i32 %lsb_index_1, i32 1, i32 31)" [pruned_mlp/mlp.cpp:110]   --->   Operation 327 'partselect' 'tmp_18' <Predicate = true> <Delay = 0.00>
ST_23 : Operation 328 [1/1] (1.09ns)   --->   "%icmp_ln947_2 = icmp sgt i31 %tmp_18, 0" [pruned_mlp/mlp.cpp:110]   --->   Operation 328 'icmp' 'icmp_ln947_2' <Predicate = true> <Delay = 1.09> <Core = "Cmp">   --->   Core 25 'Cmp' <Latency = 0> <II = 1> <Delay = 0.88> <FuncUnit> <Opcode : 'icmp'> <InPorts = 2> <OutPorts = 1>
ST_23 : Operation 329 [1/1] (0.00ns)   --->   "%trunc_ln947_1 = trunc i32 %sub_ln944_1 to i5" [pruned_mlp/mlp.cpp:110]   --->   Operation 329 'trunc' 'trunc_ln947_1' <Predicate = true> <Delay = 0.00>
ST_23 : Operation 330 [1/1] (0.87ns)   --->   "%sub_ln947_1 = sub i5 13, %trunc_ln947_1" [pruned_mlp/mlp.cpp:110]   --->   Operation 330 'sub' 'sub_ln947_1' <Predicate = true> <Delay = 0.87> <Core = "AddSub">   --->   Core 14 'AddSub' <Latency = 0> <II = 1> <Delay = 0.86> <FuncUnit> <Opcode : 'add' 'sub'> <InPorts = 2> <OutPorts = 1>
ST_23 : Operation 331 [1/1] (0.00ns) (grouped into LUT with out node icmp_ln947_3)   --->   "%zext_ln947_1 = zext i5 %sub_ln947_1 to i20" [pruned_mlp/mlp.cpp:110]   --->   Operation 331 'zext' 'zext_ln947_1' <Predicate = true> <Delay = 0.00>
ST_23 : Operation 332 [1/1] (0.00ns) (grouped into LUT with out node icmp_ln947_3)   --->   "%lshr_ln947_1 = lshr i20 -1, %zext_ln947_1" [pruned_mlp/mlp.cpp:110]   --->   Operation 332 'lshr' 'lshr_ln947_1' <Predicate = true> <Delay = 0.00> <Core = "Shift">   --->   Core 28 'Shift' <Latency = 0> <II = 1> <Delay = 1.45> <FuncUnit> <Opcode : 'shl' 'lshr' 'ashr'> <InPorts = 2> <OutPorts = 1>
ST_23 : Operation 333 [1/1] (0.00ns) (grouped into LUT with out node icmp_ln947_3)   --->   "%p_Result_12 = and i20 %tmp_V_12, %lshr_ln947_1" [pruned_mlp/mlp.cpp:110]   --->   Operation 333 'and' 'p_Result_12' <Predicate = true> <Delay = 0.00> <Core = "LogicGate">   --->   Core 27 'LogicGate' <Latency = 0> <II = 1> <Delay = 0.33> <FuncUnit> <Opcode : 'and' 'or' 'xor'> <InPorts = 2> <OutPorts = 1>
ST_23 : Operation 334 [1/1] (0.92ns) (out node of the LUT)   --->   "%icmp_ln947_3 = icmp ne i20 %p_Result_12, 0" [pruned_mlp/mlp.cpp:110]   --->   Operation 334 'icmp' 'icmp_ln947_3' <Predicate = true> <Delay = 0.92> <Core = "Cmp">   --->   Core 25 'Cmp' <Latency = 0> <II = 1> <Delay = 0.88> <FuncUnit> <Opcode : 'icmp'> <InPorts = 2> <OutPorts = 1>
ST_23 : Operation 335 [1/1] (0.00ns) (grouped into LUT with out node or_ln949_2)   --->   "%a_1 = and i1 %icmp_ln947_2, %icmp_ln947_3" [pruned_mlp/mlp.cpp:110]   --->   Operation 335 'and' 'a_1' <Predicate = true> <Delay = 0.00> <Core = "LogicGate">   --->   Core 27 'LogicGate' <Latency = 0> <II = 1> <Delay = 0.33> <FuncUnit> <Opcode : 'and' 'or' 'xor'> <InPorts = 2> <OutPorts = 1>
ST_23 : Operation 336 [1/1] (0.00ns) (grouped into LUT with out node or_ln949_2)   --->   "%tmp_19 = call i1 @_ssdm_op_BitSelect.i1.i32.i32(i32 %lsb_index_1, i32 31)" [pruned_mlp/mlp.cpp:110]   --->   Operation 336 'bitselect' 'tmp_19' <Predicate = true> <Delay = 0.00>
ST_23 : Operation 337 [1/1] (0.00ns) (grouped into LUT with out node or_ln949_2)   --->   "%xor_ln949_1 = xor i1 %tmp_19, true" [pruned_mlp/mlp.cpp:110]   --->   Operation 337 'xor' 'xor_ln949_1' <Predicate = true> <Delay = 0.00> <Core = "LogicGate">   --->   Core 27 'LogicGate' <Latency = 0> <II = 1> <Delay = 0.33> <FuncUnit> <Opcode : 'and' 'or' 'xor'> <InPorts = 2> <OutPorts = 1>
ST_23 : Operation 338 [1/1] (1.06ns)   --->   "%add_ln949_1 = add i20 -24, %trunc_ln944_1" [pruned_mlp/mlp.cpp:110]   --->   Operation 338 'add' 'add_ln949_1' <Predicate = true> <Delay = 1.06> <Core = "AddSub">   --->   Core 14 'AddSub' <Latency = 0> <II = 1> <Delay = 0.86> <FuncUnit> <Opcode : 'add' 'sub'> <InPorts = 2> <OutPorts = 1>
ST_23 : Operation 339 [1/1] (0.00ns) (grouped into LUT with out node or_ln949_2)   --->   "%p_Result_13 = call i1 @_ssdm_op_BitSelect.i1.i20.i20(i20 %tmp_V_12, i20 %add_ln949_1)" [pruned_mlp/mlp.cpp:110]   --->   Operation 339 'bitselect' 'p_Result_13' <Predicate = true> <Delay = 0.00>
ST_23 : Operation 340 [1/1] (0.00ns) (grouped into LUT with out node or_ln949_2)   --->   "%and_ln949_1 = and i1 %p_Result_13, %xor_ln949_1" [pruned_mlp/mlp.cpp:110]   --->   Operation 340 'and' 'and_ln949_1' <Predicate = true> <Delay = 0.00> <Core = "LogicGate">   --->   Core 27 'LogicGate' <Latency = 0> <II = 1> <Delay = 0.33> <FuncUnit> <Opcode : 'and' 'or' 'xor'> <InPorts = 2> <OutPorts = 1>
ST_23 : Operation 341 [1/1] (0.00ns) (grouped into LUT with out node or_ln949_2)   --->   "%or_ln949_1 = or i1 %and_ln949_1, %a_1" [pruned_mlp/mlp.cpp:110]   --->   Operation 341 'or' 'or_ln949_1' <Predicate = true> <Delay = 0.00> <Core = "LogicGate">   --->   Core 27 'LogicGate' <Latency = 0> <II = 1> <Delay = 0.33> <FuncUnit> <Opcode : 'and' 'or' 'xor'> <InPorts = 2> <OutPorts = 1>
ST_23 : Operation 342 [1/1] (0.33ns) (out node of the LUT)   --->   "%or_ln949_2 = call i32 @_ssdm_op_BitConcatenate.i32.i31.i1(i31 0, i1 %or_ln949_1)" [pruned_mlp/mlp.cpp:110]   --->   Operation 342 'bitconcatenate' 'or_ln949_2' <Predicate = true> <Delay = 0.33>
ST_23 : Operation 343 [1/1] (1.11ns)   --->   "%icmp_ln958_1 = icmp sgt i32 %lsb_index_1, 0" [pruned_mlp/mlp.cpp:110]   --->   Operation 343 'icmp' 'icmp_ln958_1' <Predicate = true> <Delay = 1.11> <Core = "Cmp">   --->   Core 25 'Cmp' <Latency = 0> <II = 1> <Delay = 0.88> <FuncUnit> <Opcode : 'icmp'> <InPorts = 2> <OutPorts = 1>
ST_23 : Operation 344 [1/1] (0.00ns)   --->   "%trunc_ln943_1 = trunc i32 %l_1 to i8" [pruned_mlp/mlp.cpp:110]   --->   Operation 344 'trunc' 'trunc_ln943_1' <Predicate = true> <Delay = 0.00>

State 24 <SV = 11> <Delay = 5.13>
ST_24 : Operation 345 [1/1] (0.00ns) (grouped into LUT with out node m_17)   --->   "%m_15 = zext i20 %tmp_V_12 to i64" [pruned_mlp/mlp.cpp:110]   --->   Operation 345 'zext' 'm_15' <Predicate = (!icmp_ln935_1 & !icmp_ln958_1)> <Delay = 0.00>
ST_24 : Operation 346 [1/1] (0.00ns) (grouped into LUT with out node m_17)   --->   "%zext_ln957_2 = zext i20 %tmp_V_12 to i32" [pruned_mlp/mlp.cpp:110]   --->   Operation 346 'zext' 'zext_ln957_2' <Predicate = (!icmp_ln935_1 & icmp_ln958_1)> <Delay = 0.00>
ST_24 : Operation 347 [1/1] (1.20ns)   --->   "%add_ln958_1 = add nsw i32 -25, %sub_ln944_1" [pruned_mlp/mlp.cpp:110]   --->   Operation 347 'add' 'add_ln958_1' <Predicate = (!icmp_ln935_1 & icmp_ln958_1)> <Delay = 1.20> <Core = "AddSub">   --->   Core 14 'AddSub' <Latency = 0> <II = 1> <Delay = 0.86> <FuncUnit> <Opcode : 'add' 'sub'> <InPorts = 2> <OutPorts = 1>
ST_24 : Operation 348 [1/1] (0.00ns) (grouped into LUT with out node m_17)   --->   "%lshr_ln958_1 = lshr i32 %zext_ln957_2, %add_ln958_1" [pruned_mlp/mlp.cpp:110]   --->   Operation 348 'lshr' 'lshr_ln958_1' <Predicate = (!icmp_ln935_1 & icmp_ln958_1)> <Delay = 0.00> <Core = "Shift">   --->   Core 28 'Shift' <Latency = 0> <II = 1> <Delay = 1.45> <FuncUnit> <Opcode : 'shl' 'lshr' 'ashr'> <InPorts = 2> <OutPorts = 1>
ST_24 : Operation 349 [1/1] (0.00ns) (grouped into LUT with out node m_17)   --->   "%zext_ln958_2 = zext i32 %lshr_ln958_1 to i64" [pruned_mlp/mlp.cpp:110]   --->   Operation 349 'zext' 'zext_ln958_2' <Predicate = (!icmp_ln935_1 & icmp_ln958_1)> <Delay = 0.00>
ST_24 : Operation 350 [1/1] (1.20ns)   --->   "%sub_ln958_1 = sub i32 25, %sub_ln944_1" [pruned_mlp/mlp.cpp:110]   --->   Operation 350 'sub' 'sub_ln958_1' <Predicate = (!icmp_ln935_1 & !icmp_ln958_1)> <Delay = 1.20> <Core = "AddSub">   --->   Core 14 'AddSub' <Latency = 0> <II = 1> <Delay = 0.86> <FuncUnit> <Opcode : 'add' 'sub'> <InPorts = 2> <OutPorts = 1>
ST_24 : Operation 351 [1/1] (0.00ns) (grouped into LUT with out node m_17)   --->   "%zext_ln958_3 = zext i32 %sub_ln958_1 to i64" [pruned_mlp/mlp.cpp:110]   --->   Operation 351 'zext' 'zext_ln958_3' <Predicate = (!icmp_ln935_1 & !icmp_ln958_1)> <Delay = 0.00>
ST_24 : Operation 352 [1/1] (0.00ns) (grouped into LUT with out node m_17)   --->   "%shl_ln958_1 = shl i64 %m_15, %zext_ln958_3" [pruned_mlp/mlp.cpp:110]   --->   Operation 352 'shl' 'shl_ln958_1' <Predicate = (!icmp_ln935_1 & !icmp_ln958_1)> <Delay = 0.00> <Core = "Shift">   --->   Core 28 'Shift' <Latency = 0> <II = 1> <Delay = 1.45> <FuncUnit> <Opcode : 'shl' 'lshr' 'ashr'> <InPorts = 2> <OutPorts = 1>
ST_24 : Operation 353 [1/1] (0.00ns) (grouped into LUT with out node m_17)   --->   "%m_16 = select i1 %icmp_ln958_1, i64 %zext_ln958_2, i64 %shl_ln958_1" [pruned_mlp/mlp.cpp:110]   --->   Operation 353 'select' 'm_16' <Predicate = (!icmp_ln935_1)> <Delay = 0.00> <Core = "Sel">   --->   Core 26 'Sel' <Latency = 0> <II = 1> <Delay = 0.52> <FuncUnit> <Opcode : 'select'> <InPorts = 3> <OutPorts = 1>
ST_24 : Operation 354 [1/1] (0.00ns) (grouped into LUT with out node m_17)   --->   "%zext_ln961_1 = zext i32 %or_ln949_2 to i64" [pruned_mlp/mlp.cpp:110]   --->   Operation 354 'zext' 'zext_ln961_1' <Predicate = (!icmp_ln935_1)> <Delay = 0.00>
ST_24 : Operation 355 [1/1] (1.47ns) (out node of the LUT)   --->   "%m_17 = add i64 %m_16, %zext_ln961_1" [pruned_mlp/mlp.cpp:110]   --->   Operation 355 'add' 'm_17' <Predicate = (!icmp_ln935_1)> <Delay = 1.47> <Core = "AddSub">   --->   Core 14 'AddSub' <Latency = 0> <II = 1> <Delay = 0.86> <FuncUnit> <Opcode : 'add' 'sub'> <InPorts = 2> <OutPorts = 1>
ST_24 : Operation 356 [1/1] (0.00ns)   --->   "%m_3 = call i63 @_ssdm_op_PartSelect.i63.i64.i32.i32(i64 %m_17, i32 1, i32 63)" [pruned_mlp/mlp.cpp:110]   --->   Operation 356 'partselect' 'm_3' <Predicate = (!icmp_ln935_1)> <Delay = 0.00>
ST_24 : Operation 357 [1/1] (0.00ns)   --->   "%m_27 = zext i63 %m_3 to i64" [pruned_mlp/mlp.cpp:110]   --->   Operation 357 'zext' 'm_27' <Predicate = (!icmp_ln935_1)> <Delay = 0.00>
ST_24 : Operation 358 [1/1] (0.00ns)   --->   "%tmp_20 = call i1 @_ssdm_op_BitSelect.i1.i64.i32(i64 %m_17, i32 25)" [pruned_mlp/mlp.cpp:110]   --->   Operation 358 'bitselect' 'tmp_20' <Predicate = (!icmp_ln935_1)> <Delay = 0.00>
ST_24 : Operation 359 [1/1] (0.44ns)   --->   "%select_ln964_1 = select i1 %tmp_20, i8 127, i8 126" [pruned_mlp/mlp.cpp:110]   --->   Operation 359 'select' 'select_ln964_1' <Predicate = (!icmp_ln935_1)> <Delay = 0.44> <Core = "Sel">   --->   Core 26 'Sel' <Latency = 0> <II = 1> <Delay = 0.52> <FuncUnit> <Opcode : 'select'> <InPorts = 3> <OutPorts = 1>
ST_24 : Operation 360 [1/1] (0.00ns) (grouped into TernaryAdder)   --->   "%sub_ln964_1 = sub i8 6, %trunc_ln943_1" [pruned_mlp/mlp.cpp:110]   --->   Operation 360 'sub' 'sub_ln964_1' <Predicate = (!icmp_ln935_1)> <Delay = 0.00> <Core = "TAddSub">   --->   Core 83 'TAddSub' <Latency = 0> <II = 1> <Delay = 0.61> <IPBlock> <Opcode : 'add' 'sub'> <InPorts = 3> <OutPorts = 1> <Sync> <CReg>
ST_24 : Operation 361 [1/1] (1.22ns) (root node of TernaryAdder)   --->   "%add_ln964_1 = add i8 %select_ln964_1, %sub_ln964_1" [pruned_mlp/mlp.cpp:110]   --->   Operation 361 'add' 'add_ln964_1' <Predicate = (!icmp_ln935_1)> <Delay = 1.22> <Core = "TAddSub">   --->   Core 83 'TAddSub' <Latency = 0> <II = 1> <Delay = 0.61> <IPBlock> <Opcode : 'add' 'sub'> <InPorts = 3> <OutPorts = 1> <Sync> <CReg>
ST_24 : Operation 362 [1/1] (0.00ns)   --->   "%tmp_4 = call i9 @_ssdm_op_BitConcatenate.i9.i1.i8(i1 %p_Result_24, i8 %add_ln964_1)" [pruned_mlp/mlp.cpp:110]   --->   Operation 362 'bitconcatenate' 'tmp_4' <Predicate = (!icmp_ln935_1)> <Delay = 0.00>
ST_24 : Operation 363 [1/1] (0.00ns)   --->   "%p_Result_26 = call i64 @_ssdm_op_PartSet.i64.i64.i9.i32.i32(i64 %m_27, i9 %tmp_4, i32 23, i32 31)" [pruned_mlp/mlp.cpp:110]   --->   Operation 363 'partset' 'p_Result_26' <Predicate = (!icmp_ln935_1)> <Delay = 0.00>
ST_24 : Operation 364 [1/1] (0.00ns)   --->   "%trunc_ln738_1 = trunc i64 %p_Result_26 to i32" [pruned_mlp/mlp.cpp:110]   --->   Operation 364 'trunc' 'trunc_ln738_1' <Predicate = (!icmp_ln935_1)> <Delay = 0.00>
ST_24 : Operation 365 [1/1] (0.00ns)   --->   "%bitcast_ln739_1 = bitcast i32 %trunc_ln738_1 to float" [pruned_mlp/mlp.cpp:110]   --->   Operation 365 'bitcast' 'bitcast_ln739_1' <Predicate = (!icmp_ln935_1)> <Delay = 0.00>
ST_24 : Operation 366 [1/1] (0.00ns)   --->   "%logits_addr_1 = getelementptr inbounds [10 x float]* %logits, i64 0, i64 %zext_ln110" [pruned_mlp/mlp.cpp:110]   --->   Operation 366 'getelementptr' 'logits_addr_1' <Predicate = (!icmp_ln935_1)> <Delay = 0.00>
ST_24 : Operation 367 [1/1] (0.79ns)   --->   "store float %bitcast_ln739_1, float* %logits_addr_1, align 4" [pruned_mlp/mlp.cpp:110]   --->   Operation 367 'store' <Predicate = (!icmp_ln935_1)> <Delay = 0.79> <Core = "RAM">   --->   Core 37 'RAM' <Latency = 1> <II = 1> <Delay = 0.79> <Storage> <Opcode : 'load' 'store'> <Ports = 2> <Width = 32> <Depth = 10> <RAM>
ST_24 : Operation 368 [1/1] (0.75ns)   --->   "br label %_ZNK13ap_fixed_baseILi20ELi6ELb1EL9ap_q_mode5EL9ap_o_mode3ELi0EEcvfEv.exit60_ifconv" [pruned_mlp/mlp.cpp:111]   --->   Operation 368 'br' <Predicate = (!icmp_ln935_1)> <Delay = 0.75>
ST_24 : Operation 369 [1/1] (1.06ns)   --->   "%tmp_V_7 = sub i20 0, %tmp_V_11" [pruned_mlp/mlp.cpp:112]   --->   Operation 369 'sub' 'tmp_V_7' <Predicate = true> <Delay = 1.06> <Core = "AddSub">   --->   Core 14 'AddSub' <Latency = 0> <II = 1> <Delay = 0.86> <FuncUnit> <Opcode : 'add' 'sub'> <InPorts = 2> <OutPorts = 1>
ST_24 : Operation 370 [1/1] (0.86ns)   --->   "%j_5 = add i4 1, %j7_0" [pruned_mlp/mlp.cpp:109]   --->   Operation 370 'add' 'j_5' <Predicate = true> <Delay = 0.86> <Core = "AddSub">   --->   Core 14 'AddSub' <Latency = 0> <II = 1> <Delay = 0.86> <FuncUnit> <Opcode : 'add' 'sub'> <InPorts = 2> <OutPorts = 1>

State 25 <SV = 12> <Delay = 5.56>
ST_25 : Operation 371 [1/1] (0.00ns)   --->   "%p_0202 = phi float [ %bitcast_ln739_1, %_ifconv ], [ 0.000000e+00, %_ZNK13ap_fixed_baseILi20ELi6ELb1EL9ap_q_mode5EL9ap_o_mode3ELi0EEcvfEv.exit90._ZNK13ap_fixed_baseILi20ELi6ELb1EL9ap_q_mode5EL9ap_o_mode3ELi0EEcvfEv.exit60_crit_edge.critedge ]" [pruned_mlp/mlp.cpp:110]   --->   Operation 371 'phi' 'p_0202' <Predicate = true> <Delay = 0.00>
ST_25 : Operation 372 [1/1] (0.00ns)   --->   "%bitcast_ln111 = bitcast float %p_0202 to i32" [pruned_mlp/mlp.cpp:111]   --->   Operation 372 'bitcast' 'bitcast_ln111' <Predicate = true> <Delay = 0.00>
ST_25 : Operation 373 [1/1] (0.00ns)   --->   "%tmp_1 = call i8 @_ssdm_op_PartSelect.i8.i32.i32.i32(i32 %bitcast_ln111, i32 23, i32 30)" [pruned_mlp/mlp.cpp:111]   --->   Operation 373 'partselect' 'tmp_1' <Predicate = true> <Delay = 0.00>
ST_25 : Operation 374 [1/1] (0.00ns)   --->   "%trunc_ln111 = trunc i32 %bitcast_ln111 to i23" [pruned_mlp/mlp.cpp:111]   --->   Operation 374 'trunc' 'trunc_ln111' <Predicate = true> <Delay = 0.00>
ST_25 : Operation 375 [1/1] (0.85ns)   --->   "%icmp_ln111 = icmp ne i8 %tmp_1, -1" [pruned_mlp/mlp.cpp:111]   --->   Operation 375 'icmp' 'icmp_ln111' <Predicate = true> <Delay = 0.85> <Core = "Cmp">   --->   Core 25 'Cmp' <Latency = 0> <II = 1> <Delay = 0.88> <FuncUnit> <Opcode : 'icmp'> <InPorts = 2> <OutPorts = 1>
ST_25 : Operation 376 [1/1] (0.97ns)   --->   "%icmp_ln111_1 = icmp eq i23 %trunc_ln111, 0" [pruned_mlp/mlp.cpp:111]   --->   Operation 376 'icmp' 'icmp_ln111_1' <Predicate = true> <Delay = 0.97> <Core = "Cmp">   --->   Core 25 'Cmp' <Latency = 0> <II = 1> <Delay = 0.88> <FuncUnit> <Opcode : 'icmp'> <InPorts = 2> <OutPorts = 1>
ST_25 : Operation 377 [2/2] (3.34ns)   --->   "%tmp_5 = fcmp ogt float %p_0202, %maxv_0" [pruned_mlp/mlp.cpp:111]   --->   Operation 377 'fcmp' 'tmp_5' <Predicate = true> <Delay = 3.34> <Core = "FCmp">   --->   Core 111 'FCmp' <Latency = 1> <II = 1> <Delay = 3.34> <FuncUnit> <Opcode : 'fcmp'> <InPorts = 2> <OutPorts = 1>
ST_25 : Operation 378 [1/1] (0.00ns)   --->   "%p_Result_27 = call i1 @_ssdm_op_BitSelect.i1.i20.i32(i20 %tmp_V_11, i32 19)" [pruned_mlp/mlp.cpp:112]   --->   Operation 378 'bitselect' 'p_Result_27' <Predicate = true> <Delay = 0.00>
ST_25 : Operation 379 [1/1] (0.43ns)   --->   "%tmp_V_13 = select i1 %p_Result_27, i20 %tmp_V_7, i20 %tmp_V_11" [pruned_mlp/mlp.cpp:112]   --->   Operation 379 'select' 'tmp_V_13' <Predicate = true> <Delay = 0.43> <Core = "Sel">   --->   Core 26 'Sel' <Latency = 0> <II = 1> <Delay = 0.52> <FuncUnit> <Opcode : 'select'> <InPorts = 3> <OutPorts = 1>
ST_25 : Operation 380 [1/1] (0.00ns)   --->   "%p_Result_16 = call i20 @llvm.part.select.i20(i20 %tmp_V_13, i32 19, i32 0) nounwind" [pruned_mlp/mlp.cpp:112]   --->   Operation 380 'partselect' 'p_Result_16' <Predicate = true> <Delay = 0.00>
ST_25 : Operation 381 [1/1] (0.00ns)   --->   "%p_Result_28 = call i32 @_ssdm_op_BitConcatenate.i32.i12.i20(i12 -1, i20 %p_Result_16)" [pruned_mlp/mlp.cpp:112]   --->   Operation 381 'bitconcatenate' 'p_Result_28' <Predicate = true> <Delay = 0.00>
ST_25 : Operation 382 [1/1] (1.28ns)   --->   "%l_2 = call i32 @llvm.cttz.i32(i32 %p_Result_28, i1 true) nounwind" [pruned_mlp/mlp.cpp:112]   --->   Operation 382 'cttz' 'l_2' <Predicate = true> <Delay = 1.28> <Core = "CTTZ">   --->   Core 64 'CTTZ' <Latency = 0> <II = 1> <Delay = 1.28> <FuncUnit> <Opcode : 'cttz'> <InPorts = 1> <OutPorts = 1>
ST_25 : Operation 383 [1/1] (1.20ns)   --->   "%sub_ln944_2 = sub nsw i32 20, %l_2" [pruned_mlp/mlp.cpp:112]   --->   Operation 383 'sub' 'sub_ln944_2' <Predicate = true> <Delay = 1.20> <Core = "AddSub">   --->   Core 14 'AddSub' <Latency = 0> <II = 1> <Delay = 0.86> <FuncUnit> <Opcode : 'add' 'sub'> <InPorts = 2> <OutPorts = 1>
ST_25 : Operation 384 [1/1] (0.00ns)   --->   "%trunc_ln944_2 = trunc i32 %sub_ln944_2 to i20" [pruned_mlp/mlp.cpp:112]   --->   Operation 384 'trunc' 'trunc_ln944_2' <Predicate = true> <Delay = 0.00>
ST_25 : Operation 385 [1/1] (1.20ns)   --->   "%lsb_index_2 = add nsw i32 -24, %sub_ln944_2" [pruned_mlp/mlp.cpp:112]   --->   Operation 385 'add' 'lsb_index_2' <Predicate = true> <Delay = 1.20> <Core = "AddSub">   --->   Core 14 'AddSub' <Latency = 0> <II = 1> <Delay = 0.86> <FuncUnit> <Opcode : 'add' 'sub'> <InPorts = 2> <OutPorts = 1>
ST_25 : Operation 386 [1/1] (0.00ns)   --->   "%tmp_22 = call i31 @_ssdm_op_PartSelect.i31.i32.i32.i32(i32 %lsb_index_2, i32 1, i32 31)" [pruned_mlp/mlp.cpp:112]   --->   Operation 386 'partselect' 'tmp_22' <Predicate = true> <Delay = 0.00>
ST_25 : Operation 387 [1/1] (1.09ns)   --->   "%icmp_ln947_4 = icmp sgt i31 %tmp_22, 0" [pruned_mlp/mlp.cpp:112]   --->   Operation 387 'icmp' 'icmp_ln947_4' <Predicate = true> <Delay = 1.09> <Core = "Cmp">   --->   Core 25 'Cmp' <Latency = 0> <II = 1> <Delay = 0.88> <FuncUnit> <Opcode : 'icmp'> <InPorts = 2> <OutPorts = 1>
ST_25 : Operation 388 [1/1] (0.00ns)   --->   "%trunc_ln947_2 = trunc i32 %sub_ln944_2 to i5" [pruned_mlp/mlp.cpp:112]   --->   Operation 388 'trunc' 'trunc_ln947_2' <Predicate = true> <Delay = 0.00>
ST_25 : Operation 389 [1/1] (0.87ns)   --->   "%sub_ln947_2 = sub i5 13, %trunc_ln947_2" [pruned_mlp/mlp.cpp:112]   --->   Operation 389 'sub' 'sub_ln947_2' <Predicate = true> <Delay = 0.87> <Core = "AddSub">   --->   Core 14 'AddSub' <Latency = 0> <II = 1> <Delay = 0.86> <FuncUnit> <Opcode : 'add' 'sub'> <InPorts = 2> <OutPorts = 1>
ST_25 : Operation 390 [1/1] (0.00ns) (grouped into LUT with out node icmp_ln947_5)   --->   "%zext_ln947_2 = zext i5 %sub_ln947_2 to i20" [pruned_mlp/mlp.cpp:112]   --->   Operation 390 'zext' 'zext_ln947_2' <Predicate = true> <Delay = 0.00>
ST_25 : Operation 391 [1/1] (0.00ns) (grouped into LUT with out node icmp_ln947_5)   --->   "%lshr_ln947_2 = lshr i20 -1, %zext_ln947_2" [pruned_mlp/mlp.cpp:112]   --->   Operation 391 'lshr' 'lshr_ln947_2' <Predicate = true> <Delay = 0.00> <Core = "Shift">   --->   Core 28 'Shift' <Latency = 0> <II = 1> <Delay = 1.45> <FuncUnit> <Opcode : 'shl' 'lshr' 'ashr'> <InPorts = 2> <OutPorts = 1>
ST_25 : Operation 392 [1/1] (0.00ns) (grouped into LUT with out node icmp_ln947_5)   --->   "%p_Result_18 = and i20 %tmp_V_13, %lshr_ln947_2" [pruned_mlp/mlp.cpp:112]   --->   Operation 392 'and' 'p_Result_18' <Predicate = true> <Delay = 0.00> <Core = "LogicGate">   --->   Core 27 'LogicGate' <Latency = 0> <II = 1> <Delay = 0.33> <FuncUnit> <Opcode : 'and' 'or' 'xor'> <InPorts = 2> <OutPorts = 1>
ST_25 : Operation 393 [1/1] (0.92ns) (out node of the LUT)   --->   "%icmp_ln947_5 = icmp ne i20 %p_Result_18, 0" [pruned_mlp/mlp.cpp:112]   --->   Operation 393 'icmp' 'icmp_ln947_5' <Predicate = true> <Delay = 0.92> <Core = "Cmp">   --->   Core 25 'Cmp' <Latency = 0> <II = 1> <Delay = 0.88> <FuncUnit> <Opcode : 'icmp'> <InPorts = 2> <OutPorts = 1>
ST_25 : Operation 394 [1/1] (0.00ns) (grouped into LUT with out node or_ln949_4)   --->   "%a_2 = and i1 %icmp_ln947_4, %icmp_ln947_5" [pruned_mlp/mlp.cpp:112]   --->   Operation 394 'and' 'a_2' <Predicate = true> <Delay = 0.00> <Core = "LogicGate">   --->   Core 27 'LogicGate' <Latency = 0> <II = 1> <Delay = 0.33> <FuncUnit> <Opcode : 'and' 'or' 'xor'> <InPorts = 2> <OutPorts = 1>
ST_25 : Operation 395 [1/1] (0.00ns) (grouped into LUT with out node or_ln949_4)   --->   "%tmp_23 = call i1 @_ssdm_op_BitSelect.i1.i32.i32(i32 %lsb_index_2, i32 31)" [pruned_mlp/mlp.cpp:112]   --->   Operation 395 'bitselect' 'tmp_23' <Predicate = true> <Delay = 0.00>
ST_25 : Operation 396 [1/1] (0.00ns) (grouped into LUT with out node or_ln949_4)   --->   "%xor_ln949_2 = xor i1 %tmp_23, true" [pruned_mlp/mlp.cpp:112]   --->   Operation 396 'xor' 'xor_ln949_2' <Predicate = true> <Delay = 0.00> <Core = "LogicGate">   --->   Core 27 'LogicGate' <Latency = 0> <II = 1> <Delay = 0.33> <FuncUnit> <Opcode : 'and' 'or' 'xor'> <InPorts = 2> <OutPorts = 1>
ST_25 : Operation 397 [1/1] (1.06ns)   --->   "%add_ln949_2 = add i20 -24, %trunc_ln944_2" [pruned_mlp/mlp.cpp:112]   --->   Operation 397 'add' 'add_ln949_2' <Predicate = true> <Delay = 1.06> <Core = "AddSub">   --->   Core 14 'AddSub' <Latency = 0> <II = 1> <Delay = 0.86> <FuncUnit> <Opcode : 'add' 'sub'> <InPorts = 2> <OutPorts = 1>
ST_25 : Operation 398 [1/1] (0.00ns) (grouped into LUT with out node or_ln949_4)   --->   "%p_Result_19 = call i1 @_ssdm_op_BitSelect.i1.i20.i20(i20 %tmp_V_13, i20 %add_ln949_2)" [pruned_mlp/mlp.cpp:112]   --->   Operation 398 'bitselect' 'p_Result_19' <Predicate = true> <Delay = 0.00>
ST_25 : Operation 399 [1/1] (0.00ns) (grouped into LUT with out node or_ln949_4)   --->   "%and_ln949_2 = and i1 %p_Result_19, %xor_ln949_2" [pruned_mlp/mlp.cpp:112]   --->   Operation 399 'and' 'and_ln949_2' <Predicate = true> <Delay = 0.00> <Core = "LogicGate">   --->   Core 27 'LogicGate' <Latency = 0> <II = 1> <Delay = 0.33> <FuncUnit> <Opcode : 'and' 'or' 'xor'> <InPorts = 2> <OutPorts = 1>
ST_25 : Operation 400 [1/1] (0.00ns) (grouped into LUT with out node or_ln949_4)   --->   "%or_ln949_3 = or i1 %and_ln949_2, %a_2" [pruned_mlp/mlp.cpp:112]   --->   Operation 400 'or' 'or_ln949_3' <Predicate = true> <Delay = 0.00> <Core = "LogicGate">   --->   Core 27 'LogicGate' <Latency = 0> <II = 1> <Delay = 0.33> <FuncUnit> <Opcode : 'and' 'or' 'xor'> <InPorts = 2> <OutPorts = 1>
ST_25 : Operation 401 [1/1] (0.33ns) (out node of the LUT)   --->   "%or_ln949_4 = call i32 @_ssdm_op_BitConcatenate.i32.i31.i1(i31 0, i1 %or_ln949_3)" [pruned_mlp/mlp.cpp:112]   --->   Operation 401 'bitconcatenate' 'or_ln949_4' <Predicate = true> <Delay = 0.33>
ST_25 : Operation 402 [1/1] (1.11ns)   --->   "%icmp_ln958_2 = icmp sgt i32 %lsb_index_2, 0" [pruned_mlp/mlp.cpp:112]   --->   Operation 402 'icmp' 'icmp_ln958_2' <Predicate = true> <Delay = 1.11> <Core = "Cmp">   --->   Core 25 'Cmp' <Latency = 0> <II = 1> <Delay = 0.88> <FuncUnit> <Opcode : 'icmp'> <InPorts = 2> <OutPorts = 1>
ST_25 : Operation 403 [1/1] (0.00ns)   --->   "%trunc_ln943_2 = trunc i32 %l_2 to i8" [pruned_mlp/mlp.cpp:112]   --->   Operation 403 'trunc' 'trunc_ln943_2' <Predicate = true> <Delay = 0.00>

State 26 <SV = 13> <Delay = 4.86>
ST_26 : Operation 404 [1/1] (0.00ns)   --->   "%bitcast_ln111_1 = bitcast float %maxv_0 to i32" [pruned_mlp/mlp.cpp:111]   --->   Operation 404 'bitcast' 'bitcast_ln111_1' <Predicate = true> <Delay = 0.00>
ST_26 : Operation 405 [1/1] (0.00ns)   --->   "%tmp_3 = call i8 @_ssdm_op_PartSelect.i8.i32.i32.i32(i32 %bitcast_ln111_1, i32 23, i32 30)" [pruned_mlp/mlp.cpp:111]   --->   Operation 405 'partselect' 'tmp_3' <Predicate = true> <Delay = 0.00>
ST_26 : Operation 406 [1/1] (0.00ns)   --->   "%trunc_ln111_1 = trunc i32 %bitcast_ln111_1 to i23" [pruned_mlp/mlp.cpp:111]   --->   Operation 406 'trunc' 'trunc_ln111_1' <Predicate = true> <Delay = 0.00>
ST_26 : Operation 407 [1/1] (0.00ns) (grouped into LUT with out node and_ln111_1)   --->   "%or_ln111_1 = or i1 %icmp_ln111_1, %icmp_ln111" [pruned_mlp/mlp.cpp:111]   --->   Operation 407 'or' 'or_ln111_1' <Predicate = true> <Delay = 0.00> <Core = "LogicGate">   --->   Core 27 'LogicGate' <Latency = 0> <II = 1> <Delay = 0.33> <FuncUnit> <Opcode : 'and' 'or' 'xor'> <InPorts = 2> <OutPorts = 1>
ST_26 : Operation 408 [1/1] (0.85ns)   --->   "%icmp_ln111_2 = icmp ne i8 %tmp_3, -1" [pruned_mlp/mlp.cpp:111]   --->   Operation 408 'icmp' 'icmp_ln111_2' <Predicate = true> <Delay = 0.85> <Core = "Cmp">   --->   Core 25 'Cmp' <Latency = 0> <II = 1> <Delay = 0.88> <FuncUnit> <Opcode : 'icmp'> <InPorts = 2> <OutPorts = 1>
ST_26 : Operation 409 [1/1] (0.97ns)   --->   "%icmp_ln111_3 = icmp eq i23 %trunc_ln111_1, 0" [pruned_mlp/mlp.cpp:111]   --->   Operation 409 'icmp' 'icmp_ln111_3' <Predicate = true> <Delay = 0.97> <Core = "Cmp">   --->   Core 25 'Cmp' <Latency = 0> <II = 1> <Delay = 0.88> <FuncUnit> <Opcode : 'icmp'> <InPorts = 2> <OutPorts = 1>
ST_26 : Operation 410 [1/1] (0.00ns) (grouped into LUT with out node and_ln111_1)   --->   "%or_ln111_2 = or i1 %icmp_ln111_3, %icmp_ln111_2" [pruned_mlp/mlp.cpp:111]   --->   Operation 410 'or' 'or_ln111_2' <Predicate = true> <Delay = 0.00> <Core = "LogicGate">   --->   Core 27 'LogicGate' <Latency = 0> <II = 1> <Delay = 0.33> <FuncUnit> <Opcode : 'and' 'or' 'xor'> <InPorts = 2> <OutPorts = 1>
ST_26 : Operation 411 [1/1] (0.00ns) (grouped into LUT with out node and_ln111_1)   --->   "%and_ln111 = and i1 %or_ln111_1, %or_ln111_2" [pruned_mlp/mlp.cpp:111]   --->   Operation 411 'and' 'and_ln111' <Predicate = true> <Delay = 0.00> <Core = "LogicGate">   --->   Core 27 'LogicGate' <Latency = 0> <II = 1> <Delay = 0.33> <FuncUnit> <Opcode : 'and' 'or' 'xor'> <InPorts = 2> <OutPorts = 1>
ST_26 : Operation 412 [1/2] (3.34ns)   --->   "%tmp_5 = fcmp ogt float %p_0202, %maxv_0" [pruned_mlp/mlp.cpp:111]   --->   Operation 412 'fcmp' 'tmp_5' <Predicate = true> <Delay = 3.34> <Core = "FCmp">   --->   Core 111 'FCmp' <Latency = 1> <II = 1> <Delay = 3.34> <FuncUnit> <Opcode : 'fcmp'> <InPorts = 2> <OutPorts = 1>
ST_26 : Operation 413 [1/1] (0.33ns) (out node of the LUT)   --->   "%and_ln111_1 = and i1 %and_ln111, %tmp_5" [pruned_mlp/mlp.cpp:111]   --->   Operation 413 'and' 'and_ln111_1' <Predicate = true> <Delay = 0.33> <Core = "LogicGate">   --->   Core 27 'LogicGate' <Latency = 0> <II = 1> <Delay = 0.33> <FuncUnit> <Opcode : 'and' 'or' 'xor'> <InPorts = 2> <OutPorts = 1>
ST_26 : Operation 414 [1/1] (0.00ns) (grouped into LUT with out node select_ln111_1)   --->   "%xor_ln111 = xor i1 %and_ln111_1, true" [pruned_mlp/mlp.cpp:111]   --->   Operation 414 'xor' 'xor_ln111' <Predicate = true> <Delay = 0.00> <Core = "LogicGate">   --->   Core 27 'LogicGate' <Latency = 0> <II = 1> <Delay = 0.33> <FuncUnit> <Opcode : 'and' 'or' 'xor'> <InPorts = 2> <OutPorts = 1>
ST_26 : Operation 415 [1/1] (0.00ns) (grouped into LUT with out node select_ln111_1)   --->   "%or_ln111 = or i1 %icmp_ln935_1, %xor_ln111" [pruned_mlp/mlp.cpp:111]   --->   Operation 415 'or' 'or_ln111' <Predicate = true> <Delay = 0.00> <Core = "LogicGate">   --->   Core 27 'LogicGate' <Latency = 0> <II = 1> <Delay = 0.33> <FuncUnit> <Opcode : 'and' 'or' 'xor'> <InPorts = 2> <OutPorts = 1>
ST_26 : Operation 416 [1/1] (0.00ns) (grouped into LUT with out node select_ln111_1)   --->   "%select_ln111 = select i1 %and_ln111_1, float 0.000000e+00, float %maxv_0" [pruned_mlp/mlp.cpp:111]   --->   Operation 416 'select' 'select_ln111' <Predicate = true> <Delay = 0.00> <Core = "Sel">   --->   Core 26 'Sel' <Latency = 0> <II = 1> <Delay = 0.52> <FuncUnit> <Opcode : 'select'> <InPorts = 3> <OutPorts = 1>
ST_26 : Operation 417 [1/1] (0.00ns) (grouped into LUT with out node m_23)   --->   "%m_21 = zext i20 %tmp_V_13 to i64" [pruned_mlp/mlp.cpp:112]   --->   Operation 417 'zext' 'm_21' <Predicate = (!icmp_ln958_2)> <Delay = 0.00>
ST_26 : Operation 418 [1/1] (0.00ns) (grouped into LUT with out node m_23)   --->   "%zext_ln957_3 = zext i20 %tmp_V_13 to i32" [pruned_mlp/mlp.cpp:112]   --->   Operation 418 'zext' 'zext_ln957_3' <Predicate = (icmp_ln958_2)> <Delay = 0.00>
ST_26 : Operation 419 [1/1] (1.20ns)   --->   "%add_ln958_2 = add nsw i32 -25, %sub_ln944_2" [pruned_mlp/mlp.cpp:112]   --->   Operation 419 'add' 'add_ln958_2' <Predicate = (icmp_ln958_2)> <Delay = 1.20> <Core = "AddSub">   --->   Core 14 'AddSub' <Latency = 0> <II = 1> <Delay = 0.86> <FuncUnit> <Opcode : 'add' 'sub'> <InPorts = 2> <OutPorts = 1>
ST_26 : Operation 420 [1/1] (0.00ns) (grouped into LUT with out node m_23)   --->   "%lshr_ln958_2 = lshr i32 %zext_ln957_3, %add_ln958_2" [pruned_mlp/mlp.cpp:112]   --->   Operation 420 'lshr' 'lshr_ln958_2' <Predicate = (icmp_ln958_2)> <Delay = 0.00> <Core = "Shift">   --->   Core 28 'Shift' <Latency = 0> <II = 1> <Delay = 1.45> <FuncUnit> <Opcode : 'shl' 'lshr' 'ashr'> <InPorts = 2> <OutPorts = 1>
ST_26 : Operation 421 [1/1] (0.00ns) (grouped into LUT with out node m_23)   --->   "%zext_ln958_4 = zext i32 %lshr_ln958_2 to i64" [pruned_mlp/mlp.cpp:112]   --->   Operation 421 'zext' 'zext_ln958_4' <Predicate = (icmp_ln958_2)> <Delay = 0.00>
ST_26 : Operation 422 [1/1] (1.20ns)   --->   "%sub_ln958_2 = sub i32 25, %sub_ln944_2" [pruned_mlp/mlp.cpp:112]   --->   Operation 422 'sub' 'sub_ln958_2' <Predicate = (!icmp_ln958_2)> <Delay = 1.20> <Core = "AddSub">   --->   Core 14 'AddSub' <Latency = 0> <II = 1> <Delay = 0.86> <FuncUnit> <Opcode : 'add' 'sub'> <InPorts = 2> <OutPorts = 1>
ST_26 : Operation 423 [1/1] (0.00ns) (grouped into LUT with out node m_23)   --->   "%zext_ln958_5 = zext i32 %sub_ln958_2 to i64" [pruned_mlp/mlp.cpp:112]   --->   Operation 423 'zext' 'zext_ln958_5' <Predicate = (!icmp_ln958_2)> <Delay = 0.00>
ST_26 : Operation 424 [1/1] (0.00ns) (grouped into LUT with out node m_23)   --->   "%shl_ln958_2 = shl i64 %m_21, %zext_ln958_5" [pruned_mlp/mlp.cpp:112]   --->   Operation 424 'shl' 'shl_ln958_2' <Predicate = (!icmp_ln958_2)> <Delay = 0.00> <Core = "Shift">   --->   Core 28 'Shift' <Latency = 0> <II = 1> <Delay = 1.45> <FuncUnit> <Opcode : 'shl' 'lshr' 'ashr'> <InPorts = 2> <OutPorts = 1>
ST_26 : Operation 425 [1/1] (0.00ns) (grouped into LUT with out node m_23)   --->   "%m_22 = select i1 %icmp_ln958_2, i64 %zext_ln958_4, i64 %shl_ln958_2" [pruned_mlp/mlp.cpp:112]   --->   Operation 425 'select' 'm_22' <Predicate = true> <Delay = 0.00> <Core = "Sel">   --->   Core 26 'Sel' <Latency = 0> <II = 1> <Delay = 0.52> <FuncUnit> <Opcode : 'select'> <InPorts = 3> <OutPorts = 1>
ST_26 : Operation 426 [1/1] (0.00ns) (grouped into LUT with out node m_23)   --->   "%zext_ln961_2 = zext i32 %or_ln949_4 to i64" [pruned_mlp/mlp.cpp:112]   --->   Operation 426 'zext' 'zext_ln961_2' <Predicate = true> <Delay = 0.00>
ST_26 : Operation 427 [1/1] (1.47ns) (out node of the LUT)   --->   "%m_23 = add i64 %m_22, %zext_ln961_2" [pruned_mlp/mlp.cpp:112]   --->   Operation 427 'add' 'm_23' <Predicate = true> <Delay = 1.47> <Core = "AddSub">   --->   Core 14 'AddSub' <Latency = 0> <II = 1> <Delay = 0.86> <FuncUnit> <Opcode : 'add' 'sub'> <InPorts = 2> <OutPorts = 1>
ST_26 : Operation 428 [1/1] (0.00ns) (grouped into LUT with out node select_ln111_1)   --->   "%m_4 = call i63 @_ssdm_op_PartSelect.i63.i64.i32.i32(i64 %m_23, i32 1, i32 63)" [pruned_mlp/mlp.cpp:112]   --->   Operation 428 'partselect' 'm_4' <Predicate = true> <Delay = 0.00>
ST_26 : Operation 429 [1/1] (0.00ns) (grouped into LUT with out node select_ln111_1)   --->   "%m_28 = zext i63 %m_4 to i64" [pruned_mlp/mlp.cpp:112]   --->   Operation 429 'zext' 'm_28' <Predicate = true> <Delay = 0.00>
ST_26 : Operation 430 [1/1] (0.00ns)   --->   "%tmp_24 = call i1 @_ssdm_op_BitSelect.i1.i64.i32(i64 %m_23, i32 25)" [pruned_mlp/mlp.cpp:112]   --->   Operation 430 'bitselect' 'tmp_24' <Predicate = true> <Delay = 0.00>
ST_26 : Operation 431 [1/1] (0.44ns)   --->   "%select_ln964_2 = select i1 %tmp_24, i8 127, i8 126" [pruned_mlp/mlp.cpp:112]   --->   Operation 431 'select' 'select_ln964_2' <Predicate = true> <Delay = 0.44> <Core = "Sel">   --->   Core 26 'Sel' <Latency = 0> <II = 1> <Delay = 0.52> <FuncUnit> <Opcode : 'select'> <InPorts = 3> <OutPorts = 1>
ST_26 : Operation 432 [1/1] (0.00ns) (grouped into TernaryAdder)   --->   "%sub_ln964_2 = sub i8 6, %trunc_ln943_2" [pruned_mlp/mlp.cpp:112]   --->   Operation 432 'sub' 'sub_ln964_2' <Predicate = true> <Delay = 0.00> <Core = "TAddSub">   --->   Core 83 'TAddSub' <Latency = 0> <II = 1> <Delay = 0.61> <IPBlock> <Opcode : 'add' 'sub'> <InPorts = 3> <OutPorts = 1> <Sync> <CReg>
ST_26 : Operation 433 [1/1] (1.22ns) (root node of TernaryAdder)   --->   "%add_ln964_2 = add i8 %select_ln964_2, %sub_ln964_2" [pruned_mlp/mlp.cpp:112]   --->   Operation 433 'add' 'add_ln964_2' <Predicate = true> <Delay = 1.22> <Core = "TAddSub">   --->   Core 83 'TAddSub' <Latency = 0> <II = 1> <Delay = 0.61> <IPBlock> <Opcode : 'add' 'sub'> <InPorts = 3> <OutPorts = 1> <Sync> <CReg>
ST_26 : Operation 434 [1/1] (0.00ns) (grouped into LUT with out node select_ln111_1)   --->   "%tmp_6 = call i9 @_ssdm_op_BitConcatenate.i9.i1.i8(i1 %p_Result_27, i8 %add_ln964_2)" [pruned_mlp/mlp.cpp:112]   --->   Operation 434 'bitconcatenate' 'tmp_6' <Predicate = true> <Delay = 0.00>
ST_26 : Operation 435 [1/1] (0.00ns) (grouped into LUT with out node select_ln111_1)   --->   "%p_Result_29 = call i64 @_ssdm_op_PartSet.i64.i64.i9.i32.i32(i64 %m_28, i9 %tmp_6, i32 23, i32 31)" [pruned_mlp/mlp.cpp:112]   --->   Operation 435 'partset' 'p_Result_29' <Predicate = true> <Delay = 0.00>
ST_26 : Operation 436 [1/1] (0.00ns) (grouped into LUT with out node select_ln111_1)   --->   "%trunc_ln738_2 = trunc i64 %p_Result_29 to i32" [pruned_mlp/mlp.cpp:112]   --->   Operation 436 'trunc' 'trunc_ln738_2' <Predicate = true> <Delay = 0.00>
ST_26 : Operation 437 [1/1] (0.00ns) (grouped into LUT with out node select_ln111_1)   --->   "%bitcast_ln739_2 = bitcast i32 %trunc_ln738_2 to float" [pruned_mlp/mlp.cpp:112]   --->   Operation 437 'bitcast' 'bitcast_ln739_2' <Predicate = true> <Delay = 0.00>
ST_26 : Operation 438 [1/1] (0.52ns) (out node of the LUT)   --->   "%select_ln111_1 = select i1 %or_ln111, float %select_ln111, float %bitcast_ln739_2" [pruned_mlp/mlp.cpp:111]   --->   Operation 438 'select' 'select_ln111_1' <Predicate = true> <Delay = 0.52> <Core = "Sel">   --->   Core 26 'Sel' <Latency = 0> <II = 1> <Delay = 0.52> <FuncUnit> <Opcode : 'select'> <InPorts = 3> <OutPorts = 1>
ST_26 : Operation 439 [1/1] (0.00ns)   --->   "br label %_ZNK13ap_fixed_baseILi20ELi6ELb1EL9ap_q_mode5EL9ap_o_mode3ELi0EEcvfEv.exit120" [pruned_mlp/mlp.cpp:109]   --->   Operation 439 'br' <Predicate = true> <Delay = 0.00>

State 27 <SV = 9> <Delay = 0.88>
ST_27 : Operation 440 [1/1] (0.00ns)   --->   "%sum_0 = phi float [ 0.000000e+00, %_ifconv2 ], [ %sum, %10 ]"   --->   Operation 440 'phi' 'sum_0' <Predicate = true> <Delay = 0.00>
ST_27 : Operation 441 [1/1] (0.00ns)   --->   "%j8_0 = phi i4 [ 0, %_ifconv2 ], [ %j_4, %10 ]"   --->   Operation 441 'phi' 'j8_0' <Predicate = true> <Delay = 0.00>
ST_27 : Operation 442 [1/1] (0.88ns)   --->   "%icmp_ln118 = icmp eq i4 %j8_0, -6" [pruned_mlp/mlp.cpp:118]   --->   Operation 442 'icmp' 'icmp_ln118' <Predicate = true> <Delay = 0.88> <Core = "Cmp">   --->   Core 25 'Cmp' <Latency = 0> <II = 1> <Delay = 0.88> <FuncUnit> <Opcode : 'icmp'> <InPorts = 2> <OutPorts = 1>
ST_27 : Operation 443 [1/1] (0.00ns)   --->   "%empty_26 = call i32 (...)* @_ssdm_op_SpecLoopTripCount(i64 10, i64 10, i64 10)"   --->   Operation 443 'speclooptripcount' 'empty_26' <Predicate = true> <Delay = 0.00>
ST_27 : Operation 444 [1/1] (0.86ns)   --->   "%j_4 = add i4 %j8_0, 1" [pruned_mlp/mlp.cpp:118]   --->   Operation 444 'add' 'j_4' <Predicate = true> <Delay = 0.86> <Core = "AddSub">   --->   Core 14 'AddSub' <Latency = 0> <II = 1> <Delay = 0.86> <FuncUnit> <Opcode : 'add' 'sub'> <InPorts = 2> <OutPorts = 1>
ST_27 : Operation 445 [1/1] (0.00ns)   --->   "br i1 %icmp_ln118, label %.preheader.preheader, label %10" [pruned_mlp/mlp.cpp:118]   --->   Operation 445 'br' <Predicate = true> <Delay = 0.00>
ST_27 : Operation 446 [1/1] (0.00ns)   --->   "%zext_ln119 = zext i4 %j8_0 to i64" [pruned_mlp/mlp.cpp:119]   --->   Operation 446 'zext' 'zext_ln119' <Predicate = (!icmp_ln118)> <Delay = 0.00>
ST_27 : Operation 447 [1/1] (0.00ns)   --->   "%logits_addr_3 = getelementptr inbounds [10 x float]* %logits, i64 0, i64 %zext_ln119" [pruned_mlp/mlp.cpp:119]   --->   Operation 447 'getelementptr' 'logits_addr_3' <Predicate = (!icmp_ln118)> <Delay = 0.00>
ST_27 : Operation 448 [2/2] (0.79ns)   --->   "%logits_load = load float* %logits_addr_3, align 4" [pruned_mlp/mlp.cpp:119]   --->   Operation 448 'load' 'logits_load' <Predicate = (!icmp_ln118)> <Delay = 0.79> <Core = "RAM">   --->   Core 37 'RAM' <Latency = 1> <II = 1> <Delay = 0.79> <Storage> <Opcode : 'load' 'store'> <Ports = 2> <Width = 32> <Depth = 10> <RAM>
ST_27 : Operation 449 [1/1] (0.75ns)   --->   "br label %.preheader" [pruned_mlp/mlp.cpp:124]   --->   Operation 449 'br' <Predicate = (icmp_ln118)> <Delay = 0.75>

State 28 <SV = 10> <Delay = 0.79>
ST_28 : Operation 450 [1/2] (0.79ns)   --->   "%logits_load = load float* %logits_addr_3, align 4" [pruned_mlp/mlp.cpp:119]   --->   Operation 450 'load' 'logits_load' <Predicate = true> <Delay = 0.79> <Core = "RAM">   --->   Core 37 'RAM' <Latency = 1> <II = 1> <Delay = 0.79> <Storage> <Opcode : 'load' 'store'> <Ports = 2> <Width = 32> <Depth = 10> <RAM>

State 29 <SV = 11> <Delay = 6.01>
ST_29 : Operation 451 [5/5] (6.01ns)   --->   "%tmp = fsub float %logits_load, %maxv_0" [pruned_mlp/mlp.cpp:119]   --->   Operation 451 'fsub' 'tmp' <Predicate = true> <Delay = 6.01> <Core = "FAddSub">   --->   Core 105 'FAddSub' <Latency = 4> <II = 1> <Delay = 6.01> <FuncUnit> <Opcode : 'fadd' 'fsub'> <InPorts = 2> <OutPorts = 1>

State 30 <SV = 12> <Delay = 6.01>
ST_30 : Operation 452 [4/5] (6.01ns)   --->   "%tmp = fsub float %logits_load, %maxv_0" [pruned_mlp/mlp.cpp:119]   --->   Operation 452 'fsub' 'tmp' <Predicate = true> <Delay = 6.01> <Core = "FAddSub">   --->   Core 105 'FAddSub' <Latency = 4> <II = 1> <Delay = 6.01> <FuncUnit> <Opcode : 'fadd' 'fsub'> <InPorts = 2> <OutPorts = 1>

State 31 <SV = 13> <Delay = 6.01>
ST_31 : Operation 453 [3/5] (6.01ns)   --->   "%tmp = fsub float %logits_load, %maxv_0" [pruned_mlp/mlp.cpp:119]   --->   Operation 453 'fsub' 'tmp' <Predicate = true> <Delay = 6.01> <Core = "FAddSub">   --->   Core 105 'FAddSub' <Latency = 4> <II = 1> <Delay = 6.01> <FuncUnit> <Opcode : 'fadd' 'fsub'> <InPorts = 2> <OutPorts = 1>

State 32 <SV = 14> <Delay = 6.01>
ST_32 : Operation 454 [2/5] (6.01ns)   --->   "%tmp = fsub float %logits_load, %maxv_0" [pruned_mlp/mlp.cpp:119]   --->   Operation 454 'fsub' 'tmp' <Predicate = true> <Delay = 6.01> <Core = "FAddSub">   --->   Core 105 'FAddSub' <Latency = 4> <II = 1> <Delay = 6.01> <FuncUnit> <Opcode : 'fadd' 'fsub'> <InPorts = 2> <OutPorts = 1>

State 33 <SV = 15> <Delay = 6.01>
ST_33 : Operation 455 [1/5] (6.01ns)   --->   "%tmp = fsub float %logits_load, %maxv_0" [pruned_mlp/mlp.cpp:119]   --->   Operation 455 'fsub' 'tmp' <Predicate = true> <Delay = 6.01> <Core = "FAddSub">   --->   Core 105 'FAddSub' <Latency = 4> <II = 1> <Delay = 6.01> <FuncUnit> <Opcode : 'fadd' 'fsub'> <InPorts = 2> <OutPorts = 1>

State 34 <SV = 16> <Delay = 6.00>
ST_34 : Operation 456 [8/8] (6.00ns)   --->   "%e = call float @llvm.exp.f32(float %tmp)" [pruned_mlp/mlp.cpp:119]   --->   Operation 456 'fexp' 'e' <Predicate = true> <Delay = 6.00> <Core = "FExp">   --->   Core 127 'FExp' <Latency = 7> <II = 1> <Delay = 6.00> <FuncUnit> <Opcode : 'fexp'> <InPorts = 1> <OutPorts = 1>

State 35 <SV = 17> <Delay = 6.00>
ST_35 : Operation 457 [7/8] (6.00ns)   --->   "%e = call float @llvm.exp.f32(float %tmp)" [pruned_mlp/mlp.cpp:119]   --->   Operation 457 'fexp' 'e' <Predicate = true> <Delay = 6.00> <Core = "FExp">   --->   Core 127 'FExp' <Latency = 7> <II = 1> <Delay = 6.00> <FuncUnit> <Opcode : 'fexp'> <InPorts = 1> <OutPorts = 1>

State 36 <SV = 18> <Delay = 6.00>
ST_36 : Operation 458 [6/8] (6.00ns)   --->   "%e = call float @llvm.exp.f32(float %tmp)" [pruned_mlp/mlp.cpp:119]   --->   Operation 458 'fexp' 'e' <Predicate = true> <Delay = 6.00> <Core = "FExp">   --->   Core 127 'FExp' <Latency = 7> <II = 1> <Delay = 6.00> <FuncUnit> <Opcode : 'fexp'> <InPorts = 1> <OutPorts = 1>

State 37 <SV = 19> <Delay = 6.00>
ST_37 : Operation 459 [5/8] (6.00ns)   --->   "%e = call float @llvm.exp.f32(float %tmp)" [pruned_mlp/mlp.cpp:119]   --->   Operation 459 'fexp' 'e' <Predicate = true> <Delay = 6.00> <Core = "FExp">   --->   Core 127 'FExp' <Latency = 7> <II = 1> <Delay = 6.00> <FuncUnit> <Opcode : 'fexp'> <InPorts = 1> <OutPorts = 1>

State 38 <SV = 20> <Delay = 6.00>
ST_38 : Operation 460 [4/8] (6.00ns)   --->   "%e = call float @llvm.exp.f32(float %tmp)" [pruned_mlp/mlp.cpp:119]   --->   Operation 460 'fexp' 'e' <Predicate = true> <Delay = 6.00> <Core = "FExp">   --->   Core 127 'FExp' <Latency = 7> <II = 1> <Delay = 6.00> <FuncUnit> <Opcode : 'fexp'> <InPorts = 1> <OutPorts = 1>

State 39 <SV = 21> <Delay = 6.00>
ST_39 : Operation 461 [3/8] (6.00ns)   --->   "%e = call float @llvm.exp.f32(float %tmp)" [pruned_mlp/mlp.cpp:119]   --->   Operation 461 'fexp' 'e' <Predicate = true> <Delay = 6.00> <Core = "FExp">   --->   Core 127 'FExp' <Latency = 7> <II = 1> <Delay = 6.00> <FuncUnit> <Opcode : 'fexp'> <InPorts = 1> <OutPorts = 1>

State 40 <SV = 22> <Delay = 6.00>
ST_40 : Operation 462 [2/8] (6.00ns)   --->   "%e = call float @llvm.exp.f32(float %tmp)" [pruned_mlp/mlp.cpp:119]   --->   Operation 462 'fexp' 'e' <Predicate = true> <Delay = 6.00> <Core = "FExp">   --->   Core 127 'FExp' <Latency = 7> <II = 1> <Delay = 6.00> <FuncUnit> <Opcode : 'fexp'> <InPorts = 1> <OutPorts = 1>

State 41 <SV = 23> <Delay = 6.00>
ST_41 : Operation 463 [1/8] (6.00ns)   --->   "%e = call float @llvm.exp.f32(float %tmp)" [pruned_mlp/mlp.cpp:119]   --->   Operation 463 'fexp' 'e' <Predicate = true> <Delay = 6.00> <Core = "FExp">   --->   Core 127 'FExp' <Latency = 7> <II = 1> <Delay = 6.00> <FuncUnit> <Opcode : 'fexp'> <InPorts = 1> <OutPorts = 1>

State 42 <SV = 24> <Delay = 6.01>
ST_42 : Operation 464 [1/1] (0.00ns)   --->   "%output_addr = getelementptr [10 x float]* %output_r, i64 0, i64 %zext_ln119" [pruned_mlp/mlp.cpp:120]   --->   Operation 464 'getelementptr' 'output_addr' <Predicate = true> <Delay = 0.00>
ST_42 : Operation 465 [1/1] (0.79ns)   --->   "store float %e, float* %output_addr, align 4" [pruned_mlp/mlp.cpp:120]   --->   Operation 465 'store' <Predicate = true> <Delay = 0.79> <Core = "RAM">   --->   Core 37 'RAM' <Latency = 1> <II = 1> <Delay = 0.79> <Storage> <Opcode : 'load' 'store'> <Ports = 2> <Width = 32> <Depth = 10> <RAM>
ST_42 : Operation 466 [5/5] (6.01ns)   --->   "%sum = fadd float %sum_0, %e" [pruned_mlp/mlp.cpp:121]   --->   Operation 466 'fadd' 'sum' <Predicate = true> <Delay = 6.01> <Core = "FAddSub">   --->   Core 105 'FAddSub' <Latency = 4> <II = 1> <Delay = 6.01> <FuncUnit> <Opcode : 'fadd' 'fsub'> <InPorts = 2> <OutPorts = 1>

State 43 <SV = 25> <Delay = 6.01>
ST_43 : Operation 467 [4/5] (6.01ns)   --->   "%sum = fadd float %sum_0, %e" [pruned_mlp/mlp.cpp:121]   --->   Operation 467 'fadd' 'sum' <Predicate = true> <Delay = 6.01> <Core = "FAddSub">   --->   Core 105 'FAddSub' <Latency = 4> <II = 1> <Delay = 6.01> <FuncUnit> <Opcode : 'fadd' 'fsub'> <InPorts = 2> <OutPorts = 1>

State 44 <SV = 26> <Delay = 6.01>
ST_44 : Operation 468 [3/5] (6.01ns)   --->   "%sum = fadd float %sum_0, %e" [pruned_mlp/mlp.cpp:121]   --->   Operation 468 'fadd' 'sum' <Predicate = true> <Delay = 6.01> <Core = "FAddSub">   --->   Core 105 'FAddSub' <Latency = 4> <II = 1> <Delay = 6.01> <FuncUnit> <Opcode : 'fadd' 'fsub'> <InPorts = 2> <OutPorts = 1>

State 45 <SV = 27> <Delay = 6.01>
ST_45 : Operation 469 [2/5] (6.01ns)   --->   "%sum = fadd float %sum_0, %e" [pruned_mlp/mlp.cpp:121]   --->   Operation 469 'fadd' 'sum' <Predicate = true> <Delay = 6.01> <Core = "FAddSub">   --->   Core 105 'FAddSub' <Latency = 4> <II = 1> <Delay = 6.01> <FuncUnit> <Opcode : 'fadd' 'fsub'> <InPorts = 2> <OutPorts = 1>

State 46 <SV = 28> <Delay = 6.01>
ST_46 : Operation 470 [1/1] (0.00ns)   --->   "call void (...)* @_ssdm_op_SpecLoopName([12 x i8]* @p_str12) nounwind" [pruned_mlp/mlp.cpp:118]   --->   Operation 470 'specloopname' <Predicate = true> <Delay = 0.00>
ST_46 : Operation 471 [1/5] (6.01ns)   --->   "%sum = fadd float %sum_0, %e" [pruned_mlp/mlp.cpp:121]   --->   Operation 471 'fadd' 'sum' <Predicate = true> <Delay = 6.01> <Core = "FAddSub">   --->   Core 105 'FAddSub' <Latency = 4> <II = 1> <Delay = 6.01> <FuncUnit> <Opcode : 'fadd' 'fsub'> <InPorts = 2> <OutPorts = 1>
ST_46 : Operation 472 [1/1] (0.00ns)   --->   "br label %9" [pruned_mlp/mlp.cpp:118]   --->   Operation 472 'br' <Predicate = true> <Delay = 0.00>

State 47 <SV = 10> <Delay = 0.88>
ST_47 : Operation 473 [1/1] (0.00ns)   --->   "%j9_0 = phi i4 [ %j_6, %11 ], [ 0, %.preheader.preheader ]"   --->   Operation 473 'phi' 'j9_0' <Predicate = true> <Delay = 0.00>
ST_47 : Operation 474 [1/1] (0.88ns)   --->   "%icmp_ln124 = icmp eq i4 %j9_0, -6" [pruned_mlp/mlp.cpp:124]   --->   Operation 474 'icmp' 'icmp_ln124' <Predicate = true> <Delay = 0.88> <Core = "Cmp">   --->   Core 25 'Cmp' <Latency = 0> <II = 1> <Delay = 0.88> <FuncUnit> <Opcode : 'icmp'> <InPorts = 2> <OutPorts = 1>
ST_47 : Operation 475 [1/1] (0.00ns)   --->   "%empty_27 = call i32 (...)* @_ssdm_op_SpecLoopTripCount(i64 10, i64 10, i64 10)"   --->   Operation 475 'speclooptripcount' 'empty_27' <Predicate = true> <Delay = 0.00>
ST_47 : Operation 476 [1/1] (0.86ns)   --->   "%j_6 = add i4 %j9_0, 1" [pruned_mlp/mlp.cpp:124]   --->   Operation 476 'add' 'j_6' <Predicate = true> <Delay = 0.86> <Core = "AddSub">   --->   Core 14 'AddSub' <Latency = 0> <II = 1> <Delay = 0.86> <FuncUnit> <Opcode : 'add' 'sub'> <InPorts = 2> <OutPorts = 1>
ST_47 : Operation 477 [1/1] (0.00ns)   --->   "br i1 %icmp_ln124, label %12, label %11" [pruned_mlp/mlp.cpp:124]   --->   Operation 477 'br' <Predicate = true> <Delay = 0.00>
ST_47 : Operation 478 [1/1] (0.00ns)   --->   "%zext_ln125 = zext i4 %j9_0 to i64" [pruned_mlp/mlp.cpp:125]   --->   Operation 478 'zext' 'zext_ln125' <Predicate = (!icmp_ln124)> <Delay = 0.00>
ST_47 : Operation 479 [1/1] (0.00ns)   --->   "%output_addr_1 = getelementptr [10 x float]* %output_r, i64 0, i64 %zext_ln125" [pruned_mlp/mlp.cpp:125]   --->   Operation 479 'getelementptr' 'output_addr_1' <Predicate = (!icmp_ln124)> <Delay = 0.00>
ST_47 : Operation 480 [2/2] (0.79ns)   --->   "%output_load = load float* %output_addr_1, align 4" [pruned_mlp/mlp.cpp:125]   --->   Operation 480 'load' 'output_load' <Predicate = (!icmp_ln124)> <Delay = 0.79> <Core = "RAM">   --->   Core 37 'RAM' <Latency = 1> <II = 1> <Delay = 0.79> <Storage> <Opcode : 'load' 'store'> <Ports = 2> <Width = 32> <Depth = 10> <RAM>
ST_47 : Operation 481 [1/1] (0.00ns)   --->   "ret void" [pruned_mlp/mlp.cpp:126]   --->   Operation 481 'ret' <Predicate = (icmp_ln124)> <Delay = 0.00>

State 48 <SV = 11> <Delay = 6.03>
ST_48 : Operation 482 [1/2] (0.79ns)   --->   "%output_load = load float* %output_addr_1, align 4" [pruned_mlp/mlp.cpp:125]   --->   Operation 482 'load' 'output_load' <Predicate = true> <Delay = 0.79> <Core = "RAM">   --->   Core 37 'RAM' <Latency = 1> <II = 1> <Delay = 0.79> <Storage> <Opcode : 'load' 'store'> <Ports = 2> <Width = 32> <Depth = 10> <RAM>
ST_48 : Operation 483 [12/12] (5.24ns)   --->   "%tmp_2 = fdiv float %output_load, %sum_0" [pruned_mlp/mlp.cpp:125]   --->   Operation 483 'fdiv' 'tmp_2' <Predicate = true> <Delay = 5.24> <Core = "FDiv">   --->   Core 107 'FDiv' <Latency = 11> <II = 1> <Delay = 5.24> <FuncUnit> <Opcode : 'fdiv' 'frem'> <InPorts = 2> <OutPorts = 1>

State 49 <SV = 12> <Delay = 5.24>
ST_49 : Operation 484 [11/12] (5.24ns)   --->   "%tmp_2 = fdiv float %output_load, %sum_0" [pruned_mlp/mlp.cpp:125]   --->   Operation 484 'fdiv' 'tmp_2' <Predicate = true> <Delay = 5.24> <Core = "FDiv">   --->   Core 107 'FDiv' <Latency = 11> <II = 1> <Delay = 5.24> <FuncUnit> <Opcode : 'fdiv' 'frem'> <InPorts = 2> <OutPorts = 1>

State 50 <SV = 13> <Delay = 5.24>
ST_50 : Operation 485 [10/12] (5.24ns)   --->   "%tmp_2 = fdiv float %output_load, %sum_0" [pruned_mlp/mlp.cpp:125]   --->   Operation 485 'fdiv' 'tmp_2' <Predicate = true> <Delay = 5.24> <Core = "FDiv">   --->   Core 107 'FDiv' <Latency = 11> <II = 1> <Delay = 5.24> <FuncUnit> <Opcode : 'fdiv' 'frem'> <InPorts = 2> <OutPorts = 1>

State 51 <SV = 14> <Delay = 5.24>
ST_51 : Operation 486 [9/12] (5.24ns)   --->   "%tmp_2 = fdiv float %output_load, %sum_0" [pruned_mlp/mlp.cpp:125]   --->   Operation 486 'fdiv' 'tmp_2' <Predicate = true> <Delay = 5.24> <Core = "FDiv">   --->   Core 107 'FDiv' <Latency = 11> <II = 1> <Delay = 5.24> <FuncUnit> <Opcode : 'fdiv' 'frem'> <InPorts = 2> <OutPorts = 1>

State 52 <SV = 15> <Delay = 5.24>
ST_52 : Operation 487 [8/12] (5.24ns)   --->   "%tmp_2 = fdiv float %output_load, %sum_0" [pruned_mlp/mlp.cpp:125]   --->   Operation 487 'fdiv' 'tmp_2' <Predicate = true> <Delay = 5.24> <Core = "FDiv">   --->   Core 107 'FDiv' <Latency = 11> <II = 1> <Delay = 5.24> <FuncUnit> <Opcode : 'fdiv' 'frem'> <InPorts = 2> <OutPorts = 1>

State 53 <SV = 16> <Delay = 5.24>
ST_53 : Operation 488 [7/12] (5.24ns)   --->   "%tmp_2 = fdiv float %output_load, %sum_0" [pruned_mlp/mlp.cpp:125]   --->   Operation 488 'fdiv' 'tmp_2' <Predicate = true> <Delay = 5.24> <Core = "FDiv">   --->   Core 107 'FDiv' <Latency = 11> <II = 1> <Delay = 5.24> <FuncUnit> <Opcode : 'fdiv' 'frem'> <InPorts = 2> <OutPorts = 1>

State 54 <SV = 17> <Delay = 5.24>
ST_54 : Operation 489 [6/12] (5.24ns)   --->   "%tmp_2 = fdiv float %output_load, %sum_0" [pruned_mlp/mlp.cpp:125]   --->   Operation 489 'fdiv' 'tmp_2' <Predicate = true> <Delay = 5.24> <Core = "FDiv">   --->   Core 107 'FDiv' <Latency = 11> <II = 1> <Delay = 5.24> <FuncUnit> <Opcode : 'fdiv' 'frem'> <InPorts = 2> <OutPorts = 1>

State 55 <SV = 18> <Delay = 5.24>
ST_55 : Operation 490 [5/12] (5.24ns)   --->   "%tmp_2 = fdiv float %output_load, %sum_0" [pruned_mlp/mlp.cpp:125]   --->   Operation 490 'fdiv' 'tmp_2' <Predicate = true> <Delay = 5.24> <Core = "FDiv">   --->   Core 107 'FDiv' <Latency = 11> <II = 1> <Delay = 5.24> <FuncUnit> <Opcode : 'fdiv' 'frem'> <InPorts = 2> <OutPorts = 1>

State 56 <SV = 19> <Delay = 5.24>
ST_56 : Operation 491 [4/12] (5.24ns)   --->   "%tmp_2 = fdiv float %output_load, %sum_0" [pruned_mlp/mlp.cpp:125]   --->   Operation 491 'fdiv' 'tmp_2' <Predicate = true> <Delay = 5.24> <Core = "FDiv">   --->   Core 107 'FDiv' <Latency = 11> <II = 1> <Delay = 5.24> <FuncUnit> <Opcode : 'fdiv' 'frem'> <InPorts = 2> <OutPorts = 1>

State 57 <SV = 20> <Delay = 5.24>
ST_57 : Operation 492 [3/12] (5.24ns)   --->   "%tmp_2 = fdiv float %output_load, %sum_0" [pruned_mlp/mlp.cpp:125]   --->   Operation 492 'fdiv' 'tmp_2' <Predicate = true> <Delay = 5.24> <Core = "FDiv">   --->   Core 107 'FDiv' <Latency = 11> <II = 1> <Delay = 5.24> <FuncUnit> <Opcode : 'fdiv' 'frem'> <InPorts = 2> <OutPorts = 1>

State 58 <SV = 21> <Delay = 5.24>
ST_58 : Operation 493 [2/12] (5.24ns)   --->   "%tmp_2 = fdiv float %output_load, %sum_0" [pruned_mlp/mlp.cpp:125]   --->   Operation 493 'fdiv' 'tmp_2' <Predicate = true> <Delay = 5.24> <Core = "FDiv">   --->   Core 107 'FDiv' <Latency = 11> <II = 1> <Delay = 5.24> <FuncUnit> <Opcode : 'fdiv' 'frem'> <InPorts = 2> <OutPorts = 1>

State 59 <SV = 22> <Delay = 6.03>
ST_59 : Operation 494 [1/1] (0.00ns)   --->   "call void (...)* @_ssdm_op_SpecLoopName([13 x i8]* @p_str13) nounwind" [pruned_mlp/mlp.cpp:125]   --->   Operation 494 'specloopname' <Predicate = true> <Delay = 0.00>
ST_59 : Operation 495 [1/12] (5.24ns)   --->   "%tmp_2 = fdiv float %output_load, %sum_0" [pruned_mlp/mlp.cpp:125]   --->   Operation 495 'fdiv' 'tmp_2' <Predicate = true> <Delay = 5.24> <Core = "FDiv">   --->   Core 107 'FDiv' <Latency = 11> <II = 1> <Delay = 5.24> <FuncUnit> <Opcode : 'fdiv' 'frem'> <InPorts = 2> <OutPorts = 1>
ST_59 : Operation 496 [1/1] (0.79ns)   --->   "store float %tmp_2, float* %output_addr_1, align 4" [pruned_mlp/mlp.cpp:125]   --->   Operation 496 'store' <Predicate = true> <Delay = 0.79> <Core = "RAM">   --->   Core 37 'RAM' <Latency = 1> <II = 1> <Delay = 0.79> <Storage> <Opcode : 'load' 'store'> <Ports = 2> <Width = 32> <Depth = 10> <RAM>
ST_59 : Operation 497 [1/1] (0.00ns)   --->   "br label %.preheader" [pruned_mlp/mlp.cpp:124]   --->   Operation 497 'br' <Predicate = true> <Delay = 0.00>


============================================================
+ Verbose Summary: Binding
============================================================
STG Binding: 
---------------- STG Properties BEGIN ----------------
- Is combinational: 0
- Is one-state seq: 0
- Is datapath-only: 0
- Is pipelined: 0
- Is top level: 1
Port [ Return ] is wired: 1; IO mode=ap_ctrl_hs:ce=0
Port [ input_V]:  wired=1; compound=1; hidden=0; nouse=0; global=0; static=0; extern=0; dir=0; type=1; pingpong=0; private_global=0; MemPort=[13]; IO mode=ap_memory:ce=0
Port [ output_r]:  wired=1; compound=1; hidden=0; nouse=0; global=0; static=0; extern=0; dir=2; type=1; pingpong=0; private_global=0; MemPort=[23]; IO mode=ap_memory:ce=0
Port [ B1_V]:  wired=0; compound=1; hidden=1; nouse=0; global=1; static=1; extern=0; dir=0; type=1; pingpong=0; private_global=1; linkage=7; visibility=0; MemPort=[1]; IO mode=ap_memory:ce=0
Port [ W1_V]:  wired=0; compound=1; hidden=1; nouse=0; global=1; static=1; extern=0; dir=0; type=1; pingpong=0; private_global=1; linkage=7; visibility=0; MemPort=[1]; IO mode=ap_memory:ce=0
Port [ B2_V]:  wired=0; compound=1; hidden=1; nouse=0; global=1; static=1; extern=0; dir=0; type=1; pingpong=0; private_global=1; linkage=7; visibility=0; MemPort=[1]; IO mode=ap_memory:ce=0
Port [ W2_V]:  wired=0; compound=1; hidden=1; nouse=0; global=1; static=1; extern=0; dir=0; type=1; pingpong=0; private_global=1; linkage=7; visibility=0; MemPort=[1]; IO mode=ap_memory:ce=0
Port [ B3_V]:  wired=0; compound=1; hidden=1; nouse=0; global=1; static=1; extern=0; dir=0; type=1; pingpong=0; private_global=1; linkage=7; visibility=0; MemPort=[1]; IO mode=ap_memory:ce=0
Port [ W3_V]:  wired=0; compound=1; hidden=1; nouse=0; global=1; static=1; extern=0; dir=0; type=1; pingpong=0; private_global=1; linkage=7; visibility=0; MemPort=[1]; IO mode=ap_memory:ce=0
Port [ B4_V]:  wired=0; compound=1; hidden=1; nouse=0; global=1; static=1; extern=0; dir=0; type=1; pingpong=0; private_global=1; linkage=7; visibility=0; MemPort=[1]; IO mode=ap_memory:ce=0
Port [ W4_V]:  wired=0; compound=1; hidden=1; nouse=0; global=1; static=1; extern=0; dir=0; type=1; pingpong=0; private_global=1; linkage=7; visibility=0; MemPort=[1]; IO mode=ap_memory:ce=0
---------------- STG Properties END ------------------

---------------- Datapath Model BEGIN ----------------

<LifeTime>
<method=bitvector/>
specbitsmap_ln0    (specbitsmap      ) [ 000000000000000000000000000000000000000000000000000000000000]
specbitsmap_ln0    (specbitsmap      ) [ 000000000000000000000000000000000000000000000000000000000000]
spectopmodule_ln0  (spectopmodule    ) [ 000000000000000000000000000000000000000000000000000000000000]
a1_V               (alloca           ) [ 001111111100000000000000000000000000000000000000000000000000]
a2_V               (alloca           ) [ 001111111111110000000000000000000000000000000000000000000000]
a3_V               (alloca           ) [ 001111111111111111000000000000000000000000000000000000000000]
z4_V               (alloca           ) [ 001111111111111111111111111000000000000000000000000000000000]
logits             (alloca           ) [ 001111111111111111111111111111111111111111111110000000000000]
br_ln88            (br               ) [ 011111000000000000000000000000000000000000000000000000000000]
j_0                (phi              ) [ 001000000000000000000000000000000000000000000000000000000000]
phi_mul            (phi              ) [ 001111000000000000000000000000000000000000000000000000000000]
add_ln88           (add              ) [ 011111000000000000000000000000000000000000000000000000000000]
icmp_ln88          (icmp             ) [ 001111000000000000000000000000000000000000000000000000000000]
empty              (speclooptripcount) [ 000000000000000000000000000000000000000000000000000000000000]
j                  (add              ) [ 011111000000000000000000000000000000000000000000000000000000]
br_ln88            (br               ) [ 000000000000000000000000000000000000000000000000000000000000]
zext_ln89          (zext             ) [ 000111000000000000000000000000000000000000000000000000000000]
B1_V_addr          (getelementptr    ) [ 000100000000000000000000000000000000000000000000000000000000]
br_ln93            (br               ) [ 001111111100000000000000000000000000000000000000000000000000]
specloopname_ln89  (specloopname     ) [ 000000000000000000000000000000000000000000000000000000000000]
acc_V              (load             ) [ 000000000000000000000000000000000000000000000000000000000000]
zext_ln89_1        (zext             ) [ 001111000000000000000000000000000000000000000000000000000000]
br_ln68            (br               ) [ 001111000000000000000000000000000000000000000000000000000000]
p_Val2_1           (phi              ) [ 000011000000000000000000000000000000000000000000000000000000]
i_0_i              (phi              ) [ 000010000000000000000000000000000000000000000000000000000000]
empty_15           (speclooptripcount) [ 000000000000000000000000000000000000000000000000000000000000]
icmp_ln68          (icmp             ) [ 001111000000000000000000000000000000000000000000000000000000]
i                  (add              ) [ 001111000000000000000000000000000000000000000000000000000000]
br_ln68            (br               ) [ 000000000000000000000000000000000000000000000000000000000000]
zext_ln69          (zext             ) [ 000000000000000000000000000000000000000000000000000000000000]
zext_ln1117_2      (zext             ) [ 000000000000000000000000000000000000000000000000000000000000]
add_ln1117_1       (add              ) [ 000000000000000000000000000000000000000000000000000000000000]
zext_ln1117_3      (zext             ) [ 000000000000000000000000000000000000000000000000000000000000]
W1_V_addr          (getelementptr    ) [ 000001000000000000000000000000000000000000000000000000000000]
input_V_addr       (getelementptr    ) [ 000001000000000000000000000000000000000000000000000000000000]
empty_16           (trunc            ) [ 000000000000000000000000000000000000000000000000000000000000]
tmp_10             (bitselect        ) [ 000000000000000000000000000000000000000000000000000000000000]
p_Val2_s           (select           ) [ 000000000000000000000000000000000000000000000000000000000000]
a1_V_addr          (getelementptr    ) [ 000000000000000000000000000000000000000000000000000000000000]
store_ln89         (store            ) [ 000000000000000000000000000000000000000000000000000000000000]
br_ln88            (br               ) [ 011111000000000000000000000000000000000000000000000000000000]
specloopname_ln68  (specloopname     ) [ 000000000000000000000000000000000000000000000000000000000000]
input_V_load       (load             ) [ 000000000000000000000000000000000000000000000000000000000000]
sext_ln1192        (sext             ) [ 000000000000000000000000000000000000000000000000000000000000]
W1_V_load          (load             ) [ 000000000000000000000000000000000000000000000000000000000000]
sext_ln1192_1      (sext             ) [ 000000000000000000000000000000000000000000000000000000000000]
mul_ln1192         (mul              ) [ 000000000000000000000000000000000000000000000000000000000000]
lhs_V              (bitconcatenate   ) [ 000000000000000000000000000000000000000000000000000000000000]
ret_V              (add              ) [ 000000000000000000000000000000000000000000000000000000000000]
acc_V_2            (partselect       ) [ 001111000000000000000000000000000000000000000000000000000000]
br_ln68            (br               ) [ 001111000000000000000000000000000000000000000000000000000000]
j4_0               (phi              ) [ 000000110000000000000000000000000000000000000000000000000000]
icmp_ln93          (icmp             ) [ 000000111100000000000000000000000000000000000000000000000000]
empty_17           (speclooptripcount) [ 000000000000000000000000000000000000000000000000000000000000]
j_1                (add              ) [ 001000111100000000000000000000000000000000000000000000000000]
br_ln93            (br               ) [ 000000000000000000000000000000000000000000000000000000000000]
zext_ln94          (zext             ) [ 000000011100000000000000000000000000000000000000000000000000]
B2_V_addr          (getelementptr    ) [ 000000010000000000000000000000000000000000000000000000000000]
br_ln98            (br               ) [ 000000111111110000000000000000000000000000000000000000000000]
specloopname_ln94  (specloopname     ) [ 000000000000000000000000000000000000000000000000000000000000]
zext_ln1117        (zext             ) [ 000000000000000000000000000000000000000000000000000000000000]
tmp_7              (bitconcatenate   ) [ 000000000000000000000000000000000000000000000000000000000000]
zext_ln1117_1      (zext             ) [ 000000000000000000000000000000000000000000000000000000000000]
add_ln1117         (add              ) [ 000000001100000000000000000000000000000000000000000000000000]
acc_V_1            (load             ) [ 000000000000000000000000000000000000000000000000000000000000]
sext_ln94          (sext             ) [ 000000111100000000000000000000000000000000000000000000000000]
br_ln68            (br               ) [ 000000111100000000000000000000000000000000000000000000000000]
p_Val2_4           (phi              ) [ 000000001100000000000000000000000000000000000000000000000000]
i_0_i10            (phi              ) [ 000000001000000000000000000000000000000000000000000000000000]
empty_18           (speclooptripcount) [ 000000000000000000000000000000000000000000000000000000000000]
icmp_ln68_1        (icmp             ) [ 000000111100000000000000000000000000000000000000000000000000]
i_1                (add              ) [ 000000111100000000000000000000000000000000000000000000000000]
br_ln68            (br               ) [ 000000000000000000000000000000000000000000000000000000000000]
zext_ln69_1        (zext             ) [ 000000000000000000000000000000000000000000000000000000000000]
zext_ln1117_4      (zext             ) [ 000000000000000000000000000000000000000000000000000000000000]
add_ln1117_2       (add              ) [ 000000000000000000000000000000000000000000000000000000000000]
zext_ln1117_5      (zext             ) [ 000000000000000000000000000000000000000000000000000000000000]
W2_V_addr          (getelementptr    ) [ 000000000100000000000000000000000000000000000000000000000000]
a1_V_addr_1        (getelementptr    ) [ 000000000100000000000000000000000000000000000000000000000000]
empty_19           (trunc            ) [ 000000000000000000000000000000000000000000000000000000000000]
tmp_11             (bitselect        ) [ 000000000000000000000000000000000000000000000000000000000000]
p_Val2_3           (select           ) [ 000000000000000000000000000000000000000000000000000000000000]
a2_V_addr          (getelementptr    ) [ 000000000000000000000000000000000000000000000000000000000000]
store_ln94         (store            ) [ 000000000000000000000000000000000000000000000000000000000000]
br_ln93            (br               ) [ 001000111100000000000000000000000000000000000000000000000000]
specloopname_ln68  (specloopname     ) [ 000000000000000000000000000000000000000000000000000000000000]
a1_V_load          (load             ) [ 000000000000000000000000000000000000000000000000000000000000]
zext_ln1192        (zext             ) [ 000000000000000000000000000000000000000000000000000000000000]
W2_V_load          (load             ) [ 000000000000000000000000000000000000000000000000000000000000]
sext_ln1192_2      (sext             ) [ 000000000000000000000000000000000000000000000000000000000000]
mul_ln1192_1       (mul              ) [ 000000000000000000000000000000000000000000000000000000000000]
lhs_V_1            (bitconcatenate   ) [ 000000000000000000000000000000000000000000000000000000000000]
ret_V_1            (add              ) [ 000000000000000000000000000000000000000000000000000000000000]
acc_V_4            (partselect       ) [ 000000111100000000000000000000000000000000000000000000000000]
br_ln68            (br               ) [ 000000111100000000000000000000000000000000000000000000000000]
j5_0               (phi              ) [ 000000000011000000000000000000000000000000000000000000000000]
icmp_ln98          (icmp             ) [ 000000000011110000000000000000000000000000000000000000000000]
empty_20           (speclooptripcount) [ 000000000000000000000000000000000000000000000000000000000000]
j_2                (add              ) [ 000000100011110000000000000000000000000000000000000000000000]
br_ln98            (br               ) [ 000000000000000000000000000000000000000000000000000000000000]
zext_ln99          (zext             ) [ 000000000001110000000000000000000000000000000000000000000000]
B3_V_addr          (getelementptr    ) [ 000000000001000000000000000000000000000000000000000000000000]
br_ln103           (br               ) [ 000000000011111111000000000000000000000000000000000000000000]
specloopname_ln99  (specloopname     ) [ 000000000000000000000000000000000000000000000000000000000000]
tmp_8              (bitconcatenate   ) [ 000000000000000000000000000000000000000000000000000000000000]
zext_ln99_1        (zext             ) [ 000000000000110000000000000000000000000000000000000000000000]
acc_V_3            (load             ) [ 000000000000000000000000000000000000000000000000000000000000]
sext_ln99          (sext             ) [ 000000000011110000000000000000000000000000000000000000000000]
br_ln68            (br               ) [ 000000000011110000000000000000000000000000000000000000000000]
p_Val2_9           (phi              ) [ 000000000000110000000000000000000000000000000000000000000000]
i_0_i26            (phi              ) [ 000000000000100000000000000000000000000000000000000000000000]
empty_21           (speclooptripcount) [ 000000000000000000000000000000000000000000000000000000000000]
icmp_ln68_2        (icmp             ) [ 000000000011110000000000000000000000000000000000000000000000]
i_2                (add              ) [ 000000000011110000000000000000000000000000000000000000000000]
br_ln68            (br               ) [ 000000000000000000000000000000000000000000000000000000000000]
zext_ln69_2        (zext             ) [ 000000000000000000000000000000000000000000000000000000000000]
zext_ln1117_6      (zext             ) [ 000000000000000000000000000000000000000000000000000000000000]
add_ln1117_3       (add              ) [ 000000000000000000000000000000000000000000000000000000000000]
zext_ln1117_7      (zext             ) [ 000000000000000000000000000000000000000000000000000000000000]
W3_V_addr          (getelementptr    ) [ 000000000000010000000000000000000000000000000000000000000000]
a2_V_addr_1        (getelementptr    ) [ 000000000000010000000000000000000000000000000000000000000000]
empty_22           (trunc            ) [ 000000000000000000000000000000000000000000000000000000000000]
tmp_16             (bitselect        ) [ 000000000000000000000000000000000000000000000000000000000000]
p_Val2_10          (select           ) [ 000000000000000000000000000000000000000000000000000000000000]
a3_V_addr          (getelementptr    ) [ 000000000000000000000000000000000000000000000000000000000000]
store_ln99         (store            ) [ 000000000000000000000000000000000000000000000000000000000000]
br_ln98            (br               ) [ 000000100011110000000000000000000000000000000000000000000000]
specloopname_ln68  (specloopname     ) [ 000000000000000000000000000000000000000000000000000000000000]
a2_V_load          (load             ) [ 000000000000000000000000000000000000000000000000000000000000]
zext_ln1192_1      (zext             ) [ 000000000000000000000000000000000000000000000000000000000000]
W3_V_load          (load             ) [ 000000000000000000000000000000000000000000000000000000000000]
sext_ln1192_3      (sext             ) [ 000000000000000000000000000000000000000000000000000000000000]
mul_ln1192_2       (mul              ) [ 000000000000000000000000000000000000000000000000000000000000]
lhs_V_2            (bitconcatenate   ) [ 000000000000000000000000000000000000000000000000000000000000]
ret_V_2            (add              ) [ 000000000000000000000000000000000000000000000000000000000000]
acc_V_6            (partselect       ) [ 000000000011110000000000000000000000000000000000000000000000]
br_ln68            (br               ) [ 000000000011110000000000000000000000000000000000000000000000]
j6_0               (phi              ) [ 000000000000001100000000000000000000000000000000000000000000]
icmp_ln103         (icmp             ) [ 000000000000001111000000000000000000000000000000000000000000]
empty_23           (speclooptripcount) [ 000000000000000000000000000000000000000000000000000000000000]
j_3                (add              ) [ 000000000010001111000000000000000000000000000000000000000000]
br_ln103           (br               ) [ 000000000000000000000000000000000000000000000000000000000000]
zext_ln104         (zext             ) [ 000000000000000111000000000000000000000000000000000000000000]
B4_V_addr          (getelementptr    ) [ 000000000000000100000000000000000000000000000000000000000000]
z4_V_addr          (getelementptr    ) [ 000000000000000000100000000000000000000000000000000000000000]
specloopname_ln104 (specloopname     ) [ 000000000000000000000000000000000000000000000000000000000000]
tmp_9              (bitconcatenate   ) [ 000000000000000000000000000000000000000000000000000000000000]
zext_ln104_1       (zext             ) [ 000000000000000011000000000000000000000000000000000000000000]
acc_V_5            (load             ) [ 000000000000000000000000000000000000000000000000000000000000]
sext_ln104         (sext             ) [ 000000000000001111000000000000000000000000000000000000000000]
br_ln68            (br               ) [ 000000000000001111000000000000000000000000000000000000000000]
p_Val2_14          (phi              ) [ 000000000000000011000000000000000000000000000000000000000000]
i_0_i42            (phi              ) [ 000000000000000010000000000000000000000000000000000000000000]
empty_24           (speclooptripcount) [ 000000000000000000000000000000000000000000000000000000000000]
icmp_ln68_3        (icmp             ) [ 000000000000001111000000000000000000000000000000000000000000]
i_3                (add              ) [ 000000000000001111000000000000000000000000000000000000000000]
br_ln68            (br               ) [ 000000000000000000000000000000000000000000000000000000000000]
zext_ln69_3        (zext             ) [ 000000000000000000000000000000000000000000000000000000000000]
zext_ln1117_8      (zext             ) [ 000000000000000000000000000000000000000000000000000000000000]
add_ln1117_4       (add              ) [ 000000000000000000000000000000000000000000000000000000000000]
zext_ln1117_9      (zext             ) [ 000000000000000000000000000000000000000000000000000000000000]
W4_V_addr          (getelementptr    ) [ 000000000000000001000000000000000000000000000000000000000000]
a3_V_addr_1        (getelementptr    ) [ 000000000000000001000000000000000000000000000000000000000000]
z4_V_addr_1        (getelementptr    ) [ 000000000000000000000000000000000000000000000000000000000000]
store_ln104        (store            ) [ 000000000000000000000000000000000000000000000000000000000000]
br_ln103           (br               ) [ 000000000010001111000000000000000000000000000000000000000000]
specloopname_ln68  (specloopname     ) [ 000000000000000000000000000000000000000000000000000000000000]
a3_V_load          (load             ) [ 000000000000000000000000000000000000000000000000000000000000]
zext_ln1192_2      (zext             ) [ 000000000000000000000000000000000000000000000000000000000000]
W4_V_load          (load             ) [ 000000000000000000000000000000000000000000000000000000000000]
sext_ln1192_4      (sext             ) [ 000000000000000000000000000000000000000000000000000000000000]
mul_ln1192_3       (mul              ) [ 000000000000000000000000000000000000000000000000000000000000]
lhs_V_3            (bitconcatenate   ) [ 000000000000000000000000000000000000000000000000000000000000]
ret_V_3            (add              ) [ 000000000000000000000000000000000000000000000000000000000000]
acc_V_7            (partselect       ) [ 000000000000001111000000000000000000000000000000000000000000]
br_ln68            (br               ) [ 000000000000001111000000000000000000000000000000000000000000]
tmp_V_9            (load             ) [ 000000000000000000010000000000000000000000000000000000000000]
p_Result_21        (bitselect        ) [ 000000000000000000011000000000000000000000000000000000000000]
tmp_V              (sub              ) [ 000000000000000000010000000000000000000000000000000000000000]
icmp_ln935         (icmp             ) [ 000000000000000000001000000000000000000000000000000000000000]
tmp_V_10           (select           ) [ 000000000000000000001000000000000000000000000000000000000000]
p_Result_s         (partselect       ) [ 000000000000000000000000000000000000000000000000000000000000]
p_Result_22        (bitconcatenate   ) [ 000000000000000000000000000000000000000000000000000000000000]
l                  (cttz             ) [ 000000000000000000000000000000000000000000000000000000000000]
sub_ln944          (sub              ) [ 000000000000000000001000000000000000000000000000000000000000]
trunc_ln944        (trunc            ) [ 000000000000000000000000000000000000000000000000000000000000]
lsb_index          (add              ) [ 000000000000000000000000000000000000000000000000000000000000]
tmp_13             (partselect       ) [ 000000000000000000000000000000000000000000000000000000000000]
icmp_ln947         (icmp             ) [ 000000000000000000000000000000000000000000000000000000000000]
trunc_ln947        (trunc            ) [ 000000000000000000000000000000000000000000000000000000000000]
sub_ln947          (sub              ) [ 000000000000000000000000000000000000000000000000000000000000]
zext_ln947         (zext             ) [ 000000000000000000000000000000000000000000000000000000000000]
lshr_ln947         (lshr             ) [ 000000000000000000000000000000000000000000000000000000000000]
p_Result_4         (and              ) [ 000000000000000000000000000000000000000000000000000000000000]
icmp_ln947_1       (icmp             ) [ 000000000000000000000000000000000000000000000000000000000000]
a                  (and              ) [ 000000000000000000000000000000000000000000000000000000000000]
tmp_14             (bitselect        ) [ 000000000000000000000000000000000000000000000000000000000000]
xor_ln949          (xor              ) [ 000000000000000000000000000000000000000000000000000000000000]
add_ln949          (add              ) [ 000000000000000000000000000000000000000000000000000000000000]
p_Result_3         (bitselect        ) [ 000000000000000000000000000000000000000000000000000000000000]
and_ln949          (and              ) [ 000000000000000000000000000000000000000000000000000000000000]
or_ln949           (or               ) [ 000000000000000000000000000000000000000000000000000000000000]
or_ln              (bitconcatenate   ) [ 000000000000000000001000000000000000000000000000000000000000]
icmp_ln958         (icmp             ) [ 000000000000000000001000000000000000000000000000000000000000]
trunc_ln943        (trunc            ) [ 000000000000000000001000000000000000000000000000000000000000]
m                  (zext             ) [ 000000000000000000000000000000000000000000000000000000000000]
zext_ln957_1       (zext             ) [ 000000000000000000000000000000000000000000000000000000000000]
add_ln958          (add              ) [ 000000000000000000000000000000000000000000000000000000000000]
lshr_ln958         (lshr             ) [ 000000000000000000000000000000000000000000000000000000000000]
zext_ln958         (zext             ) [ 000000000000000000000000000000000000000000000000000000000000]
sub_ln958          (sub              ) [ 000000000000000000000000000000000000000000000000000000000000]
zext_ln958_1       (zext             ) [ 000000000000000000000000000000000000000000000000000000000000]
shl_ln958          (shl              ) [ 000000000000000000000000000000000000000000000000000000000000]
m_1                (select           ) [ 000000000000000000000000000000000000000000000000000000000000]
zext_ln961         (zext             ) [ 000000000000000000000000000000000000000000000000000000000000]
m_2                (add              ) [ 000000000000000000000000000000000000000000000000000000000000]
m_s                (partselect       ) [ 000000000000000000000000000000000000000000000000000000000000]
m_26               (zext             ) [ 000000000000000000000000000000000000000000000000000000000000]
tmp_15             (bitselect        ) [ 000000000000000000000000000000000000000000000000000000000000]
select_ln964       (select           ) [ 000000000000000000000000000000000000000000000000000000000000]
sub_ln964          (sub              ) [ 000000000000000000000000000000000000000000000000000000000000]
add_ln964          (add              ) [ 000000000000000000000000000000000000000000000000000000000000]
tmp_s              (bitconcatenate   ) [ 000000000000000000000000000000000000000000000000000000000000]
p_Result_23        (partset          ) [ 000000000000000000000000000000000000000000000000000000000000]
trunc_ln738        (trunc            ) [ 000000000000000000000000000000000000000000000000000000000000]
bitcast_ln739      (bitcast          ) [ 000000000000000000000000000000000000000000000000000000000000]
select_ln935       (select           ) [ 000000000000000000001111111000000000000000000000000000000000]
br_ln109           (br               ) [ 000000000000000000001111111000000000000000000000000000000000]
maxv_0             (phi              ) [ 000000000000000000000111111111111111111111111110000000000000]
j7_0               (phi              ) [ 000000000000000000000111100000000000000000000000000000000000]
icmp_ln109         (icmp             ) [ 000000000000000000000111111000000000000000000000000000000000]
empty_25           (speclooptripcount) [ 000000000000000000000000000000000000000000000000000000000000]
br_ln109           (br               ) [ 000000000000000000000000000000000000000000000000000000000000]
zext_ln110         (zext             ) [ 000000000000000000000011100000000000000000000000000000000000]
z4_V_addr_2        (getelementptr    ) [ 000000000000000000000010000000000000000000000000000000000000]
logits_addr_2      (getelementptr    ) [ 000000000000000000000000000000000000000000000000000000000000]
store_ln114        (store            ) [ 000000000000000000000000000000000000000000000000000000000000]
br_ln118           (br               ) [ 000000000000000000000111111111111111111111111110000000000000]
tmp_V_11           (load             ) [ 000000000000000000000001110000000000000000000000000000000000]
icmp_ln935_1       (icmp             ) [ 000000000000000000000111111000000000000000000000000000000000]
br_ln110           (br               ) [ 000000000000000000000000000000000000000000000000000000000000]
tmp_V_5            (sub              ) [ 000000000000000000000001000000000000000000000000000000000000]
logits_addr        (getelementptr    ) [ 000000000000000000000000000000000000000000000000000000000000]
store_ln110        (store            ) [ 000000000000000000000000000000000000000000000000000000000000]
br_ln111           (br               ) [ 000000000000000000000111111000000000000000000000000000000000]
p_Result_24        (bitselect        ) [ 000000000000000000000110111000000000000000000000000000000000]
tmp_V_12           (select           ) [ 000000000000000000000110111000000000000000000000000000000000]
p_Result_10        (partselect       ) [ 000000000000000000000000000000000000000000000000000000000000]
p_Result_25        (bitconcatenate   ) [ 000000000000000000000000000000000000000000000000000000000000]
l_1                (cttz             ) [ 000000000000000000000000000000000000000000000000000000000000]
sub_ln944_1        (sub              ) [ 000000000000000000000110111000000000000000000000000000000000]
trunc_ln944_1      (trunc            ) [ 000000000000000000000000000000000000000000000000000000000000]
lsb_index_1        (add              ) [ 000000000000000000000000000000000000000000000000000000000000]
tmp_18             (partselect       ) [ 000000000000000000000000000000000000000000000000000000000000]
icmp_ln947_2       (icmp             ) [ 000000000000000000000000000000000000000000000000000000000000]
trunc_ln947_1      (trunc            ) [ 000000000000000000000000000000000000000000000000000000000000]
sub_ln947_1        (sub              ) [ 000000000000000000000000000000000000000000000000000000000000]
zext_ln947_1       (zext             ) [ 000000000000000000000000000000000000000000000000000000000000]
lshr_ln947_1       (lshr             ) [ 000000000000000000000000000000000000000000000000000000000000]
p_Result_12        (and              ) [ 000000000000000000000000000000000000000000000000000000000000]
icmp_ln947_3       (icmp             ) [ 000000000000000000000000000000000000000000000000000000000000]
a_1                (and              ) [ 000000000000000000000000000000000000000000000000000000000000]
tmp_19             (bitselect        ) [ 000000000000000000000000000000000000000000000000000000000000]
xor_ln949_1        (xor              ) [ 000000000000000000000000000000000000000000000000000000000000]
add_ln949_1        (add              ) [ 000000000000000000000000000000000000000000000000000000000000]
p_Result_13        (bitselect        ) [ 000000000000000000000000000000000000000000000000000000000000]
and_ln949_1        (and              ) [ 000000000000000000000000000000000000000000000000000000000000]
or_ln949_1         (or               ) [ 000000000000000000000000000000000000000000000000000000000000]
or_ln949_2         (bitconcatenate   ) [ 000000000000000000000110111000000000000000000000000000000000]
icmp_ln958_1       (icmp             ) [ 000000000000000000000110111000000000000000000000000000000000]
trunc_ln943_1      (trunc            ) [ 000000000000000000000110111000000000000000000000000000000000]
m_15               (zext             ) [ 000000000000000000000000000000000000000000000000000000000000]
zext_ln957_2       (zext             ) [ 000000000000000000000000000000000000000000000000000000000000]
add_ln958_1        (add              ) [ 000000000000000000000000000000000000000000000000000000000000]
lshr_ln958_1       (lshr             ) [ 000000000000000000000000000000000000000000000000000000000000]
zext_ln958_2       (zext             ) [ 000000000000000000000000000000000000000000000000000000000000]
sub_ln958_1        (sub              ) [ 000000000000000000000000000000000000000000000000000000000000]
zext_ln958_3       (zext             ) [ 000000000000000000000000000000000000000000000000000000000000]
shl_ln958_1        (shl              ) [ 000000000000000000000000000000000000000000000000000000000000]
m_16               (select           ) [ 000000000000000000000000000000000000000000000000000000000000]
zext_ln961_1       (zext             ) [ 000000000000000000000000000000000000000000000000000000000000]
m_17               (add              ) [ 000000000000000000000000000000000000000000000000000000000000]
m_3                (partselect       ) [ 000000000000000000000000000000000000000000000000000000000000]
m_27               (zext             ) [ 000000000000000000000000000000000000000000000000000000000000]
tmp_20             (bitselect        ) [ 000000000000000000000000000000000000000000000000000000000000]
select_ln964_1     (select           ) [ 000000000000000000000000000000000000000000000000000000000000]
sub_ln964_1        (sub              ) [ 000000000000000000000000000000000000000000000000000000000000]
add_ln964_1        (add              ) [ 000000000000000000000000000000000000000000000000000000000000]
tmp_4              (bitconcatenate   ) [ 000000000000000000000000000000000000000000000000000000000000]
p_Result_26        (partset          ) [ 000000000000000000000000000000000000000000000000000000000000]
trunc_ln738_1      (trunc            ) [ 000000000000000000000000000000000000000000000000000000000000]
bitcast_ln739_1    (bitcast          ) [ 000000000000000000000111111000000000000000000000000000000000]
logits_addr_1      (getelementptr    ) [ 000000000000000000000000000000000000000000000000000000000000]
store_ln110        (store            ) [ 000000000000000000000000000000000000000000000000000000000000]
br_ln111           (br               ) [ 000000000000000000000111111000000000000000000000000000000000]
tmp_V_7            (sub              ) [ 000000000000000000000000010000000000000000000000000000000000]
j_5                (add              ) [ 000000000000000000001100011000000000000000000000000000000000]
p_0202             (phi              ) [ 000000000000000000000000011000000000000000000000000000000000]
bitcast_ln111      (bitcast          ) [ 000000000000000000000000000000000000000000000000000000000000]
tmp_1              (partselect       ) [ 000000000000000000000000000000000000000000000000000000000000]
trunc_ln111        (trunc            ) [ 000000000000000000000000000000000000000000000000000000000000]
icmp_ln111         (icmp             ) [ 000000000000000000000000001000000000000000000000000000000000]
icmp_ln111_1       (icmp             ) [ 000000000000000000000000001000000000000000000000000000000000]
p_Result_27        (bitselect        ) [ 000000000000000000000000001000000000000000000000000000000000]
tmp_V_13           (select           ) [ 000000000000000000000000001000000000000000000000000000000000]
p_Result_16        (partselect       ) [ 000000000000000000000000000000000000000000000000000000000000]
p_Result_28        (bitconcatenate   ) [ 000000000000000000000000000000000000000000000000000000000000]
l_2                (cttz             ) [ 000000000000000000000000000000000000000000000000000000000000]
sub_ln944_2        (sub              ) [ 000000000000000000000000001000000000000000000000000000000000]
trunc_ln944_2      (trunc            ) [ 000000000000000000000000000000000000000000000000000000000000]
lsb_index_2        (add              ) [ 000000000000000000000000000000000000000000000000000000000000]
tmp_22             (partselect       ) [ 000000000000000000000000000000000000000000000000000000000000]
icmp_ln947_4       (icmp             ) [ 000000000000000000000000000000000000000000000000000000000000]
trunc_ln947_2      (trunc            ) [ 000000000000000000000000000000000000000000000000000000000000]
sub_ln947_2        (sub              ) [ 000000000000000000000000000000000000000000000000000000000000]
zext_ln947_2       (zext             ) [ 000000000000000000000000000000000000000000000000000000000000]
lshr_ln947_2       (lshr             ) [ 000000000000000000000000000000000000000000000000000000000000]
p_Result_18        (and              ) [ 000000000000000000000000000000000000000000000000000000000000]
icmp_ln947_5       (icmp             ) [ 000000000000000000000000000000000000000000000000000000000000]
a_2                (and              ) [ 000000000000000000000000000000000000000000000000000000000000]
tmp_23             (bitselect        ) [ 000000000000000000000000000000000000000000000000000000000000]
xor_ln949_2        (xor              ) [ 000000000000000000000000000000000000000000000000000000000000]
add_ln949_2        (add              ) [ 000000000000000000000000000000000000000000000000000000000000]
p_Result_19        (bitselect        ) [ 000000000000000000000000000000000000000000000000000000000000]
and_ln949_2        (and              ) [ 000000000000000000000000000000000000000000000000000000000000]
or_ln949_3         (or               ) [ 000000000000000000000000000000000000000000000000000000000000]
or_ln949_4         (bitconcatenate   ) [ 000000000000000000000000001000000000000000000000000000000000]
icmp_ln958_2       (icmp             ) [ 000000000000000000000000001000000000000000000000000000000000]
trunc_ln943_2      (trunc            ) [ 000000000000000000000000001000000000000000000000000000000000]
bitcast_ln111_1    (bitcast          ) [ 000000000000000000000000000000000000000000000000000000000000]
tmp_3              (partselect       ) [ 000000000000000000000000000000000000000000000000000000000000]
trunc_ln111_1      (trunc            ) [ 000000000000000000000000000000000000000000000000000000000000]
or_ln111_1         (or               ) [ 000000000000000000000000000000000000000000000000000000000000]
icmp_ln111_2       (icmp             ) [ 000000000000000000000000000000000000000000000000000000000000]
icmp_ln111_3       (icmp             ) [ 000000000000000000000000000000000000000000000000000000000000]
or_ln111_2         (or               ) [ 000000000000000000000000000000000000000000000000000000000000]
and_ln111          (and              ) [ 000000000000000000000000000000000000000000000000000000000000]
tmp_5              (fcmp             ) [ 000000000000000000000000000000000000000000000000000000000000]
and_ln111_1        (and              ) [ 000000000000000000000000000000000000000000000000000000000000]
xor_ln111          (xor              ) [ 000000000000000000000000000000000000000000000000000000000000]
or_ln111           (or               ) [ 000000000000000000000000000000000000000000000000000000000000]
select_ln111       (select           ) [ 000000000000000000000000000000000000000000000000000000000000]
m_21               (zext             ) [ 000000000000000000000000000000000000000000000000000000000000]
zext_ln957_3       (zext             ) [ 000000000000000000000000000000000000000000000000000000000000]
add_ln958_2        (add              ) [ 000000000000000000000000000000000000000000000000000000000000]
lshr_ln958_2       (lshr             ) [ 000000000000000000000000000000000000000000000000000000000000]
zext_ln958_4       (zext             ) [ 000000000000000000000000000000000000000000000000000000000000]
sub_ln958_2        (sub              ) [ 000000000000000000000000000000000000000000000000000000000000]
zext_ln958_5       (zext             ) [ 000000000000000000000000000000000000000000000000000000000000]
shl_ln958_2        (shl              ) [ 000000000000000000000000000000000000000000000000000000000000]
m_22               (select           ) [ 000000000000000000000000000000000000000000000000000000000000]
zext_ln961_2       (zext             ) [ 000000000000000000000000000000000000000000000000000000000000]
m_23               (add              ) [ 000000000000000000000000000000000000000000000000000000000000]
m_4                (partselect       ) [ 000000000000000000000000000000000000000000000000000000000000]
m_28               (zext             ) [ 000000000000000000000000000000000000000000000000000000000000]
tmp_24             (bitselect        ) [ 000000000000000000000000000000000000000000000000000000000000]
select_ln964_2     (select           ) [ 000000000000000000000000000000000000000000000000000000000000]
sub_ln964_2        (sub              ) [ 000000000000000000000000000000000000000000000000000000000000]
add_ln964_2        (add              ) [ 000000000000000000000000000000000000000000000000000000000000]
tmp_6              (bitconcatenate   ) [ 000000000000000000000000000000000000000000000000000000000000]
p_Result_29        (partset          ) [ 000000000000000000000000000000000000000000000000000000000000]
trunc_ln738_2      (trunc            ) [ 000000000000000000000000000000000000000000000000000000000000]
bitcast_ln739_2    (bitcast          ) [ 000000000000000000000000000000000000000000000000000000000000]
select_ln111_1     (select           ) [ 000000000000000000001111111000000000000000000000000000000000]
br_ln109           (br               ) [ 000000000000000000001111111000000000000000000000000000000000]
sum_0              (phi              ) [ 000000000000000000000000000111111111111111111111111111111111]
j8_0               (phi              ) [ 000000000000000000000000000100000000000000000000000000000000]
icmp_ln118         (icmp             ) [ 000000000000000000000000000111111111111111111110000000000000]
empty_26           (speclooptripcount) [ 000000000000000000000000000000000000000000000000000000000000]
j_4                (add              ) [ 000000000000000000000100000111111111111111111110000000000000]
br_ln118           (br               ) [ 000000000000000000000000000000000000000000000000000000000000]
zext_ln119         (zext             ) [ 000000000000000000000000000011111111111111100000000000000000]
logits_addr_3      (getelementptr    ) [ 000000000000000000000000000010000000000000000000000000000000]
br_ln124           (br               ) [ 000000000000000000000000000111111111111111111111111111111111]
logits_load        (load             ) [ 000000000000000000000000000001111100000000000000000000000000]
tmp                (fsub             ) [ 000000000000000000000000000000000011111111000000000000000000]
e                  (fexp             ) [ 000000000000000000000000000000000000000000111110000000000000]
output_addr        (getelementptr    ) [ 000000000000000000000000000000000000000000000000000000000000]
store_ln120        (store            ) [ 000000000000000000000000000000000000000000000000000000000000]
specloopname_ln118 (specloopname     ) [ 000000000000000000000000000000000000000000000000000000000000]
sum                (fadd             ) [ 000000000000000000000100000111111111111111111110000000000000]
br_ln118           (br               ) [ 000000000000000000000100000111111111111111111110000000000000]
j9_0               (phi              ) [ 000000000000000000000000000000000000000000000001000000000000]
icmp_ln124         (icmp             ) [ 000000000000000000000000000000000000000000000001111111111111]
empty_27           (speclooptripcount) [ 000000000000000000000000000000000000000000000000000000000000]
j_6                (add              ) [ 000000000000000000000000000100000000000000000001111111111111]
br_ln124           (br               ) [ 000000000000000000000000000000000000000000000000000000000000]
zext_ln125         (zext             ) [ 000000000000000000000000000000000000000000000000000000000000]
output_addr_1      (getelementptr    ) [ 000000000000000000000000000000000000000000000000111111111111]
ret_ln126          (ret              ) [ 000000000000000000000000000000000000000000000000000000000000]
output_load        (load             ) [ 000000000000000000000000000000000000000000000000011111111111]
specloopname_ln125 (specloopname     ) [ 000000000000000000000000000000000000000000000000000000000000]
tmp_2              (fdiv             ) [ 000000000000000000000000000000000000000000000000000000000000]
store_ln125        (store            ) [ 000000000000000000000000000000000000000000000000000000000000]
br_ln124           (br               ) [ 000000000000000000000000000100000000000000000001111111111111]
</LifeTime>

<model>

<comp_list>
<comp id="0" class="1000" name="input_V">
<pin_list>
<pin id="1" dir="1" index="0" bw="1" slack="0"/>
</pin_list>
<bind>
<StgValue><ssdm name="input_V"/><MemPortTyVec>1 3 </MemPortTyVec>
</StgValue>
</bind>
</comp>

<comp id="2" class="1000" name="output_r">
<pin_list>
<pin id="3" dir="1" index="0" bw="1" slack="0"/>
</pin_list>
<bind>
<StgValue><ssdm name="output_r"/><MemPortTyVec>2 3 </MemPortTyVec>
</StgValue>
</bind>
</comp>

<comp id="4" class="1000" name="B1_V">
<pin_list>
<pin id="5" dir="1" index="0" bw="1" slack="0"/>
</pin_list>
<bind>
<StgValue><ssdm name="B1_V"/><MemPortTyVec>1 </MemPortTyVec>
</StgValue>
</bind>
</comp>

<comp id="6" class="1000" name="W1_V">
<pin_list>
<pin id="7" dir="1" index="0" bw="1" slack="0"/>
</pin_list>
<bind>
<StgValue><ssdm name="W1_V"/><MemPortTyVec>1 </MemPortTyVec>
</StgValue>
</bind>
</comp>

<comp id="8" class="1000" name="B2_V">
<pin_list>
<pin id="9" dir="1" index="0" bw="1" slack="0"/>
</pin_list>
<bind>
<StgValue><ssdm name="B2_V"/><MemPortTyVec>1 </MemPortTyVec>
</StgValue>
</bind>
</comp>

<comp id="10" class="1000" name="W2_V">
<pin_list>
<pin id="11" dir="1" index="0" bw="1" slack="0"/>
</pin_list>
<bind>
<StgValue><ssdm name="W2_V"/><MemPortTyVec>1 </MemPortTyVec>
</StgValue>
</bind>
</comp>

<comp id="12" class="1000" name="B3_V">
<pin_list>
<pin id="13" dir="1" index="0" bw="1" slack="0"/>
</pin_list>
<bind>
<StgValue><ssdm name="B3_V"/><MemPortTyVec>1 </MemPortTyVec>
</StgValue>
</bind>
</comp>

<comp id="14" class="1000" name="W3_V">
<pin_list>
<pin id="15" dir="1" index="0" bw="1" slack="0"/>
</pin_list>
<bind>
<StgValue><ssdm name="W3_V"/><MemPortTyVec>1 </MemPortTyVec>
</StgValue>
</bind>
</comp>

<comp id="16" class="1000" name="B4_V">
<pin_list>
<pin id="17" dir="1" index="0" bw="1" slack="0"/>
</pin_list>
<bind>
<StgValue><ssdm name="B4_V"/><MemPortTyVec>1 </MemPortTyVec>
</StgValue>
</bind>
</comp>

<comp id="18" class="1000" name="W4_V">
<pin_list>
<pin id="19" dir="1" index="0" bw="1" slack="0"/>
</pin_list>
<bind>
<StgValue><ssdm name="W4_V"/><MemPortTyVec>1 </MemPortTyVec>
</StgValue>
</bind>
</comp>

<comp id="20" class="1001" name="const_20">
<pin_list>
<pin id="21" dir="1" index="0" bw="1" slack="2147483647"/>
</pin_list>
<bind>
<StgValue><ssdm name="_ssdm_op_SpecBitsMap"/></StgValue>
</bind>
</comp>

<comp id="22" class="1001" name="const_22">
<pin_list>
<pin id="23" dir="1" index="0" bw="1" slack="2147483647"/>
</pin_list>
<bind>
<StgValue><ssdm name="_ssdm_op_SpecTopModule"/></StgValue>
</bind>
</comp>

<comp id="24" class="1001" name="const_24">
<pin_list>
<pin id="25" dir="1" index="0" bw="1" slack="2147483647"/>
</pin_list>
<bind>
<StgValue><ssdm name="mlp_str"/></StgValue>
</bind>
</comp>

<comp id="26" class="1001" name="const_26">
<pin_list>
<pin id="27" dir="1" index="0" bw="1" slack="0"/>
</pin_list>
<bind>
<StgValue><ssdm name=""/></StgValue>
</bind>
</comp>

<comp id="28" class="1001" name="const_28">
<pin_list>
<pin id="29" dir="1" index="0" bw="1" slack="0"/>
</pin_list>
<bind>
<StgValue><ssdm name=""/></StgValue>
</bind>
</comp>

<comp id="30" class="1001" name="const_30">
<pin_list>
<pin id="31" dir="1" index="0" bw="1" slack="1"/>
</pin_list>
<bind>
<StgValue><ssdm name=""/></StgValue>
</bind>
</comp>

<comp id="32" class="1001" name="const_32">
<pin_list>
<pin id="33" dir="1" index="0" bw="1" slack="0"/>
</pin_list>
<bind>
<StgValue><ssdm name=""/></StgValue>
</bind>
</comp>

<comp id="34" class="1001" name="const_34">
<pin_list>
<pin id="35" dir="1" index="0" bw="1" slack="0"/>
</pin_list>
<bind>
<StgValue><ssdm name=""/></StgValue>
</bind>
</comp>

<comp id="36" class="1001" name="const_36">
<pin_list>
<pin id="37" dir="1" index="0" bw="1" slack="2147483647"/>
</pin_list>
<bind>
<StgValue><ssdm name="_ssdm_op_SpecLoopTripCount"/></StgValue>
</bind>
</comp>

<comp id="38" class="1001" name="const_38">
<pin_list>
<pin id="39" dir="1" index="0" bw="1" slack="2147483647"/>
</pin_list>
<bind>
<StgValue><ssdm name=""/></StgValue>
</bind>
</comp>

<comp id="40" class="1001" name="const_40">
<pin_list>
<pin id="41" dir="1" index="0" bw="1" slack="0"/>
</pin_list>
<bind>
<StgValue><ssdm name=""/></StgValue>
</bind>
</comp>

<comp id="42" class="1001" name="const_42">
<pin_list>
<pin id="43" dir="1" index="0" bw="1" slack="0"/>
</pin_list>
<bind>
<StgValue><ssdm name=""/></StgValue>
</bind>
</comp>

<comp id="44" class="1001" name="const_44">
<pin_list>
<pin id="45" dir="1" index="0" bw="1" slack="2147483647"/>
</pin_list>
<bind>
<StgValue><ssdm name="_ssdm_op_SpecLoopName"/></StgValue>
</bind>
</comp>

<comp id="46" class="1001" name="const_46">
<pin_list>
<pin id="47" dir="1" index="0" bw="1" slack="2147483647"/>
</pin_list>
<bind>
<StgValue><ssdm name="p_str8"/></StgValue>
</bind>
</comp>

<comp id="48" class="1001" name="const_48">
<pin_list>
<pin id="49" dir="1" index="0" bw="1" slack="1"/>
</pin_list>
<bind>
<StgValue><ssdm name=""/></StgValue>
</bind>
</comp>

<comp id="50" class="1001" name="const_50">
<pin_list>
<pin id="51" dir="1" index="0" bw="1" slack="2147483647"/>
</pin_list>
<bind>
<StgValue><ssdm name=""/></StgValue>
</bind>
</comp>

<comp id="52" class="1001" name="const_52">
<pin_list>
<pin id="53" dir="1" index="0" bw="1" slack="0"/>
</pin_list>
<bind>
<StgValue><ssdm name=""/></StgValue>
</bind>
</comp>

<comp id="54" class="1001" name="const_54">
<pin_list>
<pin id="55" dir="1" index="0" bw="1" slack="0"/>
</pin_list>
<bind>
<StgValue><ssdm name=""/></StgValue>
</bind>
</comp>

<comp id="56" class="1001" name="const_56">
<pin_list>
<pin id="57" dir="1" index="0" bw="1" slack="0"/>
</pin_list>
<bind>
<StgValue><ssdm name="_ssdm_op_BitSelect.i1.i20.i32"/></StgValue>
</bind>
</comp>

<comp id="58" class="1001" name="const_58">
<pin_list>
<pin id="59" dir="1" index="0" bw="1" slack="0"/>
</pin_list>
<bind>
<StgValue><ssdm name=""/></StgValue>
</bind>
</comp>

<comp id="60" class="1001" name="const_60">
<pin_list>
<pin id="61" dir="1" index="0" bw="1" slack="0"/>
</pin_list>
<bind>
<StgValue><ssdm name=""/></StgValue>
</bind>
</comp>

<comp id="62" class="1001" name="const_62">
<pin_list>
<pin id="63" dir="1" index="0" bw="1" slack="2147483647"/>
</pin_list>
<bind>
<StgValue><ssdm name="p_str"/></StgValue>
</bind>
</comp>

<comp id="64" class="1001" name="const_64">
<pin_list>
<pin id="65" dir="1" index="0" bw="1" slack="0"/>
</pin_list>
<bind>
<StgValue><ssdm name="_ssdm_op_BitConcatenate.i34.i20.i14"/></StgValue>
</bind>
</comp>

<comp id="66" class="1001" name="const_66">
<pin_list>
<pin id="67" dir="1" index="0" bw="1" slack="0"/>
</pin_list>
<bind>
<StgValue><ssdm name=""/></StgValue>
</bind>
</comp>

<comp id="68" class="1001" name="const_68">
<pin_list>
<pin id="69" dir="1" index="0" bw="1" slack="0"/>
</pin_list>
<bind>
<StgValue><ssdm name="_ssdm_op_PartSelect.i20.i34.i32.i32"/></StgValue>
</bind>
</comp>

<comp id="70" class="1001" name="const_70">
<pin_list>
<pin id="71" dir="1" index="0" bw="1" slack="0"/>
</pin_list>
<bind>
<StgValue><ssdm name=""/></StgValue>
</bind>
</comp>

<comp id="72" class="1001" name="const_72">
<pin_list>
<pin id="73" dir="1" index="0" bw="1" slack="0"/>
</pin_list>
<bind>
<StgValue><ssdm name=""/></StgValue>
</bind>
</comp>

<comp id="74" class="1001" name="const_74">
<pin_list>
<pin id="75" dir="1" index="0" bw="1" slack="1"/>
</pin_list>
<bind>
<StgValue><ssdm name=""/></StgValue>
</bind>
</comp>

<comp id="76" class="1001" name="const_76">
<pin_list>
<pin id="77" dir="1" index="0" bw="1" slack="0"/>
</pin_list>
<bind>
<StgValue><ssdm name=""/></StgValue>
</bind>
</comp>

<comp id="78" class="1001" name="const_78">
<pin_list>
<pin id="79" dir="1" index="0" bw="1" slack="2147483647"/>
</pin_list>
<bind>
<StgValue><ssdm name=""/></StgValue>
</bind>
</comp>

<comp id="80" class="1001" name="const_80">
<pin_list>
<pin id="81" dir="1" index="0" bw="1" slack="0"/>
</pin_list>
<bind>
<StgValue><ssdm name=""/></StgValue>
</bind>
</comp>

<comp id="82" class="1001" name="const_82">
<pin_list>
<pin id="83" dir="1" index="0" bw="1" slack="2147483647"/>
</pin_list>
<bind>
<StgValue><ssdm name="p_str9"/></StgValue>
</bind>
</comp>

<comp id="84" class="1001" name="const_84">
<pin_list>
<pin id="85" dir="1" index="0" bw="1" slack="0"/>
</pin_list>
<bind>
<StgValue><ssdm name="_ssdm_op_BitConcatenate.i6.i4.i2"/></StgValue>
</bind>
</comp>

<comp id="86" class="1001" name="const_86">
<pin_list>
<pin id="87" dir="1" index="0" bw="1" slack="0"/>
</pin_list>
<bind>
<StgValue><ssdm name=""/></StgValue>
</bind>
</comp>

<comp id="88" class="1001" name="const_88">
<pin_list>
<pin id="89" dir="1" index="0" bw="1" slack="2147483647"/>
</pin_list>
<bind>
<StgValue><ssdm name="p_str10"/></StgValue>
</bind>
</comp>

<comp id="90" class="1001" name="const_90">
<pin_list>
<pin id="91" dir="1" index="0" bw="1" slack="0"/>
</pin_list>
<bind>
<StgValue><ssdm name="_ssdm_op_BitConcatenate.i7.i4.i3"/></StgValue>
</bind>
</comp>

<comp id="92" class="1001" name="const_92">
<pin_list>
<pin id="93" dir="1" index="0" bw="1" slack="0"/>
</pin_list>
<bind>
<StgValue><ssdm name=""/></StgValue>
</bind>
</comp>

<comp id="94" class="1001" name="const_94">
<pin_list>
<pin id="95" dir="1" index="0" bw="1" slack="2147483647"/>
</pin_list>
<bind>
<StgValue><ssdm name=""/></StgValue>
</bind>
</comp>

<comp id="96" class="1001" name="const_96">
<pin_list>
<pin id="97" dir="1" index="0" bw="1" slack="2147483647"/>
</pin_list>
<bind>
<StgValue><ssdm name="p_str11"/></StgValue>
</bind>
</comp>

<comp id="98" class="1001" name="const_98">
<pin_list>
<pin id="99" dir="1" index="0" bw="1" slack="0"/>
</pin_list>
<bind>
<StgValue><ssdm name=""/></StgValue>
</bind>
</comp>

<comp id="100" class="1001" name="const_100">
<pin_list>
<pin id="101" dir="1" index="0" bw="1" slack="0"/>
</pin_list>
<bind>
<StgValue><ssdm name="llvm.part.select.i20"/></StgValue>
</bind>
</comp>

<comp id="102" class="1001" name="const_102">
<pin_list>
<pin id="103" dir="1" index="0" bw="1" slack="0"/>
</pin_list>
<bind>
<StgValue><ssdm name=""/></StgValue>
</bind>
</comp>

<comp id="104" class="1001" name="const_104">
<pin_list>
<pin id="105" dir="1" index="0" bw="1" slack="0"/>
</pin_list>
<bind>
<StgValue><ssdm name="_ssdm_op_BitConcatenate.i32.i12.i20"/></StgValue>
</bind>
</comp>

<comp id="106" class="1001" name="const_106">
<pin_list>
<pin id="107" dir="1" index="0" bw="1" slack="0"/>
</pin_list>
<bind>
<StgValue><ssdm name=""/></StgValue>
</bind>
</comp>

<comp id="108" class="1001" name="const_108">
<pin_list>
<pin id="109" dir="1" index="0" bw="1" slack="0"/>
</pin_list>
<bind>
<StgValue><ssdm name="llvm.cttz.i32"/></StgValue>
</bind>
</comp>

<comp id="110" class="1001" name="const_110">
<pin_list>
<pin id="111" dir="1" index="0" bw="1" slack="0"/>
</pin_list>
<bind>
<StgValue><ssdm name=""/></StgValue>
</bind>
</comp>

<comp id="112" class="1001" name="const_112">
<pin_list>
<pin id="113" dir="1" index="0" bw="1" slack="0"/>
</pin_list>
<bind>
<StgValue><ssdm name=""/></StgValue>
</bind>
</comp>

<comp id="114" class="1001" name="const_114">
<pin_list>
<pin id="115" dir="1" index="0" bw="1" slack="0"/>
</pin_list>
<bind>
<StgValue><ssdm name=""/></StgValue>
</bind>
</comp>

<comp id="116" class="1001" name="const_116">
<pin_list>
<pin id="117" dir="1" index="0" bw="1" slack="0"/>
</pin_list>
<bind>
<StgValue><ssdm name="_ssdm_op_PartSelect.i31.i32.i32.i32"/></StgValue>
</bind>
</comp>

<comp id="118" class="1001" name="const_118">
<pin_list>
<pin id="119" dir="1" index="0" bw="1" slack="0"/>
</pin_list>
<bind>
<StgValue><ssdm name=""/></StgValue>
</bind>
</comp>

<comp id="120" class="1001" name="const_120">
<pin_list>
<pin id="121" dir="1" index="0" bw="1" slack="0"/>
</pin_list>
<bind>
<StgValue><ssdm name=""/></StgValue>
</bind>
</comp>

<comp id="122" class="1001" name="const_122">
<pin_list>
<pin id="123" dir="1" index="0" bw="1" slack="0"/>
</pin_list>
<bind>
<StgValue><ssdm name=""/></StgValue>
</bind>
</comp>

<comp id="124" class="1001" name="const_124">
<pin_list>
<pin id="125" dir="1" index="0" bw="1" slack="0"/>
</pin_list>
<bind>
<StgValue><ssdm name=""/></StgValue>
</bind>
</comp>

<comp id="126" class="1001" name="const_126">
<pin_list>
<pin id="127" dir="1" index="0" bw="1" slack="0"/>
</pin_list>
<bind>
<StgValue><ssdm name=""/></StgValue>
</bind>
</comp>

<comp id="128" class="1001" name="const_128">
<pin_list>
<pin id="129" dir="1" index="0" bw="1" slack="0"/>
</pin_list>
<bind>
<StgValue><ssdm name="_ssdm_op_BitSelect.i1.i32.i32"/></StgValue>
</bind>
</comp>

<comp id="130" class="1001" name="const_130">
<pin_list>
<pin id="131" dir="1" index="0" bw="1" slack="0"/>
</pin_list>
<bind>
<StgValue><ssdm name=""/></StgValue>
</bind>
</comp>

<comp id="132" class="1001" name="const_132">
<pin_list>
<pin id="133" dir="1" index="0" bw="1" slack="0"/>
</pin_list>
<bind>
<StgValue><ssdm name="_ssdm_op_BitSelect.i1.i20.i20"/></StgValue>
</bind>
</comp>

<comp id="134" class="1001" name="const_134">
<pin_list>
<pin id="135" dir="1" index="0" bw="1" slack="0"/>
</pin_list>
<bind>
<StgValue><ssdm name="_ssdm_op_BitConcatenate.i32.i31.i1"/></StgValue>
</bind>
</comp>

<comp id="136" class="1001" name="const_136">
<pin_list>
<pin id="137" dir="1" index="0" bw="1" slack="0"/>
</pin_list>
<bind>
<StgValue><ssdm name=""/></StgValue>
</bind>
</comp>

<comp id="138" class="1001" name="const_138">
<pin_list>
<pin id="139" dir="1" index="0" bw="1" slack="0"/>
</pin_list>
<bind>
<StgValue><ssdm name=""/></StgValue>
</bind>
</comp>

<comp id="140" class="1001" name="const_140">
<pin_list>
<pin id="141" dir="1" index="0" bw="1" slack="0"/>
</pin_list>
<bind>
<StgValue><ssdm name="_ssdm_op_PartSelect.i63.i64.i32.i32"/></StgValue>
</bind>
</comp>

<comp id="142" class="1001" name="const_142">
<pin_list>
<pin id="143" dir="1" index="0" bw="1" slack="0"/>
</pin_list>
<bind>
<StgValue><ssdm name=""/></StgValue>
</bind>
</comp>

<comp id="144" class="1001" name="const_144">
<pin_list>
<pin id="145" dir="1" index="0" bw="1" slack="0"/>
</pin_list>
<bind>
<StgValue><ssdm name="_ssdm_op_BitSelect.i1.i64.i32"/></StgValue>
</bind>
</comp>

<comp id="146" class="1001" name="const_146">
<pin_list>
<pin id="147" dir="1" index="0" bw="1" slack="0"/>
</pin_list>
<bind>
<StgValue><ssdm name=""/></StgValue>
</bind>
</comp>

<comp id="148" class="1001" name="const_148">
<pin_list>
<pin id="149" dir="1" index="0" bw="1" slack="0"/>
</pin_list>
<bind>
<StgValue><ssdm name=""/></StgValue>
</bind>
</comp>

<comp id="150" class="1001" name="const_150">
<pin_list>
<pin id="151" dir="1" index="0" bw="1" slack="0"/>
</pin_list>
<bind>
<StgValue><ssdm name=""/></StgValue>
</bind>
</comp>

<comp id="152" class="1001" name="const_152">
<pin_list>
<pin id="153" dir="1" index="0" bw="1" slack="0"/>
</pin_list>
<bind>
<StgValue><ssdm name="_ssdm_op_BitConcatenate.i9.i1.i8"/></StgValue>
</bind>
</comp>

<comp id="154" class="1001" name="const_154">
<pin_list>
<pin id="155" dir="1" index="0" bw="1" slack="0"/>
</pin_list>
<bind>
<StgValue><ssdm name="_ssdm_op_PartSet.i64.i64.i9.i32.i32"/></StgValue>
</bind>
</comp>

<comp id="156" class="1001" name="const_156">
<pin_list>
<pin id="157" dir="1" index="0" bw="1" slack="0"/>
</pin_list>
<bind>
<StgValue><ssdm name=""/></StgValue>
</bind>
</comp>

<comp id="158" class="1001" name="const_158">
<pin_list>
<pin id="159" dir="1" index="0" bw="1" slack="0"/>
</pin_list>
<bind>
<StgValue><ssdm name=""/></StgValue>
</bind>
</comp>

<comp id="160" class="1001" name="const_160">
<pin_list>
<pin id="161" dir="1" index="0" bw="1" slack="2147483647"/>
</pin_list>
<bind>
<StgValue><ssdm name=""/></StgValue>
</bind>
</comp>

<comp id="162" class="1001" name="const_162">
<pin_list>
<pin id="163" dir="1" index="0" bw="1" slack="0"/>
</pin_list>
<bind>
<StgValue><ssdm name="_ssdm_op_PartSelect.i8.i32.i32.i32"/></StgValue>
</bind>
</comp>

<comp id="164" class="1001" name="const_164">
<pin_list>
<pin id="165" dir="1" index="0" bw="1" slack="0"/>
</pin_list>
<bind>
<StgValue><ssdm name=""/></StgValue>
</bind>
</comp>

<comp id="166" class="1001" name="const_166">
<pin_list>
<pin id="167" dir="1" index="0" bw="1" slack="0"/>
</pin_list>
<bind>
<StgValue><ssdm name=""/></StgValue>
</bind>
</comp>

<comp id="168" class="1001" name="const_168">
<pin_list>
<pin id="169" dir="1" index="0" bw="1" slack="0"/>
</pin_list>
<bind>
<StgValue><ssdm name=""/></StgValue>
</bind>
</comp>

<comp id="170" class="1001" name="const_170">
<pin_list>
<pin id="171" dir="1" index="0" bw="1" slack="0"/>
</pin_list>
<bind>
<StgValue><ssdm name="llvm.exp.f32"/></StgValue>
</bind>
</comp>

<comp id="172" class="1001" name="const_172">
<pin_list>
<pin id="173" dir="1" index="0" bw="1" slack="2147483647"/>
</pin_list>
<bind>
<StgValue><ssdm name="p_str12"/></StgValue>
</bind>
</comp>

<comp id="174" class="1001" name="const_174">
<pin_list>
<pin id="175" dir="1" index="0" bw="1" slack="2147483647"/>
</pin_list>
<bind>
<StgValue><ssdm name="p_str13"/></StgValue>
</bind>
</comp>

<comp id="176" class="1004" name="a1_V_alloca_fu_176">
<pin_list>
<pin id="177" dir="0" index="0" bw="1" slack="0"/>
<pin id="178" dir="1" index="1" bw="19" slack="2147483647"/>
</pin_list>
<bind>
<opcode="alloca(26) " fcode="alloca"/>
<opset="a1_V/1 "/>
</bind>
</comp>

<comp id="180" class="1004" name="a2_V_alloca_fu_180">
<pin_list>
<pin id="181" dir="0" index="0" bw="1" slack="0"/>
<pin id="182" dir="1" index="1" bw="19" slack="2147483647"/>
</pin_list>
<bind>
<opcode="alloca(26) " fcode="alloca"/>
<opset="a2_V/1 "/>
</bind>
</comp>

<comp id="184" class="1004" name="a3_V_alloca_fu_184">
<pin_list>
<pin id="185" dir="0" index="0" bw="1" slack="0"/>
<pin id="186" dir="1" index="1" bw="19" slack="2147483647"/>
</pin_list>
<bind>
<opcode="alloca(26) " fcode="alloca"/>
<opset="a3_V/1 "/>
</bind>
</comp>

<comp id="188" class="1004" name="z4_V_alloca_fu_188">
<pin_list>
<pin id="189" dir="0" index="0" bw="1" slack="0"/>
<pin id="190" dir="1" index="1" bw="20" slack="2147483647"/>
</pin_list>
<bind>
<opcode="alloca(26) " fcode="alloca"/>
<opset="z4_V/1 "/>
</bind>
</comp>

<comp id="192" class="1004" name="logits_alloca_fu_192">
<pin_list>
<pin id="193" dir="0" index="0" bw="1" slack="0"/>
<pin id="194" dir="1" index="1" bw="32" slack="2147483647"/>
</pin_list>
<bind>
<opcode="alloca(26) " fcode="alloca"/>
<opset="logits/1 "/>
</bind>
</comp>

<comp id="196" class="1004" name="B1_V_addr_gep_fu_196">
<pin_list>
<pin id="197" dir="0" index="0" bw="13" slack="0"/>
<pin id="198" dir="0" index="1" bw="1" slack="0"/>
<pin id="199" dir="0" index="2" bw="3" slack="0"/>
<pin id="200" dir="1" index="3" bw="3" slack="0"/>
</pin_list>
<bind>
<opcode="getelementptr(29) " fcode="getelementptr"/>
<opset="B1_V_addr/2 "/>
</bind>
</comp>

<comp id="203" class="1004" name="grp_access_fu_203">
<pin_list>
<pin id="204" dir="0" index="0" bw="3" slack="0"/>
<pin id="205" dir="0" index="1" bw="13" slack="2147483647"/>
<pin id="206" dir="0" index="2" bw="0" slack="2147483647"/>
<pin id="207" dir="1" index="3" bw="13" slack="0"/>
</pin_list>
<bind>
<opcode="load(27) " fcode="load"/>
<opset="acc_V/2 "/>
</bind>
</comp>

<comp id="209" class="1004" name="W1_V_addr_gep_fu_209">
<pin_list>
<pin id="210" dir="0" index="0" bw="16" slack="0"/>
<pin id="211" dir="0" index="1" bw="1" slack="0"/>
<pin id="212" dir="0" index="2" bw="12" slack="0"/>
<pin id="213" dir="1" index="3" bw="12" slack="0"/>
</pin_list>
<bind>
<opcode="getelementptr(29) " fcode="getelementptr"/>
<opset="W1_V_addr/4 "/>
</bind>
</comp>

<comp id="216" class="1004" name="input_V_addr_gep_fu_216">
<pin_list>
<pin id="217" dir="0" index="0" bw="20" slack="0"/>
<pin id="218" dir="0" index="1" bw="1" slack="0"/>
<pin id="219" dir="0" index="2" bw="10" slack="0"/>
<pin id="220" dir="1" index="3" bw="10" slack="0"/>
</pin_list>
<bind>
<opcode="getelementptr(29) " fcode="getelementptr"/>
<opset="input_V_addr/4 "/>
</bind>
</comp>

<comp id="223" class="1004" name="grp_access_fu_223">
<pin_list>
<pin id="224" dir="0" index="0" bw="10" slack="0"/>
<pin id="225" dir="0" index="1" bw="20" slack="2147483647"/>
<pin id="226" dir="0" index="2" bw="0" slack="2147483647"/>
<pin id="227" dir="1" index="3" bw="20" slack="0"/>
</pin_list>
<bind>
<opcode="load(27) " fcode="load"/>
<opset="input_V_load/4 "/>
</bind>
</comp>

<comp id="229" class="1004" name="grp_access_fu_229">
<pin_list>
<pin id="230" dir="0" index="0" bw="12" slack="0"/>
<pin id="231" dir="0" index="1" bw="16" slack="2147483647"/>
<pin id="232" dir="0" index="2" bw="0" slack="2147483647"/>
<pin id="233" dir="1" index="3" bw="16" slack="0"/>
</pin_list>
<bind>
<opcode="load(27) " fcode="load"/>
<opset="W1_V_load/4 "/>
</bind>
</comp>

<comp id="235" class="1004" name="a1_V_addr_gep_fu_235">
<pin_list>
<pin id="236" dir="0" index="0" bw="19" slack="2147483647"/>
<pin id="237" dir="0" index="1" bw="1" slack="0"/>
<pin id="238" dir="0" index="2" bw="3" slack="2"/>
<pin id="239" dir="1" index="3" bw="3" slack="0"/>
</pin_list>
<bind>
<opcode="getelementptr(29) " fcode="getelementptr"/>
<opset="a1_V_addr/4 "/>
</bind>
</comp>

<comp id="241" class="1004" name="grp_access_fu_241">
<pin_list>
<pin id="242" dir="0" index="0" bw="3" slack="0"/>
<pin id="243" dir="0" index="1" bw="19" slack="0"/>
<pin id="244" dir="0" index="2" bw="0" slack="2147483647"/>
<pin id="245" dir="1" index="3" bw="19" slack="0"/>
</pin_list>
<bind>
<opcode="load(27) store(28) " fcode="load"/>
<opset="store_ln89/4 a1_V_load/8 "/>
</bind>
</comp>

<comp id="247" class="1004" name="B2_V_addr_gep_fu_247">
<pin_list>
<pin id="248" dir="0" index="0" bw="15" slack="0"/>
<pin id="249" dir="0" index="1" bw="1" slack="0"/>
<pin id="250" dir="0" index="2" bw="4" slack="0"/>
<pin id="251" dir="1" index="3" bw="3" slack="0"/>
</pin_list>
<bind>
<opcode="getelementptr(29) " fcode="getelementptr"/>
<opset="B2_V_addr/6 "/>
</bind>
</comp>

<comp id="254" class="1004" name="grp_access_fu_254">
<pin_list>
<pin id="255" dir="0" index="0" bw="3" slack="0"/>
<pin id="256" dir="0" index="1" bw="15" slack="2147483647"/>
<pin id="257" dir="0" index="2" bw="0" slack="2147483647"/>
<pin id="258" dir="1" index="3" bw="15" slack="0"/>
</pin_list>
<bind>
<opcode="load(27) " fcode="load"/>
<opset="acc_V_1/6 "/>
</bind>
</comp>

<comp id="260" class="1004" name="W2_V_addr_gep_fu_260">
<pin_list>
<pin id="261" dir="0" index="0" bw="16" slack="0"/>
<pin id="262" dir="0" index="1" bw="1" slack="0"/>
<pin id="263" dir="0" index="2" bw="7" slack="0"/>
<pin id="264" dir="1" index="3" bw="6" slack="0"/>
</pin_list>
<bind>
<opcode="getelementptr(29) " fcode="getelementptr"/>
<opset="W2_V_addr/8 "/>
</bind>
</comp>

<comp id="267" class="1004" name="a1_V_addr_1_gep_fu_267">
<pin_list>
<pin id="268" dir="0" index="0" bw="19" slack="2147483647"/>
<pin id="269" dir="0" index="1" bw="1" slack="0"/>
<pin id="270" dir="0" index="2" bw="3" slack="0"/>
<pin id="271" dir="1" index="3" bw="3" slack="0"/>
</pin_list>
<bind>
<opcode="getelementptr(29) " fcode="getelementptr"/>
<opset="a1_V_addr_1/8 "/>
</bind>
</comp>

<comp id="274" class="1004" name="grp_access_fu_274">
<pin_list>
<pin id="275" dir="0" index="0" bw="6" slack="0"/>
<pin id="276" dir="0" index="1" bw="16" slack="2147483647"/>
<pin id="277" dir="0" index="2" bw="0" slack="2147483647"/>
<pin id="278" dir="1" index="3" bw="16" slack="0"/>
</pin_list>
<bind>
<opcode="load(27) " fcode="load"/>
<opset="W2_V_load/8 "/>
</bind>
</comp>

<comp id="280" class="1004" name="a2_V_addr_gep_fu_280">
<pin_list>
<pin id="281" dir="0" index="0" bw="19" slack="2147483647"/>
<pin id="282" dir="0" index="1" bw="1" slack="0"/>
<pin id="283" dir="0" index="2" bw="4" slack="2"/>
<pin id="284" dir="1" index="3" bw="3" slack="0"/>
</pin_list>
<bind>
<opcode="getelementptr(29) " fcode="getelementptr"/>
<opset="a2_V_addr/8 "/>
</bind>
</comp>

<comp id="286" class="1004" name="grp_access_fu_286">
<pin_list>
<pin id="287" dir="0" index="0" bw="3" slack="0"/>
<pin id="288" dir="0" index="1" bw="19" slack="0"/>
<pin id="289" dir="0" index="2" bw="0" slack="2147483647"/>
<pin id="290" dir="1" index="3" bw="19" slack="0"/>
</pin_list>
<bind>
<opcode="load(27) store(28) " fcode="load"/>
<opset="store_ln94/8 a2_V_load/12 "/>
</bind>
</comp>

<comp id="292" class="1004" name="B3_V_addr_gep_fu_292">
<pin_list>
<pin id="293" dir="0" index="0" bw="16" slack="0"/>
<pin id="294" dir="0" index="1" bw="1" slack="0"/>
<pin id="295" dir="0" index="2" bw="4" slack="0"/>
<pin id="296" dir="1" index="3" bw="3" slack="0"/>
</pin_list>
<bind>
<opcode="getelementptr(29) " fcode="getelementptr"/>
<opset="B3_V_addr/10 "/>
</bind>
</comp>

<comp id="299" class="1004" name="grp_access_fu_299">
<pin_list>
<pin id="300" dir="0" index="0" bw="3" slack="0"/>
<pin id="301" dir="0" index="1" bw="16" slack="2147483647"/>
<pin id="302" dir="0" index="2" bw="0" slack="2147483647"/>
<pin id="303" dir="1" index="3" bw="16" slack="0"/>
</pin_list>
<bind>
<opcode="load(27) " fcode="load"/>
<opset="acc_V_3/10 "/>
</bind>
</comp>

<comp id="305" class="1004" name="W3_V_addr_gep_fu_305">
<pin_list>
<pin id="306" dir="0" index="0" bw="15" slack="0"/>
<pin id="307" dir="0" index="1" bw="1" slack="0"/>
<pin id="308" dir="0" index="2" bw="8" slack="0"/>
<pin id="309" dir="1" index="3" bw="6" slack="0"/>
</pin_list>
<bind>
<opcode="getelementptr(29) " fcode="getelementptr"/>
<opset="W3_V_addr/12 "/>
</bind>
</comp>

<comp id="312" class="1004" name="a2_V_addr_1_gep_fu_312">
<pin_list>
<pin id="313" dir="0" index="0" bw="19" slack="2147483647"/>
<pin id="314" dir="0" index="1" bw="1" slack="0"/>
<pin id="315" dir="0" index="2" bw="4" slack="0"/>
<pin id="316" dir="1" index="3" bw="3" slack="0"/>
</pin_list>
<bind>
<opcode="getelementptr(29) " fcode="getelementptr"/>
<opset="a2_V_addr_1/12 "/>
</bind>
</comp>

<comp id="319" class="1004" name="grp_access_fu_319">
<pin_list>
<pin id="320" dir="0" index="0" bw="6" slack="0"/>
<pin id="321" dir="0" index="1" bw="15" slack="2147483647"/>
<pin id="322" dir="0" index="2" bw="0" slack="2147483647"/>
<pin id="323" dir="1" index="3" bw="15" slack="0"/>
</pin_list>
<bind>
<opcode="load(27) " fcode="load"/>
<opset="W3_V_load/12 "/>
</bind>
</comp>

<comp id="325" class="1004" name="a3_V_addr_gep_fu_325">
<pin_list>
<pin id="326" dir="0" index="0" bw="19" slack="2147483647"/>
<pin id="327" dir="0" index="1" bw="1" slack="0"/>
<pin id="328" dir="0" index="2" bw="4" slack="2"/>
<pin id="329" dir="1" index="3" bw="3" slack="0"/>
</pin_list>
<bind>
<opcode="getelementptr(29) " fcode="getelementptr"/>
<opset="a3_V_addr/12 "/>
</bind>
</comp>

<comp id="331" class="1004" name="grp_access_fu_331">
<pin_list>
<pin id="332" dir="0" index="0" bw="3" slack="0"/>
<pin id="333" dir="0" index="1" bw="19" slack="0"/>
<pin id="334" dir="0" index="2" bw="0" slack="2147483647"/>
<pin id="335" dir="1" index="3" bw="19" slack="0"/>
</pin_list>
<bind>
<opcode="load(27) store(28) " fcode="load"/>
<opset="store_ln99/12 a3_V_load/16 "/>
</bind>
</comp>

<comp id="337" class="1004" name="B4_V_addr_gep_fu_337">
<pin_list>
<pin id="338" dir="0" index="0" bw="16" slack="0"/>
<pin id="339" dir="0" index="1" bw="1" slack="0"/>
<pin id="340" dir="0" index="2" bw="4" slack="0"/>
<pin id="341" dir="1" index="3" bw="4" slack="0"/>
</pin_list>
<bind>
<opcode="getelementptr(29) " fcode="getelementptr"/>
<opset="B4_V_addr/14 "/>
</bind>
</comp>

<comp id="344" class="1004" name="grp_access_fu_344">
<pin_list>
<pin id="345" dir="0" index="0" bw="4" slack="0"/>
<pin id="346" dir="0" index="1" bw="16" slack="2147483647"/>
<pin id="347" dir="0" index="2" bw="0" slack="2147483647"/>
<pin id="348" dir="1" index="3" bw="16" slack="0"/>
</pin_list>
<bind>
<opcode="load(27) " fcode="load"/>
<opset="acc_V_5/14 "/>
</bind>
</comp>

<comp id="350" class="1004" name="z4_V_addr_gep_fu_350">
<pin_list>
<pin id="351" dir="0" index="0" bw="20" slack="2147483647"/>
<pin id="352" dir="0" index="1" bw="1" slack="0"/>
<pin id="353" dir="0" index="2" bw="1" slack="0"/>
<pin id="354" dir="1" index="3" bw="4" slack="0"/>
</pin_list>
<bind>
<opcode="getelementptr(29) " fcode="getelementptr"/>
<opset="z4_V_addr/14 "/>
</bind>
</comp>

<comp id="357" class="1004" name="grp_access_fu_357">
<pin_list>
<pin id="358" dir="0" index="0" bw="4" slack="0"/>
<pin id="359" dir="0" index="1" bw="20" slack="0"/>
<pin id="360" dir="0" index="2" bw="0" slack="2147483647"/>
<pin id="361" dir="1" index="3" bw="20" slack="0"/>
</pin_list>
<bind>
<opcode="load(27) store(28) " fcode="load"/>
<opset="tmp_V_9/14 store_ln104/16 tmp_V_11/21 "/>
</bind>
</comp>

<comp id="363" class="1004" name="W4_V_addr_gep_fu_363">
<pin_list>
<pin id="364" dir="0" index="0" bw="16" slack="0"/>
<pin id="365" dir="0" index="1" bw="1" slack="0"/>
<pin id="366" dir="0" index="2" bw="8" slack="0"/>
<pin id="367" dir="1" index="3" bw="7" slack="0"/>
</pin_list>
<bind>
<opcode="getelementptr(29) " fcode="getelementptr"/>
<opset="W4_V_addr/16 "/>
</bind>
</comp>

<comp id="370" class="1004" name="a3_V_addr_1_gep_fu_370">
<pin_list>
<pin id="371" dir="0" index="0" bw="19" slack="2147483647"/>
<pin id="372" dir="0" index="1" bw="1" slack="0"/>
<pin id="373" dir="0" index="2" bw="4" slack="0"/>
<pin id="374" dir="1" index="3" bw="3" slack="0"/>
</pin_list>
<bind>
<opcode="getelementptr(29) " fcode="getelementptr"/>
<opset="a3_V_addr_1/16 "/>
</bind>
</comp>

<comp id="377" class="1004" name="grp_access_fu_377">
<pin_list>
<pin id="378" dir="0" index="0" bw="7" slack="0"/>
<pin id="379" dir="0" index="1" bw="16" slack="2147483647"/>
<pin id="380" dir="0" index="2" bw="0" slack="2147483647"/>
<pin id="381" dir="1" index="3" bw="16" slack="0"/>
</pin_list>
<bind>
<opcode="load(27) " fcode="load"/>
<opset="W4_V_load/16 "/>
</bind>
</comp>

<comp id="383" class="1004" name="z4_V_addr_1_gep_fu_383">
<pin_list>
<pin id="384" dir="0" index="0" bw="20" slack="2147483647"/>
<pin id="385" dir="0" index="1" bw="1" slack="0"/>
<pin id="386" dir="0" index="2" bw="4" slack="2"/>
<pin id="387" dir="1" index="3" bw="4" slack="0"/>
</pin_list>
<bind>
<opcode="getelementptr(29) " fcode="getelementptr"/>
<opset="z4_V_addr_1/16 "/>
</bind>
</comp>

<comp id="390" class="1004" name="z4_V_addr_2_gep_fu_390">
<pin_list>
<pin id="391" dir="0" index="0" bw="20" slack="2147483647"/>
<pin id="392" dir="0" index="1" bw="1" slack="0"/>
<pin id="393" dir="0" index="2" bw="4" slack="0"/>
<pin id="394" dir="1" index="3" bw="4" slack="0"/>
</pin_list>
<bind>
<opcode="getelementptr(29) " fcode="getelementptr"/>
<opset="z4_V_addr_2/21 "/>
</bind>
</comp>

<comp id="397" class="1004" name="logits_addr_2_gep_fu_397">
<pin_list>
<pin id="398" dir="0" index="0" bw="32" slack="2147483647"/>
<pin id="399" dir="0" index="1" bw="1" slack="0"/>
<pin id="400" dir="0" index="2" bw="1" slack="0"/>
<pin id="401" dir="1" index="3" bw="4" slack="0"/>
</pin_list>
<bind>
<opcode="getelementptr(29) " fcode="getelementptr"/>
<opset="logits_addr_2/21 "/>
</bind>
</comp>

<comp id="404" class="1004" name="grp_access_fu_404">
<pin_list>
<pin id="405" dir="0" index="0" bw="4" slack="0"/>
<pin id="406" dir="0" index="1" bw="32" slack="0"/>
<pin id="407" dir="0" index="2" bw="0" slack="2147483647"/>
<pin id="408" dir="1" index="3" bw="32" slack="1"/>
</pin_list>
<bind>
<opcode="load(27) store(28) " fcode="load"/>
<opset="store_ln114/21 store_ln110/22 store_ln110/24 logits_load/27 "/>
</bind>
</comp>

<comp id="410" class="1004" name="logits_addr_gep_fu_410">
<pin_list>
<pin id="411" dir="0" index="0" bw="32" slack="2147483647"/>
<pin id="412" dir="0" index="1" bw="1" slack="0"/>
<pin id="413" dir="0" index="2" bw="4" slack="1"/>
<pin id="414" dir="1" index="3" bw="4" slack="0"/>
</pin_list>
<bind>
<opcode="getelementptr(29) " fcode="getelementptr"/>
<opset="logits_addr/22 "/>
</bind>
</comp>

<comp id="418" class="1004" name="logits_addr_1_gep_fu_418">
<pin_list>
<pin id="419" dir="0" index="0" bw="32" slack="2147483647"/>
<pin id="420" dir="0" index="1" bw="1" slack="0"/>
<pin id="421" dir="0" index="2" bw="4" slack="3"/>
<pin id="422" dir="1" index="3" bw="4" slack="0"/>
</pin_list>
<bind>
<opcode="getelementptr(29) " fcode="getelementptr"/>
<opset="logits_addr_1/24 "/>
</bind>
</comp>

<comp id="425" class="1004" name="logits_addr_3_gep_fu_425">
<pin_list>
<pin id="426" dir="0" index="0" bw="32" slack="2147483647"/>
<pin id="427" dir="0" index="1" bw="1" slack="0"/>
<pin id="428" dir="0" index="2" bw="4" slack="0"/>
<pin id="429" dir="1" index="3" bw="4" slack="0"/>
</pin_list>
<bind>
<opcode="getelementptr(29) " fcode="getelementptr"/>
<opset="logits_addr_3/27 "/>
</bind>
</comp>

<comp id="432" class="1004" name="output_addr_gep_fu_432">
<pin_list>
<pin id="433" dir="0" index="0" bw="32" slack="0"/>
<pin id="434" dir="0" index="1" bw="1" slack="0"/>
<pin id="435" dir="0" index="2" bw="4" slack="15"/>
<pin id="436" dir="1" index="3" bw="4" slack="0"/>
</pin_list>
<bind>
<opcode="getelementptr(29) " fcode="getelementptr"/>
<opset="output_addr/42 "/>
</bind>
</comp>

<comp id="439" class="1004" name="grp_access_fu_439">
<pin_list>
<pin id="440" dir="0" index="0" bw="4" slack="0"/>
<pin id="441" dir="0" index="1" bw="32" slack="0"/>
<pin id="442" dir="0" index="2" bw="0" slack="2147483647"/>
<pin id="443" dir="1" index="3" bw="32" slack="0"/>
</pin_list>
<bind>
<opcode="load(27) store(28) " fcode="store"/>
<opset="store_ln120/42 output_load/47 store_ln125/59 "/>
</bind>
</comp>

<comp id="445" class="1004" name="output_addr_1_gep_fu_445">
<pin_list>
<pin id="446" dir="0" index="0" bw="32" slack="0"/>
<pin id="447" dir="0" index="1" bw="1" slack="0"/>
<pin id="448" dir="0" index="2" bw="4" slack="0"/>
<pin id="449" dir="1" index="3" bw="4" slack="0"/>
</pin_list>
<bind>
<opcode="getelementptr(29) " fcode="getelementptr"/>
<opset="output_addr_1/47 "/>
</bind>
</comp>

<comp id="453" class="1005" name="j_0_reg_453">
<pin_list>
<pin id="454" dir="0" index="0" bw="3" slack="1"/>
<pin id="455" dir="1" index="1" bw="3" slack="1"/>
</pin_list>
<bind>
<opset="j_0 (phireg) "/>
</bind>
</comp>

<comp id="457" class="1004" name="j_0_phi_fu_457">
<pin_list>
<pin id="458" dir="0" index="0" bw="3" slack="0"/>
<pin id="459" dir="0" index="1" bw="0" slack="2147483647"/>
<pin id="460" dir="0" index="2" bw="1" slack="1"/>
<pin id="461" dir="0" index="3" bw="0" slack="2147483647"/>
<pin id="462" dir="1" index="4" bw="3" slack="0"/>
</pin_list>
<bind>
<opcode="phi(47) " fcode="phi"/>
<opset="j_0/2 "/>
</bind>
</comp>

<comp id="464" class="1005" name="phi_mul_reg_464">
<pin_list>
<pin id="465" dir="0" index="0" bw="12" slack="1"/>
<pin id="466" dir="1" index="1" bw="12" slack="1"/>
</pin_list>
<bind>
<opset="phi_mul (phireg) "/>
</bind>
</comp>

<comp id="468" class="1004" name="phi_mul_phi_fu_468">
<pin_list>
<pin id="469" dir="0" index="0" bw="12" slack="0"/>
<pin id="470" dir="0" index="1" bw="0" slack="2147483647"/>
<pin id="471" dir="0" index="2" bw="1" slack="1"/>
<pin id="472" dir="0" index="3" bw="0" slack="2147483647"/>
<pin id="473" dir="1" index="4" bw="12" slack="0"/>
</pin_list>
<bind>
<opcode="phi(47) " fcode="phi"/>
<opset="phi_mul/2 "/>
</bind>
</comp>

<comp id="476" class="1005" name="p_Val2_1_reg_476">
<pin_list>
<pin id="477" dir="0" index="0" bw="20" slack="1"/>
<pin id="478" dir="1" index="1" bw="20" slack="1"/>
</pin_list>
<bind>
<opset="p_Val2_1 (phireg) "/>
</bind>
</comp>

<comp id="479" class="1004" name="p_Val2_1_phi_fu_479">
<pin_list>
<pin id="480" dir="0" index="0" bw="13" slack="1"/>
<pin id="481" dir="0" index="1" bw="0" slack="2147483647"/>
<pin id="482" dir="0" index="2" bw="20" slack="1"/>
<pin id="483" dir="0" index="3" bw="0" slack="2147483647"/>
<pin id="484" dir="1" index="4" bw="20" slack="0"/>
</pin_list>
<bind>
<opcode="phi(47) " fcode="phi"/>
<opset="p_Val2_1/4 "/>
</bind>
</comp>

<comp id="486" class="1005" name="i_0_i_reg_486">
<pin_list>
<pin id="487" dir="0" index="0" bw="10" slack="1"/>
<pin id="488" dir="1" index="1" bw="10" slack="1"/>
</pin_list>
<bind>
<opset="i_0_i (phireg) "/>
</bind>
</comp>

<comp id="490" class="1004" name="i_0_i_phi_fu_490">
<pin_list>
<pin id="491" dir="0" index="0" bw="1" slack="1"/>
<pin id="492" dir="0" index="1" bw="0" slack="2147483647"/>
<pin id="493" dir="0" index="2" bw="10" slack="0"/>
<pin id="494" dir="0" index="3" bw="0" slack="2147483647"/>
<pin id="495" dir="1" index="4" bw="10" slack="0"/>
</pin_list>
<bind>
<opcode="phi(47) " fcode="phi"/>
<opset="i_0_i/4 "/>
</bind>
</comp>

<comp id="497" class="1005" name="j4_0_reg_497">
<pin_list>
<pin id="498" dir="0" index="0" bw="4" slack="1"/>
<pin id="499" dir="1" index="1" bw="4" slack="1"/>
</pin_list>
<bind>
<opset="j4_0 (phireg) "/>
</bind>
</comp>

<comp id="501" class="1004" name="j4_0_phi_fu_501">
<pin_list>
<pin id="502" dir="0" index="0" bw="4" slack="0"/>
<pin id="503" dir="0" index="1" bw="0" slack="2147483647"/>
<pin id="504" dir="0" index="2" bw="1" slack="1"/>
<pin id="505" dir="0" index="3" bw="0" slack="2147483647"/>
<pin id="506" dir="1" index="4" bw="4" slack="0"/>
</pin_list>
<bind>
<opcode="phi(47) " fcode="phi"/>
<opset="j4_0/6 "/>
</bind>
</comp>

<comp id="509" class="1005" name="p_Val2_4_reg_509">
<pin_list>
<pin id="510" dir="0" index="0" bw="20" slack="1"/>
<pin id="511" dir="1" index="1" bw="20" slack="1"/>
</pin_list>
<bind>
<opset="p_Val2_4 (phireg) "/>
</bind>
</comp>

<comp id="512" class="1004" name="p_Val2_4_phi_fu_512">
<pin_list>
<pin id="513" dir="0" index="0" bw="15" slack="1"/>
<pin id="514" dir="0" index="1" bw="0" slack="2147483647"/>
<pin id="515" dir="0" index="2" bw="20" slack="1"/>
<pin id="516" dir="0" index="3" bw="0" slack="2147483647"/>
<pin id="517" dir="1" index="4" bw="20" slack="0"/>
</pin_list>
<bind>
<opcode="phi(47) " fcode="phi"/>
<opset="p_Val2_4/8 "/>
</bind>
</comp>

<comp id="519" class="1005" name="i_0_i10_reg_519">
<pin_list>
<pin id="520" dir="0" index="0" bw="3" slack="1"/>
<pin id="521" dir="1" index="1" bw="3" slack="1"/>
</pin_list>
<bind>
<opset="i_0_i10 (phireg) "/>
</bind>
</comp>

<comp id="523" class="1004" name="i_0_i10_phi_fu_523">
<pin_list>
<pin id="524" dir="0" index="0" bw="1" slack="1"/>
<pin id="525" dir="0" index="1" bw="0" slack="2147483647"/>
<pin id="526" dir="0" index="2" bw="3" slack="0"/>
<pin id="527" dir="0" index="3" bw="0" slack="2147483647"/>
<pin id="528" dir="1" index="4" bw="3" slack="0"/>
</pin_list>
<bind>
<opcode="phi(47) " fcode="phi"/>
<opset="i_0_i10/8 "/>
</bind>
</comp>

<comp id="530" class="1005" name="j5_0_reg_530">
<pin_list>
<pin id="531" dir="0" index="0" bw="4" slack="1"/>
<pin id="532" dir="1" index="1" bw="4" slack="1"/>
</pin_list>
<bind>
<opset="j5_0 (phireg) "/>
</bind>
</comp>

<comp id="534" class="1004" name="j5_0_phi_fu_534">
<pin_list>
<pin id="535" dir="0" index="0" bw="4" slack="0"/>
<pin id="536" dir="0" index="1" bw="0" slack="2147483647"/>
<pin id="537" dir="0" index="2" bw="1" slack="1"/>
<pin id="538" dir="0" index="3" bw="0" slack="2147483647"/>
<pin id="539" dir="1" index="4" bw="4" slack="0"/>
</pin_list>
<bind>
<opcode="phi(47) " fcode="phi"/>
<opset="j5_0/10 "/>
</bind>
</comp>

<comp id="542" class="1005" name="p_Val2_9_reg_542">
<pin_list>
<pin id="543" dir="0" index="0" bw="20" slack="1"/>
<pin id="544" dir="1" index="1" bw="20" slack="1"/>
</pin_list>
<bind>
<opset="p_Val2_9 (phireg) "/>
</bind>
</comp>

<comp id="545" class="1004" name="p_Val2_9_phi_fu_545">
<pin_list>
<pin id="546" dir="0" index="0" bw="16" slack="1"/>
<pin id="547" dir="0" index="1" bw="0" slack="2147483647"/>
<pin id="548" dir="0" index="2" bw="20" slack="1"/>
<pin id="549" dir="0" index="3" bw="0" slack="2147483647"/>
<pin id="550" dir="1" index="4" bw="20" slack="0"/>
</pin_list>
<bind>
<opcode="phi(47) " fcode="phi"/>
<opset="p_Val2_9/12 "/>
</bind>
</comp>

<comp id="552" class="1005" name="i_0_i26_reg_552">
<pin_list>
<pin id="553" dir="0" index="0" bw="4" slack="1"/>
<pin id="554" dir="1" index="1" bw="4" slack="1"/>
</pin_list>
<bind>
<opset="i_0_i26 (phireg) "/>
</bind>
</comp>

<comp id="556" class="1004" name="i_0_i26_phi_fu_556">
<pin_list>
<pin id="557" dir="0" index="0" bw="1" slack="1"/>
<pin id="558" dir="0" index="1" bw="0" slack="2147483647"/>
<pin id="559" dir="0" index="2" bw="4" slack="0"/>
<pin id="560" dir="0" index="3" bw="0" slack="2147483647"/>
<pin id="561" dir="1" index="4" bw="4" slack="0"/>
</pin_list>
<bind>
<opcode="phi(47) " fcode="phi"/>
<opset="i_0_i26/12 "/>
</bind>
</comp>

<comp id="563" class="1005" name="j6_0_reg_563">
<pin_list>
<pin id="564" dir="0" index="0" bw="4" slack="1"/>
<pin id="565" dir="1" index="1" bw="4" slack="1"/>
</pin_list>
<bind>
<opset="j6_0 (phireg) "/>
</bind>
</comp>

<comp id="567" class="1004" name="j6_0_phi_fu_567">
<pin_list>
<pin id="568" dir="0" index="0" bw="4" slack="0"/>
<pin id="569" dir="0" index="1" bw="0" slack="2147483647"/>
<pin id="570" dir="0" index="2" bw="1" slack="1"/>
<pin id="571" dir="0" index="3" bw="0" slack="2147483647"/>
<pin id="572" dir="1" index="4" bw="4" slack="0"/>
</pin_list>
<bind>
<opcode="phi(47) " fcode="phi"/>
<opset="j6_0/14 "/>
</bind>
</comp>

<comp id="575" class="1005" name="p_Val2_14_reg_575">
<pin_list>
<pin id="576" dir="0" index="0" bw="20" slack="1"/>
<pin id="577" dir="1" index="1" bw="20" slack="1"/>
</pin_list>
<bind>
<opset="p_Val2_14 (phireg) "/>
</bind>
</comp>

<comp id="578" class="1004" name="p_Val2_14_phi_fu_578">
<pin_list>
<pin id="579" dir="0" index="0" bw="16" slack="1"/>
<pin id="580" dir="0" index="1" bw="0" slack="2147483647"/>
<pin id="581" dir="0" index="2" bw="20" slack="1"/>
<pin id="582" dir="0" index="3" bw="0" slack="2147483647"/>
<pin id="583" dir="1" index="4" bw="20" slack="0"/>
</pin_list>
<bind>
<opcode="phi(47) " fcode="phi"/>
<opset="p_Val2_14/16 "/>
</bind>
</comp>

<comp id="586" class="1005" name="i_0_i42_reg_586">
<pin_list>
<pin id="587" dir="0" index="0" bw="4" slack="1"/>
<pin id="588" dir="1" index="1" bw="4" slack="1"/>
</pin_list>
<bind>
<opset="i_0_i42 (phireg) "/>
</bind>
</comp>

<comp id="590" class="1004" name="i_0_i42_phi_fu_590">
<pin_list>
<pin id="591" dir="0" index="0" bw="1" slack="1"/>
<pin id="592" dir="0" index="1" bw="0" slack="2147483647"/>
<pin id="593" dir="0" index="2" bw="4" slack="0"/>
<pin id="594" dir="0" index="3" bw="0" slack="2147483647"/>
<pin id="595" dir="1" index="4" bw="4" slack="0"/>
</pin_list>
<bind>
<opcode="phi(47) " fcode="phi"/>
<opset="i_0_i42/16 "/>
</bind>
</comp>

<comp id="597" class="1005" name="maxv_0_reg_597">
<pin_list>
<pin id="598" dir="0" index="0" bw="32" slack="3"/>
<pin id="599" dir="1" index="1" bw="32" slack="3"/>
</pin_list>
<bind>
<opset="maxv_0 (phireg) "/>
</bind>
</comp>

<comp id="600" class="1004" name="maxv_0_phi_fu_600">
<pin_list>
<pin id="601" dir="0" index="0" bw="32" slack="1"/>
<pin id="602" dir="0" index="1" bw="0" slack="2147483647"/>
<pin id="603" dir="0" index="2" bw="32" slack="1"/>
<pin id="604" dir="0" index="3" bw="0" slack="2147483647"/>
<pin id="605" dir="1" index="4" bw="32" slack="3"/>
</pin_list>
<bind>
<opcode="phi(47) " fcode="phi"/>
<opset="maxv_0/21 "/>
</bind>
</comp>

<comp id="607" class="1005" name="j7_0_reg_607">
<pin_list>
<pin id="608" dir="0" index="0" bw="4" slack="1"/>
<pin id="609" dir="1" index="1" bw="4" slack="1"/>
</pin_list>
<bind>
<opset="j7_0 (phireg) "/>
</bind>
</comp>

<comp id="611" class="1004" name="j7_0_phi_fu_611">
<pin_list>
<pin id="612" dir="0" index="0" bw="4" slack="1"/>
<pin id="613" dir="0" index="1" bw="0" slack="2147483647"/>
<pin id="614" dir="0" index="2" bw="1" slack="1"/>
<pin id="615" dir="0" index="3" bw="0" slack="2147483647"/>
<pin id="616" dir="1" index="4" bw="4" slack="0"/>
</pin_list>
<bind>
<opcode="phi(47) " fcode="phi"/>
<opset="j7_0/21 "/>
</bind>
</comp>

<comp id="619" class="1005" name="p_0202_reg_619">
<pin_list>
<pin id="620" dir="0" index="0" bw="32" slack="1"/>
<pin id="621" dir="1" index="1" bw="32" slack="3"/>
</pin_list>
<bind>
<opset="p_0202 (phireg) "/>
</bind>
</comp>

<comp id="623" class="1004" name="p_0202_phi_fu_623">
<pin_list>
<pin id="624" dir="0" index="0" bw="32" slack="1"/>
<pin id="625" dir="0" index="1" bw="0" slack="2147483647"/>
<pin id="626" dir="0" index="2" bw="32" slack="3"/>
<pin id="627" dir="0" index="3" bw="0" slack="2147483647"/>
<pin id="628" dir="1" index="4" bw="32" slack="0"/>
</pin_list>
<bind>
<opcode="phi(47) " fcode="phi"/>
<opset="p_0202/25 "/>
</bind>
</comp>

<comp id="631" class="1005" name="sum_0_reg_631">
<pin_list>
<pin id="632" dir="0" index="0" bw="32" slack="1"/>
<pin id="633" dir="1" index="1" bw="32" slack="1"/>
</pin_list>
<bind>
<opset="sum_0 (phireg) "/>
</bind>
</comp>

<comp id="635" class="1004" name="sum_0_phi_fu_635">
<pin_list>
<pin id="636" dir="0" index="0" bw="32" slack="1"/>
<pin id="637" dir="0" index="1" bw="0" slack="2147483647"/>
<pin id="638" dir="0" index="2" bw="32" slack="1"/>
<pin id="639" dir="0" index="3" bw="0" slack="2147483647"/>
<pin id="640" dir="1" index="4" bw="32" slack="2"/>
</pin_list>
<bind>
<opcode="phi(47) " fcode="phi"/>
<opset="sum_0/27 "/>
</bind>
</comp>

<comp id="643" class="1005" name="j8_0_reg_643">
<pin_list>
<pin id="644" dir="0" index="0" bw="4" slack="1"/>
<pin id="645" dir="1" index="1" bw="4" slack="1"/>
</pin_list>
<bind>
<opset="j8_0 (phireg) "/>
</bind>
</comp>

<comp id="647" class="1004" name="j8_0_phi_fu_647">
<pin_list>
<pin id="648" dir="0" index="0" bw="1" slack="1"/>
<pin id="649" dir="0" index="1" bw="0" slack="2147483647"/>
<pin id="650" dir="0" index="2" bw="4" slack="0"/>
<pin id="651" dir="0" index="3" bw="0" slack="2147483647"/>
<pin id="652" dir="1" index="4" bw="4" slack="0"/>
</pin_list>
<bind>
<opcode="phi(47) " fcode="phi"/>
<opset="j8_0/27 "/>
</bind>
</comp>

<comp id="654" class="1005" name="j9_0_reg_654">
<pin_list>
<pin id="655" dir="0" index="0" bw="4" slack="1"/>
<pin id="656" dir="1" index="1" bw="4" slack="1"/>
</pin_list>
<bind>
<opset="j9_0 (phireg) "/>
</bind>
</comp>

<comp id="658" class="1004" name="j9_0_phi_fu_658">
<pin_list>
<pin id="659" dir="0" index="0" bw="4" slack="0"/>
<pin id="660" dir="0" index="1" bw="0" slack="2147483647"/>
<pin id="661" dir="0" index="2" bw="1" slack="1"/>
<pin id="662" dir="0" index="3" bw="0" slack="2147483647"/>
<pin id="663" dir="1" index="4" bw="4" slack="0"/>
</pin_list>
<bind>
<opcode="phi(47) " fcode="phi"/>
<opset="j9_0/47 "/>
</bind>
</comp>

<comp id="665" class="1004" name="grp_fu_665">
<pin_list>
<pin id="666" dir="0" index="0" bw="32" slack="1"/>
<pin id="667" dir="0" index="1" bw="32" slack="1"/>
<pin id="668" dir="1" index="2" bw="32" slack="1"/>
</pin_list>
<bind>
<opcode="fadd(9) fsub(11) " fcode="fadd"/>
<opset="tmp/29 sum/42 "/>
</bind>
</comp>

<comp id="671" class="1004" name="grp_fu_671">
<pin_list>
<pin id="672" dir="0" index="0" bw="32" slack="0"/>
<pin id="673" dir="0" index="1" bw="32" slack="2"/>
<pin id="674" dir="1" index="2" bw="32" slack="0"/>
</pin_list>
<bind>
<opcode="fdiv(16) " fcode="fdiv"/>
<opset="tmp_2/48 "/>
</bind>
</comp>

<comp id="678" class="1004" name="grp_fu_678">
<pin_list>
<pin id="679" dir="0" index="0" bw="32" slack="0"/>
<pin id="680" dir="0" index="1" bw="32" slack="4"/>
<pin id="681" dir="1" index="2" bw="1" slack="0"/>
</pin_list>
<bind>
<opcode="fcmp(46) " fcode="fcmp"/>
<opset="tmp_5/25 "/>
</bind>
</comp>

<comp id="684" class="1004" name="grp_fu_684">
<pin_list>
<pin id="685" dir="0" index="0" bw="32" slack="0"/>
<pin id="686" dir="0" index="1" bw="32" slack="1"/>
<pin id="687" dir="1" index="2" bw="32" slack="1"/>
</pin_list>
<bind>
<opcode="fexp(507) " fcode="fexp"/>
<opset="e/34 "/>
</bind>
</comp>

<comp id="689" class="1004" name="grp_fu_689">
<pin_list>
<pin id="690" dir="0" index="0" bw="1" slack="0"/>
<pin id="691" dir="0" index="1" bw="20" slack="0"/>
<pin id="692" dir="1" index="2" bw="20" slack="1"/>
</pin_list>
<bind>
<opcode="sub(10) " fcode="sub"/>
<opset="tmp_V/18 tmp_V_5/22 "/>
</bind>
</comp>

<comp id="695" class="1004" name="grp_fu_695">
<pin_list>
<pin id="696" dir="0" index="0" bw="1" slack="0"/>
<pin id="697" dir="0" index="1" bw="20" slack="1"/>
<pin id="698" dir="0" index="2" bw="6" slack="0"/>
<pin id="699" dir="1" index="3" bw="1" slack="0"/>
</pin_list>
<bind>
<opcode="bitselect(1000) " fcode="bitselect"/>
<opset="p_Result_24/23 p_Result_27/25 "/>
</bind>
</comp>

<comp id="702" class="1005" name="reg_702">
<pin_list>
<pin id="703" dir="0" index="0" bw="20" slack="1"/>
<pin id="704" dir="1" index="1" bw="20" slack="1"/>
</pin_list>
<bind>
<opset="tmp_V_9 tmp_V_11 "/>
</bind>
</comp>

<comp id="707" class="1005" name="reg_707">
<pin_list>
<pin id="708" dir="0" index="0" bw="20" slack="1"/>
<pin id="709" dir="1" index="1" bw="20" slack="1"/>
</pin_list>
<bind>
<opset="tmp_V tmp_V_5 "/>
</bind>
</comp>

<comp id="711" class="1004" name="add_ln88_fu_711">
<pin_list>
<pin id="712" dir="0" index="0" bw="12" slack="0"/>
<pin id="713" dir="0" index="1" bw="11" slack="0"/>
<pin id="714" dir="1" index="2" bw="12" slack="0"/>
</pin_list>
<bind>
<opcode="add(8) " fcode="add"/>
<opset="add_ln88/2 "/>
</bind>
</comp>

<comp id="717" class="1004" name="icmp_ln88_fu_717">
<pin_list>
<pin id="718" dir="0" index="0" bw="3" slack="0"/>
<pin id="719" dir="0" index="1" bw="3" slack="0"/>
<pin id="720" dir="1" index="2" bw="1" slack="2147483647"/>
</pin_list>
<bind>
<opcode="icmp(45) " fcode="icmp"/>
<opset="icmp_ln88/2 "/>
</bind>
</comp>

<comp id="723" class="1004" name="j_fu_723">
<pin_list>
<pin id="724" dir="0" index="0" bw="3" slack="0"/>
<pin id="725" dir="0" index="1" bw="1" slack="0"/>
<pin id="726" dir="1" index="2" bw="3" slack="0"/>
</pin_list>
<bind>
<opcode="add(8) " fcode="add"/>
<opset="j/2 "/>
</bind>
</comp>

<comp id="729" class="1004" name="zext_ln89_fu_729">
<pin_list>
<pin id="730" dir="0" index="0" bw="3" slack="0"/>
<pin id="731" dir="1" index="1" bw="64" slack="0"/>
</pin_list>
<bind>
<opcode="zext(34) " fcode="zext"/>
<opset="zext_ln89/2 "/>
</bind>
</comp>

<comp id="734" class="1004" name="zext_ln89_1_fu_734">
<pin_list>
<pin id="735" dir="0" index="0" bw="13" slack="0"/>
<pin id="736" dir="1" index="1" bw="20" slack="1"/>
</pin_list>
<bind>
<opcode="zext(34) " fcode="zext"/>
<opset="zext_ln89_1/3 "/>
</bind>
</comp>

<comp id="738" class="1004" name="icmp_ln68_fu_738">
<pin_list>
<pin id="739" dir="0" index="0" bw="10" slack="0"/>
<pin id="740" dir="0" index="1" bw="9" slack="0"/>
<pin id="741" dir="1" index="2" bw="1" slack="2147483647"/>
</pin_list>
<bind>
<opcode="icmp(45) " fcode="icmp"/>
<opset="icmp_ln68/4 "/>
</bind>
</comp>

<comp id="744" class="1004" name="i_fu_744">
<pin_list>
<pin id="745" dir="0" index="0" bw="10" slack="0"/>
<pin id="746" dir="0" index="1" bw="1" slack="0"/>
<pin id="747" dir="1" index="2" bw="10" slack="0"/>
</pin_list>
<bind>
<opcode="add(8) " fcode="add"/>
<opset="i/4 "/>
</bind>
</comp>

<comp id="750" class="1004" name="zext_ln69_fu_750">
<pin_list>
<pin id="751" dir="0" index="0" bw="10" slack="0"/>
<pin id="752" dir="1" index="1" bw="64" slack="0"/>
</pin_list>
<bind>
<opcode="zext(34) " fcode="zext"/>
<opset="zext_ln69/4 "/>
</bind>
</comp>

<comp id="755" class="1004" name="zext_ln1117_2_fu_755">
<pin_list>
<pin id="756" dir="0" index="0" bw="10" slack="0"/>
<pin id="757" dir="1" index="1" bw="12" slack="0"/>
</pin_list>
<bind>
<opcode="zext(34) " fcode="zext"/>
<opset="zext_ln1117_2/4 "/>
</bind>
</comp>

<comp id="759" class="1004" name="add_ln1117_1_fu_759">
<pin_list>
<pin id="760" dir="0" index="0" bw="10" slack="0"/>
<pin id="761" dir="0" index="1" bw="12" slack="2"/>
<pin id="762" dir="1" index="2" bw="12" slack="0"/>
</pin_list>
<bind>
<opcode="add(8) " fcode="add"/>
<opset="add_ln1117_1/4 "/>
</bind>
</comp>

<comp id="765" class="1004" name="zext_ln1117_3_fu_765">
<pin_list>
<pin id="766" dir="0" index="0" bw="12" slack="0"/>
<pin id="767" dir="1" index="1" bw="64" slack="0"/>
</pin_list>
<bind>
<opcode="zext(34) " fcode="zext"/>
<opset="zext_ln1117_3/4 "/>
</bind>
</comp>

<comp id="770" class="1004" name="empty_16_fu_770">
<pin_list>
<pin id="771" dir="0" index="0" bw="20" slack="0"/>
<pin id="772" dir="1" index="1" bw="19" slack="0"/>
</pin_list>
<bind>
<opcode="trunc(33) " fcode="trunc"/>
<opset="empty_16/4 "/>
</bind>
</comp>

<comp id="774" class="1004" name="tmp_10_fu_774">
<pin_list>
<pin id="775" dir="0" index="0" bw="1" slack="0"/>
<pin id="776" dir="0" index="1" bw="20" slack="0"/>
<pin id="777" dir="0" index="2" bw="6" slack="0"/>
<pin id="778" dir="1" index="3" bw="1" slack="0"/>
</pin_list>
<bind>
<opcode="bitselect(1000) " fcode="bitselect"/>
<opset="tmp_10/4 "/>
</bind>
</comp>

<comp id="782" class="1004" name="p_Val2_s_fu_782">
<pin_list>
<pin id="783" dir="0" index="0" bw="1" slack="0"/>
<pin id="784" dir="0" index="1" bw="1" slack="0"/>
<pin id="785" dir="0" index="2" bw="19" slack="0"/>
<pin id="786" dir="1" index="3" bw="19" slack="0"/>
</pin_list>
<bind>
<opcode="select(49) " fcode="select"/>
<opset="p_Val2_s/4 "/>
</bind>
</comp>

<comp id="791" class="1004" name="sext_ln1192_fu_791">
<pin_list>
<pin id="792" dir="0" index="0" bw="20" slack="0"/>
<pin id="793" dir="1" index="1" bw="34" slack="0"/>
</pin_list>
<bind>
<opcode="sext(35) " fcode="sext"/>
<opset="sext_ln1192/5 "/>
</bind>
</comp>

<comp id="795" class="1004" name="sext_ln1192_1_fu_795">
<pin_list>
<pin id="796" dir="0" index="0" bw="16" slack="0"/>
<pin id="797" dir="1" index="1" bw="34" slack="0"/>
</pin_list>
<bind>
<opcode="sext(35) " fcode="sext"/>
<opset="sext_ln1192_1/5 "/>
</bind>
</comp>

<comp id="799" class="1004" name="lhs_V_fu_799">
<pin_list>
<pin id="800" dir="0" index="0" bw="34" slack="0"/>
<pin id="801" dir="0" index="1" bw="20" slack="1"/>
<pin id="802" dir="0" index="2" bw="1" slack="0"/>
<pin id="803" dir="1" index="3" bw="34" slack="0"/>
</pin_list>
<bind>
<opcode="bitconcatenate(1004) " fcode="bitconcatenate"/>
<opset="lhs_V/5 "/>
</bind>
</comp>

<comp id="807" class="1004" name="acc_V_2_fu_807">
<pin_list>
<pin id="808" dir="0" index="0" bw="20" slack="0"/>
<pin id="809" dir="0" index="1" bw="34" slack="0"/>
<pin id="810" dir="0" index="2" bw="5" slack="0"/>
<pin id="811" dir="0" index="3" bw="7" slack="0"/>
<pin id="812" dir="1" index="4" bw="20" slack="1"/>
</pin_list>
<bind>
<opcode="partselect(1002) " fcode="partselect"/>
<opset="acc_V_2/5 "/>
</bind>
</comp>

<comp id="816" class="1004" name="icmp_ln93_fu_816">
<pin_list>
<pin id="817" dir="0" index="0" bw="4" slack="0"/>
<pin id="818" dir="0" index="1" bw="4" slack="0"/>
<pin id="819" dir="1" index="2" bw="1" slack="2147483647"/>
</pin_list>
<bind>
<opcode="icmp(45) " fcode="icmp"/>
<opset="icmp_ln93/6 "/>
</bind>
</comp>

<comp id="822" class="1004" name="j_1_fu_822">
<pin_list>
<pin id="823" dir="0" index="0" bw="4" slack="0"/>
<pin id="824" dir="0" index="1" bw="1" slack="0"/>
<pin id="825" dir="1" index="2" bw="4" slack="0"/>
</pin_list>
<bind>
<opcode="add(8) " fcode="add"/>
<opset="j_1/6 "/>
</bind>
</comp>

<comp id="828" class="1004" name="zext_ln94_fu_828">
<pin_list>
<pin id="829" dir="0" index="0" bw="4" slack="0"/>
<pin id="830" dir="1" index="1" bw="64" slack="0"/>
</pin_list>
<bind>
<opcode="zext(34) " fcode="zext"/>
<opset="zext_ln94/6 "/>
</bind>
</comp>

<comp id="833" class="1004" name="zext_ln1117_fu_833">
<pin_list>
<pin id="834" dir="0" index="0" bw="4" slack="1"/>
<pin id="835" dir="1" index="1" bw="7" slack="0"/>
</pin_list>
<bind>
<opcode="zext(34) " fcode="zext"/>
<opset="zext_ln1117/7 "/>
</bind>
</comp>

<comp id="837" class="1004" name="tmp_7_fu_837">
<pin_list>
<pin id="838" dir="0" index="0" bw="6" slack="0"/>
<pin id="839" dir="0" index="1" bw="4" slack="1"/>
<pin id="840" dir="0" index="2" bw="1" slack="0"/>
<pin id="841" dir="1" index="3" bw="6" slack="0"/>
</pin_list>
<bind>
<opcode="bitconcatenate(1004) " fcode="bitconcatenate"/>
<opset="tmp_7/7 "/>
</bind>
</comp>

<comp id="845" class="1004" name="zext_ln1117_1_fu_845">
<pin_list>
<pin id="846" dir="0" index="0" bw="6" slack="0"/>
<pin id="847" dir="1" index="1" bw="7" slack="0"/>
</pin_list>
<bind>
<opcode="zext(34) " fcode="zext"/>
<opset="zext_ln1117_1/7 "/>
</bind>
</comp>

<comp id="849" class="1004" name="add_ln1117_fu_849">
<pin_list>
<pin id="850" dir="0" index="0" bw="4" slack="0"/>
<pin id="851" dir="0" index="1" bw="6" slack="0"/>
<pin id="852" dir="1" index="2" bw="7" slack="1"/>
</pin_list>
<bind>
<opcode="add(8) " fcode="add"/>
<opset="add_ln1117/7 "/>
</bind>
</comp>

<comp id="855" class="1004" name="sext_ln94_fu_855">
<pin_list>
<pin id="856" dir="0" index="0" bw="15" slack="0"/>
<pin id="857" dir="1" index="1" bw="20" slack="1"/>
</pin_list>
<bind>
<opcode="sext(35) " fcode="sext"/>
<opset="sext_ln94/7 "/>
</bind>
</comp>

<comp id="859" class="1004" name="icmp_ln68_1_fu_859">
<pin_list>
<pin id="860" dir="0" index="0" bw="3" slack="0"/>
<pin id="861" dir="0" index="1" bw="3" slack="0"/>
<pin id="862" dir="1" index="2" bw="1" slack="2147483647"/>
</pin_list>
<bind>
<opcode="icmp(45) " fcode="icmp"/>
<opset="icmp_ln68_1/8 "/>
</bind>
</comp>

<comp id="865" class="1004" name="i_1_fu_865">
<pin_list>
<pin id="866" dir="0" index="0" bw="3" slack="0"/>
<pin id="867" dir="0" index="1" bw="1" slack="0"/>
<pin id="868" dir="1" index="2" bw="3" slack="0"/>
</pin_list>
<bind>
<opcode="add(8) " fcode="add"/>
<opset="i_1/8 "/>
</bind>
</comp>

<comp id="871" class="1004" name="zext_ln69_1_fu_871">
<pin_list>
<pin id="872" dir="0" index="0" bw="3" slack="0"/>
<pin id="873" dir="1" index="1" bw="64" slack="0"/>
</pin_list>
<bind>
<opcode="zext(34) " fcode="zext"/>
<opset="zext_ln69_1/8 "/>
</bind>
</comp>

<comp id="876" class="1004" name="zext_ln1117_4_fu_876">
<pin_list>
<pin id="877" dir="0" index="0" bw="3" slack="0"/>
<pin id="878" dir="1" index="1" bw="7" slack="0"/>
</pin_list>
<bind>
<opcode="zext(34) " fcode="zext"/>
<opset="zext_ln1117_4/8 "/>
</bind>
</comp>

<comp id="880" class="1004" name="add_ln1117_2_fu_880">
<pin_list>
<pin id="881" dir="0" index="0" bw="3" slack="0"/>
<pin id="882" dir="0" index="1" bw="7" slack="1"/>
<pin id="883" dir="1" index="2" bw="7" slack="0"/>
</pin_list>
<bind>
<opcode="add(8) " fcode="add"/>
<opset="add_ln1117_2/8 "/>
</bind>
</comp>

<comp id="885" class="1004" name="zext_ln1117_5_fu_885">
<pin_list>
<pin id="886" dir="0" index="0" bw="7" slack="0"/>
<pin id="887" dir="1" index="1" bw="64" slack="0"/>
</pin_list>
<bind>
<opcode="zext(34) " fcode="zext"/>
<opset="zext_ln1117_5/8 "/>
</bind>
</comp>

<comp id="890" class="1004" name="empty_19_fu_890">
<pin_list>
<pin id="891" dir="0" index="0" bw="20" slack="0"/>
<pin id="892" dir="1" index="1" bw="19" slack="0"/>
</pin_list>
<bind>
<opcode="trunc(33) " fcode="trunc"/>
<opset="empty_19/8 "/>
</bind>
</comp>

<comp id="894" class="1004" name="tmp_11_fu_894">
<pin_list>
<pin id="895" dir="0" index="0" bw="1" slack="0"/>
<pin id="896" dir="0" index="1" bw="20" slack="0"/>
<pin id="897" dir="0" index="2" bw="6" slack="0"/>
<pin id="898" dir="1" index="3" bw="1" slack="0"/>
</pin_list>
<bind>
<opcode="bitselect(1000) " fcode="bitselect"/>
<opset="tmp_11/8 "/>
</bind>
</comp>

<comp id="902" class="1004" name="p_Val2_3_fu_902">
<pin_list>
<pin id="903" dir="0" index="0" bw="1" slack="0"/>
<pin id="904" dir="0" index="1" bw="1" slack="0"/>
<pin id="905" dir="0" index="2" bw="19" slack="0"/>
<pin id="906" dir="1" index="3" bw="19" slack="0"/>
</pin_list>
<bind>
<opcode="select(49) " fcode="select"/>
<opset="p_Val2_3/8 "/>
</bind>
</comp>

<comp id="911" class="1004" name="zext_ln1192_fu_911">
<pin_list>
<pin id="912" dir="0" index="0" bw="19" slack="0"/>
<pin id="913" dir="1" index="1" bw="34" slack="0"/>
</pin_list>
<bind>
<opcode="zext(34) " fcode="zext"/>
<opset="zext_ln1192/9 "/>
</bind>
</comp>

<comp id="915" class="1004" name="sext_ln1192_2_fu_915">
<pin_list>
<pin id="916" dir="0" index="0" bw="16" slack="0"/>
<pin id="917" dir="1" index="1" bw="34" slack="0"/>
</pin_list>
<bind>
<opcode="sext(35) " fcode="sext"/>
<opset="sext_ln1192_2/9 "/>
</bind>
</comp>

<comp id="919" class="1004" name="lhs_V_1_fu_919">
<pin_list>
<pin id="920" dir="0" index="0" bw="34" slack="0"/>
<pin id="921" dir="0" index="1" bw="20" slack="1"/>
<pin id="922" dir="0" index="2" bw="1" slack="0"/>
<pin id="923" dir="1" index="3" bw="34" slack="0"/>
</pin_list>
<bind>
<opcode="bitconcatenate(1004) " fcode="bitconcatenate"/>
<opset="lhs_V_1/9 "/>
</bind>
</comp>

<comp id="927" class="1004" name="acc_V_4_fu_927">
<pin_list>
<pin id="928" dir="0" index="0" bw="20" slack="0"/>
<pin id="929" dir="0" index="1" bw="34" slack="0"/>
<pin id="930" dir="0" index="2" bw="5" slack="0"/>
<pin id="931" dir="0" index="3" bw="7" slack="0"/>
<pin id="932" dir="1" index="4" bw="20" slack="1"/>
</pin_list>
<bind>
<opcode="partselect(1002) " fcode="partselect"/>
<opset="acc_V_4/9 "/>
</bind>
</comp>

<comp id="936" class="1004" name="icmp_ln98_fu_936">
<pin_list>
<pin id="937" dir="0" index="0" bw="4" slack="0"/>
<pin id="938" dir="0" index="1" bw="4" slack="0"/>
<pin id="939" dir="1" index="2" bw="1" slack="2147483647"/>
</pin_list>
<bind>
<opcode="icmp(45) " fcode="icmp"/>
<opset="icmp_ln98/10 "/>
</bind>
</comp>

<comp id="942" class="1004" name="j_2_fu_942">
<pin_list>
<pin id="943" dir="0" index="0" bw="4" slack="0"/>
<pin id="944" dir="0" index="1" bw="1" slack="0"/>
<pin id="945" dir="1" index="2" bw="4" slack="0"/>
</pin_list>
<bind>
<opcode="add(8) " fcode="add"/>
<opset="j_2/10 "/>
</bind>
</comp>

<comp id="948" class="1004" name="zext_ln99_fu_948">
<pin_list>
<pin id="949" dir="0" index="0" bw="4" slack="0"/>
<pin id="950" dir="1" index="1" bw="64" slack="0"/>
</pin_list>
<bind>
<opcode="zext(34) " fcode="zext"/>
<opset="zext_ln99/10 "/>
</bind>
</comp>

<comp id="953" class="1004" name="tmp_8_fu_953">
<pin_list>
<pin id="954" dir="0" index="0" bw="7" slack="0"/>
<pin id="955" dir="0" index="1" bw="4" slack="1"/>
<pin id="956" dir="0" index="2" bw="1" slack="0"/>
<pin id="957" dir="1" index="3" bw="7" slack="0"/>
</pin_list>
<bind>
<opcode="bitconcatenate(1004) " fcode="bitconcatenate"/>
<opset="tmp_8/11 "/>
</bind>
</comp>

<comp id="961" class="1004" name="zext_ln99_1_fu_961">
<pin_list>
<pin id="962" dir="0" index="0" bw="7" slack="0"/>
<pin id="963" dir="1" index="1" bw="8" slack="1"/>
</pin_list>
<bind>
<opcode="zext(34) " fcode="zext"/>
<opset="zext_ln99_1/11 "/>
</bind>
</comp>

<comp id="965" class="1004" name="sext_ln99_fu_965">
<pin_list>
<pin id="966" dir="0" index="0" bw="16" slack="0"/>
<pin id="967" dir="1" index="1" bw="20" slack="1"/>
</pin_list>
<bind>
<opcode="sext(35) " fcode="sext"/>
<opset="sext_ln99/11 "/>
</bind>
</comp>

<comp id="969" class="1004" name="icmp_ln68_2_fu_969">
<pin_list>
<pin id="970" dir="0" index="0" bw="4" slack="0"/>
<pin id="971" dir="0" index="1" bw="4" slack="0"/>
<pin id="972" dir="1" index="2" bw="1" slack="2147483647"/>
</pin_list>
<bind>
<opcode="icmp(45) " fcode="icmp"/>
<opset="icmp_ln68_2/12 "/>
</bind>
</comp>

<comp id="975" class="1004" name="i_2_fu_975">
<pin_list>
<pin id="976" dir="0" index="0" bw="4" slack="0"/>
<pin id="977" dir="0" index="1" bw="1" slack="0"/>
<pin id="978" dir="1" index="2" bw="4" slack="0"/>
</pin_list>
<bind>
<opcode="add(8) " fcode="add"/>
<opset="i_2/12 "/>
</bind>
</comp>

<comp id="981" class="1004" name="zext_ln69_2_fu_981">
<pin_list>
<pin id="982" dir="0" index="0" bw="4" slack="0"/>
<pin id="983" dir="1" index="1" bw="64" slack="0"/>
</pin_list>
<bind>
<opcode="zext(34) " fcode="zext"/>
<opset="zext_ln69_2/12 "/>
</bind>
</comp>

<comp id="986" class="1004" name="zext_ln1117_6_fu_986">
<pin_list>
<pin id="987" dir="0" index="0" bw="4" slack="0"/>
<pin id="988" dir="1" index="1" bw="8" slack="0"/>
</pin_list>
<bind>
<opcode="zext(34) " fcode="zext"/>
<opset="zext_ln1117_6/12 "/>
</bind>
</comp>

<comp id="990" class="1004" name="add_ln1117_3_fu_990">
<pin_list>
<pin id="991" dir="0" index="0" bw="4" slack="0"/>
<pin id="992" dir="0" index="1" bw="7" slack="1"/>
<pin id="993" dir="1" index="2" bw="8" slack="0"/>
</pin_list>
<bind>
<opcode="add(8) " fcode="add"/>
<opset="add_ln1117_3/12 "/>
</bind>
</comp>

<comp id="995" class="1004" name="zext_ln1117_7_fu_995">
<pin_list>
<pin id="996" dir="0" index="0" bw="8" slack="0"/>
<pin id="997" dir="1" index="1" bw="64" slack="0"/>
</pin_list>
<bind>
<opcode="zext(34) " fcode="zext"/>
<opset="zext_ln1117_7/12 "/>
</bind>
</comp>

<comp id="1000" class="1004" name="empty_22_fu_1000">
<pin_list>
<pin id="1001" dir="0" index="0" bw="20" slack="0"/>
<pin id="1002" dir="1" index="1" bw="19" slack="0"/>
</pin_list>
<bind>
<opcode="trunc(33) " fcode="trunc"/>
<opset="empty_22/12 "/>
</bind>
</comp>

<comp id="1004" class="1004" name="tmp_16_fu_1004">
<pin_list>
<pin id="1005" dir="0" index="0" bw="1" slack="0"/>
<pin id="1006" dir="0" index="1" bw="20" slack="0"/>
<pin id="1007" dir="0" index="2" bw="6" slack="0"/>
<pin id="1008" dir="1" index="3" bw="1" slack="0"/>
</pin_list>
<bind>
<opcode="bitselect(1000) " fcode="bitselect"/>
<opset="tmp_16/12 "/>
</bind>
</comp>

<comp id="1012" class="1004" name="p_Val2_10_fu_1012">
<pin_list>
<pin id="1013" dir="0" index="0" bw="1" slack="0"/>
<pin id="1014" dir="0" index="1" bw="1" slack="0"/>
<pin id="1015" dir="0" index="2" bw="19" slack="0"/>
<pin id="1016" dir="1" index="3" bw="19" slack="0"/>
</pin_list>
<bind>
<opcode="select(49) " fcode="select"/>
<opset="p_Val2_10/12 "/>
</bind>
</comp>

<comp id="1021" class="1004" name="zext_ln1192_1_fu_1021">
<pin_list>
<pin id="1022" dir="0" index="0" bw="19" slack="0"/>
<pin id="1023" dir="1" index="1" bw="34" slack="0"/>
</pin_list>
<bind>
<opcode="zext(34) " fcode="zext"/>
<opset="zext_ln1192_1/13 "/>
</bind>
</comp>

<comp id="1025" class="1004" name="sext_ln1192_3_fu_1025">
<pin_list>
<pin id="1026" dir="0" index="0" bw="15" slack="0"/>
<pin id="1027" dir="1" index="1" bw="34" slack="0"/>
</pin_list>
<bind>
<opcode="sext(35) " fcode="sext"/>
<opset="sext_ln1192_3/13 "/>
</bind>
</comp>

<comp id="1029" class="1004" name="lhs_V_2_fu_1029">
<pin_list>
<pin id="1030" dir="0" index="0" bw="34" slack="0"/>
<pin id="1031" dir="0" index="1" bw="20" slack="1"/>
<pin id="1032" dir="0" index="2" bw="1" slack="0"/>
<pin id="1033" dir="1" index="3" bw="34" slack="0"/>
</pin_list>
<bind>
<opcode="bitconcatenate(1004) " fcode="bitconcatenate"/>
<opset="lhs_V_2/13 "/>
</bind>
</comp>

<comp id="1037" class="1004" name="acc_V_6_fu_1037">
<pin_list>
<pin id="1038" dir="0" index="0" bw="20" slack="0"/>
<pin id="1039" dir="0" index="1" bw="34" slack="0"/>
<pin id="1040" dir="0" index="2" bw="5" slack="0"/>
<pin id="1041" dir="0" index="3" bw="7" slack="0"/>
<pin id="1042" dir="1" index="4" bw="20" slack="1"/>
</pin_list>
<bind>
<opcode="partselect(1002) " fcode="partselect"/>
<opset="acc_V_6/13 "/>
</bind>
</comp>

<comp id="1046" class="1004" name="icmp_ln103_fu_1046">
<pin_list>
<pin id="1047" dir="0" index="0" bw="4" slack="0"/>
<pin id="1048" dir="0" index="1" bw="4" slack="0"/>
<pin id="1049" dir="1" index="2" bw="1" slack="2147483647"/>
</pin_list>
<bind>
<opcode="icmp(45) " fcode="icmp"/>
<opset="icmp_ln103/14 "/>
</bind>
</comp>

<comp id="1052" class="1004" name="j_3_fu_1052">
<pin_list>
<pin id="1053" dir="0" index="0" bw="4" slack="0"/>
<pin id="1054" dir="0" index="1" bw="1" slack="0"/>
<pin id="1055" dir="1" index="2" bw="4" slack="0"/>
</pin_list>
<bind>
<opcode="add(8) " fcode="add"/>
<opset="j_3/14 "/>
</bind>
</comp>

<comp id="1058" class="1004" name="zext_ln104_fu_1058">
<pin_list>
<pin id="1059" dir="0" index="0" bw="4" slack="0"/>
<pin id="1060" dir="1" index="1" bw="64" slack="0"/>
</pin_list>
<bind>
<opcode="zext(34) " fcode="zext"/>
<opset="zext_ln104/14 "/>
</bind>
</comp>

<comp id="1063" class="1004" name="tmp_9_fu_1063">
<pin_list>
<pin id="1064" dir="0" index="0" bw="7" slack="0"/>
<pin id="1065" dir="0" index="1" bw="4" slack="1"/>
<pin id="1066" dir="0" index="2" bw="1" slack="0"/>
<pin id="1067" dir="1" index="3" bw="7" slack="0"/>
</pin_list>
<bind>
<opcode="bitconcatenate(1004) " fcode="bitconcatenate"/>
<opset="tmp_9/15 "/>
</bind>
</comp>

<comp id="1071" class="1004" name="zext_ln104_1_fu_1071">
<pin_list>
<pin id="1072" dir="0" index="0" bw="7" slack="0"/>
<pin id="1073" dir="1" index="1" bw="8" slack="1"/>
</pin_list>
<bind>
<opcode="zext(34) " fcode="zext"/>
<opset="zext_ln104_1/15 "/>
</bind>
</comp>

<comp id="1075" class="1004" name="sext_ln104_fu_1075">
<pin_list>
<pin id="1076" dir="0" index="0" bw="16" slack="0"/>
<pin id="1077" dir="1" index="1" bw="20" slack="1"/>
</pin_list>
<bind>
<opcode="sext(35) " fcode="sext"/>
<opset="sext_ln104/15 "/>
</bind>
</comp>

<comp id="1079" class="1004" name="icmp_ln68_3_fu_1079">
<pin_list>
<pin id="1080" dir="0" index="0" bw="4" slack="0"/>
<pin id="1081" dir="0" index="1" bw="4" slack="0"/>
<pin id="1082" dir="1" index="2" bw="1" slack="2147483647"/>
</pin_list>
<bind>
<opcode="icmp(45) " fcode="icmp"/>
<opset="icmp_ln68_3/16 "/>
</bind>
</comp>

<comp id="1085" class="1004" name="i_3_fu_1085">
<pin_list>
<pin id="1086" dir="0" index="0" bw="4" slack="0"/>
<pin id="1087" dir="0" index="1" bw="1" slack="0"/>
<pin id="1088" dir="1" index="2" bw="4" slack="0"/>
</pin_list>
<bind>
<opcode="add(8) " fcode="add"/>
<opset="i_3/16 "/>
</bind>
</comp>

<comp id="1091" class="1004" name="zext_ln69_3_fu_1091">
<pin_list>
<pin id="1092" dir="0" index="0" bw="4" slack="0"/>
<pin id="1093" dir="1" index="1" bw="64" slack="0"/>
</pin_list>
<bind>
<opcode="zext(34) " fcode="zext"/>
<opset="zext_ln69_3/16 "/>
</bind>
</comp>

<comp id="1096" class="1004" name="zext_ln1117_8_fu_1096">
<pin_list>
<pin id="1097" dir="0" index="0" bw="4" slack="0"/>
<pin id="1098" dir="1" index="1" bw="8" slack="0"/>
</pin_list>
<bind>
<opcode="zext(34) " fcode="zext"/>
<opset="zext_ln1117_8/16 "/>
</bind>
</comp>

<comp id="1100" class="1004" name="add_ln1117_4_fu_1100">
<pin_list>
<pin id="1101" dir="0" index="0" bw="4" slack="0"/>
<pin id="1102" dir="0" index="1" bw="7" slack="1"/>
<pin id="1103" dir="1" index="2" bw="8" slack="0"/>
</pin_list>
<bind>
<opcode="add(8) " fcode="add"/>
<opset="add_ln1117_4/16 "/>
</bind>
</comp>

<comp id="1105" class="1004" name="zext_ln1117_9_fu_1105">
<pin_list>
<pin id="1106" dir="0" index="0" bw="8" slack="0"/>
<pin id="1107" dir="1" index="1" bw="64" slack="0"/>
</pin_list>
<bind>
<opcode="zext(34) " fcode="zext"/>
<opset="zext_ln1117_9/16 "/>
</bind>
</comp>

<comp id="1110" class="1004" name="zext_ln1192_2_fu_1110">
<pin_list>
<pin id="1111" dir="0" index="0" bw="19" slack="0"/>
<pin id="1112" dir="1" index="1" bw="34" slack="0"/>
</pin_list>
<bind>
<opcode="zext(34) " fcode="zext"/>
<opset="zext_ln1192_2/17 "/>
</bind>
</comp>

<comp id="1114" class="1004" name="sext_ln1192_4_fu_1114">
<pin_list>
<pin id="1115" dir="0" index="0" bw="16" slack="0"/>
<pin id="1116" dir="1" index="1" bw="34" slack="0"/>
</pin_list>
<bind>
<opcode="sext(35) " fcode="sext"/>
<opset="sext_ln1192_4/17 "/>
</bind>
</comp>

<comp id="1118" class="1004" name="lhs_V_3_fu_1118">
<pin_list>
<pin id="1119" dir="0" index="0" bw="34" slack="0"/>
<pin id="1120" dir="0" index="1" bw="20" slack="1"/>
<pin id="1121" dir="0" index="2" bw="1" slack="0"/>
<pin id="1122" dir="1" index="3" bw="34" slack="0"/>
</pin_list>
<bind>
<opcode="bitconcatenate(1004) " fcode="bitconcatenate"/>
<opset="lhs_V_3/17 "/>
</bind>
</comp>

<comp id="1126" class="1004" name="acc_V_7_fu_1126">
<pin_list>
<pin id="1127" dir="0" index="0" bw="20" slack="0"/>
<pin id="1128" dir="0" index="1" bw="34" slack="0"/>
<pin id="1129" dir="0" index="2" bw="5" slack="0"/>
<pin id="1130" dir="0" index="3" bw="7" slack="0"/>
<pin id="1131" dir="1" index="4" bw="20" slack="1"/>
</pin_list>
<bind>
<opcode="partselect(1002) " fcode="partselect"/>
<opset="acc_V_7/17 "/>
</bind>
</comp>

<comp id="1135" class="1004" name="p_Result_21_fu_1135">
<pin_list>
<pin id="1136" dir="0" index="0" bw="1" slack="0"/>
<pin id="1137" dir="0" index="1" bw="20" slack="0"/>
<pin id="1138" dir="0" index="2" bw="6" slack="0"/>
<pin id="1139" dir="1" index="3" bw="1" slack="1"/>
</pin_list>
<bind>
<opcode="bitselect(1000) " fcode="bitselect"/>
<opset="p_Result_21/18 "/>
</bind>
</comp>

<comp id="1143" class="1004" name="icmp_ln935_fu_1143">
<pin_list>
<pin id="1144" dir="0" index="0" bw="20" slack="1"/>
<pin id="1145" dir="0" index="1" bw="1" slack="0"/>
<pin id="1146" dir="1" index="2" bw="1" slack="1"/>
</pin_list>
<bind>
<opcode="icmp(45) " fcode="icmp"/>
<opset="icmp_ln935/19 "/>
</bind>
</comp>

<comp id="1149" class="1004" name="tmp_V_10_fu_1149">
<pin_list>
<pin id="1150" dir="0" index="0" bw="1" slack="1"/>
<pin id="1151" dir="0" index="1" bw="20" slack="1"/>
<pin id="1152" dir="0" index="2" bw="20" slack="1"/>
<pin id="1153" dir="1" index="3" bw="20" slack="0"/>
</pin_list>
<bind>
<opcode="select(49) " fcode="select"/>
<opset="tmp_V_10/19 "/>
</bind>
</comp>

<comp id="1156" class="1004" name="p_Result_s_fu_1156">
<pin_list>
<pin id="1157" dir="0" index="0" bw="20" slack="0"/>
<pin id="1158" dir="0" index="1" bw="20" slack="0"/>
<pin id="1159" dir="0" index="2" bw="6" slack="0"/>
<pin id="1160" dir="0" index="3" bw="1" slack="0"/>
<pin id="1161" dir="1" index="4" bw="20" slack="0"/>
</pin_list>
<bind>
<opcode="partselect(1002) " fcode="partselect"/>
<opset="p_Result_s/19 "/>
</bind>
</comp>

<comp id="1166" class="1004" name="p_Result_22_fu_1166">
<pin_list>
<pin id="1167" dir="0" index="0" bw="32" slack="0"/>
<pin id="1168" dir="0" index="1" bw="1" slack="0"/>
<pin id="1169" dir="0" index="2" bw="20" slack="0"/>
<pin id="1170" dir="1" index="3" bw="32" slack="0"/>
</pin_list>
<bind>
<opcode="bitconcatenate(1004) " fcode="bitconcatenate"/>
<opset="p_Result_22/19 "/>
</bind>
</comp>

<comp id="1174" class="1004" name="l_fu_1174">
<pin_list>
<pin id="1175" dir="0" index="0" bw="32" slack="0"/>
<pin id="1176" dir="0" index="1" bw="32" slack="0"/>
<pin id="1177" dir="0" index="2" bw="1" slack="0"/>
<pin id="1178" dir="1" index="3" bw="32" slack="0"/>
</pin_list>
<bind>
<opcode="cttz(524) " fcode="cttz"/>
<opset="l/19 "/>
</bind>
</comp>

<comp id="1182" class="1004" name="sub_ln944_fu_1182">
<pin_list>
<pin id="1183" dir="0" index="0" bw="6" slack="0"/>
<pin id="1184" dir="0" index="1" bw="32" slack="0"/>
<pin id="1185" dir="1" index="2" bw="32" slack="0"/>
</pin_list>
<bind>
<opcode="sub(10) " fcode="sub"/>
<opset="sub_ln944/19 "/>
</bind>
</comp>

<comp id="1188" class="1004" name="trunc_ln944_fu_1188">
<pin_list>
<pin id="1189" dir="0" index="0" bw="32" slack="0"/>
<pin id="1190" dir="1" index="1" bw="20" slack="0"/>
</pin_list>
<bind>
<opcode="trunc(33) " fcode="trunc"/>
<opset="trunc_ln944/19 "/>
</bind>
</comp>

<comp id="1192" class="1004" name="lsb_index_fu_1192">
<pin_list>
<pin id="1193" dir="0" index="0" bw="6" slack="0"/>
<pin id="1194" dir="0" index="1" bw="32" slack="0"/>
<pin id="1195" dir="1" index="2" bw="32" slack="0"/>
</pin_list>
<bind>
<opcode="add(8) " fcode="add"/>
<opset="lsb_index/19 "/>
</bind>
</comp>

<comp id="1198" class="1004" name="tmp_13_fu_1198">
<pin_list>
<pin id="1199" dir="0" index="0" bw="31" slack="0"/>
<pin id="1200" dir="0" index="1" bw="32" slack="0"/>
<pin id="1201" dir="0" index="2" bw="1" slack="0"/>
<pin id="1202" dir="0" index="3" bw="6" slack="0"/>
<pin id="1203" dir="1" index="4" bw="31" slack="0"/>
</pin_list>
<bind>
<opcode="partselect(1002) " fcode="partselect"/>
<opset="tmp_13/19 "/>
</bind>
</comp>

<comp id="1208" class="1004" name="icmp_ln947_fu_1208">
<pin_list>
<pin id="1209" dir="0" index="0" bw="31" slack="0"/>
<pin id="1210" dir="0" index="1" bw="1" slack="0"/>
<pin id="1211" dir="1" index="2" bw="1" slack="0"/>
</pin_list>
<bind>
<opcode="icmp(45) " fcode="icmp"/>
<opset="icmp_ln947/19 "/>
</bind>
</comp>

<comp id="1214" class="1004" name="trunc_ln947_fu_1214">
<pin_list>
<pin id="1215" dir="0" index="0" bw="32" slack="0"/>
<pin id="1216" dir="1" index="1" bw="5" slack="0"/>
</pin_list>
<bind>
<opcode="trunc(33) " fcode="trunc"/>
<opset="trunc_ln947/19 "/>
</bind>
</comp>

<comp id="1218" class="1004" name="sub_ln947_fu_1218">
<pin_list>
<pin id="1219" dir="0" index="0" bw="5" slack="0"/>
<pin id="1220" dir="0" index="1" bw="5" slack="0"/>
<pin id="1221" dir="1" index="2" bw="5" slack="0"/>
</pin_list>
<bind>
<opcode="sub(10) " fcode="sub"/>
<opset="sub_ln947/19 "/>
</bind>
</comp>

<comp id="1224" class="1004" name="zext_ln947_fu_1224">
<pin_list>
<pin id="1225" dir="0" index="0" bw="5" slack="0"/>
<pin id="1226" dir="1" index="1" bw="20" slack="0"/>
</pin_list>
<bind>
<opcode="zext(34) " fcode="zext"/>
<opset="zext_ln947/19 "/>
</bind>
</comp>

<comp id="1228" class="1004" name="lshr_ln947_fu_1228">
<pin_list>
<pin id="1229" dir="0" index="0" bw="1" slack="0"/>
<pin id="1230" dir="0" index="1" bw="5" slack="0"/>
<pin id="1231" dir="1" index="2" bw="20" slack="0"/>
</pin_list>
<bind>
<opcode="lshr(21) " fcode="lshr"/>
<opset="lshr_ln947/19 "/>
</bind>
</comp>

<comp id="1234" class="1004" name="p_Result_4_fu_1234">
<pin_list>
<pin id="1235" dir="0" index="0" bw="20" slack="0"/>
<pin id="1236" dir="0" index="1" bw="20" slack="0"/>
<pin id="1237" dir="1" index="2" bw="20" slack="0"/>
</pin_list>
<bind>
<opcode="and(23) " fcode="and"/>
<opset="p_Result_4/19 "/>
</bind>
</comp>

<comp id="1240" class="1004" name="icmp_ln947_1_fu_1240">
<pin_list>
<pin id="1241" dir="0" index="0" bw="20" slack="0"/>
<pin id="1242" dir="0" index="1" bw="1" slack="0"/>
<pin id="1243" dir="1" index="2" bw="1" slack="0"/>
</pin_list>
<bind>
<opcode="icmp(45) " fcode="icmp"/>
<opset="icmp_ln947_1/19 "/>
</bind>
</comp>

<comp id="1246" class="1004" name="a_fu_1246">
<pin_list>
<pin id="1247" dir="0" index="0" bw="1" slack="0"/>
<pin id="1248" dir="0" index="1" bw="1" slack="0"/>
<pin id="1249" dir="1" index="2" bw="1" slack="0"/>
</pin_list>
<bind>
<opcode="and(23) " fcode="and"/>
<opset="a/19 "/>
</bind>
</comp>

<comp id="1252" class="1004" name="tmp_14_fu_1252">
<pin_list>
<pin id="1253" dir="0" index="0" bw="1" slack="0"/>
<pin id="1254" dir="0" index="1" bw="32" slack="0"/>
<pin id="1255" dir="0" index="2" bw="6" slack="0"/>
<pin id="1256" dir="1" index="3" bw="1" slack="0"/>
</pin_list>
<bind>
<opcode="bitselect(1000) " fcode="bitselect"/>
<opset="tmp_14/19 "/>
</bind>
</comp>

<comp id="1260" class="1004" name="xor_ln949_fu_1260">
<pin_list>
<pin id="1261" dir="0" index="0" bw="1" slack="0"/>
<pin id="1262" dir="0" index="1" bw="1" slack="0"/>
<pin id="1263" dir="1" index="2" bw="1" slack="0"/>
</pin_list>
<bind>
<opcode="xor(25) " fcode="xor"/>
<opset="xor_ln949/19 "/>
</bind>
</comp>

<comp id="1266" class="1004" name="add_ln949_fu_1266">
<pin_list>
<pin id="1267" dir="0" index="0" bw="6" slack="0"/>
<pin id="1268" dir="0" index="1" bw="20" slack="0"/>
<pin id="1269" dir="1" index="2" bw="20" slack="0"/>
</pin_list>
<bind>
<opcode="add(8) " fcode="add"/>
<opset="add_ln949/19 "/>
</bind>
</comp>

<comp id="1272" class="1004" name="p_Result_3_fu_1272">
<pin_list>
<pin id="1273" dir="0" index="0" bw="1" slack="0"/>
<pin id="1274" dir="0" index="1" bw="20" slack="0"/>
<pin id="1275" dir="0" index="2" bw="20" slack="0"/>
<pin id="1276" dir="1" index="3" bw="1" slack="0"/>
</pin_list>
<bind>
<opcode="bitselect(1000) " fcode="bitselect"/>
<opset="p_Result_3/19 "/>
</bind>
</comp>

<comp id="1280" class="1004" name="and_ln949_fu_1280">
<pin_list>
<pin id="1281" dir="0" index="0" bw="1" slack="0"/>
<pin id="1282" dir="0" index="1" bw="1" slack="0"/>
<pin id="1283" dir="1" index="2" bw="1" slack="0"/>
</pin_list>
<bind>
<opcode="and(23) " fcode="and"/>
<opset="and_ln949/19 "/>
</bind>
</comp>

<comp id="1286" class="1004" name="or_ln949_fu_1286">
<pin_list>
<pin id="1287" dir="0" index="0" bw="1" slack="0"/>
<pin id="1288" dir="0" index="1" bw="1" slack="0"/>
<pin id="1289" dir="1" index="2" bw="1" slack="0"/>
</pin_list>
<bind>
<opcode="or(24) " fcode="or"/>
<opset="or_ln949/19 "/>
</bind>
</comp>

<comp id="1292" class="1004" name="or_ln_fu_1292">
<pin_list>
<pin id="1293" dir="0" index="0" bw="32" slack="0"/>
<pin id="1294" dir="0" index="1" bw="1" slack="0"/>
<pin id="1295" dir="0" index="2" bw="1" slack="0"/>
<pin id="1296" dir="1" index="3" bw="32" slack="1"/>
</pin_list>
<bind>
<opcode="bitconcatenate(1004) " fcode="bitconcatenate"/>
<opset="or_ln/19 "/>
</bind>
</comp>

<comp id="1300" class="1004" name="icmp_ln958_fu_1300">
<pin_list>
<pin id="1301" dir="0" index="0" bw="32" slack="0"/>
<pin id="1302" dir="0" index="1" bw="1" slack="0"/>
<pin id="1303" dir="1" index="2" bw="1" slack="1"/>
</pin_list>
<bind>
<opcode="icmp(45) " fcode="icmp"/>
<opset="icmp_ln958/19 "/>
</bind>
</comp>

<comp id="1306" class="1004" name="trunc_ln943_fu_1306">
<pin_list>
<pin id="1307" dir="0" index="0" bw="32" slack="0"/>
<pin id="1308" dir="1" index="1" bw="8" slack="1"/>
</pin_list>
<bind>
<opcode="trunc(33) " fcode="trunc"/>
<opset="trunc_ln943/19 "/>
</bind>
</comp>

<comp id="1310" class="1004" name="m_fu_1310">
<pin_list>
<pin id="1311" dir="0" index="0" bw="20" slack="1"/>
<pin id="1312" dir="1" index="1" bw="64" slack="0"/>
</pin_list>
<bind>
<opcode="zext(34) " fcode="zext"/>
<opset="m/20 "/>
</bind>
</comp>

<comp id="1313" class="1004" name="zext_ln957_1_fu_1313">
<pin_list>
<pin id="1314" dir="0" index="0" bw="20" slack="1"/>
<pin id="1315" dir="1" index="1" bw="32" slack="0"/>
</pin_list>
<bind>
<opcode="zext(34) " fcode="zext"/>
<opset="zext_ln957_1/20 "/>
</bind>
</comp>

<comp id="1316" class="1004" name="add_ln958_fu_1316">
<pin_list>
<pin id="1317" dir="0" index="0" bw="6" slack="0"/>
<pin id="1318" dir="0" index="1" bw="32" slack="1"/>
<pin id="1319" dir="1" index="2" bw="32" slack="0"/>
</pin_list>
<bind>
<opcode="add(8) " fcode="add"/>
<opset="add_ln958/20 "/>
</bind>
</comp>

<comp id="1321" class="1004" name="lshr_ln958_fu_1321">
<pin_list>
<pin id="1322" dir="0" index="0" bw="20" slack="0"/>
<pin id="1323" dir="0" index="1" bw="32" slack="0"/>
<pin id="1324" dir="1" index="2" bw="32" slack="0"/>
</pin_list>
<bind>
<opcode="lshr(21) " fcode="lshr"/>
<opset="lshr_ln958/20 "/>
</bind>
</comp>

<comp id="1327" class="1004" name="zext_ln958_fu_1327">
<pin_list>
<pin id="1328" dir="0" index="0" bw="32" slack="0"/>
<pin id="1329" dir="1" index="1" bw="64" slack="0"/>
</pin_list>
<bind>
<opcode="zext(34) " fcode="zext"/>
<opset="zext_ln958/20 "/>
</bind>
</comp>

<comp id="1331" class="1004" name="sub_ln958_fu_1331">
<pin_list>
<pin id="1332" dir="0" index="0" bw="6" slack="0"/>
<pin id="1333" dir="0" index="1" bw="32" slack="1"/>
<pin id="1334" dir="1" index="2" bw="32" slack="0"/>
</pin_list>
<bind>
<opcode="sub(10) " fcode="sub"/>
<opset="sub_ln958/20 "/>
</bind>
</comp>

<comp id="1336" class="1004" name="zext_ln958_1_fu_1336">
<pin_list>
<pin id="1337" dir="0" index="0" bw="32" slack="0"/>
<pin id="1338" dir="1" index="1" bw="64" slack="0"/>
</pin_list>
<bind>
<opcode="zext(34) " fcode="zext"/>
<opset="zext_ln958_1/20 "/>
</bind>
</comp>

<comp id="1340" class="1004" name="shl_ln958_fu_1340">
<pin_list>
<pin id="1341" dir="0" index="0" bw="20" slack="0"/>
<pin id="1342" dir="0" index="1" bw="32" slack="0"/>
<pin id="1343" dir="1" index="2" bw="64" slack="0"/>
</pin_list>
<bind>
<opcode="shl(20) " fcode="shl"/>
<opset="shl_ln958/20 "/>
</bind>
</comp>

<comp id="1346" class="1004" name="m_1_fu_1346">
<pin_list>
<pin id="1347" dir="0" index="0" bw="1" slack="1"/>
<pin id="1348" dir="0" index="1" bw="32" slack="0"/>
<pin id="1349" dir="0" index="2" bw="64" slack="0"/>
<pin id="1350" dir="1" index="3" bw="64" slack="0"/>
</pin_list>
<bind>
<opcode="select(49) " fcode="select"/>
<opset="m_1/20 "/>
</bind>
</comp>

<comp id="1353" class="1004" name="zext_ln961_fu_1353">
<pin_list>
<pin id="1354" dir="0" index="0" bw="32" slack="1"/>
<pin id="1355" dir="1" index="1" bw="64" slack="0"/>
</pin_list>
<bind>
<opcode="zext(34) " fcode="zext"/>
<opset="zext_ln961/20 "/>
</bind>
</comp>

<comp id="1356" class="1004" name="m_2_fu_1356">
<pin_list>
<pin id="1357" dir="0" index="0" bw="64" slack="0"/>
<pin id="1358" dir="0" index="1" bw="32" slack="0"/>
<pin id="1359" dir="1" index="2" bw="64" slack="0"/>
</pin_list>
<bind>
<opcode="add(8) " fcode="add"/>
<opset="m_2/20 "/>
</bind>
</comp>

<comp id="1362" class="1004" name="m_s_fu_1362">
<pin_list>
<pin id="1363" dir="0" index="0" bw="63" slack="0"/>
<pin id="1364" dir="0" index="1" bw="64" slack="0"/>
<pin id="1365" dir="0" index="2" bw="1" slack="0"/>
<pin id="1366" dir="0" index="3" bw="7" slack="0"/>
<pin id="1367" dir="1" index="4" bw="63" slack="0"/>
</pin_list>
<bind>
<opcode="partselect(1002) " fcode="partselect"/>
<opset="m_s/20 "/>
</bind>
</comp>

<comp id="1372" class="1004" name="m_26_fu_1372">
<pin_list>
<pin id="1373" dir="0" index="0" bw="63" slack="0"/>
<pin id="1374" dir="1" index="1" bw="64" slack="0"/>
</pin_list>
<bind>
<opcode="zext(34) " fcode="zext"/>
<opset="m_26/20 "/>
</bind>
</comp>

<comp id="1376" class="1004" name="tmp_15_fu_1376">
<pin_list>
<pin id="1377" dir="0" index="0" bw="1" slack="0"/>
<pin id="1378" dir="0" index="1" bw="64" slack="0"/>
<pin id="1379" dir="0" index="2" bw="6" slack="0"/>
<pin id="1380" dir="1" index="3" bw="1" slack="0"/>
</pin_list>
<bind>
<opcode="bitselect(1000) " fcode="bitselect"/>
<opset="tmp_15/20 "/>
</bind>
</comp>

<comp id="1384" class="1004" name="select_ln964_fu_1384">
<pin_list>
<pin id="1385" dir="0" index="0" bw="1" slack="0"/>
<pin id="1386" dir="0" index="1" bw="8" slack="0"/>
<pin id="1387" dir="0" index="2" bw="8" slack="0"/>
<pin id="1388" dir="1" index="3" bw="8" slack="0"/>
</pin_list>
<bind>
<opcode="select(49) " fcode="select"/>
<opset="select_ln964/20 "/>
</bind>
</comp>

<comp id="1392" class="1004" name="sub_ln964_fu_1392">
<pin_list>
<pin id="1393" dir="0" index="0" bw="4" slack="0"/>
<pin id="1394" dir="0" index="1" bw="8" slack="1"/>
<pin id="1395" dir="1" index="2" bw="8" slack="0"/>
</pin_list>
<bind>
<opcode="sub(10) " fcode="sub"/>
<opset="sub_ln964/20 "/>
</bind>
</comp>

<comp id="1397" class="1004" name="add_ln964_fu_1397">
<pin_list>
<pin id="1398" dir="0" index="0" bw="8" slack="0"/>
<pin id="1399" dir="0" index="1" bw="8" slack="0"/>
<pin id="1400" dir="1" index="2" bw="8" slack="0"/>
</pin_list>
<bind>
<opcode="add(8) " fcode="add"/>
<opset="add_ln964/20 "/>
</bind>
</comp>

<comp id="1403" class="1004" name="tmp_s_fu_1403">
<pin_list>
<pin id="1404" dir="0" index="0" bw="9" slack="0"/>
<pin id="1405" dir="0" index="1" bw="1" slack="2"/>
<pin id="1406" dir="0" index="2" bw="8" slack="0"/>
<pin id="1407" dir="1" index="3" bw="9" slack="0"/>
</pin_list>
<bind>
<opcode="bitconcatenate(1004) " fcode="bitconcatenate"/>
<opset="tmp_s/20 "/>
</bind>
</comp>

<comp id="1410" class="1004" name="p_Result_23_fu_1410">
<pin_list>
<pin id="1411" dir="0" index="0" bw="64" slack="0"/>
<pin id="1412" dir="0" index="1" bw="63" slack="0"/>
<pin id="1413" dir="0" index="2" bw="9" slack="0"/>
<pin id="1414" dir="0" index="3" bw="6" slack="0"/>
<pin id="1415" dir="0" index="4" bw="6" slack="0"/>
<pin id="1416" dir="1" index="5" bw="64" slack="0"/>
</pin_list>
<bind>
<opcode="partset(1003) " fcode="partset"/>
<opset="p_Result_23/20 "/>
</bind>
</comp>

<comp id="1422" class="1004" name="trunc_ln738_fu_1422">
<pin_list>
<pin id="1423" dir="0" index="0" bw="64" slack="0"/>
<pin id="1424" dir="1" index="1" bw="32" slack="0"/>
</pin_list>
<bind>
<opcode="trunc(33) " fcode="trunc"/>
<opset="trunc_ln738/20 "/>
</bind>
</comp>

<comp id="1426" class="1004" name="bitcast_ln739_fu_1426">
<pin_list>
<pin id="1427" dir="0" index="0" bw="32" slack="0"/>
<pin id="1428" dir="1" index="1" bw="32" slack="0"/>
</pin_list>
<bind>
<opcode="bitcast(44) " fcode="bitcast"/>
<opset="bitcast_ln739/20 "/>
</bind>
</comp>

<comp id="1430" class="1004" name="select_ln935_fu_1430">
<pin_list>
<pin id="1431" dir="0" index="0" bw="1" slack="1"/>
<pin id="1432" dir="0" index="1" bw="32" slack="0"/>
<pin id="1433" dir="0" index="2" bw="32" slack="0"/>
<pin id="1434" dir="1" index="3" bw="32" slack="1"/>
</pin_list>
<bind>
<opcode="select(49) " fcode="select"/>
<opset="select_ln935/20 "/>
</bind>
</comp>

<comp id="1437" class="1004" name="icmp_ln109_fu_1437">
<pin_list>
<pin id="1438" dir="0" index="0" bw="4" slack="0"/>
<pin id="1439" dir="0" index="1" bw="4" slack="0"/>
<pin id="1440" dir="1" index="2" bw="1" slack="2147483647"/>
</pin_list>
<bind>
<opcode="icmp(45) " fcode="icmp"/>
<opset="icmp_ln109/21 "/>
</bind>
</comp>

<comp id="1443" class="1004" name="zext_ln110_fu_1443">
<pin_list>
<pin id="1444" dir="0" index="0" bw="4" slack="0"/>
<pin id="1445" dir="1" index="1" bw="64" slack="0"/>
</pin_list>
<bind>
<opcode="zext(34) " fcode="zext"/>
<opset="zext_ln110/21 "/>
</bind>
</comp>

<comp id="1448" class="1004" name="icmp_ln935_1_fu_1448">
<pin_list>
<pin id="1449" dir="0" index="0" bw="20" slack="0"/>
<pin id="1450" dir="0" index="1" bw="1" slack="0"/>
<pin id="1451" dir="1" index="2" bw="1" slack="2"/>
</pin_list>
<bind>
<opcode="icmp(45) " fcode="icmp"/>
<opset="icmp_ln935_1/22 "/>
</bind>
</comp>

<comp id="1454" class="1004" name="tmp_V_12_fu_1454">
<pin_list>
<pin id="1455" dir="0" index="0" bw="1" slack="0"/>
<pin id="1456" dir="0" index="1" bw="20" slack="1"/>
<pin id="1457" dir="0" index="2" bw="20" slack="1"/>
<pin id="1458" dir="1" index="3" bw="20" slack="0"/>
</pin_list>
<bind>
<opcode="select(49) " fcode="select"/>
<opset="tmp_V_12/23 "/>
</bind>
</comp>

<comp id="1462" class="1004" name="p_Result_10_fu_1462">
<pin_list>
<pin id="1463" dir="0" index="0" bw="20" slack="0"/>
<pin id="1464" dir="0" index="1" bw="20" slack="0"/>
<pin id="1465" dir="0" index="2" bw="6" slack="0"/>
<pin id="1466" dir="0" index="3" bw="1" slack="0"/>
<pin id="1467" dir="1" index="4" bw="20" slack="0"/>
</pin_list>
<bind>
<opcode="partselect(1002) " fcode="partselect"/>
<opset="p_Result_10/23 "/>
</bind>
</comp>

<comp id="1472" class="1004" name="p_Result_25_fu_1472">
<pin_list>
<pin id="1473" dir="0" index="0" bw="32" slack="0"/>
<pin id="1474" dir="0" index="1" bw="1" slack="0"/>
<pin id="1475" dir="0" index="2" bw="20" slack="0"/>
<pin id="1476" dir="1" index="3" bw="32" slack="0"/>
</pin_list>
<bind>
<opcode="bitconcatenate(1004) " fcode="bitconcatenate"/>
<opset="p_Result_25/23 "/>
</bind>
</comp>

<comp id="1480" class="1004" name="l_1_fu_1480">
<pin_list>
<pin id="1481" dir="0" index="0" bw="32" slack="0"/>
<pin id="1482" dir="0" index="1" bw="32" slack="0"/>
<pin id="1483" dir="0" index="2" bw="1" slack="0"/>
<pin id="1484" dir="1" index="3" bw="32" slack="0"/>
</pin_list>
<bind>
<opcode="cttz(524) " fcode="cttz"/>
<opset="l_1/23 "/>
</bind>
</comp>

<comp id="1488" class="1004" name="sub_ln944_1_fu_1488">
<pin_list>
<pin id="1489" dir="0" index="0" bw="6" slack="0"/>
<pin id="1490" dir="0" index="1" bw="32" slack="0"/>
<pin id="1491" dir="1" index="2" bw="32" slack="0"/>
</pin_list>
<bind>
<opcode="sub(10) " fcode="sub"/>
<opset="sub_ln944_1/23 "/>
</bind>
</comp>

<comp id="1494" class="1004" name="trunc_ln944_1_fu_1494">
<pin_list>
<pin id="1495" dir="0" index="0" bw="32" slack="0"/>
<pin id="1496" dir="1" index="1" bw="20" slack="0"/>
</pin_list>
<bind>
<opcode="trunc(33) " fcode="trunc"/>
<opset="trunc_ln944_1/23 "/>
</bind>
</comp>

<comp id="1498" class="1004" name="lsb_index_1_fu_1498">
<pin_list>
<pin id="1499" dir="0" index="0" bw="6" slack="0"/>
<pin id="1500" dir="0" index="1" bw="32" slack="0"/>
<pin id="1501" dir="1" index="2" bw="32" slack="0"/>
</pin_list>
<bind>
<opcode="add(8) " fcode="add"/>
<opset="lsb_index_1/23 "/>
</bind>
</comp>

<comp id="1504" class="1004" name="tmp_18_fu_1504">
<pin_list>
<pin id="1505" dir="0" index="0" bw="31" slack="0"/>
<pin id="1506" dir="0" index="1" bw="32" slack="0"/>
<pin id="1507" dir="0" index="2" bw="1" slack="0"/>
<pin id="1508" dir="0" index="3" bw="6" slack="0"/>
<pin id="1509" dir="1" index="4" bw="31" slack="0"/>
</pin_list>
<bind>
<opcode="partselect(1002) " fcode="partselect"/>
<opset="tmp_18/23 "/>
</bind>
</comp>

<comp id="1514" class="1004" name="icmp_ln947_2_fu_1514">
<pin_list>
<pin id="1515" dir="0" index="0" bw="31" slack="0"/>
<pin id="1516" dir="0" index="1" bw="1" slack="0"/>
<pin id="1517" dir="1" index="2" bw="1" slack="0"/>
</pin_list>
<bind>
<opcode="icmp(45) " fcode="icmp"/>
<opset="icmp_ln947_2/23 "/>
</bind>
</comp>

<comp id="1520" class="1004" name="trunc_ln947_1_fu_1520">
<pin_list>
<pin id="1521" dir="0" index="0" bw="32" slack="0"/>
<pin id="1522" dir="1" index="1" bw="5" slack="0"/>
</pin_list>
<bind>
<opcode="trunc(33) " fcode="trunc"/>
<opset="trunc_ln947_1/23 "/>
</bind>
</comp>

<comp id="1524" class="1004" name="sub_ln947_1_fu_1524">
<pin_list>
<pin id="1525" dir="0" index="0" bw="5" slack="0"/>
<pin id="1526" dir="0" index="1" bw="5" slack="0"/>
<pin id="1527" dir="1" index="2" bw="5" slack="0"/>
</pin_list>
<bind>
<opcode="sub(10) " fcode="sub"/>
<opset="sub_ln947_1/23 "/>
</bind>
</comp>

<comp id="1530" class="1004" name="zext_ln947_1_fu_1530">
<pin_list>
<pin id="1531" dir="0" index="0" bw="5" slack="0"/>
<pin id="1532" dir="1" index="1" bw="20" slack="0"/>
</pin_list>
<bind>
<opcode="zext(34) " fcode="zext"/>
<opset="zext_ln947_1/23 "/>
</bind>
</comp>

<comp id="1534" class="1004" name="lshr_ln947_1_fu_1534">
<pin_list>
<pin id="1535" dir="0" index="0" bw="1" slack="0"/>
<pin id="1536" dir="0" index="1" bw="5" slack="0"/>
<pin id="1537" dir="1" index="2" bw="20" slack="0"/>
</pin_list>
<bind>
<opcode="lshr(21) " fcode="lshr"/>
<opset="lshr_ln947_1/23 "/>
</bind>
</comp>

<comp id="1540" class="1004" name="p_Result_12_fu_1540">
<pin_list>
<pin id="1541" dir="0" index="0" bw="20" slack="0"/>
<pin id="1542" dir="0" index="1" bw="20" slack="0"/>
<pin id="1543" dir="1" index="2" bw="20" slack="0"/>
</pin_list>
<bind>
<opcode="and(23) " fcode="and"/>
<opset="p_Result_12/23 "/>
</bind>
</comp>

<comp id="1546" class="1004" name="icmp_ln947_3_fu_1546">
<pin_list>
<pin id="1547" dir="0" index="0" bw="20" slack="0"/>
<pin id="1548" dir="0" index="1" bw="1" slack="0"/>
<pin id="1549" dir="1" index="2" bw="1" slack="0"/>
</pin_list>
<bind>
<opcode="icmp(45) " fcode="icmp"/>
<opset="icmp_ln947_3/23 "/>
</bind>
</comp>

<comp id="1552" class="1004" name="a_1_fu_1552">
<pin_list>
<pin id="1553" dir="0" index="0" bw="1" slack="0"/>
<pin id="1554" dir="0" index="1" bw="1" slack="0"/>
<pin id="1555" dir="1" index="2" bw="1" slack="0"/>
</pin_list>
<bind>
<opcode="and(23) " fcode="and"/>
<opset="a_1/23 "/>
</bind>
</comp>

<comp id="1558" class="1004" name="tmp_19_fu_1558">
<pin_list>
<pin id="1559" dir="0" index="0" bw="1" slack="0"/>
<pin id="1560" dir="0" index="1" bw="32" slack="0"/>
<pin id="1561" dir="0" index="2" bw="6" slack="0"/>
<pin id="1562" dir="1" index="3" bw="1" slack="0"/>
</pin_list>
<bind>
<opcode="bitselect(1000) " fcode="bitselect"/>
<opset="tmp_19/23 "/>
</bind>
</comp>

<comp id="1566" class="1004" name="xor_ln949_1_fu_1566">
<pin_list>
<pin id="1567" dir="0" index="0" bw="1" slack="0"/>
<pin id="1568" dir="0" index="1" bw="1" slack="0"/>
<pin id="1569" dir="1" index="2" bw="1" slack="0"/>
</pin_list>
<bind>
<opcode="xor(25) " fcode="xor"/>
<opset="xor_ln949_1/23 "/>
</bind>
</comp>

<comp id="1572" class="1004" name="add_ln949_1_fu_1572">
<pin_list>
<pin id="1573" dir="0" index="0" bw="6" slack="0"/>
<pin id="1574" dir="0" index="1" bw="20" slack="0"/>
<pin id="1575" dir="1" index="2" bw="20" slack="0"/>
</pin_list>
<bind>
<opcode="add(8) " fcode="add"/>
<opset="add_ln949_1/23 "/>
</bind>
</comp>

<comp id="1578" class="1004" name="p_Result_13_fu_1578">
<pin_list>
<pin id="1579" dir="0" index="0" bw="1" slack="0"/>
<pin id="1580" dir="0" index="1" bw="20" slack="0"/>
<pin id="1581" dir="0" index="2" bw="20" slack="0"/>
<pin id="1582" dir="1" index="3" bw="1" slack="0"/>
</pin_list>
<bind>
<opcode="bitselect(1000) " fcode="bitselect"/>
<opset="p_Result_13/23 "/>
</bind>
</comp>

<comp id="1586" class="1004" name="and_ln949_1_fu_1586">
<pin_list>
<pin id="1587" dir="0" index="0" bw="1" slack="0"/>
<pin id="1588" dir="0" index="1" bw="1" slack="0"/>
<pin id="1589" dir="1" index="2" bw="1" slack="0"/>
</pin_list>
<bind>
<opcode="and(23) " fcode="and"/>
<opset="and_ln949_1/23 "/>
</bind>
</comp>

<comp id="1592" class="1004" name="or_ln949_1_fu_1592">
<pin_list>
<pin id="1593" dir="0" index="0" bw="1" slack="0"/>
<pin id="1594" dir="0" index="1" bw="1" slack="0"/>
<pin id="1595" dir="1" index="2" bw="1" slack="0"/>
</pin_list>
<bind>
<opcode="or(24) " fcode="or"/>
<opset="or_ln949_1/23 "/>
</bind>
</comp>

<comp id="1598" class="1004" name="or_ln949_2_fu_1598">
<pin_list>
<pin id="1599" dir="0" index="0" bw="32" slack="0"/>
<pin id="1600" dir="0" index="1" bw="1" slack="0"/>
<pin id="1601" dir="0" index="2" bw="1" slack="0"/>
<pin id="1602" dir="1" index="3" bw="32" slack="1"/>
</pin_list>
<bind>
<opcode="bitconcatenate(1004) " fcode="bitconcatenate"/>
<opset="or_ln949_2/23 "/>
</bind>
</comp>

<comp id="1606" class="1004" name="icmp_ln958_1_fu_1606">
<pin_list>
<pin id="1607" dir="0" index="0" bw="32" slack="0"/>
<pin id="1608" dir="0" index="1" bw="1" slack="0"/>
<pin id="1609" dir="1" index="2" bw="1" slack="1"/>
</pin_list>
<bind>
<opcode="icmp(45) " fcode="icmp"/>
<opset="icmp_ln958_1/23 "/>
</bind>
</comp>

<comp id="1612" class="1004" name="trunc_ln943_1_fu_1612">
<pin_list>
<pin id="1613" dir="0" index="0" bw="32" slack="0"/>
<pin id="1614" dir="1" index="1" bw="8" slack="1"/>
</pin_list>
<bind>
<opcode="trunc(33) " fcode="trunc"/>
<opset="trunc_ln943_1/23 "/>
</bind>
</comp>

<comp id="1616" class="1004" name="m_15_fu_1616">
<pin_list>
<pin id="1617" dir="0" index="0" bw="20" slack="1"/>
<pin id="1618" dir="1" index="1" bw="64" slack="0"/>
</pin_list>
<bind>
<opcode="zext(34) " fcode="zext"/>
<opset="m_15/24 "/>
</bind>
</comp>

<comp id="1619" class="1004" name="zext_ln957_2_fu_1619">
<pin_list>
<pin id="1620" dir="0" index="0" bw="20" slack="1"/>
<pin id="1621" dir="1" index="1" bw="32" slack="0"/>
</pin_list>
<bind>
<opcode="zext(34) " fcode="zext"/>
<opset="zext_ln957_2/24 "/>
</bind>
</comp>

<comp id="1622" class="1004" name="add_ln958_1_fu_1622">
<pin_list>
<pin id="1623" dir="0" index="0" bw="6" slack="0"/>
<pin id="1624" dir="0" index="1" bw="32" slack="1"/>
<pin id="1625" dir="1" index="2" bw="32" slack="0"/>
</pin_list>
<bind>
<opcode="add(8) " fcode="add"/>
<opset="add_ln958_1/24 "/>
</bind>
</comp>

<comp id="1627" class="1004" name="lshr_ln958_1_fu_1627">
<pin_list>
<pin id="1628" dir="0" index="0" bw="20" slack="0"/>
<pin id="1629" dir="0" index="1" bw="32" slack="0"/>
<pin id="1630" dir="1" index="2" bw="32" slack="0"/>
</pin_list>
<bind>
<opcode="lshr(21) " fcode="lshr"/>
<opset="lshr_ln958_1/24 "/>
</bind>
</comp>

<comp id="1633" class="1004" name="zext_ln958_2_fu_1633">
<pin_list>
<pin id="1634" dir="0" index="0" bw="32" slack="0"/>
<pin id="1635" dir="1" index="1" bw="64" slack="0"/>
</pin_list>
<bind>
<opcode="zext(34) " fcode="zext"/>
<opset="zext_ln958_2/24 "/>
</bind>
</comp>

<comp id="1637" class="1004" name="sub_ln958_1_fu_1637">
<pin_list>
<pin id="1638" dir="0" index="0" bw="6" slack="0"/>
<pin id="1639" dir="0" index="1" bw="32" slack="1"/>
<pin id="1640" dir="1" index="2" bw="32" slack="0"/>
</pin_list>
<bind>
<opcode="sub(10) " fcode="sub"/>
<opset="sub_ln958_1/24 "/>
</bind>
</comp>

<comp id="1642" class="1004" name="zext_ln958_3_fu_1642">
<pin_list>
<pin id="1643" dir="0" index="0" bw="32" slack="0"/>
<pin id="1644" dir="1" index="1" bw="64" slack="0"/>
</pin_list>
<bind>
<opcode="zext(34) " fcode="zext"/>
<opset="zext_ln958_3/24 "/>
</bind>
</comp>

<comp id="1646" class="1004" name="shl_ln958_1_fu_1646">
<pin_list>
<pin id="1647" dir="0" index="0" bw="20" slack="0"/>
<pin id="1648" dir="0" index="1" bw="32" slack="0"/>
<pin id="1649" dir="1" index="2" bw="64" slack="0"/>
</pin_list>
<bind>
<opcode="shl(20) " fcode="shl"/>
<opset="shl_ln958_1/24 "/>
</bind>
</comp>

<comp id="1652" class="1004" name="m_16_fu_1652">
<pin_list>
<pin id="1653" dir="0" index="0" bw="1" slack="1"/>
<pin id="1654" dir="0" index="1" bw="32" slack="0"/>
<pin id="1655" dir="0" index="2" bw="64" slack="0"/>
<pin id="1656" dir="1" index="3" bw="64" slack="0"/>
</pin_list>
<bind>
<opcode="select(49) " fcode="select"/>
<opset="m_16/24 "/>
</bind>
</comp>

<comp id="1659" class="1004" name="zext_ln961_1_fu_1659">
<pin_list>
<pin id="1660" dir="0" index="0" bw="32" slack="1"/>
<pin id="1661" dir="1" index="1" bw="64" slack="0"/>
</pin_list>
<bind>
<opcode="zext(34) " fcode="zext"/>
<opset="zext_ln961_1/24 "/>
</bind>
</comp>

<comp id="1662" class="1004" name="m_17_fu_1662">
<pin_list>
<pin id="1663" dir="0" index="0" bw="64" slack="0"/>
<pin id="1664" dir="0" index="1" bw="32" slack="0"/>
<pin id="1665" dir="1" index="2" bw="64" slack="0"/>
</pin_list>
<bind>
<opcode="add(8) " fcode="add"/>
<opset="m_17/24 "/>
</bind>
</comp>

<comp id="1668" class="1004" name="m_3_fu_1668">
<pin_list>
<pin id="1669" dir="0" index="0" bw="63" slack="0"/>
<pin id="1670" dir="0" index="1" bw="64" slack="0"/>
<pin id="1671" dir="0" index="2" bw="1" slack="0"/>
<pin id="1672" dir="0" index="3" bw="7" slack="0"/>
<pin id="1673" dir="1" index="4" bw="63" slack="0"/>
</pin_list>
<bind>
<opcode="partselect(1002) " fcode="partselect"/>
<opset="m_3/24 "/>
</bind>
</comp>

<comp id="1678" class="1004" name="m_27_fu_1678">
<pin_list>
<pin id="1679" dir="0" index="0" bw="63" slack="0"/>
<pin id="1680" dir="1" index="1" bw="64" slack="0"/>
</pin_list>
<bind>
<opcode="zext(34) " fcode="zext"/>
<opset="m_27/24 "/>
</bind>
</comp>

<comp id="1682" class="1004" name="tmp_20_fu_1682">
<pin_list>
<pin id="1683" dir="0" index="0" bw="1" slack="0"/>
<pin id="1684" dir="0" index="1" bw="64" slack="0"/>
<pin id="1685" dir="0" index="2" bw="6" slack="0"/>
<pin id="1686" dir="1" index="3" bw="1" slack="0"/>
</pin_list>
<bind>
<opcode="bitselect(1000) " fcode="bitselect"/>
<opset="tmp_20/24 "/>
</bind>
</comp>

<comp id="1690" class="1004" name="select_ln964_1_fu_1690">
<pin_list>
<pin id="1691" dir="0" index="0" bw="1" slack="0"/>
<pin id="1692" dir="0" index="1" bw="8" slack="0"/>
<pin id="1693" dir="0" index="2" bw="8" slack="0"/>
<pin id="1694" dir="1" index="3" bw="8" slack="0"/>
</pin_list>
<bind>
<opcode="select(49) " fcode="select"/>
<opset="select_ln964_1/24 "/>
</bind>
</comp>

<comp id="1698" class="1004" name="sub_ln964_1_fu_1698">
<pin_list>
<pin id="1699" dir="0" index="0" bw="4" slack="0"/>
<pin id="1700" dir="0" index="1" bw="8" slack="1"/>
<pin id="1701" dir="1" index="2" bw="8" slack="0"/>
</pin_list>
<bind>
<opcode="sub(10) " fcode="sub"/>
<opset="sub_ln964_1/24 "/>
</bind>
</comp>

<comp id="1703" class="1004" name="add_ln964_1_fu_1703">
<pin_list>
<pin id="1704" dir="0" index="0" bw="8" slack="0"/>
<pin id="1705" dir="0" index="1" bw="8" slack="0"/>
<pin id="1706" dir="1" index="2" bw="8" slack="0"/>
</pin_list>
<bind>
<opcode="add(8) " fcode="add"/>
<opset="add_ln964_1/24 "/>
</bind>
</comp>

<comp id="1709" class="1004" name="tmp_4_fu_1709">
<pin_list>
<pin id="1710" dir="0" index="0" bw="9" slack="0"/>
<pin id="1711" dir="0" index="1" bw="1" slack="1"/>
<pin id="1712" dir="0" index="2" bw="8" slack="0"/>
<pin id="1713" dir="1" index="3" bw="9" slack="0"/>
</pin_list>
<bind>
<opcode="bitconcatenate(1004) " fcode="bitconcatenate"/>
<opset="tmp_4/24 "/>
</bind>
</comp>

<comp id="1716" class="1004" name="p_Result_26_fu_1716">
<pin_list>
<pin id="1717" dir="0" index="0" bw="64" slack="0"/>
<pin id="1718" dir="0" index="1" bw="63" slack="0"/>
<pin id="1719" dir="0" index="2" bw="9" slack="0"/>
<pin id="1720" dir="0" index="3" bw="6" slack="0"/>
<pin id="1721" dir="0" index="4" bw="6" slack="0"/>
<pin id="1722" dir="1" index="5" bw="64" slack="0"/>
</pin_list>
<bind>
<opcode="partset(1003) " fcode="partset"/>
<opset="p_Result_26/24 "/>
</bind>
</comp>

<comp id="1728" class="1004" name="trunc_ln738_1_fu_1728">
<pin_list>
<pin id="1729" dir="0" index="0" bw="64" slack="0"/>
<pin id="1730" dir="1" index="1" bw="32" slack="0"/>
</pin_list>
<bind>
<opcode="trunc(33) " fcode="trunc"/>
<opset="trunc_ln738_1/24 "/>
</bind>
</comp>

<comp id="1732" class="1004" name="bitcast_ln739_1_fu_1732">
<pin_list>
<pin id="1733" dir="0" index="0" bw="32" slack="0"/>
<pin id="1734" dir="1" index="1" bw="32" slack="0"/>
</pin_list>
<bind>
<opcode="bitcast(44) " fcode="bitcast"/>
<opset="bitcast_ln739_1/24 "/>
</bind>
</comp>

<comp id="1737" class="1004" name="tmp_V_7_fu_1737">
<pin_list>
<pin id="1738" dir="0" index="0" bw="1" slack="0"/>
<pin id="1739" dir="0" index="1" bw="20" slack="2"/>
<pin id="1740" dir="1" index="2" bw="20" slack="1"/>
</pin_list>
<bind>
<opcode="sub(10) " fcode="sub"/>
<opset="tmp_V_7/24 "/>
</bind>
</comp>

<comp id="1743" class="1004" name="j_5_fu_1743">
<pin_list>
<pin id="1744" dir="0" index="0" bw="1" slack="0"/>
<pin id="1745" dir="0" index="1" bw="4" slack="3"/>
<pin id="1746" dir="1" index="2" bw="4" slack="1"/>
</pin_list>
<bind>
<opcode="add(8) " fcode="add"/>
<opset="j_5/24 "/>
</bind>
</comp>

<comp id="1749" class="1004" name="bitcast_ln111_fu_1749">
<pin_list>
<pin id="1750" dir="0" index="0" bw="32" slack="0"/>
<pin id="1751" dir="1" index="1" bw="32" slack="0"/>
</pin_list>
<bind>
<opcode="bitcast(44) " fcode="bitcast"/>
<opset="bitcast_ln111/25 "/>
</bind>
</comp>

<comp id="1753" class="1004" name="tmp_1_fu_1753">
<pin_list>
<pin id="1754" dir="0" index="0" bw="8" slack="0"/>
<pin id="1755" dir="0" index="1" bw="32" slack="0"/>
<pin id="1756" dir="0" index="2" bw="6" slack="0"/>
<pin id="1757" dir="0" index="3" bw="6" slack="0"/>
<pin id="1758" dir="1" index="4" bw="8" slack="0"/>
</pin_list>
<bind>
<opcode="partselect(1002) " fcode="partselect"/>
<opset="tmp_1/25 "/>
</bind>
</comp>

<comp id="1763" class="1004" name="trunc_ln111_fu_1763">
<pin_list>
<pin id="1764" dir="0" index="0" bw="32" slack="0"/>
<pin id="1765" dir="1" index="1" bw="23" slack="0"/>
</pin_list>
<bind>
<opcode="trunc(33) " fcode="trunc"/>
<opset="trunc_ln111/25 "/>
</bind>
</comp>

<comp id="1767" class="1004" name="icmp_ln111_fu_1767">
<pin_list>
<pin id="1768" dir="0" index="0" bw="8" slack="0"/>
<pin id="1769" dir="0" index="1" bw="1" slack="0"/>
<pin id="1770" dir="1" index="2" bw="1" slack="1"/>
</pin_list>
<bind>
<opcode="icmp(45) " fcode="icmp"/>
<opset="icmp_ln111/25 "/>
</bind>
</comp>

<comp id="1773" class="1004" name="icmp_ln111_1_fu_1773">
<pin_list>
<pin id="1774" dir="0" index="0" bw="23" slack="0"/>
<pin id="1775" dir="0" index="1" bw="1" slack="0"/>
<pin id="1776" dir="1" index="2" bw="1" slack="1"/>
</pin_list>
<bind>
<opcode="icmp(45) " fcode="icmp"/>
<opset="icmp_ln111_1/25 "/>
</bind>
</comp>

<comp id="1779" class="1004" name="tmp_V_13_fu_1779">
<pin_list>
<pin id="1780" dir="0" index="0" bw="1" slack="0"/>
<pin id="1781" dir="0" index="1" bw="20" slack="1"/>
<pin id="1782" dir="0" index="2" bw="20" slack="3"/>
<pin id="1783" dir="1" index="3" bw="20" slack="0"/>
</pin_list>
<bind>
<opcode="select(49) " fcode="select"/>
<opset="tmp_V_13/25 "/>
</bind>
</comp>

<comp id="1786" class="1004" name="p_Result_16_fu_1786">
<pin_list>
<pin id="1787" dir="0" index="0" bw="20" slack="0"/>
<pin id="1788" dir="0" index="1" bw="20" slack="0"/>
<pin id="1789" dir="0" index="2" bw="6" slack="0"/>
<pin id="1790" dir="0" index="3" bw="1" slack="0"/>
<pin id="1791" dir="1" index="4" bw="20" slack="0"/>
</pin_list>
<bind>
<opcode="partselect(1002) " fcode="partselect"/>
<opset="p_Result_16/25 "/>
</bind>
</comp>

<comp id="1796" class="1004" name="p_Result_28_fu_1796">
<pin_list>
<pin id="1797" dir="0" index="0" bw="32" slack="0"/>
<pin id="1798" dir="0" index="1" bw="1" slack="0"/>
<pin id="1799" dir="0" index="2" bw="20" slack="0"/>
<pin id="1800" dir="1" index="3" bw="32" slack="0"/>
</pin_list>
<bind>
<opcode="bitconcatenate(1004) " fcode="bitconcatenate"/>
<opset="p_Result_28/25 "/>
</bind>
</comp>

<comp id="1804" class="1004" name="l_2_fu_1804">
<pin_list>
<pin id="1805" dir="0" index="0" bw="32" slack="0"/>
<pin id="1806" dir="0" index="1" bw="32" slack="0"/>
<pin id="1807" dir="0" index="2" bw="1" slack="0"/>
<pin id="1808" dir="1" index="3" bw="32" slack="0"/>
</pin_list>
<bind>
<opcode="cttz(524) " fcode="cttz"/>
<opset="l_2/25 "/>
</bind>
</comp>

<comp id="1812" class="1004" name="sub_ln944_2_fu_1812">
<pin_list>
<pin id="1813" dir="0" index="0" bw="6" slack="0"/>
<pin id="1814" dir="0" index="1" bw="32" slack="0"/>
<pin id="1815" dir="1" index="2" bw="32" slack="0"/>
</pin_list>
<bind>
<opcode="sub(10) " fcode="sub"/>
<opset="sub_ln944_2/25 "/>
</bind>
</comp>

<comp id="1818" class="1004" name="trunc_ln944_2_fu_1818">
<pin_list>
<pin id="1819" dir="0" index="0" bw="32" slack="0"/>
<pin id="1820" dir="1" index="1" bw="20" slack="0"/>
</pin_list>
<bind>
<opcode="trunc(33) " fcode="trunc"/>
<opset="trunc_ln944_2/25 "/>
</bind>
</comp>

<comp id="1822" class="1004" name="lsb_index_2_fu_1822">
<pin_list>
<pin id="1823" dir="0" index="0" bw="6" slack="0"/>
<pin id="1824" dir="0" index="1" bw="32" slack="0"/>
<pin id="1825" dir="1" index="2" bw="32" slack="0"/>
</pin_list>
<bind>
<opcode="add(8) " fcode="add"/>
<opset="lsb_index_2/25 "/>
</bind>
</comp>

<comp id="1828" class="1004" name="tmp_22_fu_1828">
<pin_list>
<pin id="1829" dir="0" index="0" bw="31" slack="0"/>
<pin id="1830" dir="0" index="1" bw="32" slack="0"/>
<pin id="1831" dir="0" index="2" bw="1" slack="0"/>
<pin id="1832" dir="0" index="3" bw="6" slack="0"/>
<pin id="1833" dir="1" index="4" bw="31" slack="0"/>
</pin_list>
<bind>
<opcode="partselect(1002) " fcode="partselect"/>
<opset="tmp_22/25 "/>
</bind>
</comp>

<comp id="1838" class="1004" name="icmp_ln947_4_fu_1838">
<pin_list>
<pin id="1839" dir="0" index="0" bw="31" slack="0"/>
<pin id="1840" dir="0" index="1" bw="1" slack="0"/>
<pin id="1841" dir="1" index="2" bw="1" slack="0"/>
</pin_list>
<bind>
<opcode="icmp(45) " fcode="icmp"/>
<opset="icmp_ln947_4/25 "/>
</bind>
</comp>

<comp id="1844" class="1004" name="trunc_ln947_2_fu_1844">
<pin_list>
<pin id="1845" dir="0" index="0" bw="32" slack="0"/>
<pin id="1846" dir="1" index="1" bw="5" slack="0"/>
</pin_list>
<bind>
<opcode="trunc(33) " fcode="trunc"/>
<opset="trunc_ln947_2/25 "/>
</bind>
</comp>

<comp id="1848" class="1004" name="sub_ln947_2_fu_1848">
<pin_list>
<pin id="1849" dir="0" index="0" bw="5" slack="0"/>
<pin id="1850" dir="0" index="1" bw="5" slack="0"/>
<pin id="1851" dir="1" index="2" bw="5" slack="0"/>
</pin_list>
<bind>
<opcode="sub(10) " fcode="sub"/>
<opset="sub_ln947_2/25 "/>
</bind>
</comp>

<comp id="1854" class="1004" name="zext_ln947_2_fu_1854">
<pin_list>
<pin id="1855" dir="0" index="0" bw="5" slack="0"/>
<pin id="1856" dir="1" index="1" bw="20" slack="0"/>
</pin_list>
<bind>
<opcode="zext(34) " fcode="zext"/>
<opset="zext_ln947_2/25 "/>
</bind>
</comp>

<comp id="1858" class="1004" name="lshr_ln947_2_fu_1858">
<pin_list>
<pin id="1859" dir="0" index="0" bw="1" slack="0"/>
<pin id="1860" dir="0" index="1" bw="5" slack="0"/>
<pin id="1861" dir="1" index="2" bw="20" slack="0"/>
</pin_list>
<bind>
<opcode="lshr(21) " fcode="lshr"/>
<opset="lshr_ln947_2/25 "/>
</bind>
</comp>

<comp id="1864" class="1004" name="p_Result_18_fu_1864">
<pin_list>
<pin id="1865" dir="0" index="0" bw="20" slack="0"/>
<pin id="1866" dir="0" index="1" bw="20" slack="0"/>
<pin id="1867" dir="1" index="2" bw="20" slack="0"/>
</pin_list>
<bind>
<opcode="and(23) " fcode="and"/>
<opset="p_Result_18/25 "/>
</bind>
</comp>

<comp id="1870" class="1004" name="icmp_ln947_5_fu_1870">
<pin_list>
<pin id="1871" dir="0" index="0" bw="20" slack="0"/>
<pin id="1872" dir="0" index="1" bw="1" slack="0"/>
<pin id="1873" dir="1" index="2" bw="1" slack="0"/>
</pin_list>
<bind>
<opcode="icmp(45) " fcode="icmp"/>
<opset="icmp_ln947_5/25 "/>
</bind>
</comp>

<comp id="1876" class="1004" name="a_2_fu_1876">
<pin_list>
<pin id="1877" dir="0" index="0" bw="1" slack="0"/>
<pin id="1878" dir="0" index="1" bw="1" slack="0"/>
<pin id="1879" dir="1" index="2" bw="1" slack="0"/>
</pin_list>
<bind>
<opcode="and(23) " fcode="and"/>
<opset="a_2/25 "/>
</bind>
</comp>

<comp id="1882" class="1004" name="tmp_23_fu_1882">
<pin_list>
<pin id="1883" dir="0" index="0" bw="1" slack="0"/>
<pin id="1884" dir="0" index="1" bw="32" slack="0"/>
<pin id="1885" dir="0" index="2" bw="6" slack="0"/>
<pin id="1886" dir="1" index="3" bw="1" slack="0"/>
</pin_list>
<bind>
<opcode="bitselect(1000) " fcode="bitselect"/>
<opset="tmp_23/25 "/>
</bind>
</comp>

<comp id="1890" class="1004" name="xor_ln949_2_fu_1890">
<pin_list>
<pin id="1891" dir="0" index="0" bw="1" slack="0"/>
<pin id="1892" dir="0" index="1" bw="1" slack="0"/>
<pin id="1893" dir="1" index="2" bw="1" slack="0"/>
</pin_list>
<bind>
<opcode="xor(25) " fcode="xor"/>
<opset="xor_ln949_2/25 "/>
</bind>
</comp>

<comp id="1896" class="1004" name="add_ln949_2_fu_1896">
<pin_list>
<pin id="1897" dir="0" index="0" bw="6" slack="0"/>
<pin id="1898" dir="0" index="1" bw="20" slack="0"/>
<pin id="1899" dir="1" index="2" bw="20" slack="0"/>
</pin_list>
<bind>
<opcode="add(8) " fcode="add"/>
<opset="add_ln949_2/25 "/>
</bind>
</comp>

<comp id="1902" class="1004" name="p_Result_19_fu_1902">
<pin_list>
<pin id="1903" dir="0" index="0" bw="1" slack="0"/>
<pin id="1904" dir="0" index="1" bw="20" slack="0"/>
<pin id="1905" dir="0" index="2" bw="20" slack="0"/>
<pin id="1906" dir="1" index="3" bw="1" slack="0"/>
</pin_list>
<bind>
<opcode="bitselect(1000) " fcode="bitselect"/>
<opset="p_Result_19/25 "/>
</bind>
</comp>

<comp id="1910" class="1004" name="and_ln949_2_fu_1910">
<pin_list>
<pin id="1911" dir="0" index="0" bw="1" slack="0"/>
<pin id="1912" dir="0" index="1" bw="1" slack="0"/>
<pin id="1913" dir="1" index="2" bw="1" slack="0"/>
</pin_list>
<bind>
<opcode="and(23) " fcode="and"/>
<opset="and_ln949_2/25 "/>
</bind>
</comp>

<comp id="1916" class="1004" name="or_ln949_3_fu_1916">
<pin_list>
<pin id="1917" dir="0" index="0" bw="1" slack="0"/>
<pin id="1918" dir="0" index="1" bw="1" slack="0"/>
<pin id="1919" dir="1" index="2" bw="1" slack="0"/>
</pin_list>
<bind>
<opcode="or(24) " fcode="or"/>
<opset="or_ln949_3/25 "/>
</bind>
</comp>

<comp id="1922" class="1004" name="or_ln949_4_fu_1922">
<pin_list>
<pin id="1923" dir="0" index="0" bw="32" slack="0"/>
<pin id="1924" dir="0" index="1" bw="1" slack="0"/>
<pin id="1925" dir="0" index="2" bw="1" slack="0"/>
<pin id="1926" dir="1" index="3" bw="32" slack="1"/>
</pin_list>
<bind>
<opcode="bitconcatenate(1004) " fcode="bitconcatenate"/>
<opset="or_ln949_4/25 "/>
</bind>
</comp>

<comp id="1930" class="1004" name="icmp_ln958_2_fu_1930">
<pin_list>
<pin id="1931" dir="0" index="0" bw="32" slack="0"/>
<pin id="1932" dir="0" index="1" bw="1" slack="0"/>
<pin id="1933" dir="1" index="2" bw="1" slack="1"/>
</pin_list>
<bind>
<opcode="icmp(45) " fcode="icmp"/>
<opset="icmp_ln958_2/25 "/>
</bind>
</comp>

<comp id="1936" class="1004" name="trunc_ln943_2_fu_1936">
<pin_list>
<pin id="1937" dir="0" index="0" bw="32" slack="0"/>
<pin id="1938" dir="1" index="1" bw="8" slack="1"/>
</pin_list>
<bind>
<opcode="trunc(33) " fcode="trunc"/>
<opset="trunc_ln943_2/25 "/>
</bind>
</comp>

<comp id="1940" class="1004" name="bitcast_ln111_1_fu_1940">
<pin_list>
<pin id="1941" dir="0" index="0" bw="32" slack="5"/>
<pin id="1942" dir="1" index="1" bw="32" slack="0"/>
</pin_list>
<bind>
<opcode="bitcast(44) " fcode="bitcast"/>
<opset="bitcast_ln111_1/26 "/>
</bind>
</comp>

<comp id="1944" class="1004" name="tmp_3_fu_1944">
<pin_list>
<pin id="1945" dir="0" index="0" bw="8" slack="0"/>
<pin id="1946" dir="0" index="1" bw="32" slack="0"/>
<pin id="1947" dir="0" index="2" bw="6" slack="0"/>
<pin id="1948" dir="0" index="3" bw="6" slack="0"/>
<pin id="1949" dir="1" index="4" bw="8" slack="0"/>
</pin_list>
<bind>
<opcode="partselect(1002) " fcode="partselect"/>
<opset="tmp_3/26 "/>
</bind>
</comp>

<comp id="1954" class="1004" name="trunc_ln111_1_fu_1954">
<pin_list>
<pin id="1955" dir="0" index="0" bw="32" slack="0"/>
<pin id="1956" dir="1" index="1" bw="23" slack="0"/>
</pin_list>
<bind>
<opcode="trunc(33) " fcode="trunc"/>
<opset="trunc_ln111_1/26 "/>
</bind>
</comp>

<comp id="1958" class="1004" name="or_ln111_1_fu_1958">
<pin_list>
<pin id="1959" dir="0" index="0" bw="1" slack="1"/>
<pin id="1960" dir="0" index="1" bw="1" slack="1"/>
<pin id="1961" dir="1" index="2" bw="1" slack="0"/>
</pin_list>
<bind>
<opcode="or(24) " fcode="or"/>
<opset="or_ln111_1/26 "/>
</bind>
</comp>

<comp id="1962" class="1004" name="icmp_ln111_2_fu_1962">
<pin_list>
<pin id="1963" dir="0" index="0" bw="8" slack="0"/>
<pin id="1964" dir="0" index="1" bw="1" slack="0"/>
<pin id="1965" dir="1" index="2" bw="1" slack="0"/>
</pin_list>
<bind>
<opcode="icmp(45) " fcode="icmp"/>
<opset="icmp_ln111_2/26 "/>
</bind>
</comp>

<comp id="1968" class="1004" name="icmp_ln111_3_fu_1968">
<pin_list>
<pin id="1969" dir="0" index="0" bw="23" slack="0"/>
<pin id="1970" dir="0" index="1" bw="1" slack="0"/>
<pin id="1971" dir="1" index="2" bw="1" slack="0"/>
</pin_list>
<bind>
<opcode="icmp(45) " fcode="icmp"/>
<opset="icmp_ln111_3/26 "/>
</bind>
</comp>

<comp id="1974" class="1004" name="or_ln111_2_fu_1974">
<pin_list>
<pin id="1975" dir="0" index="0" bw="1" slack="0"/>
<pin id="1976" dir="0" index="1" bw="1" slack="0"/>
<pin id="1977" dir="1" index="2" bw="1" slack="0"/>
</pin_list>
<bind>
<opcode="or(24) " fcode="or"/>
<opset="or_ln111_2/26 "/>
</bind>
</comp>

<comp id="1980" class="1004" name="and_ln111_fu_1980">
<pin_list>
<pin id="1981" dir="0" index="0" bw="1" slack="0"/>
<pin id="1982" dir="0" index="1" bw="1" slack="0"/>
<pin id="1983" dir="1" index="2" bw="1" slack="0"/>
</pin_list>
<bind>
<opcode="and(23) " fcode="and"/>
<opset="and_ln111/26 "/>
</bind>
</comp>

<comp id="1986" class="1004" name="and_ln111_1_fu_1986">
<pin_list>
<pin id="1987" dir="0" index="0" bw="1" slack="0"/>
<pin id="1988" dir="0" index="1" bw="1" slack="0"/>
<pin id="1989" dir="1" index="2" bw="1" slack="0"/>
</pin_list>
<bind>
<opcode="and(23) " fcode="and"/>
<opset="and_ln111_1/26 "/>
</bind>
</comp>

<comp id="1992" class="1004" name="xor_ln111_fu_1992">
<pin_list>
<pin id="1993" dir="0" index="0" bw="1" slack="0"/>
<pin id="1994" dir="0" index="1" bw="1" slack="0"/>
<pin id="1995" dir="1" index="2" bw="1" slack="0"/>
</pin_list>
<bind>
<opcode="xor(25) " fcode="xor"/>
<opset="xor_ln111/26 "/>
</bind>
</comp>

<comp id="1998" class="1004" name="or_ln111_fu_1998">
<pin_list>
<pin id="1999" dir="0" index="0" bw="1" slack="4"/>
<pin id="2000" dir="0" index="1" bw="1" slack="0"/>
<pin id="2001" dir="1" index="2" bw="1" slack="0"/>
</pin_list>
<bind>
<opcode="or(24) " fcode="or"/>
<opset="or_ln111/26 "/>
</bind>
</comp>

<comp id="2003" class="1004" name="select_ln111_fu_2003">
<pin_list>
<pin id="2004" dir="0" index="0" bw="1" slack="0"/>
<pin id="2005" dir="0" index="1" bw="32" slack="0"/>
<pin id="2006" dir="0" index="2" bw="32" slack="5"/>
<pin id="2007" dir="1" index="3" bw="32" slack="0"/>
</pin_list>
<bind>
<opcode="select(49) " fcode="select"/>
<opset="select_ln111/26 "/>
</bind>
</comp>

<comp id="2011" class="1004" name="m_21_fu_2011">
<pin_list>
<pin id="2012" dir="0" index="0" bw="20" slack="1"/>
<pin id="2013" dir="1" index="1" bw="64" slack="0"/>
</pin_list>
<bind>
<opcode="zext(34) " fcode="zext"/>
<opset="m_21/26 "/>
</bind>
</comp>

<comp id="2014" class="1004" name="zext_ln957_3_fu_2014">
<pin_list>
<pin id="2015" dir="0" index="0" bw="20" slack="1"/>
<pin id="2016" dir="1" index="1" bw="32" slack="0"/>
</pin_list>
<bind>
<opcode="zext(34) " fcode="zext"/>
<opset="zext_ln957_3/26 "/>
</bind>
</comp>

<comp id="2017" class="1004" name="add_ln958_2_fu_2017">
<pin_list>
<pin id="2018" dir="0" index="0" bw="6" slack="0"/>
<pin id="2019" dir="0" index="1" bw="32" slack="1"/>
<pin id="2020" dir="1" index="2" bw="32" slack="0"/>
</pin_list>
<bind>
<opcode="add(8) " fcode="add"/>
<opset="add_ln958_2/26 "/>
</bind>
</comp>

<comp id="2022" class="1004" name="lshr_ln958_2_fu_2022">
<pin_list>
<pin id="2023" dir="0" index="0" bw="20" slack="0"/>
<pin id="2024" dir="0" index="1" bw="32" slack="0"/>
<pin id="2025" dir="1" index="2" bw="32" slack="0"/>
</pin_list>
<bind>
<opcode="lshr(21) " fcode="lshr"/>
<opset="lshr_ln958_2/26 "/>
</bind>
</comp>

<comp id="2028" class="1004" name="zext_ln958_4_fu_2028">
<pin_list>
<pin id="2029" dir="0" index="0" bw="32" slack="0"/>
<pin id="2030" dir="1" index="1" bw="64" slack="0"/>
</pin_list>
<bind>
<opcode="zext(34) " fcode="zext"/>
<opset="zext_ln958_4/26 "/>
</bind>
</comp>

<comp id="2032" class="1004" name="sub_ln958_2_fu_2032">
<pin_list>
<pin id="2033" dir="0" index="0" bw="6" slack="0"/>
<pin id="2034" dir="0" index="1" bw="32" slack="1"/>
<pin id="2035" dir="1" index="2" bw="32" slack="0"/>
</pin_list>
<bind>
<opcode="sub(10) " fcode="sub"/>
<opset="sub_ln958_2/26 "/>
</bind>
</comp>

<comp id="2037" class="1004" name="zext_ln958_5_fu_2037">
<pin_list>
<pin id="2038" dir="0" index="0" bw="32" slack="0"/>
<pin id="2039" dir="1" index="1" bw="64" slack="0"/>
</pin_list>
<bind>
<opcode="zext(34) " fcode="zext"/>
<opset="zext_ln958_5/26 "/>
</bind>
</comp>

<comp id="2041" class="1004" name="shl_ln958_2_fu_2041">
<pin_list>
<pin id="2042" dir="0" index="0" bw="20" slack="0"/>
<pin id="2043" dir="0" index="1" bw="32" slack="0"/>
<pin id="2044" dir="1" index="2" bw="64" slack="0"/>
</pin_list>
<bind>
<opcode="shl(20) " fcode="shl"/>
<opset="shl_ln958_2/26 "/>
</bind>
</comp>

<comp id="2047" class="1004" name="m_22_fu_2047">
<pin_list>
<pin id="2048" dir="0" index="0" bw="1" slack="1"/>
<pin id="2049" dir="0" index="1" bw="32" slack="0"/>
<pin id="2050" dir="0" index="2" bw="64" slack="0"/>
<pin id="2051" dir="1" index="3" bw="64" slack="0"/>
</pin_list>
<bind>
<opcode="select(49) " fcode="select"/>
<opset="m_22/26 "/>
</bind>
</comp>

<comp id="2054" class="1004" name="zext_ln961_2_fu_2054">
<pin_list>
<pin id="2055" dir="0" index="0" bw="32" slack="1"/>
<pin id="2056" dir="1" index="1" bw="64" slack="0"/>
</pin_list>
<bind>
<opcode="zext(34) " fcode="zext"/>
<opset="zext_ln961_2/26 "/>
</bind>
</comp>

<comp id="2057" class="1004" name="m_23_fu_2057">
<pin_list>
<pin id="2058" dir="0" index="0" bw="64" slack="0"/>
<pin id="2059" dir="0" index="1" bw="32" slack="0"/>
<pin id="2060" dir="1" index="2" bw="64" slack="0"/>
</pin_list>
<bind>
<opcode="add(8) " fcode="add"/>
<opset="m_23/26 "/>
</bind>
</comp>

<comp id="2063" class="1004" name="m_4_fu_2063">
<pin_list>
<pin id="2064" dir="0" index="0" bw="63" slack="0"/>
<pin id="2065" dir="0" index="1" bw="64" slack="0"/>
<pin id="2066" dir="0" index="2" bw="1" slack="0"/>
<pin id="2067" dir="0" index="3" bw="7" slack="0"/>
<pin id="2068" dir="1" index="4" bw="63" slack="0"/>
</pin_list>
<bind>
<opcode="partselect(1002) " fcode="partselect"/>
<opset="m_4/26 "/>
</bind>
</comp>

<comp id="2073" class="1004" name="m_28_fu_2073">
<pin_list>
<pin id="2074" dir="0" index="0" bw="63" slack="0"/>
<pin id="2075" dir="1" index="1" bw="64" slack="0"/>
</pin_list>
<bind>
<opcode="zext(34) " fcode="zext"/>
<opset="m_28/26 "/>
</bind>
</comp>

<comp id="2077" class="1004" name="tmp_24_fu_2077">
<pin_list>
<pin id="2078" dir="0" index="0" bw="1" slack="0"/>
<pin id="2079" dir="0" index="1" bw="64" slack="0"/>
<pin id="2080" dir="0" index="2" bw="6" slack="0"/>
<pin id="2081" dir="1" index="3" bw="1" slack="0"/>
</pin_list>
<bind>
<opcode="bitselect(1000) " fcode="bitselect"/>
<opset="tmp_24/26 "/>
</bind>
</comp>

<comp id="2085" class="1004" name="select_ln964_2_fu_2085">
<pin_list>
<pin id="2086" dir="0" index="0" bw="1" slack="0"/>
<pin id="2087" dir="0" index="1" bw="8" slack="0"/>
<pin id="2088" dir="0" index="2" bw="8" slack="0"/>
<pin id="2089" dir="1" index="3" bw="8" slack="0"/>
</pin_list>
<bind>
<opcode="select(49) " fcode="select"/>
<opset="select_ln964_2/26 "/>
</bind>
</comp>

<comp id="2093" class="1004" name="sub_ln964_2_fu_2093">
<pin_list>
<pin id="2094" dir="0" index="0" bw="4" slack="0"/>
<pin id="2095" dir="0" index="1" bw="8" slack="1"/>
<pin id="2096" dir="1" index="2" bw="8" slack="0"/>
</pin_list>
<bind>
<opcode="sub(10) " fcode="sub"/>
<opset="sub_ln964_2/26 "/>
</bind>
</comp>

<comp id="2098" class="1004" name="add_ln964_2_fu_2098">
<pin_list>
<pin id="2099" dir="0" index="0" bw="8" slack="0"/>
<pin id="2100" dir="0" index="1" bw="8" slack="0"/>
<pin id="2101" dir="1" index="2" bw="8" slack="0"/>
</pin_list>
<bind>
<opcode="add(8) " fcode="add"/>
<opset="add_ln964_2/26 "/>
</bind>
</comp>

<comp id="2104" class="1004" name="tmp_6_fu_2104">
<pin_list>
<pin id="2105" dir="0" index="0" bw="9" slack="0"/>
<pin id="2106" dir="0" index="1" bw="1" slack="1"/>
<pin id="2107" dir="0" index="2" bw="8" slack="0"/>
<pin id="2108" dir="1" index="3" bw="9" slack="0"/>
</pin_list>
<bind>
<opcode="bitconcatenate(1004) " fcode="bitconcatenate"/>
<opset="tmp_6/26 "/>
</bind>
</comp>

<comp id="2111" class="1004" name="p_Result_29_fu_2111">
<pin_list>
<pin id="2112" dir="0" index="0" bw="64" slack="0"/>
<pin id="2113" dir="0" index="1" bw="63" slack="0"/>
<pin id="2114" dir="0" index="2" bw="9" slack="0"/>
<pin id="2115" dir="0" index="3" bw="6" slack="0"/>
<pin id="2116" dir="0" index="4" bw="6" slack="0"/>
<pin id="2117" dir="1" index="5" bw="64" slack="0"/>
</pin_list>
<bind>
<opcode="partset(1003) " fcode="partset"/>
<opset="p_Result_29/26 "/>
</bind>
</comp>

<comp id="2123" class="1004" name="trunc_ln738_2_fu_2123">
<pin_list>
<pin id="2124" dir="0" index="0" bw="64" slack="0"/>
<pin id="2125" dir="1" index="1" bw="32" slack="0"/>
</pin_list>
<bind>
<opcode="trunc(33) " fcode="trunc"/>
<opset="trunc_ln738_2/26 "/>
</bind>
</comp>

<comp id="2127" class="1004" name="bitcast_ln739_2_fu_2127">
<pin_list>
<pin id="2128" dir="0" index="0" bw="32" slack="0"/>
<pin id="2129" dir="1" index="1" bw="32" slack="0"/>
</pin_list>
<bind>
<opcode="bitcast(44) " fcode="bitcast"/>
<opset="bitcast_ln739_2/26 "/>
</bind>
</comp>

<comp id="2131" class="1004" name="select_ln111_1_fu_2131">
<pin_list>
<pin id="2132" dir="0" index="0" bw="1" slack="0"/>
<pin id="2133" dir="0" index="1" bw="32" slack="0"/>
<pin id="2134" dir="0" index="2" bw="32" slack="0"/>
<pin id="2135" dir="1" index="3" bw="32" slack="1"/>
</pin_list>
<bind>
<opcode="select(49) " fcode="select"/>
<opset="select_ln111_1/26 "/>
</bind>
</comp>

<comp id="2139" class="1004" name="icmp_ln118_fu_2139">
<pin_list>
<pin id="2140" dir="0" index="0" bw="4" slack="0"/>
<pin id="2141" dir="0" index="1" bw="4" slack="0"/>
<pin id="2142" dir="1" index="2" bw="1" slack="2147483647"/>
</pin_list>
<bind>
<opcode="icmp(45) " fcode="icmp"/>
<opset="icmp_ln118/27 "/>
</bind>
</comp>

<comp id="2145" class="1004" name="j_4_fu_2145">
<pin_list>
<pin id="2146" dir="0" index="0" bw="4" slack="0"/>
<pin id="2147" dir="0" index="1" bw="1" slack="0"/>
<pin id="2148" dir="1" index="2" bw="4" slack="0"/>
</pin_list>
<bind>
<opcode="add(8) " fcode="add"/>
<opset="j_4/27 "/>
</bind>
</comp>

<comp id="2151" class="1004" name="zext_ln119_fu_2151">
<pin_list>
<pin id="2152" dir="0" index="0" bw="4" slack="0"/>
<pin id="2153" dir="1" index="1" bw="64" slack="0"/>
</pin_list>
<bind>
<opcode="zext(34) " fcode="zext"/>
<opset="zext_ln119/27 "/>
</bind>
</comp>

<comp id="2156" class="1004" name="icmp_ln124_fu_2156">
<pin_list>
<pin id="2157" dir="0" index="0" bw="4" slack="0"/>
<pin id="2158" dir="0" index="1" bw="4" slack="0"/>
<pin id="2159" dir="1" index="2" bw="1" slack="2147483647"/>
</pin_list>
<bind>
<opcode="icmp(45) " fcode="icmp"/>
<opset="icmp_ln124/47 "/>
</bind>
</comp>

<comp id="2162" class="1004" name="j_6_fu_2162">
<pin_list>
<pin id="2163" dir="0" index="0" bw="4" slack="0"/>
<pin id="2164" dir="0" index="1" bw="1" slack="0"/>
<pin id="2165" dir="1" index="2" bw="4" slack="0"/>
</pin_list>
<bind>
<opcode="add(8) " fcode="add"/>
<opset="j_6/47 "/>
</bind>
</comp>

<comp id="2168" class="1004" name="zext_ln125_fu_2168">
<pin_list>
<pin id="2169" dir="0" index="0" bw="4" slack="0"/>
<pin id="2170" dir="1" index="1" bw="64" slack="0"/>
</pin_list>
<bind>
<opcode="zext(34) " fcode="zext"/>
<opset="zext_ln125/47 "/>
</bind>
</comp>

<comp id="2173" class="1007" name="grp_fu_2173">
<pin_list>
<pin id="2174" dir="0" index="0" bw="20" slack="0"/>
<pin id="2175" dir="0" index="1" bw="16" slack="0"/>
<pin id="2176" dir="0" index="2" bw="34" slack="0"/>
<pin id="2177" dir="1" index="3" bw="34" slack="0"/>
</pin_list>
<bind>
<opcode="muladd(1172) " fcode="muladd"/>
<opset="mul_ln1192/5 ret_V/5 "/>
</bind>
</comp>

<comp id="2182" class="1007" name="grp_fu_2182">
<pin_list>
<pin id="2183" dir="0" index="0" bw="19" slack="0"/>
<pin id="2184" dir="0" index="1" bw="16" slack="0"/>
<pin id="2185" dir="0" index="2" bw="34" slack="0"/>
<pin id="2186" dir="1" index="3" bw="34" slack="0"/>
</pin_list>
<bind>
<opcode="muladd(1172) " fcode="muladd"/>
<opset="mul_ln1192_1/9 ret_V_1/9 "/>
</bind>
</comp>

<comp id="2191" class="1007" name="grp_fu_2191">
<pin_list>
<pin id="2192" dir="0" index="0" bw="19" slack="0"/>
<pin id="2193" dir="0" index="1" bw="15" slack="0"/>
<pin id="2194" dir="0" index="2" bw="34" slack="0"/>
<pin id="2195" dir="1" index="3" bw="34" slack="0"/>
</pin_list>
<bind>
<opcode="muladd(1172) " fcode="muladd"/>
<opset="mul_ln1192_2/13 ret_V_2/13 "/>
</bind>
</comp>

<comp id="2200" class="1007" name="grp_fu_2200">
<pin_list>
<pin id="2201" dir="0" index="0" bw="19" slack="0"/>
<pin id="2202" dir="0" index="1" bw="16" slack="0"/>
<pin id="2203" dir="0" index="2" bw="34" slack="0"/>
<pin id="2204" dir="1" index="3" bw="34" slack="0"/>
</pin_list>
<bind>
<opcode="muladd(1172) " fcode="muladd"/>
<opset="mul_ln1192_3/17 ret_V_3/17 "/>
</bind>
</comp>

<comp id="2209" class="1005" name="add_ln88_reg_2209">
<pin_list>
<pin id="2210" dir="0" index="0" bw="12" slack="0"/>
<pin id="2211" dir="1" index="1" bw="12" slack="0"/>
</pin_list>
<bind>
<opset="add_ln88 "/>
</bind>
</comp>

<comp id="2217" class="1005" name="j_reg_2217">
<pin_list>
<pin id="2218" dir="0" index="0" bw="3" slack="0"/>
<pin id="2219" dir="1" index="1" bw="3" slack="0"/>
</pin_list>
<bind>
<opset="j "/>
</bind>
</comp>

<comp id="2222" class="1005" name="zext_ln89_reg_2222">
<pin_list>
<pin id="2223" dir="0" index="0" bw="64" slack="2"/>
<pin id="2224" dir="1" index="1" bw="64" slack="2"/>
</pin_list>
<bind>
<opset="zext_ln89 "/>
</bind>
</comp>

<comp id="2227" class="1005" name="B1_V_addr_reg_2227">
<pin_list>
<pin id="2228" dir="0" index="0" bw="3" slack="1"/>
<pin id="2229" dir="1" index="1" bw="3" slack="1"/>
</pin_list>
<bind>
<opset="B1_V_addr "/>
</bind>
</comp>

<comp id="2232" class="1005" name="zext_ln89_1_reg_2232">
<pin_list>
<pin id="2233" dir="0" index="0" bw="20" slack="1"/>
<pin id="2234" dir="1" index="1" bw="20" slack="1"/>
</pin_list>
<bind>
<opset="zext_ln89_1 "/>
</bind>
</comp>

<comp id="2240" class="1005" name="i_reg_2240">
<pin_list>
<pin id="2241" dir="0" index="0" bw="10" slack="0"/>
<pin id="2242" dir="1" index="1" bw="10" slack="0"/>
</pin_list>
<bind>
<opset="i "/>
</bind>
</comp>

<comp id="2245" class="1005" name="W1_V_addr_reg_2245">
<pin_list>
<pin id="2246" dir="0" index="0" bw="12" slack="1"/>
<pin id="2247" dir="1" index="1" bw="12" slack="1"/>
</pin_list>
<bind>
<opset="W1_V_addr "/>
</bind>
</comp>

<comp id="2250" class="1005" name="input_V_addr_reg_2250">
<pin_list>
<pin id="2251" dir="0" index="0" bw="10" slack="1"/>
<pin id="2252" dir="1" index="1" bw="10" slack="1"/>
</pin_list>
<bind>
<opset="input_V_addr "/>
</bind>
</comp>

<comp id="2255" class="1005" name="acc_V_2_reg_2255">
<pin_list>
<pin id="2256" dir="0" index="0" bw="20" slack="1"/>
<pin id="2257" dir="1" index="1" bw="20" slack="1"/>
</pin_list>
<bind>
<opset="acc_V_2 "/>
</bind>
</comp>

<comp id="2263" class="1005" name="j_1_reg_2263">
<pin_list>
<pin id="2264" dir="0" index="0" bw="4" slack="0"/>
<pin id="2265" dir="1" index="1" bw="4" slack="0"/>
</pin_list>
<bind>
<opset="j_1 "/>
</bind>
</comp>

<comp id="2268" class="1005" name="zext_ln94_reg_2268">
<pin_list>
<pin id="2269" dir="0" index="0" bw="64" slack="2"/>
<pin id="2270" dir="1" index="1" bw="64" slack="2"/>
</pin_list>
<bind>
<opset="zext_ln94 "/>
</bind>
</comp>

<comp id="2273" class="1005" name="B2_V_addr_reg_2273">
<pin_list>
<pin id="2274" dir="0" index="0" bw="3" slack="1"/>
<pin id="2275" dir="1" index="1" bw="3" slack="1"/>
</pin_list>
<bind>
<opset="B2_V_addr "/>
</bind>
</comp>

<comp id="2278" class="1005" name="add_ln1117_reg_2278">
<pin_list>
<pin id="2279" dir="0" index="0" bw="7" slack="1"/>
<pin id="2280" dir="1" index="1" bw="7" slack="1"/>
</pin_list>
<bind>
<opset="add_ln1117 "/>
</bind>
</comp>

<comp id="2283" class="1005" name="sext_ln94_reg_2283">
<pin_list>
<pin id="2284" dir="0" index="0" bw="20" slack="1"/>
<pin id="2285" dir="1" index="1" bw="20" slack="1"/>
</pin_list>
<bind>
<opset="sext_ln94 "/>
</bind>
</comp>

<comp id="2291" class="1005" name="i_1_reg_2291">
<pin_list>
<pin id="2292" dir="0" index="0" bw="3" slack="0"/>
<pin id="2293" dir="1" index="1" bw="3" slack="0"/>
</pin_list>
<bind>
<opset="i_1 "/>
</bind>
</comp>

<comp id="2296" class="1005" name="W2_V_addr_reg_2296">
<pin_list>
<pin id="2297" dir="0" index="0" bw="6" slack="1"/>
<pin id="2298" dir="1" index="1" bw="6" slack="1"/>
</pin_list>
<bind>
<opset="W2_V_addr "/>
</bind>
</comp>

<comp id="2301" class="1005" name="a1_V_addr_1_reg_2301">
<pin_list>
<pin id="2302" dir="0" index="0" bw="3" slack="1"/>
<pin id="2303" dir="1" index="1" bw="3" slack="1"/>
</pin_list>
<bind>
<opset="a1_V_addr_1 "/>
</bind>
</comp>

<comp id="2306" class="1005" name="acc_V_4_reg_2306">
<pin_list>
<pin id="2307" dir="0" index="0" bw="20" slack="1"/>
<pin id="2308" dir="1" index="1" bw="20" slack="1"/>
</pin_list>
<bind>
<opset="acc_V_4 "/>
</bind>
</comp>

<comp id="2314" class="1005" name="j_2_reg_2314">
<pin_list>
<pin id="2315" dir="0" index="0" bw="4" slack="0"/>
<pin id="2316" dir="1" index="1" bw="4" slack="0"/>
</pin_list>
<bind>
<opset="j_2 "/>
</bind>
</comp>

<comp id="2319" class="1005" name="zext_ln99_reg_2319">
<pin_list>
<pin id="2320" dir="0" index="0" bw="64" slack="2"/>
<pin id="2321" dir="1" index="1" bw="64" slack="2"/>
</pin_list>
<bind>
<opset="zext_ln99 "/>
</bind>
</comp>

<comp id="2324" class="1005" name="B3_V_addr_reg_2324">
<pin_list>
<pin id="2325" dir="0" index="0" bw="3" slack="1"/>
<pin id="2326" dir="1" index="1" bw="3" slack="1"/>
</pin_list>
<bind>
<opset="B3_V_addr "/>
</bind>
</comp>

<comp id="2329" class="1005" name="zext_ln99_1_reg_2329">
<pin_list>
<pin id="2330" dir="0" index="0" bw="8" slack="1"/>
<pin id="2331" dir="1" index="1" bw="8" slack="1"/>
</pin_list>
<bind>
<opset="zext_ln99_1 "/>
</bind>
</comp>

<comp id="2334" class="1005" name="sext_ln99_reg_2334">
<pin_list>
<pin id="2335" dir="0" index="0" bw="20" slack="1"/>
<pin id="2336" dir="1" index="1" bw="20" slack="1"/>
</pin_list>
<bind>
<opset="sext_ln99 "/>
</bind>
</comp>

<comp id="2342" class="1005" name="i_2_reg_2342">
<pin_list>
<pin id="2343" dir="0" index="0" bw="4" slack="0"/>
<pin id="2344" dir="1" index="1" bw="4" slack="0"/>
</pin_list>
<bind>
<opset="i_2 "/>
</bind>
</comp>

<comp id="2347" class="1005" name="W3_V_addr_reg_2347">
<pin_list>
<pin id="2348" dir="0" index="0" bw="6" slack="1"/>
<pin id="2349" dir="1" index="1" bw="6" slack="1"/>
</pin_list>
<bind>
<opset="W3_V_addr "/>
</bind>
</comp>

<comp id="2352" class="1005" name="a2_V_addr_1_reg_2352">
<pin_list>
<pin id="2353" dir="0" index="0" bw="3" slack="1"/>
<pin id="2354" dir="1" index="1" bw="3" slack="1"/>
</pin_list>
<bind>
<opset="a2_V_addr_1 "/>
</bind>
</comp>

<comp id="2357" class="1005" name="acc_V_6_reg_2357">
<pin_list>
<pin id="2358" dir="0" index="0" bw="20" slack="1"/>
<pin id="2359" dir="1" index="1" bw="20" slack="1"/>
</pin_list>
<bind>
<opset="acc_V_6 "/>
</bind>
</comp>

<comp id="2365" class="1005" name="j_3_reg_2365">
<pin_list>
<pin id="2366" dir="0" index="0" bw="4" slack="0"/>
<pin id="2367" dir="1" index="1" bw="4" slack="0"/>
</pin_list>
<bind>
<opset="j_3 "/>
</bind>
</comp>

<comp id="2370" class="1005" name="zext_ln104_reg_2370">
<pin_list>
<pin id="2371" dir="0" index="0" bw="64" slack="2"/>
<pin id="2372" dir="1" index="1" bw="64" slack="2"/>
</pin_list>
<bind>
<opset="zext_ln104 "/>
</bind>
</comp>

<comp id="2375" class="1005" name="B4_V_addr_reg_2375">
<pin_list>
<pin id="2376" dir="0" index="0" bw="4" slack="1"/>
<pin id="2377" dir="1" index="1" bw="4" slack="1"/>
</pin_list>
<bind>
<opset="B4_V_addr "/>
</bind>
</comp>

<comp id="2380" class="1005" name="z4_V_addr_reg_2380">
<pin_list>
<pin id="2381" dir="0" index="0" bw="4" slack="1"/>
<pin id="2382" dir="1" index="1" bw="4" slack="1"/>
</pin_list>
<bind>
<opset="z4_V_addr "/>
</bind>
</comp>

<comp id="2385" class="1005" name="zext_ln104_1_reg_2385">
<pin_list>
<pin id="2386" dir="0" index="0" bw="8" slack="1"/>
<pin id="2387" dir="1" index="1" bw="8" slack="1"/>
</pin_list>
<bind>
<opset="zext_ln104_1 "/>
</bind>
</comp>

<comp id="2390" class="1005" name="sext_ln104_reg_2390">
<pin_list>
<pin id="2391" dir="0" index="0" bw="20" slack="1"/>
<pin id="2392" dir="1" index="1" bw="20" slack="1"/>
</pin_list>
<bind>
<opset="sext_ln104 "/>
</bind>
</comp>

<comp id="2398" class="1005" name="i_3_reg_2398">
<pin_list>
<pin id="2399" dir="0" index="0" bw="4" slack="0"/>
<pin id="2400" dir="1" index="1" bw="4" slack="0"/>
</pin_list>
<bind>
<opset="i_3 "/>
</bind>
</comp>

<comp id="2403" class="1005" name="W4_V_addr_reg_2403">
<pin_list>
<pin id="2404" dir="0" index="0" bw="7" slack="1"/>
<pin id="2405" dir="1" index="1" bw="7" slack="1"/>
</pin_list>
<bind>
<opset="W4_V_addr "/>
</bind>
</comp>

<comp id="2408" class="1005" name="a3_V_addr_1_reg_2408">
<pin_list>
<pin id="2409" dir="0" index="0" bw="3" slack="1"/>
<pin id="2410" dir="1" index="1" bw="3" slack="1"/>
</pin_list>
<bind>
<opset="a3_V_addr_1 "/>
</bind>
</comp>

<comp id="2413" class="1005" name="acc_V_7_reg_2413">
<pin_list>
<pin id="2414" dir="0" index="0" bw="20" slack="1"/>
<pin id="2415" dir="1" index="1" bw="20" slack="1"/>
</pin_list>
<bind>
<opset="acc_V_7 "/>
</bind>
</comp>

<comp id="2418" class="1005" name="p_Result_21_reg_2418">
<pin_list>
<pin id="2419" dir="0" index="0" bw="1" slack="1"/>
<pin id="2420" dir="1" index="1" bw="1" slack="1"/>
</pin_list>
<bind>
<opset="p_Result_21 "/>
</bind>
</comp>

<comp id="2424" class="1005" name="icmp_ln935_reg_2424">
<pin_list>
<pin id="2425" dir="0" index="0" bw="1" slack="1"/>
<pin id="2426" dir="1" index="1" bw="1" slack="1"/>
</pin_list>
<bind>
<opset="icmp_ln935 "/>
</bind>
</comp>

<comp id="2429" class="1005" name="tmp_V_10_reg_2429">
<pin_list>
<pin id="2430" dir="0" index="0" bw="20" slack="1"/>
<pin id="2431" dir="1" index="1" bw="20" slack="1"/>
</pin_list>
<bind>
<opset="tmp_V_10 "/>
</bind>
</comp>

<comp id="2435" class="1005" name="sub_ln944_reg_2435">
<pin_list>
<pin id="2436" dir="0" index="0" bw="32" slack="1"/>
<pin id="2437" dir="1" index="1" bw="32" slack="1"/>
</pin_list>
<bind>
<opset="sub_ln944 "/>
</bind>
</comp>

<comp id="2441" class="1005" name="or_ln_reg_2441">
<pin_list>
<pin id="2442" dir="0" index="0" bw="32" slack="1"/>
<pin id="2443" dir="1" index="1" bw="32" slack="1"/>
</pin_list>
<bind>
<opset="or_ln "/>
</bind>
</comp>

<comp id="2446" class="1005" name="icmp_ln958_reg_2446">
<pin_list>
<pin id="2447" dir="0" index="0" bw="1" slack="1"/>
<pin id="2448" dir="1" index="1" bw="1" slack="1"/>
</pin_list>
<bind>
<opset="icmp_ln958 "/>
</bind>
</comp>

<comp id="2451" class="1005" name="trunc_ln943_reg_2451">
<pin_list>
<pin id="2452" dir="0" index="0" bw="8" slack="1"/>
<pin id="2453" dir="1" index="1" bw="8" slack="1"/>
</pin_list>
<bind>
<opset="trunc_ln943 "/>
</bind>
</comp>

<comp id="2456" class="1005" name="select_ln935_reg_2456">
<pin_list>
<pin id="2457" dir="0" index="0" bw="32" slack="1"/>
<pin id="2458" dir="1" index="1" bw="32" slack="1"/>
</pin_list>
<bind>
<opset="select_ln935 "/>
</bind>
</comp>

<comp id="2465" class="1005" name="zext_ln110_reg_2465">
<pin_list>
<pin id="2466" dir="0" index="0" bw="64" slack="1"/>
<pin id="2467" dir="1" index="1" bw="64" slack="1"/>
</pin_list>
<bind>
<opset="zext_ln110 "/>
</bind>
</comp>

<comp id="2471" class="1005" name="z4_V_addr_2_reg_2471">
<pin_list>
<pin id="2472" dir="0" index="0" bw="4" slack="1"/>
<pin id="2473" dir="1" index="1" bw="4" slack="1"/>
</pin_list>
<bind>
<opset="z4_V_addr_2 "/>
</bind>
</comp>

<comp id="2476" class="1005" name="icmp_ln935_1_reg_2476">
<pin_list>
<pin id="2477" dir="0" index="0" bw="1" slack="2"/>
<pin id="2478" dir="1" index="1" bw="1" slack="4"/>
</pin_list>
<bind>
<opset="icmp_ln935_1 "/>
</bind>
</comp>

<comp id="2481" class="1005" name="p_Result_24_reg_2481">
<pin_list>
<pin id="2482" dir="0" index="0" bw="1" slack="1"/>
<pin id="2483" dir="1" index="1" bw="1" slack="1"/>
</pin_list>
<bind>
<opset="p_Result_24 "/>
</bind>
</comp>

<comp id="2486" class="1005" name="tmp_V_12_reg_2486">
<pin_list>
<pin id="2487" dir="0" index="0" bw="20" slack="1"/>
<pin id="2488" dir="1" index="1" bw="20" slack="1"/>
</pin_list>
<bind>
<opset="tmp_V_12 "/>
</bind>
</comp>

<comp id="2492" class="1005" name="sub_ln944_1_reg_2492">
<pin_list>
<pin id="2493" dir="0" index="0" bw="32" slack="1"/>
<pin id="2494" dir="1" index="1" bw="32" slack="1"/>
</pin_list>
<bind>
<opset="sub_ln944_1 "/>
</bind>
</comp>

<comp id="2498" class="1005" name="or_ln949_2_reg_2498">
<pin_list>
<pin id="2499" dir="0" index="0" bw="32" slack="1"/>
<pin id="2500" dir="1" index="1" bw="32" slack="1"/>
</pin_list>
<bind>
<opset="or_ln949_2 "/>
</bind>
</comp>

<comp id="2503" class="1005" name="icmp_ln958_1_reg_2503">
<pin_list>
<pin id="2504" dir="0" index="0" bw="1" slack="1"/>
<pin id="2505" dir="1" index="1" bw="1" slack="1"/>
</pin_list>
<bind>
<opset="icmp_ln958_1 "/>
</bind>
</comp>

<comp id="2508" class="1005" name="trunc_ln943_1_reg_2508">
<pin_list>
<pin id="2509" dir="0" index="0" bw="8" slack="1"/>
<pin id="2510" dir="1" index="1" bw="8" slack="1"/>
</pin_list>
<bind>
<opset="trunc_ln943_1 "/>
</bind>
</comp>

<comp id="2513" class="1005" name="bitcast_ln739_1_reg_2513">
<pin_list>
<pin id="2514" dir="0" index="0" bw="32" slack="1"/>
<pin id="2515" dir="1" index="1" bw="32" slack="1"/>
</pin_list>
<bind>
<opset="bitcast_ln739_1 "/>
</bind>
</comp>

<comp id="2518" class="1005" name="tmp_V_7_reg_2518">
<pin_list>
<pin id="2519" dir="0" index="0" bw="20" slack="1"/>
<pin id="2520" dir="1" index="1" bw="20" slack="1"/>
</pin_list>
<bind>
<opset="tmp_V_7 "/>
</bind>
</comp>

<comp id="2523" class="1005" name="j_5_reg_2523">
<pin_list>
<pin id="2524" dir="0" index="0" bw="4" slack="1"/>
<pin id="2525" dir="1" index="1" bw="4" slack="1"/>
</pin_list>
<bind>
<opset="j_5 "/>
</bind>
</comp>

<comp id="2528" class="1005" name="icmp_ln111_reg_2528">
<pin_list>
<pin id="2529" dir="0" index="0" bw="1" slack="1"/>
<pin id="2530" dir="1" index="1" bw="1" slack="1"/>
</pin_list>
<bind>
<opset="icmp_ln111 "/>
</bind>
</comp>

<comp id="2533" class="1005" name="icmp_ln111_1_reg_2533">
<pin_list>
<pin id="2534" dir="0" index="0" bw="1" slack="1"/>
<pin id="2535" dir="1" index="1" bw="1" slack="1"/>
</pin_list>
<bind>
<opset="icmp_ln111_1 "/>
</bind>
</comp>

<comp id="2538" class="1005" name="p_Result_27_reg_2538">
<pin_list>
<pin id="2539" dir="0" index="0" bw="1" slack="1"/>
<pin id="2540" dir="1" index="1" bw="1" slack="1"/>
</pin_list>
<bind>
<opset="p_Result_27 "/>
</bind>
</comp>

<comp id="2543" class="1005" name="tmp_V_13_reg_2543">
<pin_list>
<pin id="2544" dir="0" index="0" bw="20" slack="1"/>
<pin id="2545" dir="1" index="1" bw="20" slack="1"/>
</pin_list>
<bind>
<opset="tmp_V_13 "/>
</bind>
</comp>

<comp id="2549" class="1005" name="sub_ln944_2_reg_2549">
<pin_list>
<pin id="2550" dir="0" index="0" bw="32" slack="1"/>
<pin id="2551" dir="1" index="1" bw="32" slack="1"/>
</pin_list>
<bind>
<opset="sub_ln944_2 "/>
</bind>
</comp>

<comp id="2555" class="1005" name="or_ln949_4_reg_2555">
<pin_list>
<pin id="2556" dir="0" index="0" bw="32" slack="1"/>
<pin id="2557" dir="1" index="1" bw="32" slack="1"/>
</pin_list>
<bind>
<opset="or_ln949_4 "/>
</bind>
</comp>

<comp id="2560" class="1005" name="icmp_ln958_2_reg_2560">
<pin_list>
<pin id="2561" dir="0" index="0" bw="1" slack="1"/>
<pin id="2562" dir="1" index="1" bw="1" slack="1"/>
</pin_list>
<bind>
<opset="icmp_ln958_2 "/>
</bind>
</comp>

<comp id="2565" class="1005" name="trunc_ln943_2_reg_2565">
<pin_list>
<pin id="2566" dir="0" index="0" bw="8" slack="1"/>
<pin id="2567" dir="1" index="1" bw="8" slack="1"/>
</pin_list>
<bind>
<opset="trunc_ln943_2 "/>
</bind>
</comp>

<comp id="2570" class="1005" name="select_ln111_1_reg_2570">
<pin_list>
<pin id="2571" dir="0" index="0" bw="32" slack="1"/>
<pin id="2572" dir="1" index="1" bw="32" slack="1"/>
</pin_list>
<bind>
<opset="select_ln111_1 "/>
</bind>
</comp>

<comp id="2578" class="1005" name="j_4_reg_2578">
<pin_list>
<pin id="2579" dir="0" index="0" bw="4" slack="0"/>
<pin id="2580" dir="1" index="1" bw="4" slack="0"/>
</pin_list>
<bind>
<opset="j_4 "/>
</bind>
</comp>

<comp id="2583" class="1005" name="zext_ln119_reg_2583">
<pin_list>
<pin id="2584" dir="0" index="0" bw="64" slack="15"/>
<pin id="2585" dir="1" index="1" bw="64" slack="15"/>
</pin_list>
<bind>
<opset="zext_ln119 "/>
</bind>
</comp>

<comp id="2588" class="1005" name="logits_addr_3_reg_2588">
<pin_list>
<pin id="2589" dir="0" index="0" bw="4" slack="1"/>
<pin id="2590" dir="1" index="1" bw="4" slack="1"/>
</pin_list>
<bind>
<opset="logits_addr_3 "/>
</bind>
</comp>

<comp id="2593" class="1005" name="logits_load_reg_2593">
<pin_list>
<pin id="2594" dir="0" index="0" bw="32" slack="1"/>
<pin id="2595" dir="1" index="1" bw="32" slack="1"/>
</pin_list>
<bind>
<opset="logits_load "/>
</bind>
</comp>

<comp id="2598" class="1005" name="tmp_reg_2598">
<pin_list>
<pin id="2599" dir="0" index="0" bw="32" slack="1"/>
<pin id="2600" dir="1" index="1" bw="32" slack="1"/>
</pin_list>
<bind>
<opset="tmp "/>
</bind>
</comp>

<comp id="2603" class="1005" name="e_reg_2603">
<pin_list>
<pin id="2604" dir="0" index="0" bw="32" slack="1"/>
<pin id="2605" dir="1" index="1" bw="32" slack="1"/>
</pin_list>
<bind>
<opset="e "/>
</bind>
</comp>

<comp id="2609" class="1005" name="sum_reg_2609">
<pin_list>
<pin id="2610" dir="0" index="0" bw="32" slack="1"/>
<pin id="2611" dir="1" index="1" bw="32" slack="1"/>
</pin_list>
<bind>
<opset="sum "/>
</bind>
</comp>

<comp id="2617" class="1005" name="j_6_reg_2617">
<pin_list>
<pin id="2618" dir="0" index="0" bw="4" slack="0"/>
<pin id="2619" dir="1" index="1" bw="4" slack="0"/>
</pin_list>
<bind>
<opset="j_6 "/>
</bind>
</comp>

<comp id="2622" class="1005" name="output_addr_1_reg_2622">
<pin_list>
<pin id="2623" dir="0" index="0" bw="4" slack="1"/>
<pin id="2624" dir="1" index="1" bw="4" slack="1"/>
</pin_list>
<bind>
<opset="output_addr_1 "/>
</bind>
</comp>

<comp id="2627" class="1005" name="output_load_reg_2627">
<pin_list>
<pin id="2628" dir="0" index="0" bw="32" slack="1"/>
<pin id="2629" dir="1" index="1" bw="32" slack="1"/>
</pin_list>
<bind>
<opset="output_load "/>
</bind>
</comp>

</comp_list>

<net_list>
<net id="179"><net_src comp="26" pin="0"/><net_sink comp="176" pin=0"/></net>

<net id="183"><net_src comp="26" pin="0"/><net_sink comp="180" pin=0"/></net>

<net id="187"><net_src comp="26" pin="0"/><net_sink comp="184" pin=0"/></net>

<net id="191"><net_src comp="26" pin="0"/><net_sink comp="188" pin=0"/></net>

<net id="195"><net_src comp="26" pin="0"/><net_sink comp="192" pin=0"/></net>

<net id="201"><net_src comp="4" pin="0"/><net_sink comp="196" pin=0"/></net>

<net id="202"><net_src comp="42" pin="0"/><net_sink comp="196" pin=1"/></net>

<net id="208"><net_src comp="196" pin="3"/><net_sink comp="203" pin=0"/></net>

<net id="214"><net_src comp="6" pin="0"/><net_sink comp="209" pin=0"/></net>

<net id="215"><net_src comp="42" pin="0"/><net_sink comp="209" pin=1"/></net>

<net id="221"><net_src comp="0" pin="0"/><net_sink comp="216" pin=0"/></net>

<net id="222"><net_src comp="42" pin="0"/><net_sink comp="216" pin=1"/></net>

<net id="228"><net_src comp="216" pin="3"/><net_sink comp="223" pin=0"/></net>

<net id="234"><net_src comp="209" pin="3"/><net_sink comp="229" pin=0"/></net>

<net id="240"><net_src comp="42" pin="0"/><net_sink comp="235" pin=1"/></net>

<net id="246"><net_src comp="235" pin="3"/><net_sink comp="241" pin=0"/></net>

<net id="252"><net_src comp="8" pin="0"/><net_sink comp="247" pin=0"/></net>

<net id="253"><net_src comp="42" pin="0"/><net_sink comp="247" pin=1"/></net>

<net id="259"><net_src comp="247" pin="3"/><net_sink comp="254" pin=0"/></net>

<net id="265"><net_src comp="10" pin="0"/><net_sink comp="260" pin=0"/></net>

<net id="266"><net_src comp="42" pin="0"/><net_sink comp="260" pin=1"/></net>

<net id="272"><net_src comp="42" pin="0"/><net_sink comp="267" pin=1"/></net>

<net id="273"><net_src comp="267" pin="3"/><net_sink comp="241" pin=0"/></net>

<net id="279"><net_src comp="260" pin="3"/><net_sink comp="274" pin=0"/></net>

<net id="285"><net_src comp="42" pin="0"/><net_sink comp="280" pin=1"/></net>

<net id="291"><net_src comp="280" pin="3"/><net_sink comp="286" pin=0"/></net>

<net id="297"><net_src comp="12" pin="0"/><net_sink comp="292" pin=0"/></net>

<net id="298"><net_src comp="42" pin="0"/><net_sink comp="292" pin=1"/></net>

<net id="304"><net_src comp="292" pin="3"/><net_sink comp="299" pin=0"/></net>

<net id="310"><net_src comp="14" pin="0"/><net_sink comp="305" pin=0"/></net>

<net id="311"><net_src comp="42" pin="0"/><net_sink comp="305" pin=1"/></net>

<net id="317"><net_src comp="42" pin="0"/><net_sink comp="312" pin=1"/></net>

<net id="318"><net_src comp="312" pin="3"/><net_sink comp="286" pin=0"/></net>

<net id="324"><net_src comp="305" pin="3"/><net_sink comp="319" pin=0"/></net>

<net id="330"><net_src comp="42" pin="0"/><net_sink comp="325" pin=1"/></net>

<net id="336"><net_src comp="325" pin="3"/><net_sink comp="331" pin=0"/></net>

<net id="342"><net_src comp="16" pin="0"/><net_sink comp="337" pin=0"/></net>

<net id="343"><net_src comp="42" pin="0"/><net_sink comp="337" pin=1"/></net>

<net id="349"><net_src comp="337" pin="3"/><net_sink comp="344" pin=0"/></net>

<net id="355"><net_src comp="42" pin="0"/><net_sink comp="350" pin=1"/></net>

<net id="356"><net_src comp="42" pin="0"/><net_sink comp="350" pin=2"/></net>

<net id="362"><net_src comp="350" pin="3"/><net_sink comp="357" pin=0"/></net>

<net id="368"><net_src comp="18" pin="0"/><net_sink comp="363" pin=0"/></net>

<net id="369"><net_src comp="42" pin="0"/><net_sink comp="363" pin=1"/></net>

<net id="375"><net_src comp="42" pin="0"/><net_sink comp="370" pin=1"/></net>

<net id="376"><net_src comp="370" pin="3"/><net_sink comp="331" pin=0"/></net>

<net id="382"><net_src comp="363" pin="3"/><net_sink comp="377" pin=0"/></net>

<net id="388"><net_src comp="42" pin="0"/><net_sink comp="383" pin=1"/></net>

<net id="389"><net_src comp="383" pin="3"/><net_sink comp="357" pin=0"/></net>

<net id="395"><net_src comp="42" pin="0"/><net_sink comp="390" pin=1"/></net>

<net id="396"><net_src comp="390" pin="3"/><net_sink comp="357" pin=0"/></net>

<net id="402"><net_src comp="42" pin="0"/><net_sink comp="397" pin=1"/></net>

<net id="403"><net_src comp="42" pin="0"/><net_sink comp="397" pin=2"/></net>

<net id="409"><net_src comp="397" pin="3"/><net_sink comp="404" pin=0"/></net>

<net id="415"><net_src comp="42" pin="0"/><net_sink comp="410" pin=1"/></net>

<net id="416"><net_src comp="158" pin="0"/><net_sink comp="404" pin=1"/></net>

<net id="417"><net_src comp="410" pin="3"/><net_sink comp="404" pin=0"/></net>

<net id="423"><net_src comp="42" pin="0"/><net_sink comp="418" pin=1"/></net>

<net id="424"><net_src comp="418" pin="3"/><net_sink comp="404" pin=0"/></net>

<net id="430"><net_src comp="42" pin="0"/><net_sink comp="425" pin=1"/></net>

<net id="431"><net_src comp="425" pin="3"/><net_sink comp="404" pin=0"/></net>

<net id="437"><net_src comp="2" pin="0"/><net_sink comp="432" pin=0"/></net>

<net id="438"><net_src comp="42" pin="0"/><net_sink comp="432" pin=1"/></net>

<net id="444"><net_src comp="432" pin="3"/><net_sink comp="439" pin=0"/></net>

<net id="450"><net_src comp="2" pin="0"/><net_sink comp="445" pin=0"/></net>

<net id="451"><net_src comp="42" pin="0"/><net_sink comp="445" pin=1"/></net>

<net id="452"><net_src comp="445" pin="3"/><net_sink comp="439" pin=0"/></net>

<net id="456"><net_src comp="28" pin="0"/><net_sink comp="453" pin=0"/></net>

<net id="463"><net_src comp="453" pin="1"/><net_sink comp="457" pin=2"/></net>

<net id="467"><net_src comp="30" pin="0"/><net_sink comp="464" pin=0"/></net>

<net id="474"><net_src comp="464" pin="1"/><net_sink comp="468" pin=2"/></net>

<net id="475"><net_src comp="468" pin="4"/><net_sink comp="464" pin=0"/></net>

<net id="485"><net_src comp="479" pin="4"/><net_sink comp="476" pin=0"/></net>

<net id="489"><net_src comp="48" pin="0"/><net_sink comp="486" pin=0"/></net>

<net id="496"><net_src comp="486" pin="1"/><net_sink comp="490" pin=0"/></net>

<net id="500"><net_src comp="74" pin="0"/><net_sink comp="497" pin=0"/></net>

<net id="507"><net_src comp="497" pin="1"/><net_sink comp="501" pin=2"/></net>

<net id="508"><net_src comp="501" pin="4"/><net_sink comp="497" pin=0"/></net>

<net id="518"><net_src comp="512" pin="4"/><net_sink comp="509" pin=0"/></net>

<net id="522"><net_src comp="28" pin="0"/><net_sink comp="519" pin=0"/></net>

<net id="529"><net_src comp="519" pin="1"/><net_sink comp="523" pin=0"/></net>

<net id="533"><net_src comp="74" pin="0"/><net_sink comp="530" pin=0"/></net>

<net id="540"><net_src comp="530" pin="1"/><net_sink comp="534" pin=2"/></net>

<net id="541"><net_src comp="534" pin="4"/><net_sink comp="530" pin=0"/></net>

<net id="551"><net_src comp="545" pin="4"/><net_sink comp="542" pin=0"/></net>

<net id="555"><net_src comp="74" pin="0"/><net_sink comp="552" pin=0"/></net>

<net id="562"><net_src comp="552" pin="1"/><net_sink comp="556" pin=0"/></net>

<net id="566"><net_src comp="74" pin="0"/><net_sink comp="563" pin=0"/></net>

<net id="573"><net_src comp="563" pin="1"/><net_sink comp="567" pin=2"/></net>

<net id="574"><net_src comp="567" pin="4"/><net_sink comp="563" pin=0"/></net>

<net id="584"><net_src comp="578" pin="4"/><net_sink comp="357" pin=1"/></net>

<net id="585"><net_src comp="578" pin="4"/><net_sink comp="575" pin=0"/></net>

<net id="589"><net_src comp="74" pin="0"/><net_sink comp="586" pin=0"/></net>

<net id="596"><net_src comp="586" pin="1"/><net_sink comp="590" pin=0"/></net>

<net id="606"><net_src comp="600" pin="4"/><net_sink comp="597" pin=0"/></net>

<net id="610"><net_src comp="80" pin="0"/><net_sink comp="607" pin=0"/></net>

<net id="617"><net_src comp="607" pin="1"/><net_sink comp="611" pin=2"/></net>

<net id="618"><net_src comp="611" pin="4"/><net_sink comp="607" pin=0"/></net>

<net id="622"><net_src comp="158" pin="0"/><net_sink comp="619" pin=0"/></net>

<net id="629"><net_src comp="619" pin="1"/><net_sink comp="623" pin=2"/></net>

<net id="630"><net_src comp="623" pin="4"/><net_sink comp="619" pin=0"/></net>

<net id="634"><net_src comp="158" pin="0"/><net_sink comp="631" pin=0"/></net>

<net id="641"><net_src comp="631" pin="1"/><net_sink comp="635" pin=0"/></net>

<net id="642"><net_src comp="635" pin="4"/><net_sink comp="631" pin=0"/></net>

<net id="646"><net_src comp="74" pin="0"/><net_sink comp="643" pin=0"/></net>

<net id="653"><net_src comp="643" pin="1"/><net_sink comp="647" pin=0"/></net>

<net id="657"><net_src comp="74" pin="0"/><net_sink comp="654" pin=0"/></net>

<net id="664"><net_src comp="654" pin="1"/><net_sink comp="658" pin=2"/></net>

<net id="669"><net_src comp="597" pin="1"/><net_sink comp="665" pin=1"/></net>

<net id="670"><net_src comp="631" pin="1"/><net_sink comp="665" pin=0"/></net>

<net id="675"><net_src comp="671" pin="2"/><net_sink comp="439" pin=1"/></net>

<net id="676"><net_src comp="439" pin="3"/><net_sink comp="671" pin=0"/></net>

<net id="677"><net_src comp="631" pin="1"/><net_sink comp="671" pin=1"/></net>

<net id="682"><net_src comp="623" pin="4"/><net_sink comp="678" pin=0"/></net>

<net id="683"><net_src comp="597" pin="1"/><net_sink comp="678" pin=1"/></net>

<net id="688"><net_src comp="170" pin="0"/><net_sink comp="684" pin=0"/></net>

<net id="693"><net_src comp="98" pin="0"/><net_sink comp="689" pin=0"/></net>

<net id="694"><net_src comp="357" pin="3"/><net_sink comp="689" pin=1"/></net>

<net id="700"><net_src comp="56" pin="0"/><net_sink comp="695" pin=0"/></net>

<net id="701"><net_src comp="58" pin="0"/><net_sink comp="695" pin=2"/></net>

<net id="705"><net_src comp="357" pin="3"/><net_sink comp="702" pin=0"/></net>

<net id="706"><net_src comp="702" pin="1"/><net_sink comp="695" pin=1"/></net>

<net id="710"><net_src comp="689" pin="2"/><net_sink comp="707" pin=0"/></net>

<net id="715"><net_src comp="468" pin="4"/><net_sink comp="711" pin=0"/></net>

<net id="716"><net_src comp="32" pin="0"/><net_sink comp="711" pin=1"/></net>

<net id="721"><net_src comp="457" pin="4"/><net_sink comp="717" pin=0"/></net>

<net id="722"><net_src comp="34" pin="0"/><net_sink comp="717" pin=1"/></net>

<net id="727"><net_src comp="457" pin="4"/><net_sink comp="723" pin=0"/></net>

<net id="728"><net_src comp="40" pin="0"/><net_sink comp="723" pin=1"/></net>

<net id="732"><net_src comp="457" pin="4"/><net_sink comp="729" pin=0"/></net>

<net id="733"><net_src comp="729" pin="1"/><net_sink comp="196" pin=2"/></net>

<net id="737"><net_src comp="203" pin="3"/><net_sink comp="734" pin=0"/></net>

<net id="742"><net_src comp="490" pin="4"/><net_sink comp="738" pin=0"/></net>

<net id="743"><net_src comp="52" pin="0"/><net_sink comp="738" pin=1"/></net>

<net id="748"><net_src comp="490" pin="4"/><net_sink comp="744" pin=0"/></net>

<net id="749"><net_src comp="54" pin="0"/><net_sink comp="744" pin=1"/></net>

<net id="753"><net_src comp="490" pin="4"/><net_sink comp="750" pin=0"/></net>

<net id="754"><net_src comp="750" pin="1"/><net_sink comp="216" pin=2"/></net>

<net id="758"><net_src comp="490" pin="4"/><net_sink comp="755" pin=0"/></net>

<net id="763"><net_src comp="755" pin="1"/><net_sink comp="759" pin=0"/></net>

<net id="764"><net_src comp="464" pin="1"/><net_sink comp="759" pin=1"/></net>

<net id="768"><net_src comp="759" pin="2"/><net_sink comp="765" pin=0"/></net>

<net id="769"><net_src comp="765" pin="1"/><net_sink comp="209" pin=2"/></net>

<net id="773"><net_src comp="479" pin="4"/><net_sink comp="770" pin=0"/></net>

<net id="779"><net_src comp="56" pin="0"/><net_sink comp="774" pin=0"/></net>

<net id="780"><net_src comp="479" pin="4"/><net_sink comp="774" pin=1"/></net>

<net id="781"><net_src comp="58" pin="0"/><net_sink comp="774" pin=2"/></net>

<net id="787"><net_src comp="774" pin="3"/><net_sink comp="782" pin=0"/></net>

<net id="788"><net_src comp="60" pin="0"/><net_sink comp="782" pin=1"/></net>

<net id="789"><net_src comp="770" pin="1"/><net_sink comp="782" pin=2"/></net>

<net id="790"><net_src comp="782" pin="3"/><net_sink comp="241" pin=1"/></net>

<net id="794"><net_src comp="223" pin="3"/><net_sink comp="791" pin=0"/></net>

<net id="798"><net_src comp="229" pin="3"/><net_sink comp="795" pin=0"/></net>

<net id="804"><net_src comp="64" pin="0"/><net_sink comp="799" pin=0"/></net>

<net id="805"><net_src comp="476" pin="1"/><net_sink comp="799" pin=1"/></net>

<net id="806"><net_src comp="66" pin="0"/><net_sink comp="799" pin=2"/></net>

<net id="813"><net_src comp="68" pin="0"/><net_sink comp="807" pin=0"/></net>

<net id="814"><net_src comp="70" pin="0"/><net_sink comp="807" pin=2"/></net>

<net id="815"><net_src comp="72" pin="0"/><net_sink comp="807" pin=3"/></net>

<net id="820"><net_src comp="501" pin="4"/><net_sink comp="816" pin=0"/></net>

<net id="821"><net_src comp="76" pin="0"/><net_sink comp="816" pin=1"/></net>

<net id="826"><net_src comp="501" pin="4"/><net_sink comp="822" pin=0"/></net>

<net id="827"><net_src comp="80" pin="0"/><net_sink comp="822" pin=1"/></net>

<net id="831"><net_src comp="501" pin="4"/><net_sink comp="828" pin=0"/></net>

<net id="832"><net_src comp="828" pin="1"/><net_sink comp="247" pin=2"/></net>

<net id="836"><net_src comp="497" pin="1"/><net_sink comp="833" pin=0"/></net>

<net id="842"><net_src comp="84" pin="0"/><net_sink comp="837" pin=0"/></net>

<net id="843"><net_src comp="497" pin="1"/><net_sink comp="837" pin=1"/></net>

<net id="844"><net_src comp="86" pin="0"/><net_sink comp="837" pin=2"/></net>

<net id="848"><net_src comp="837" pin="3"/><net_sink comp="845" pin=0"/></net>

<net id="853"><net_src comp="833" pin="1"/><net_sink comp="849" pin=0"/></net>

<net id="854"><net_src comp="845" pin="1"/><net_sink comp="849" pin=1"/></net>

<net id="858"><net_src comp="254" pin="3"/><net_sink comp="855" pin=0"/></net>

<net id="863"><net_src comp="523" pin="4"/><net_sink comp="859" pin=0"/></net>

<net id="864"><net_src comp="34" pin="0"/><net_sink comp="859" pin=1"/></net>

<net id="869"><net_src comp="523" pin="4"/><net_sink comp="865" pin=0"/></net>

<net id="870"><net_src comp="40" pin="0"/><net_sink comp="865" pin=1"/></net>

<net id="874"><net_src comp="523" pin="4"/><net_sink comp="871" pin=0"/></net>

<net id="875"><net_src comp="871" pin="1"/><net_sink comp="267" pin=2"/></net>

<net id="879"><net_src comp="523" pin="4"/><net_sink comp="876" pin=0"/></net>

<net id="884"><net_src comp="876" pin="1"/><net_sink comp="880" pin=0"/></net>

<net id="888"><net_src comp="880" pin="2"/><net_sink comp="885" pin=0"/></net>

<net id="889"><net_src comp="885" pin="1"/><net_sink comp="260" pin=2"/></net>

<net id="893"><net_src comp="512" pin="4"/><net_sink comp="890" pin=0"/></net>

<net id="899"><net_src comp="56" pin="0"/><net_sink comp="894" pin=0"/></net>

<net id="900"><net_src comp="512" pin="4"/><net_sink comp="894" pin=1"/></net>

<net id="901"><net_src comp="58" pin="0"/><net_sink comp="894" pin=2"/></net>

<net id="907"><net_src comp="894" pin="3"/><net_sink comp="902" pin=0"/></net>

<net id="908"><net_src comp="60" pin="0"/><net_sink comp="902" pin=1"/></net>

<net id="909"><net_src comp="890" pin="1"/><net_sink comp="902" pin=2"/></net>

<net id="910"><net_src comp="902" pin="3"/><net_sink comp="286" pin=1"/></net>

<net id="914"><net_src comp="241" pin="3"/><net_sink comp="911" pin=0"/></net>

<net id="918"><net_src comp="274" pin="3"/><net_sink comp="915" pin=0"/></net>

<net id="924"><net_src comp="64" pin="0"/><net_sink comp="919" pin=0"/></net>

<net id="925"><net_src comp="509" pin="1"/><net_sink comp="919" pin=1"/></net>

<net id="926"><net_src comp="66" pin="0"/><net_sink comp="919" pin=2"/></net>

<net id="933"><net_src comp="68" pin="0"/><net_sink comp="927" pin=0"/></net>

<net id="934"><net_src comp="70" pin="0"/><net_sink comp="927" pin=2"/></net>

<net id="935"><net_src comp="72" pin="0"/><net_sink comp="927" pin=3"/></net>

<net id="940"><net_src comp="534" pin="4"/><net_sink comp="936" pin=0"/></net>

<net id="941"><net_src comp="76" pin="0"/><net_sink comp="936" pin=1"/></net>

<net id="946"><net_src comp="534" pin="4"/><net_sink comp="942" pin=0"/></net>

<net id="947"><net_src comp="80" pin="0"/><net_sink comp="942" pin=1"/></net>

<net id="951"><net_src comp="534" pin="4"/><net_sink comp="948" pin=0"/></net>

<net id="952"><net_src comp="948" pin="1"/><net_sink comp="292" pin=2"/></net>

<net id="958"><net_src comp="90" pin="0"/><net_sink comp="953" pin=0"/></net>

<net id="959"><net_src comp="530" pin="1"/><net_sink comp="953" pin=1"/></net>

<net id="960"><net_src comp="28" pin="0"/><net_sink comp="953" pin=2"/></net>

<net id="964"><net_src comp="953" pin="3"/><net_sink comp="961" pin=0"/></net>

<net id="968"><net_src comp="299" pin="3"/><net_sink comp="965" pin=0"/></net>

<net id="973"><net_src comp="556" pin="4"/><net_sink comp="969" pin=0"/></net>

<net id="974"><net_src comp="76" pin="0"/><net_sink comp="969" pin=1"/></net>

<net id="979"><net_src comp="556" pin="4"/><net_sink comp="975" pin=0"/></net>

<net id="980"><net_src comp="80" pin="0"/><net_sink comp="975" pin=1"/></net>

<net id="984"><net_src comp="556" pin="4"/><net_sink comp="981" pin=0"/></net>

<net id="985"><net_src comp="981" pin="1"/><net_sink comp="312" pin=2"/></net>

<net id="989"><net_src comp="556" pin="4"/><net_sink comp="986" pin=0"/></net>

<net id="994"><net_src comp="986" pin="1"/><net_sink comp="990" pin=0"/></net>

<net id="998"><net_src comp="990" pin="2"/><net_sink comp="995" pin=0"/></net>

<net id="999"><net_src comp="995" pin="1"/><net_sink comp="305" pin=2"/></net>

<net id="1003"><net_src comp="545" pin="4"/><net_sink comp="1000" pin=0"/></net>

<net id="1009"><net_src comp="56" pin="0"/><net_sink comp="1004" pin=0"/></net>

<net id="1010"><net_src comp="545" pin="4"/><net_sink comp="1004" pin=1"/></net>

<net id="1011"><net_src comp="58" pin="0"/><net_sink comp="1004" pin=2"/></net>

<net id="1017"><net_src comp="1004" pin="3"/><net_sink comp="1012" pin=0"/></net>

<net id="1018"><net_src comp="60" pin="0"/><net_sink comp="1012" pin=1"/></net>

<net id="1019"><net_src comp="1000" pin="1"/><net_sink comp="1012" pin=2"/></net>

<net id="1020"><net_src comp="1012" pin="3"/><net_sink comp="331" pin=1"/></net>

<net id="1024"><net_src comp="286" pin="3"/><net_sink comp="1021" pin=0"/></net>

<net id="1028"><net_src comp="319" pin="3"/><net_sink comp="1025" pin=0"/></net>

<net id="1034"><net_src comp="64" pin="0"/><net_sink comp="1029" pin=0"/></net>

<net id="1035"><net_src comp="542" pin="1"/><net_sink comp="1029" pin=1"/></net>

<net id="1036"><net_src comp="66" pin="0"/><net_sink comp="1029" pin=2"/></net>

<net id="1043"><net_src comp="68" pin="0"/><net_sink comp="1037" pin=0"/></net>

<net id="1044"><net_src comp="70" pin="0"/><net_sink comp="1037" pin=2"/></net>

<net id="1045"><net_src comp="72" pin="0"/><net_sink comp="1037" pin=3"/></net>

<net id="1050"><net_src comp="567" pin="4"/><net_sink comp="1046" pin=0"/></net>

<net id="1051"><net_src comp="92" pin="0"/><net_sink comp="1046" pin=1"/></net>

<net id="1056"><net_src comp="567" pin="4"/><net_sink comp="1052" pin=0"/></net>

<net id="1057"><net_src comp="80" pin="0"/><net_sink comp="1052" pin=1"/></net>

<net id="1061"><net_src comp="567" pin="4"/><net_sink comp="1058" pin=0"/></net>

<net id="1062"><net_src comp="1058" pin="1"/><net_sink comp="337" pin=2"/></net>

<net id="1068"><net_src comp="90" pin="0"/><net_sink comp="1063" pin=0"/></net>

<net id="1069"><net_src comp="563" pin="1"/><net_sink comp="1063" pin=1"/></net>

<net id="1070"><net_src comp="28" pin="0"/><net_sink comp="1063" pin=2"/></net>

<net id="1074"><net_src comp="1063" pin="3"/><net_sink comp="1071" pin=0"/></net>

<net id="1078"><net_src comp="344" pin="3"/><net_sink comp="1075" pin=0"/></net>

<net id="1083"><net_src comp="590" pin="4"/><net_sink comp="1079" pin=0"/></net>

<net id="1084"><net_src comp="76" pin="0"/><net_sink comp="1079" pin=1"/></net>

<net id="1089"><net_src comp="590" pin="4"/><net_sink comp="1085" pin=0"/></net>

<net id="1090"><net_src comp="80" pin="0"/><net_sink comp="1085" pin=1"/></net>

<net id="1094"><net_src comp="590" pin="4"/><net_sink comp="1091" pin=0"/></net>

<net id="1095"><net_src comp="1091" pin="1"/><net_sink comp="370" pin=2"/></net>

<net id="1099"><net_src comp="590" pin="4"/><net_sink comp="1096" pin=0"/></net>

<net id="1104"><net_src comp="1096" pin="1"/><net_sink comp="1100" pin=0"/></net>

<net id="1108"><net_src comp="1100" pin="2"/><net_sink comp="1105" pin=0"/></net>

<net id="1109"><net_src comp="1105" pin="1"/><net_sink comp="363" pin=2"/></net>

<net id="1113"><net_src comp="331" pin="3"/><net_sink comp="1110" pin=0"/></net>

<net id="1117"><net_src comp="377" pin="3"/><net_sink comp="1114" pin=0"/></net>

<net id="1123"><net_src comp="64" pin="0"/><net_sink comp="1118" pin=0"/></net>

<net id="1124"><net_src comp="575" pin="1"/><net_sink comp="1118" pin=1"/></net>

<net id="1125"><net_src comp="66" pin="0"/><net_sink comp="1118" pin=2"/></net>

<net id="1132"><net_src comp="68" pin="0"/><net_sink comp="1126" pin=0"/></net>

<net id="1133"><net_src comp="70" pin="0"/><net_sink comp="1126" pin=2"/></net>

<net id="1134"><net_src comp="72" pin="0"/><net_sink comp="1126" pin=3"/></net>

<net id="1140"><net_src comp="56" pin="0"/><net_sink comp="1135" pin=0"/></net>

<net id="1141"><net_src comp="357" pin="3"/><net_sink comp="1135" pin=1"/></net>

<net id="1142"><net_src comp="58" pin="0"/><net_sink comp="1135" pin=2"/></net>

<net id="1147"><net_src comp="702" pin="1"/><net_sink comp="1143" pin=0"/></net>

<net id="1148"><net_src comp="98" pin="0"/><net_sink comp="1143" pin=1"/></net>

<net id="1154"><net_src comp="707" pin="1"/><net_sink comp="1149" pin=1"/></net>

<net id="1155"><net_src comp="702" pin="1"/><net_sink comp="1149" pin=2"/></net>

<net id="1162"><net_src comp="100" pin="0"/><net_sink comp="1156" pin=0"/></net>

<net id="1163"><net_src comp="1149" pin="3"/><net_sink comp="1156" pin=1"/></net>

<net id="1164"><net_src comp="58" pin="0"/><net_sink comp="1156" pin=2"/></net>

<net id="1165"><net_src comp="102" pin="0"/><net_sink comp="1156" pin=3"/></net>

<net id="1171"><net_src comp="104" pin="0"/><net_sink comp="1166" pin=0"/></net>

<net id="1172"><net_src comp="106" pin="0"/><net_sink comp="1166" pin=1"/></net>

<net id="1173"><net_src comp="1156" pin="4"/><net_sink comp="1166" pin=2"/></net>

<net id="1179"><net_src comp="108" pin="0"/><net_sink comp="1174" pin=0"/></net>

<net id="1180"><net_src comp="1166" pin="3"/><net_sink comp="1174" pin=1"/></net>

<net id="1181"><net_src comp="110" pin="0"/><net_sink comp="1174" pin=2"/></net>

<net id="1186"><net_src comp="112" pin="0"/><net_sink comp="1182" pin=0"/></net>

<net id="1187"><net_src comp="1174" pin="3"/><net_sink comp="1182" pin=1"/></net>

<net id="1191"><net_src comp="1182" pin="2"/><net_sink comp="1188" pin=0"/></net>

<net id="1196"><net_src comp="114" pin="0"/><net_sink comp="1192" pin=0"/></net>

<net id="1197"><net_src comp="1182" pin="2"/><net_sink comp="1192" pin=1"/></net>

<net id="1204"><net_src comp="116" pin="0"/><net_sink comp="1198" pin=0"/></net>

<net id="1205"><net_src comp="1192" pin="2"/><net_sink comp="1198" pin=1"/></net>

<net id="1206"><net_src comp="118" pin="0"/><net_sink comp="1198" pin=2"/></net>

<net id="1207"><net_src comp="120" pin="0"/><net_sink comp="1198" pin=3"/></net>

<net id="1212"><net_src comp="1198" pin="4"/><net_sink comp="1208" pin=0"/></net>

<net id="1213"><net_src comp="122" pin="0"/><net_sink comp="1208" pin=1"/></net>

<net id="1217"><net_src comp="1182" pin="2"/><net_sink comp="1214" pin=0"/></net>

<net id="1222"><net_src comp="124" pin="0"/><net_sink comp="1218" pin=0"/></net>

<net id="1223"><net_src comp="1214" pin="1"/><net_sink comp="1218" pin=1"/></net>

<net id="1227"><net_src comp="1218" pin="2"/><net_sink comp="1224" pin=0"/></net>

<net id="1232"><net_src comp="126" pin="0"/><net_sink comp="1228" pin=0"/></net>

<net id="1233"><net_src comp="1224" pin="1"/><net_sink comp="1228" pin=1"/></net>

<net id="1238"><net_src comp="1149" pin="3"/><net_sink comp="1234" pin=0"/></net>

<net id="1239"><net_src comp="1228" pin="2"/><net_sink comp="1234" pin=1"/></net>

<net id="1244"><net_src comp="1234" pin="2"/><net_sink comp="1240" pin=0"/></net>

<net id="1245"><net_src comp="98" pin="0"/><net_sink comp="1240" pin=1"/></net>

<net id="1250"><net_src comp="1208" pin="2"/><net_sink comp="1246" pin=0"/></net>

<net id="1251"><net_src comp="1240" pin="2"/><net_sink comp="1246" pin=1"/></net>

<net id="1257"><net_src comp="128" pin="0"/><net_sink comp="1252" pin=0"/></net>

<net id="1258"><net_src comp="1192" pin="2"/><net_sink comp="1252" pin=1"/></net>

<net id="1259"><net_src comp="120" pin="0"/><net_sink comp="1252" pin=2"/></net>

<net id="1264"><net_src comp="1252" pin="3"/><net_sink comp="1260" pin=0"/></net>

<net id="1265"><net_src comp="110" pin="0"/><net_sink comp="1260" pin=1"/></net>

<net id="1270"><net_src comp="130" pin="0"/><net_sink comp="1266" pin=0"/></net>

<net id="1271"><net_src comp="1188" pin="1"/><net_sink comp="1266" pin=1"/></net>

<net id="1277"><net_src comp="132" pin="0"/><net_sink comp="1272" pin=0"/></net>

<net id="1278"><net_src comp="1149" pin="3"/><net_sink comp="1272" pin=1"/></net>

<net id="1279"><net_src comp="1266" pin="2"/><net_sink comp="1272" pin=2"/></net>

<net id="1284"><net_src comp="1272" pin="3"/><net_sink comp="1280" pin=0"/></net>

<net id="1285"><net_src comp="1260" pin="2"/><net_sink comp="1280" pin=1"/></net>

<net id="1290"><net_src comp="1280" pin="2"/><net_sink comp="1286" pin=0"/></net>

<net id="1291"><net_src comp="1246" pin="2"/><net_sink comp="1286" pin=1"/></net>

<net id="1297"><net_src comp="134" pin="0"/><net_sink comp="1292" pin=0"/></net>

<net id="1298"><net_src comp="122" pin="0"/><net_sink comp="1292" pin=1"/></net>

<net id="1299"><net_src comp="1286" pin="2"/><net_sink comp="1292" pin=2"/></net>

<net id="1304"><net_src comp="1192" pin="2"/><net_sink comp="1300" pin=0"/></net>

<net id="1305"><net_src comp="102" pin="0"/><net_sink comp="1300" pin=1"/></net>

<net id="1309"><net_src comp="1174" pin="3"/><net_sink comp="1306" pin=0"/></net>

<net id="1320"><net_src comp="136" pin="0"/><net_sink comp="1316" pin=0"/></net>

<net id="1325"><net_src comp="1313" pin="1"/><net_sink comp="1321" pin=0"/></net>

<net id="1326"><net_src comp="1316" pin="2"/><net_sink comp="1321" pin=1"/></net>

<net id="1330"><net_src comp="1321" pin="2"/><net_sink comp="1327" pin=0"/></net>

<net id="1335"><net_src comp="138" pin="0"/><net_sink comp="1331" pin=0"/></net>

<net id="1339"><net_src comp="1331" pin="2"/><net_sink comp="1336" pin=0"/></net>

<net id="1344"><net_src comp="1310" pin="1"/><net_sink comp="1340" pin=0"/></net>

<net id="1345"><net_src comp="1336" pin="1"/><net_sink comp="1340" pin=1"/></net>

<net id="1351"><net_src comp="1327" pin="1"/><net_sink comp="1346" pin=1"/></net>

<net id="1352"><net_src comp="1340" pin="2"/><net_sink comp="1346" pin=2"/></net>

<net id="1360"><net_src comp="1346" pin="3"/><net_sink comp="1356" pin=0"/></net>

<net id="1361"><net_src comp="1353" pin="1"/><net_sink comp="1356" pin=1"/></net>

<net id="1368"><net_src comp="140" pin="0"/><net_sink comp="1362" pin=0"/></net>

<net id="1369"><net_src comp="1356" pin="2"/><net_sink comp="1362" pin=1"/></net>

<net id="1370"><net_src comp="118" pin="0"/><net_sink comp="1362" pin=2"/></net>

<net id="1371"><net_src comp="142" pin="0"/><net_sink comp="1362" pin=3"/></net>

<net id="1375"><net_src comp="1362" pin="4"/><net_sink comp="1372" pin=0"/></net>

<net id="1381"><net_src comp="144" pin="0"/><net_sink comp="1376" pin=0"/></net>

<net id="1382"><net_src comp="1356" pin="2"/><net_sink comp="1376" pin=1"/></net>

<net id="1383"><net_src comp="138" pin="0"/><net_sink comp="1376" pin=2"/></net>

<net id="1389"><net_src comp="1376" pin="3"/><net_sink comp="1384" pin=0"/></net>

<net id="1390"><net_src comp="146" pin="0"/><net_sink comp="1384" pin=1"/></net>

<net id="1391"><net_src comp="148" pin="0"/><net_sink comp="1384" pin=2"/></net>

<net id="1396"><net_src comp="150" pin="0"/><net_sink comp="1392" pin=0"/></net>

<net id="1401"><net_src comp="1384" pin="3"/><net_sink comp="1397" pin=0"/></net>

<net id="1402"><net_src comp="1392" pin="2"/><net_sink comp="1397" pin=1"/></net>

<net id="1408"><net_src comp="152" pin="0"/><net_sink comp="1403" pin=0"/></net>

<net id="1409"><net_src comp="1397" pin="2"/><net_sink comp="1403" pin=2"/></net>

<net id="1417"><net_src comp="154" pin="0"/><net_sink comp="1410" pin=0"/></net>

<net id="1418"><net_src comp="1372" pin="1"/><net_sink comp="1410" pin=1"/></net>

<net id="1419"><net_src comp="1403" pin="3"/><net_sink comp="1410" pin=2"/></net>

<net id="1420"><net_src comp="156" pin="0"/><net_sink comp="1410" pin=3"/></net>

<net id="1421"><net_src comp="120" pin="0"/><net_sink comp="1410" pin=4"/></net>

<net id="1425"><net_src comp="1410" pin="5"/><net_sink comp="1422" pin=0"/></net>

<net id="1429"><net_src comp="1422" pin="1"/><net_sink comp="1426" pin=0"/></net>

<net id="1435"><net_src comp="158" pin="0"/><net_sink comp="1430" pin=1"/></net>

<net id="1436"><net_src comp="1426" pin="1"/><net_sink comp="1430" pin=2"/></net>

<net id="1441"><net_src comp="611" pin="4"/><net_sink comp="1437" pin=0"/></net>

<net id="1442"><net_src comp="92" pin="0"/><net_sink comp="1437" pin=1"/></net>

<net id="1446"><net_src comp="611" pin="4"/><net_sink comp="1443" pin=0"/></net>

<net id="1447"><net_src comp="1443" pin="1"/><net_sink comp="390" pin=2"/></net>

<net id="1452"><net_src comp="357" pin="3"/><net_sink comp="1448" pin=0"/></net>

<net id="1453"><net_src comp="98" pin="0"/><net_sink comp="1448" pin=1"/></net>

<net id="1459"><net_src comp="695" pin="3"/><net_sink comp="1454" pin=0"/></net>

<net id="1460"><net_src comp="707" pin="1"/><net_sink comp="1454" pin=1"/></net>

<net id="1461"><net_src comp="702" pin="1"/><net_sink comp="1454" pin=2"/></net>

<net id="1468"><net_src comp="100" pin="0"/><net_sink comp="1462" pin=0"/></net>

<net id="1469"><net_src comp="1454" pin="3"/><net_sink comp="1462" pin=1"/></net>

<net id="1470"><net_src comp="58" pin="0"/><net_sink comp="1462" pin=2"/></net>

<net id="1471"><net_src comp="102" pin="0"/><net_sink comp="1462" pin=3"/></net>

<net id="1477"><net_src comp="104" pin="0"/><net_sink comp="1472" pin=0"/></net>

<net id="1478"><net_src comp="106" pin="0"/><net_sink comp="1472" pin=1"/></net>

<net id="1479"><net_src comp="1462" pin="4"/><net_sink comp="1472" pin=2"/></net>

<net id="1485"><net_src comp="108" pin="0"/><net_sink comp="1480" pin=0"/></net>

<net id="1486"><net_src comp="1472" pin="3"/><net_sink comp="1480" pin=1"/></net>

<net id="1487"><net_src comp="110" pin="0"/><net_sink comp="1480" pin=2"/></net>

<net id="1492"><net_src comp="112" pin="0"/><net_sink comp="1488" pin=0"/></net>

<net id="1493"><net_src comp="1480" pin="3"/><net_sink comp="1488" pin=1"/></net>

<net id="1497"><net_src comp="1488" pin="2"/><net_sink comp="1494" pin=0"/></net>

<net id="1502"><net_src comp="114" pin="0"/><net_sink comp="1498" pin=0"/></net>

<net id="1503"><net_src comp="1488" pin="2"/><net_sink comp="1498" pin=1"/></net>

<net id="1510"><net_src comp="116" pin="0"/><net_sink comp="1504" pin=0"/></net>

<net id="1511"><net_src comp="1498" pin="2"/><net_sink comp="1504" pin=1"/></net>

<net id="1512"><net_src comp="118" pin="0"/><net_sink comp="1504" pin=2"/></net>

<net id="1513"><net_src comp="120" pin="0"/><net_sink comp="1504" pin=3"/></net>

<net id="1518"><net_src comp="1504" pin="4"/><net_sink comp="1514" pin=0"/></net>

<net id="1519"><net_src comp="122" pin="0"/><net_sink comp="1514" pin=1"/></net>

<net id="1523"><net_src comp="1488" pin="2"/><net_sink comp="1520" pin=0"/></net>

<net id="1528"><net_src comp="124" pin="0"/><net_sink comp="1524" pin=0"/></net>

<net id="1529"><net_src comp="1520" pin="1"/><net_sink comp="1524" pin=1"/></net>

<net id="1533"><net_src comp="1524" pin="2"/><net_sink comp="1530" pin=0"/></net>

<net id="1538"><net_src comp="126" pin="0"/><net_sink comp="1534" pin=0"/></net>

<net id="1539"><net_src comp="1530" pin="1"/><net_sink comp="1534" pin=1"/></net>

<net id="1544"><net_src comp="1454" pin="3"/><net_sink comp="1540" pin=0"/></net>

<net id="1545"><net_src comp="1534" pin="2"/><net_sink comp="1540" pin=1"/></net>

<net id="1550"><net_src comp="1540" pin="2"/><net_sink comp="1546" pin=0"/></net>

<net id="1551"><net_src comp="98" pin="0"/><net_sink comp="1546" pin=1"/></net>

<net id="1556"><net_src comp="1514" pin="2"/><net_sink comp="1552" pin=0"/></net>

<net id="1557"><net_src comp="1546" pin="2"/><net_sink comp="1552" pin=1"/></net>

<net id="1563"><net_src comp="128" pin="0"/><net_sink comp="1558" pin=0"/></net>

<net id="1564"><net_src comp="1498" pin="2"/><net_sink comp="1558" pin=1"/></net>

<net id="1565"><net_src comp="120" pin="0"/><net_sink comp="1558" pin=2"/></net>

<net id="1570"><net_src comp="1558" pin="3"/><net_sink comp="1566" pin=0"/></net>

<net id="1571"><net_src comp="110" pin="0"/><net_sink comp="1566" pin=1"/></net>

<net id="1576"><net_src comp="130" pin="0"/><net_sink comp="1572" pin=0"/></net>

<net id="1577"><net_src comp="1494" pin="1"/><net_sink comp="1572" pin=1"/></net>

<net id="1583"><net_src comp="132" pin="0"/><net_sink comp="1578" pin=0"/></net>

<net id="1584"><net_src comp="1454" pin="3"/><net_sink comp="1578" pin=1"/></net>

<net id="1585"><net_src comp="1572" pin="2"/><net_sink comp="1578" pin=2"/></net>

<net id="1590"><net_src comp="1578" pin="3"/><net_sink comp="1586" pin=0"/></net>

<net id="1591"><net_src comp="1566" pin="2"/><net_sink comp="1586" pin=1"/></net>

<net id="1596"><net_src comp="1586" pin="2"/><net_sink comp="1592" pin=0"/></net>

<net id="1597"><net_src comp="1552" pin="2"/><net_sink comp="1592" pin=1"/></net>

<net id="1603"><net_src comp="134" pin="0"/><net_sink comp="1598" pin=0"/></net>

<net id="1604"><net_src comp="122" pin="0"/><net_sink comp="1598" pin=1"/></net>

<net id="1605"><net_src comp="1592" pin="2"/><net_sink comp="1598" pin=2"/></net>

<net id="1610"><net_src comp="1498" pin="2"/><net_sink comp="1606" pin=0"/></net>

<net id="1611"><net_src comp="102" pin="0"/><net_sink comp="1606" pin=1"/></net>

<net id="1615"><net_src comp="1480" pin="3"/><net_sink comp="1612" pin=0"/></net>

<net id="1626"><net_src comp="136" pin="0"/><net_sink comp="1622" pin=0"/></net>

<net id="1631"><net_src comp="1619" pin="1"/><net_sink comp="1627" pin=0"/></net>

<net id="1632"><net_src comp="1622" pin="2"/><net_sink comp="1627" pin=1"/></net>

<net id="1636"><net_src comp="1627" pin="2"/><net_sink comp="1633" pin=0"/></net>

<net id="1641"><net_src comp="138" pin="0"/><net_sink comp="1637" pin=0"/></net>

<net id="1645"><net_src comp="1637" pin="2"/><net_sink comp="1642" pin=0"/></net>

<net id="1650"><net_src comp="1616" pin="1"/><net_sink comp="1646" pin=0"/></net>

<net id="1651"><net_src comp="1642" pin="1"/><net_sink comp="1646" pin=1"/></net>

<net id="1657"><net_src comp="1633" pin="1"/><net_sink comp="1652" pin=1"/></net>

<net id="1658"><net_src comp="1646" pin="2"/><net_sink comp="1652" pin=2"/></net>

<net id="1666"><net_src comp="1652" pin="3"/><net_sink comp="1662" pin=0"/></net>

<net id="1667"><net_src comp="1659" pin="1"/><net_sink comp="1662" pin=1"/></net>

<net id="1674"><net_src comp="140" pin="0"/><net_sink comp="1668" pin=0"/></net>

<net id="1675"><net_src comp="1662" pin="2"/><net_sink comp="1668" pin=1"/></net>

<net id="1676"><net_src comp="118" pin="0"/><net_sink comp="1668" pin=2"/></net>

<net id="1677"><net_src comp="142" pin="0"/><net_sink comp="1668" pin=3"/></net>

<net id="1681"><net_src comp="1668" pin="4"/><net_sink comp="1678" pin=0"/></net>

<net id="1687"><net_src comp="144" pin="0"/><net_sink comp="1682" pin=0"/></net>

<net id="1688"><net_src comp="1662" pin="2"/><net_sink comp="1682" pin=1"/></net>

<net id="1689"><net_src comp="138" pin="0"/><net_sink comp="1682" pin=2"/></net>

<net id="1695"><net_src comp="1682" pin="3"/><net_sink comp="1690" pin=0"/></net>

<net id="1696"><net_src comp="146" pin="0"/><net_sink comp="1690" pin=1"/></net>

<net id="1697"><net_src comp="148" pin="0"/><net_sink comp="1690" pin=2"/></net>

<net id="1702"><net_src comp="150" pin="0"/><net_sink comp="1698" pin=0"/></net>

<net id="1707"><net_src comp="1690" pin="3"/><net_sink comp="1703" pin=0"/></net>

<net id="1708"><net_src comp="1698" pin="2"/><net_sink comp="1703" pin=1"/></net>

<net id="1714"><net_src comp="152" pin="0"/><net_sink comp="1709" pin=0"/></net>

<net id="1715"><net_src comp="1703" pin="2"/><net_sink comp="1709" pin=2"/></net>

<net id="1723"><net_src comp="154" pin="0"/><net_sink comp="1716" pin=0"/></net>

<net id="1724"><net_src comp="1678" pin="1"/><net_sink comp="1716" pin=1"/></net>

<net id="1725"><net_src comp="1709" pin="3"/><net_sink comp="1716" pin=2"/></net>

<net id="1726"><net_src comp="156" pin="0"/><net_sink comp="1716" pin=3"/></net>

<net id="1727"><net_src comp="120" pin="0"/><net_sink comp="1716" pin=4"/></net>

<net id="1731"><net_src comp="1716" pin="5"/><net_sink comp="1728" pin=0"/></net>

<net id="1735"><net_src comp="1728" pin="1"/><net_sink comp="1732" pin=0"/></net>

<net id="1736"><net_src comp="1732" pin="1"/><net_sink comp="404" pin=1"/></net>

<net id="1741"><net_src comp="98" pin="0"/><net_sink comp="1737" pin=0"/></net>

<net id="1742"><net_src comp="702" pin="1"/><net_sink comp="1737" pin=1"/></net>

<net id="1747"><net_src comp="80" pin="0"/><net_sink comp="1743" pin=0"/></net>

<net id="1748"><net_src comp="607" pin="1"/><net_sink comp="1743" pin=1"/></net>

<net id="1752"><net_src comp="623" pin="4"/><net_sink comp="1749" pin=0"/></net>

<net id="1759"><net_src comp="162" pin="0"/><net_sink comp="1753" pin=0"/></net>

<net id="1760"><net_src comp="1749" pin="1"/><net_sink comp="1753" pin=1"/></net>

<net id="1761"><net_src comp="156" pin="0"/><net_sink comp="1753" pin=2"/></net>

<net id="1762"><net_src comp="164" pin="0"/><net_sink comp="1753" pin=3"/></net>

<net id="1766"><net_src comp="1749" pin="1"/><net_sink comp="1763" pin=0"/></net>

<net id="1771"><net_src comp="1753" pin="4"/><net_sink comp="1767" pin=0"/></net>

<net id="1772"><net_src comp="166" pin="0"/><net_sink comp="1767" pin=1"/></net>

<net id="1777"><net_src comp="1763" pin="1"/><net_sink comp="1773" pin=0"/></net>

<net id="1778"><net_src comp="168" pin="0"/><net_sink comp="1773" pin=1"/></net>

<net id="1784"><net_src comp="695" pin="3"/><net_sink comp="1779" pin=0"/></net>

<net id="1785"><net_src comp="702" pin="1"/><net_sink comp="1779" pin=2"/></net>

<net id="1792"><net_src comp="100" pin="0"/><net_sink comp="1786" pin=0"/></net>

<net id="1793"><net_src comp="1779" pin="3"/><net_sink comp="1786" pin=1"/></net>

<net id="1794"><net_src comp="58" pin="0"/><net_sink comp="1786" pin=2"/></net>

<net id="1795"><net_src comp="102" pin="0"/><net_sink comp="1786" pin=3"/></net>

<net id="1801"><net_src comp="104" pin="0"/><net_sink comp="1796" pin=0"/></net>

<net id="1802"><net_src comp="106" pin="0"/><net_sink comp="1796" pin=1"/></net>

<net id="1803"><net_src comp="1786" pin="4"/><net_sink comp="1796" pin=2"/></net>

<net id="1809"><net_src comp="108" pin="0"/><net_sink comp="1804" pin=0"/></net>

<net id="1810"><net_src comp="1796" pin="3"/><net_sink comp="1804" pin=1"/></net>

<net id="1811"><net_src comp="110" pin="0"/><net_sink comp="1804" pin=2"/></net>

<net id="1816"><net_src comp="112" pin="0"/><net_sink comp="1812" pin=0"/></net>

<net id="1817"><net_src comp="1804" pin="3"/><net_sink comp="1812" pin=1"/></net>

<net id="1821"><net_src comp="1812" pin="2"/><net_sink comp="1818" pin=0"/></net>

<net id="1826"><net_src comp="114" pin="0"/><net_sink comp="1822" pin=0"/></net>

<net id="1827"><net_src comp="1812" pin="2"/><net_sink comp="1822" pin=1"/></net>

<net id="1834"><net_src comp="116" pin="0"/><net_sink comp="1828" pin=0"/></net>

<net id="1835"><net_src comp="1822" pin="2"/><net_sink comp="1828" pin=1"/></net>

<net id="1836"><net_src comp="118" pin="0"/><net_sink comp="1828" pin=2"/></net>

<net id="1837"><net_src comp="120" pin="0"/><net_sink comp="1828" pin=3"/></net>

<net id="1842"><net_src comp="1828" pin="4"/><net_sink comp="1838" pin=0"/></net>

<net id="1843"><net_src comp="122" pin="0"/><net_sink comp="1838" pin=1"/></net>

<net id="1847"><net_src comp="1812" pin="2"/><net_sink comp="1844" pin=0"/></net>

<net id="1852"><net_src comp="124" pin="0"/><net_sink comp="1848" pin=0"/></net>

<net id="1853"><net_src comp="1844" pin="1"/><net_sink comp="1848" pin=1"/></net>

<net id="1857"><net_src comp="1848" pin="2"/><net_sink comp="1854" pin=0"/></net>

<net id="1862"><net_src comp="126" pin="0"/><net_sink comp="1858" pin=0"/></net>

<net id="1863"><net_src comp="1854" pin="1"/><net_sink comp="1858" pin=1"/></net>

<net id="1868"><net_src comp="1779" pin="3"/><net_sink comp="1864" pin=0"/></net>

<net id="1869"><net_src comp="1858" pin="2"/><net_sink comp="1864" pin=1"/></net>

<net id="1874"><net_src comp="1864" pin="2"/><net_sink comp="1870" pin=0"/></net>

<net id="1875"><net_src comp="98" pin="0"/><net_sink comp="1870" pin=1"/></net>

<net id="1880"><net_src comp="1838" pin="2"/><net_sink comp="1876" pin=0"/></net>

<net id="1881"><net_src comp="1870" pin="2"/><net_sink comp="1876" pin=1"/></net>

<net id="1887"><net_src comp="128" pin="0"/><net_sink comp="1882" pin=0"/></net>

<net id="1888"><net_src comp="1822" pin="2"/><net_sink comp="1882" pin=1"/></net>

<net id="1889"><net_src comp="120" pin="0"/><net_sink comp="1882" pin=2"/></net>

<net id="1894"><net_src comp="1882" pin="3"/><net_sink comp="1890" pin=0"/></net>

<net id="1895"><net_src comp="110" pin="0"/><net_sink comp="1890" pin=1"/></net>

<net id="1900"><net_src comp="130" pin="0"/><net_sink comp="1896" pin=0"/></net>

<net id="1901"><net_src comp="1818" pin="1"/><net_sink comp="1896" pin=1"/></net>

<net id="1907"><net_src comp="132" pin="0"/><net_sink comp="1902" pin=0"/></net>

<net id="1908"><net_src comp="1779" pin="3"/><net_sink comp="1902" pin=1"/></net>

<net id="1909"><net_src comp="1896" pin="2"/><net_sink comp="1902" pin=2"/></net>

<net id="1914"><net_src comp="1902" pin="3"/><net_sink comp="1910" pin=0"/></net>

<net id="1915"><net_src comp="1890" pin="2"/><net_sink comp="1910" pin=1"/></net>

<net id="1920"><net_src comp="1910" pin="2"/><net_sink comp="1916" pin=0"/></net>

<net id="1921"><net_src comp="1876" pin="2"/><net_sink comp="1916" pin=1"/></net>

<net id="1927"><net_src comp="134" pin="0"/><net_sink comp="1922" pin=0"/></net>

<net id="1928"><net_src comp="122" pin="0"/><net_sink comp="1922" pin=1"/></net>

<net id="1929"><net_src comp="1916" pin="2"/><net_sink comp="1922" pin=2"/></net>

<net id="1934"><net_src comp="1822" pin="2"/><net_sink comp="1930" pin=0"/></net>

<net id="1935"><net_src comp="102" pin="0"/><net_sink comp="1930" pin=1"/></net>

<net id="1939"><net_src comp="1804" pin="3"/><net_sink comp="1936" pin=0"/></net>

<net id="1943"><net_src comp="597" pin="1"/><net_sink comp="1940" pin=0"/></net>

<net id="1950"><net_src comp="162" pin="0"/><net_sink comp="1944" pin=0"/></net>

<net id="1951"><net_src comp="1940" pin="1"/><net_sink comp="1944" pin=1"/></net>

<net id="1952"><net_src comp="156" pin="0"/><net_sink comp="1944" pin=2"/></net>

<net id="1953"><net_src comp="164" pin="0"/><net_sink comp="1944" pin=3"/></net>

<net id="1957"><net_src comp="1940" pin="1"/><net_sink comp="1954" pin=0"/></net>

<net id="1966"><net_src comp="1944" pin="4"/><net_sink comp="1962" pin=0"/></net>

<net id="1967"><net_src comp="166" pin="0"/><net_sink comp="1962" pin=1"/></net>

<net id="1972"><net_src comp="1954" pin="1"/><net_sink comp="1968" pin=0"/></net>

<net id="1973"><net_src comp="168" pin="0"/><net_sink comp="1968" pin=1"/></net>

<net id="1978"><net_src comp="1968" pin="2"/><net_sink comp="1974" pin=0"/></net>

<net id="1979"><net_src comp="1962" pin="2"/><net_sink comp="1974" pin=1"/></net>

<net id="1984"><net_src comp="1958" pin="2"/><net_sink comp="1980" pin=0"/></net>

<net id="1985"><net_src comp="1974" pin="2"/><net_sink comp="1980" pin=1"/></net>

<net id="1990"><net_src comp="1980" pin="2"/><net_sink comp="1986" pin=0"/></net>

<net id="1991"><net_src comp="678" pin="2"/><net_sink comp="1986" pin=1"/></net>

<net id="1996"><net_src comp="1986" pin="2"/><net_sink comp="1992" pin=0"/></net>

<net id="1997"><net_src comp="110" pin="0"/><net_sink comp="1992" pin=1"/></net>

<net id="2002"><net_src comp="1992" pin="2"/><net_sink comp="1998" pin=1"/></net>

<net id="2008"><net_src comp="1986" pin="2"/><net_sink comp="2003" pin=0"/></net>

<net id="2009"><net_src comp="158" pin="0"/><net_sink comp="2003" pin=1"/></net>

<net id="2010"><net_src comp="597" pin="1"/><net_sink comp="2003" pin=2"/></net>

<net id="2021"><net_src comp="136" pin="0"/><net_sink comp="2017" pin=0"/></net>

<net id="2026"><net_src comp="2014" pin="1"/><net_sink comp="2022" pin=0"/></net>

<net id="2027"><net_src comp="2017" pin="2"/><net_sink comp="2022" pin=1"/></net>

<net id="2031"><net_src comp="2022" pin="2"/><net_sink comp="2028" pin=0"/></net>

<net id="2036"><net_src comp="138" pin="0"/><net_sink comp="2032" pin=0"/></net>

<net id="2040"><net_src comp="2032" pin="2"/><net_sink comp="2037" pin=0"/></net>

<net id="2045"><net_src comp="2011" pin="1"/><net_sink comp="2041" pin=0"/></net>

<net id="2046"><net_src comp="2037" pin="1"/><net_sink comp="2041" pin=1"/></net>

<net id="2052"><net_src comp="2028" pin="1"/><net_sink comp="2047" pin=1"/></net>

<net id="2053"><net_src comp="2041" pin="2"/><net_sink comp="2047" pin=2"/></net>

<net id="2061"><net_src comp="2047" pin="3"/><net_sink comp="2057" pin=0"/></net>

<net id="2062"><net_src comp="2054" pin="1"/><net_sink comp="2057" pin=1"/></net>

<net id="2069"><net_src comp="140" pin="0"/><net_sink comp="2063" pin=0"/></net>

<net id="2070"><net_src comp="2057" pin="2"/><net_sink comp="2063" pin=1"/></net>

<net id="2071"><net_src comp="118" pin="0"/><net_sink comp="2063" pin=2"/></net>

<net id="2072"><net_src comp="142" pin="0"/><net_sink comp="2063" pin=3"/></net>

<net id="2076"><net_src comp="2063" pin="4"/><net_sink comp="2073" pin=0"/></net>

<net id="2082"><net_src comp="144" pin="0"/><net_sink comp="2077" pin=0"/></net>

<net id="2083"><net_src comp="2057" pin="2"/><net_sink comp="2077" pin=1"/></net>

<net id="2084"><net_src comp="138" pin="0"/><net_sink comp="2077" pin=2"/></net>

<net id="2090"><net_src comp="2077" pin="3"/><net_sink comp="2085" pin=0"/></net>

<net id="2091"><net_src comp="146" pin="0"/><net_sink comp="2085" pin=1"/></net>

<net id="2092"><net_src comp="148" pin="0"/><net_sink comp="2085" pin=2"/></net>

<net id="2097"><net_src comp="150" pin="0"/><net_sink comp="2093" pin=0"/></net>

<net id="2102"><net_src comp="2085" pin="3"/><net_sink comp="2098" pin=0"/></net>

<net id="2103"><net_src comp="2093" pin="2"/><net_sink comp="2098" pin=1"/></net>

<net id="2109"><net_src comp="152" pin="0"/><net_sink comp="2104" pin=0"/></net>

<net id="2110"><net_src comp="2098" pin="2"/><net_sink comp="2104" pin=2"/></net>

<net id="2118"><net_src comp="154" pin="0"/><net_sink comp="2111" pin=0"/></net>

<net id="2119"><net_src comp="2073" pin="1"/><net_sink comp="2111" pin=1"/></net>

<net id="2120"><net_src comp="2104" pin="3"/><net_sink comp="2111" pin=2"/></net>

<net id="2121"><net_src comp="156" pin="0"/><net_sink comp="2111" pin=3"/></net>

<net id="2122"><net_src comp="120" pin="0"/><net_sink comp="2111" pin=4"/></net>

<net id="2126"><net_src comp="2111" pin="5"/><net_sink comp="2123" pin=0"/></net>

<net id="2130"><net_src comp="2123" pin="1"/><net_sink comp="2127" pin=0"/></net>

<net id="2136"><net_src comp="1998" pin="2"/><net_sink comp="2131" pin=0"/></net>

<net id="2137"><net_src comp="2003" pin="3"/><net_sink comp="2131" pin=1"/></net>

<net id="2138"><net_src comp="2127" pin="1"/><net_sink comp="2131" pin=2"/></net>

<net id="2143"><net_src comp="647" pin="4"/><net_sink comp="2139" pin=0"/></net>

<net id="2144"><net_src comp="92" pin="0"/><net_sink comp="2139" pin=1"/></net>

<net id="2149"><net_src comp="647" pin="4"/><net_sink comp="2145" pin=0"/></net>

<net id="2150"><net_src comp="80" pin="0"/><net_sink comp="2145" pin=1"/></net>

<net id="2154"><net_src comp="647" pin="4"/><net_sink comp="2151" pin=0"/></net>

<net id="2155"><net_src comp="2151" pin="1"/><net_sink comp="425" pin=2"/></net>

<net id="2160"><net_src comp="658" pin="4"/><net_sink comp="2156" pin=0"/></net>

<net id="2161"><net_src comp="92" pin="0"/><net_sink comp="2156" pin=1"/></net>

<net id="2166"><net_src comp="658" pin="4"/><net_sink comp="2162" pin=0"/></net>

<net id="2167"><net_src comp="80" pin="0"/><net_sink comp="2162" pin=1"/></net>

<net id="2171"><net_src comp="658" pin="4"/><net_sink comp="2168" pin=0"/></net>

<net id="2172"><net_src comp="2168" pin="1"/><net_sink comp="445" pin=2"/></net>

<net id="2178"><net_src comp="791" pin="1"/><net_sink comp="2173" pin=0"/></net>

<net id="2179"><net_src comp="795" pin="1"/><net_sink comp="2173" pin=1"/></net>

<net id="2180"><net_src comp="799" pin="3"/><net_sink comp="2173" pin=2"/></net>

<net id="2181"><net_src comp="2173" pin="3"/><net_sink comp="807" pin=1"/></net>

<net id="2187"><net_src comp="911" pin="1"/><net_sink comp="2182" pin=0"/></net>

<net id="2188"><net_src comp="915" pin="1"/><net_sink comp="2182" pin=1"/></net>

<net id="2189"><net_src comp="919" pin="3"/><net_sink comp="2182" pin=2"/></net>

<net id="2190"><net_src comp="2182" pin="3"/><net_sink comp="927" pin=1"/></net>

<net id="2196"><net_src comp="1021" pin="1"/><net_sink comp="2191" pin=0"/></net>

<net id="2197"><net_src comp="1025" pin="1"/><net_sink comp="2191" pin=1"/></net>

<net id="2198"><net_src comp="1029" pin="3"/><net_sink comp="2191" pin=2"/></net>

<net id="2199"><net_src comp="2191" pin="3"/><net_sink comp="1037" pin=1"/></net>

<net id="2205"><net_src comp="1110" pin="1"/><net_sink comp="2200" pin=0"/></net>

<net id="2206"><net_src comp="1114" pin="1"/><net_sink comp="2200" pin=1"/></net>

<net id="2207"><net_src comp="1118" pin="3"/><net_sink comp="2200" pin=2"/></net>

<net id="2208"><net_src comp="2200" pin="3"/><net_sink comp="1126" pin=1"/></net>

<net id="2212"><net_src comp="711" pin="2"/><net_sink comp="2209" pin=0"/></net>

<net id="2213"><net_src comp="2209" pin="1"/><net_sink comp="468" pin=0"/></net>

<net id="2220"><net_src comp="723" pin="2"/><net_sink comp="2217" pin=0"/></net>

<net id="2221"><net_src comp="2217" pin="1"/><net_sink comp="457" pin=0"/></net>

<net id="2225"><net_src comp="729" pin="1"/><net_sink comp="2222" pin=0"/></net>

<net id="2226"><net_src comp="2222" pin="1"/><net_sink comp="235" pin=2"/></net>

<net id="2230"><net_src comp="196" pin="3"/><net_sink comp="2227" pin=0"/></net>

<net id="2231"><net_src comp="2227" pin="1"/><net_sink comp="203" pin=0"/></net>

<net id="2235"><net_src comp="734" pin="1"/><net_sink comp="2232" pin=0"/></net>

<net id="2236"><net_src comp="2232" pin="1"/><net_sink comp="479" pin=0"/></net>

<net id="2243"><net_src comp="744" pin="2"/><net_sink comp="2240" pin=0"/></net>

<net id="2244"><net_src comp="2240" pin="1"/><net_sink comp="490" pin=2"/></net>

<net id="2248"><net_src comp="209" pin="3"/><net_sink comp="2245" pin=0"/></net>

<net id="2249"><net_src comp="2245" pin="1"/><net_sink comp="229" pin=0"/></net>

<net id="2253"><net_src comp="216" pin="3"/><net_sink comp="2250" pin=0"/></net>

<net id="2254"><net_src comp="2250" pin="1"/><net_sink comp="223" pin=0"/></net>

<net id="2258"><net_src comp="807" pin="4"/><net_sink comp="2255" pin=0"/></net>

<net id="2259"><net_src comp="2255" pin="1"/><net_sink comp="479" pin=2"/></net>

<net id="2266"><net_src comp="822" pin="2"/><net_sink comp="2263" pin=0"/></net>

<net id="2267"><net_src comp="2263" pin="1"/><net_sink comp="501" pin=0"/></net>

<net id="2271"><net_src comp="828" pin="1"/><net_sink comp="2268" pin=0"/></net>

<net id="2272"><net_src comp="2268" pin="1"/><net_sink comp="280" pin=2"/></net>

<net id="2276"><net_src comp="247" pin="3"/><net_sink comp="2273" pin=0"/></net>

<net id="2277"><net_src comp="2273" pin="1"/><net_sink comp="254" pin=0"/></net>

<net id="2281"><net_src comp="849" pin="2"/><net_sink comp="2278" pin=0"/></net>

<net id="2282"><net_src comp="2278" pin="1"/><net_sink comp="880" pin=1"/></net>

<net id="2286"><net_src comp="855" pin="1"/><net_sink comp="2283" pin=0"/></net>

<net id="2287"><net_src comp="2283" pin="1"/><net_sink comp="512" pin=0"/></net>

<net id="2294"><net_src comp="865" pin="2"/><net_sink comp="2291" pin=0"/></net>

<net id="2295"><net_src comp="2291" pin="1"/><net_sink comp="523" pin=2"/></net>

<net id="2299"><net_src comp="260" pin="3"/><net_sink comp="2296" pin=0"/></net>

<net id="2300"><net_src comp="2296" pin="1"/><net_sink comp="274" pin=0"/></net>

<net id="2304"><net_src comp="267" pin="3"/><net_sink comp="2301" pin=0"/></net>

<net id="2305"><net_src comp="2301" pin="1"/><net_sink comp="241" pin=0"/></net>

<net id="2309"><net_src comp="927" pin="4"/><net_sink comp="2306" pin=0"/></net>

<net id="2310"><net_src comp="2306" pin="1"/><net_sink comp="512" pin=2"/></net>

<net id="2317"><net_src comp="942" pin="2"/><net_sink comp="2314" pin=0"/></net>

<net id="2318"><net_src comp="2314" pin="1"/><net_sink comp="534" pin=0"/></net>

<net id="2322"><net_src comp="948" pin="1"/><net_sink comp="2319" pin=0"/></net>

<net id="2323"><net_src comp="2319" pin="1"/><net_sink comp="325" pin=2"/></net>

<net id="2327"><net_src comp="292" pin="3"/><net_sink comp="2324" pin=0"/></net>

<net id="2328"><net_src comp="2324" pin="1"/><net_sink comp="299" pin=0"/></net>

<net id="2332"><net_src comp="961" pin="1"/><net_sink comp="2329" pin=0"/></net>

<net id="2333"><net_src comp="2329" pin="1"/><net_sink comp="990" pin=1"/></net>

<net id="2337"><net_src comp="965" pin="1"/><net_sink comp="2334" pin=0"/></net>

<net id="2338"><net_src comp="2334" pin="1"/><net_sink comp="545" pin=0"/></net>

<net id="2345"><net_src comp="975" pin="2"/><net_sink comp="2342" pin=0"/></net>

<net id="2346"><net_src comp="2342" pin="1"/><net_sink comp="556" pin=2"/></net>

<net id="2350"><net_src comp="305" pin="3"/><net_sink comp="2347" pin=0"/></net>

<net id="2351"><net_src comp="2347" pin="1"/><net_sink comp="319" pin=0"/></net>

<net id="2355"><net_src comp="312" pin="3"/><net_sink comp="2352" pin=0"/></net>

<net id="2356"><net_src comp="2352" pin="1"/><net_sink comp="286" pin=0"/></net>

<net id="2360"><net_src comp="1037" pin="4"/><net_sink comp="2357" pin=0"/></net>

<net id="2361"><net_src comp="2357" pin="1"/><net_sink comp="545" pin=2"/></net>

<net id="2368"><net_src comp="1052" pin="2"/><net_sink comp="2365" pin=0"/></net>

<net id="2369"><net_src comp="2365" pin="1"/><net_sink comp="567" pin=0"/></net>

<net id="2373"><net_src comp="1058" pin="1"/><net_sink comp="2370" pin=0"/></net>

<net id="2374"><net_src comp="2370" pin="1"/><net_sink comp="383" pin=2"/></net>

<net id="2378"><net_src comp="337" pin="3"/><net_sink comp="2375" pin=0"/></net>

<net id="2379"><net_src comp="2375" pin="1"/><net_sink comp="344" pin=0"/></net>

<net id="2383"><net_src comp="350" pin="3"/><net_sink comp="2380" pin=0"/></net>

<net id="2384"><net_src comp="2380" pin="1"/><net_sink comp="357" pin=0"/></net>

<net id="2388"><net_src comp="1071" pin="1"/><net_sink comp="2385" pin=0"/></net>

<net id="2389"><net_src comp="2385" pin="1"/><net_sink comp="1100" pin=1"/></net>

<net id="2393"><net_src comp="1075" pin="1"/><net_sink comp="2390" pin=0"/></net>

<net id="2394"><net_src comp="2390" pin="1"/><net_sink comp="578" pin=0"/></net>

<net id="2401"><net_src comp="1085" pin="2"/><net_sink comp="2398" pin=0"/></net>

<net id="2402"><net_src comp="2398" pin="1"/><net_sink comp="590" pin=2"/></net>

<net id="2406"><net_src comp="363" pin="3"/><net_sink comp="2403" pin=0"/></net>

<net id="2407"><net_src comp="2403" pin="1"/><net_sink comp="377" pin=0"/></net>

<net id="2411"><net_src comp="370" pin="3"/><net_sink comp="2408" pin=0"/></net>

<net id="2412"><net_src comp="2408" pin="1"/><net_sink comp="331" pin=0"/></net>

<net id="2416"><net_src comp="1126" pin="4"/><net_sink comp="2413" pin=0"/></net>

<net id="2417"><net_src comp="2413" pin="1"/><net_sink comp="578" pin=2"/></net>

<net id="2421"><net_src comp="1135" pin="3"/><net_sink comp="2418" pin=0"/></net>

<net id="2422"><net_src comp="2418" pin="1"/><net_sink comp="1149" pin=0"/></net>

<net id="2423"><net_src comp="2418" pin="1"/><net_sink comp="1403" pin=1"/></net>

<net id="2427"><net_src comp="1143" pin="2"/><net_sink comp="2424" pin=0"/></net>

<net id="2428"><net_src comp="2424" pin="1"/><net_sink comp="1430" pin=0"/></net>

<net id="2432"><net_src comp="1149" pin="3"/><net_sink comp="2429" pin=0"/></net>

<net id="2433"><net_src comp="2429" pin="1"/><net_sink comp="1310" pin=0"/></net>

<net id="2434"><net_src comp="2429" pin="1"/><net_sink comp="1313" pin=0"/></net>

<net id="2438"><net_src comp="1182" pin="2"/><net_sink comp="2435" pin=0"/></net>

<net id="2439"><net_src comp="2435" pin="1"/><net_sink comp="1316" pin=1"/></net>

<net id="2440"><net_src comp="2435" pin="1"/><net_sink comp="1331" pin=1"/></net>

<net id="2444"><net_src comp="1292" pin="3"/><net_sink comp="2441" pin=0"/></net>

<net id="2445"><net_src comp="2441" pin="1"/><net_sink comp="1353" pin=0"/></net>

<net id="2449"><net_src comp="1300" pin="2"/><net_sink comp="2446" pin=0"/></net>

<net id="2450"><net_src comp="2446" pin="1"/><net_sink comp="1346" pin=0"/></net>

<net id="2454"><net_src comp="1306" pin="1"/><net_sink comp="2451" pin=0"/></net>

<net id="2455"><net_src comp="2451" pin="1"/><net_sink comp="1392" pin=1"/></net>

<net id="2459"><net_src comp="1430" pin="3"/><net_sink comp="2456" pin=0"/></net>

<net id="2460"><net_src comp="2456" pin="1"/><net_sink comp="600" pin=2"/></net>

<net id="2461"><net_src comp="2456" pin="1"/><net_sink comp="404" pin=1"/></net>

<net id="2468"><net_src comp="1443" pin="1"/><net_sink comp="2465" pin=0"/></net>

<net id="2469"><net_src comp="2465" pin="1"/><net_sink comp="410" pin=2"/></net>

<net id="2470"><net_src comp="2465" pin="1"/><net_sink comp="418" pin=2"/></net>

<net id="2474"><net_src comp="390" pin="3"/><net_sink comp="2471" pin=0"/></net>

<net id="2475"><net_src comp="2471" pin="1"/><net_sink comp="357" pin=0"/></net>

<net id="2479"><net_src comp="1448" pin="2"/><net_sink comp="2476" pin=0"/></net>

<net id="2480"><net_src comp="2476" pin="1"/><net_sink comp="1998" pin=0"/></net>

<net id="2484"><net_src comp="695" pin="3"/><net_sink comp="2481" pin=0"/></net>

<net id="2485"><net_src comp="2481" pin="1"/><net_sink comp="1709" pin=1"/></net>

<net id="2489"><net_src comp="1454" pin="3"/><net_sink comp="2486" pin=0"/></net>

<net id="2490"><net_src comp="2486" pin="1"/><net_sink comp="1616" pin=0"/></net>

<net id="2491"><net_src comp="2486" pin="1"/><net_sink comp="1619" pin=0"/></net>

<net id="2495"><net_src comp="1488" pin="2"/><net_sink comp="2492" pin=0"/></net>

<net id="2496"><net_src comp="2492" pin="1"/><net_sink comp="1622" pin=1"/></net>

<net id="2497"><net_src comp="2492" pin="1"/><net_sink comp="1637" pin=1"/></net>

<net id="2501"><net_src comp="1598" pin="3"/><net_sink comp="2498" pin=0"/></net>

<net id="2502"><net_src comp="2498" pin="1"/><net_sink comp="1659" pin=0"/></net>

<net id="2506"><net_src comp="1606" pin="2"/><net_sink comp="2503" pin=0"/></net>

<net id="2507"><net_src comp="2503" pin="1"/><net_sink comp="1652" pin=0"/></net>

<net id="2511"><net_src comp="1612" pin="1"/><net_sink comp="2508" pin=0"/></net>

<net id="2512"><net_src comp="2508" pin="1"/><net_sink comp="1698" pin=1"/></net>

<net id="2516"><net_src comp="1732" pin="1"/><net_sink comp="2513" pin=0"/></net>

<net id="2517"><net_src comp="2513" pin="1"/><net_sink comp="623" pin=0"/></net>

<net id="2521"><net_src comp="1737" pin="2"/><net_sink comp="2518" pin=0"/></net>

<net id="2522"><net_src comp="2518" pin="1"/><net_sink comp="1779" pin=1"/></net>

<net id="2526"><net_src comp="1743" pin="2"/><net_sink comp="2523" pin=0"/></net>

<net id="2527"><net_src comp="2523" pin="1"/><net_sink comp="611" pin=0"/></net>

<net id="2531"><net_src comp="1767" pin="2"/><net_sink comp="2528" pin=0"/></net>

<net id="2532"><net_src comp="2528" pin="1"/><net_sink comp="1958" pin=1"/></net>

<net id="2536"><net_src comp="1773" pin="2"/><net_sink comp="2533" pin=0"/></net>

<net id="2537"><net_src comp="2533" pin="1"/><net_sink comp="1958" pin=0"/></net>

<net id="2541"><net_src comp="695" pin="3"/><net_sink comp="2538" pin=0"/></net>

<net id="2542"><net_src comp="2538" pin="1"/><net_sink comp="2104" pin=1"/></net>

<net id="2546"><net_src comp="1779" pin="3"/><net_sink comp="2543" pin=0"/></net>

<net id="2547"><net_src comp="2543" pin="1"/><net_sink comp="2011" pin=0"/></net>

<net id="2548"><net_src comp="2543" pin="1"/><net_sink comp="2014" pin=0"/></net>

<net id="2552"><net_src comp="1812" pin="2"/><net_sink comp="2549" pin=0"/></net>

<net id="2553"><net_src comp="2549" pin="1"/><net_sink comp="2017" pin=1"/></net>

<net id="2554"><net_src comp="2549" pin="1"/><net_sink comp="2032" pin=1"/></net>

<net id="2558"><net_src comp="1922" pin="3"/><net_sink comp="2555" pin=0"/></net>

<net id="2559"><net_src comp="2555" pin="1"/><net_sink comp="2054" pin=0"/></net>

<net id="2563"><net_src comp="1930" pin="2"/><net_sink comp="2560" pin=0"/></net>

<net id="2564"><net_src comp="2560" pin="1"/><net_sink comp="2047" pin=0"/></net>

<net id="2568"><net_src comp="1936" pin="1"/><net_sink comp="2565" pin=0"/></net>

<net id="2569"><net_src comp="2565" pin="1"/><net_sink comp="2093" pin=1"/></net>

<net id="2573"><net_src comp="2131" pin="3"/><net_sink comp="2570" pin=0"/></net>

<net id="2574"><net_src comp="2570" pin="1"/><net_sink comp="600" pin=0"/></net>

<net id="2581"><net_src comp="2145" pin="2"/><net_sink comp="2578" pin=0"/></net>

<net id="2582"><net_src comp="2578" pin="1"/><net_sink comp="647" pin=2"/></net>

<net id="2586"><net_src comp="2151" pin="1"/><net_sink comp="2583" pin=0"/></net>

<net id="2587"><net_src comp="2583" pin="1"/><net_sink comp="432" pin=2"/></net>

<net id="2591"><net_src comp="425" pin="3"/><net_sink comp="2588" pin=0"/></net>

<net id="2592"><net_src comp="2588" pin="1"/><net_sink comp="404" pin=0"/></net>

<net id="2596"><net_src comp="404" pin="3"/><net_sink comp="2593" pin=0"/></net>

<net id="2597"><net_src comp="2593" pin="1"/><net_sink comp="665" pin=0"/></net>

<net id="2601"><net_src comp="665" pin="2"/><net_sink comp="2598" pin=0"/></net>

<net id="2602"><net_src comp="2598" pin="1"/><net_sink comp="684" pin=1"/></net>

<net id="2606"><net_src comp="684" pin="2"/><net_sink comp="2603" pin=0"/></net>

<net id="2607"><net_src comp="2603" pin="1"/><net_sink comp="439" pin=1"/></net>

<net id="2608"><net_src comp="2603" pin="1"/><net_sink comp="665" pin=1"/></net>

<net id="2612"><net_src comp="665" pin="2"/><net_sink comp="2609" pin=0"/></net>

<net id="2613"><net_src comp="2609" pin="1"/><net_sink comp="635" pin=2"/></net>

<net id="2620"><net_src comp="2162" pin="2"/><net_sink comp="2617" pin=0"/></net>

<net id="2621"><net_src comp="2617" pin="1"/><net_sink comp="658" pin=0"/></net>

<net id="2625"><net_src comp="445" pin="3"/><net_sink comp="2622" pin=0"/></net>

<net id="2626"><net_src comp="2622" pin="1"/><net_sink comp="439" pin=0"/></net>

<net id="2630"><net_src comp="439" pin="3"/><net_sink comp="2627" pin=0"/></net>

<net id="2631"><net_src comp="2627" pin="1"/><net_sink comp="671" pin=0"/></net>

</net_list>

</model> 
---------------- Datapath Model END ------------------

* FSMD analyzer results:
  - Output states:
	Port: output_r | {42 59 }
 - Input state : 
	Port: mlp : input_V | {4 5 }
	Port: mlp : output_r | {47 48 }
	Port: mlp : B1_V | {2 3 }
	Port: mlp : W1_V | {4 5 }
	Port: mlp : B2_V | {6 7 }
	Port: mlp : W2_V | {8 9 }
	Port: mlp : B3_V | {10 11 }
	Port: mlp : W3_V | {12 13 }
	Port: mlp : B4_V | {14 15 }
	Port: mlp : W4_V | {16 17 }
  - Chain level:
	State 1
	State 2
		add_ln88 : 1
		icmp_ln88 : 1
		j : 1
		br_ln88 : 2
		zext_ln89 : 1
		B1_V_addr : 2
		acc_V : 3
	State 3
		zext_ln89_1 : 1
	State 4
		icmp_ln68 : 1
		i : 1
		br_ln68 : 2
		zext_ln69 : 1
		zext_ln1117_2 : 1
		add_ln1117_1 : 2
		zext_ln1117_3 : 3
		W1_V_addr : 4
		input_V_addr : 2
		input_V_load : 3
		W1_V_load : 5
		empty_16 : 1
		tmp_10 : 1
		p_Val2_s : 2
		store_ln89 : 3
	State 5
		sext_ln1192 : 1
		sext_ln1192_1 : 1
		mul_ln1192 : 2
		ret_V : 3
		acc_V_2 : 4
	State 6
		icmp_ln93 : 1
		j_1 : 1
		br_ln93 : 2
		zext_ln94 : 1
		B2_V_addr : 2
		acc_V_1 : 3
	State 7
		zext_ln1117_1 : 1
		add_ln1117 : 2
		sext_ln94 : 1
	State 8
		icmp_ln68_1 : 1
		i_1 : 1
		br_ln68 : 2
		zext_ln69_1 : 1
		zext_ln1117_4 : 1
		add_ln1117_2 : 2
		zext_ln1117_5 : 3
		W2_V_addr : 4
		a1_V_addr_1 : 2
		a1_V_load : 3
		W2_V_load : 5
		empty_19 : 1
		tmp_11 : 1
		p_Val2_3 : 2
		store_ln94 : 3
	State 9
		zext_ln1192 : 1
		sext_ln1192_2 : 1
		mul_ln1192_1 : 2
		ret_V_1 : 3
		acc_V_4 : 4
	State 10
		icmp_ln98 : 1
		j_2 : 1
		br_ln98 : 2
		zext_ln99 : 1
		B3_V_addr : 2
		acc_V_3 : 3
	State 11
		zext_ln99_1 : 1
		sext_ln99 : 1
	State 12
		icmp_ln68_2 : 1
		i_2 : 1
		br_ln68 : 2
		zext_ln69_2 : 1
		zext_ln1117_6 : 1
		add_ln1117_3 : 2
		zext_ln1117_7 : 3
		W3_V_addr : 4
		a2_V_addr_1 : 2
		a2_V_load : 3
		W3_V_load : 5
		empty_22 : 1
		tmp_16 : 1
		p_Val2_10 : 2
		store_ln99 : 3
	State 13
		zext_ln1192_1 : 1
		sext_ln1192_3 : 1
		mul_ln1192_2 : 2
		ret_V_2 : 3
		acc_V_6 : 4
	State 14
		icmp_ln103 : 1
		j_3 : 1
		br_ln103 : 2
		zext_ln104 : 1
		B4_V_addr : 2
		acc_V_5 : 3
		tmp_V_9 : 1
	State 15
		zext_ln104_1 : 1
		sext_ln104 : 1
	State 16
		icmp_ln68_3 : 1
		i_3 : 1
		br_ln68 : 2
		zext_ln69_3 : 1
		zext_ln1117_8 : 1
		add_ln1117_4 : 2
		zext_ln1117_9 : 3
		W4_V_addr : 4
		a3_V_addr_1 : 2
		a3_V_load : 3
		W4_V_load : 5
		store_ln104 : 1
	State 17
		zext_ln1192_2 : 1
		sext_ln1192_4 : 1
		mul_ln1192_3 : 2
		ret_V_3 : 3
		acc_V_7 : 4
	State 18
		p_Result_21 : 1
		tmp_V : 1
	State 19
		p_Result_s : 1
		p_Result_22 : 2
		l : 3
		sub_ln944 : 4
		trunc_ln944 : 5
		lsb_index : 5
		tmp_13 : 6
		icmp_ln947 : 7
		trunc_ln947 : 5
		sub_ln947 : 6
		zext_ln947 : 7
		lshr_ln947 : 8
		p_Result_4 : 9
		icmp_ln947_1 : 9
		a : 10
		tmp_14 : 6
		xor_ln949 : 7
		add_ln949 : 6
		p_Result_3 : 7
		and_ln949 : 7
		or_ln949 : 10
		or_ln : 10
		icmp_ln958 : 6
		trunc_ln943 : 4
	State 20
		lshr_ln958 : 1
		zext_ln958 : 2
		zext_ln958_1 : 1
		shl_ln958 : 2
		m_1 : 3
		m_2 : 4
		m_s : 5
		m_26 : 6
		tmp_15 : 5
		select_ln964 : 6
		add_ln964 : 7
		tmp_s : 8
		p_Result_23 : 9
		trunc_ln738 : 10
		bitcast_ln739 : 11
		select_ln935 : 12
	State 21
		icmp_ln109 : 1
		br_ln109 : 2
		zext_ln110 : 1
		z4_V_addr_2 : 2
		tmp_V_11 : 3
		store_ln114 : 1
	State 22
		icmp_ln935_1 : 1
		br_ln110 : 2
		tmp_V_5 : 1
		store_ln110 : 1
	State 23
		tmp_V_12 : 1
		p_Result_10 : 2
		p_Result_25 : 3
		l_1 : 4
		sub_ln944_1 : 5
		trunc_ln944_1 : 6
		lsb_index_1 : 6
		tmp_18 : 7
		icmp_ln947_2 : 8
		trunc_ln947_1 : 6
		sub_ln947_1 : 7
		zext_ln947_1 : 8
		lshr_ln947_1 : 9
		p_Result_12 : 10
		icmp_ln947_3 : 10
		a_1 : 11
		tmp_19 : 7
		xor_ln949_1 : 8
		add_ln949_1 : 7
		p_Result_13 : 8
		and_ln949_1 : 8
		or_ln949_1 : 11
		or_ln949_2 : 11
		icmp_ln958_1 : 7
		trunc_ln943_1 : 5
	State 24
		lshr_ln958_1 : 1
		zext_ln958_2 : 2
		zext_ln958_3 : 1
		shl_ln958_1 : 2
		m_16 : 3
		m_17 : 4
		m_3 : 5
		m_27 : 6
		tmp_20 : 5
		select_ln964_1 : 6
		add_ln964_1 : 7
		tmp_4 : 8
		p_Result_26 : 9
		trunc_ln738_1 : 10
		bitcast_ln739_1 : 11
		store_ln110 : 12
	State 25
		bitcast_ln111 : 1
		tmp_1 : 2
		trunc_ln111 : 2
		icmp_ln111 : 3
		icmp_ln111_1 : 3
		tmp_5 : 1
		tmp_V_13 : 1
		p_Result_16 : 2
		p_Result_28 : 3
		l_2 : 4
		sub_ln944_2 : 5
		trunc_ln944_2 : 6
		lsb_index_2 : 6
		tmp_22 : 7
		icmp_ln947_4 : 8
		trunc_ln947_2 : 6
		sub_ln947_2 : 7
		zext_ln947_2 : 8
		lshr_ln947_2 : 9
		p_Result_18 : 10
		icmp_ln947_5 : 10
		a_2 : 11
		tmp_23 : 7
		xor_ln949_2 : 8
		add_ln949_2 : 7
		p_Result_19 : 8
		and_ln949_2 : 8
		or_ln949_3 : 11
		or_ln949_4 : 11
		icmp_ln958_2 : 7
		trunc_ln943_2 : 5
	State 26
		tmp_3 : 1
		trunc_ln111_1 : 1
		icmp_ln111_2 : 2
		icmp_ln111_3 : 2
		or_ln111_2 : 3
		and_ln111 : 3
		and_ln111_1 : 3
		xor_ln111 : 3
		or_ln111 : 3
		select_ln111 : 3
		lshr_ln958_2 : 1
		zext_ln958_4 : 2
		zext_ln958_5 : 1
		shl_ln958_2 : 2
		m_22 : 3
		m_23 : 4
		m_4 : 5
		m_28 : 6
		tmp_24 : 5
		select_ln964_2 : 6
		add_ln964_2 : 7
		tmp_6 : 8
		p_Result_29 : 9
		trunc_ln738_2 : 10
		bitcast_ln739_2 : 11
		select_ln111_1 : 12
	State 27
		icmp_ln118 : 1
		j_4 : 1
		br_ln118 : 2
		zext_ln119 : 1
		logits_addr_3 : 2
		logits_load : 3
	State 28
	State 29
	State 30
	State 31
	State 32
	State 33
	State 34
	State 35
	State 36
	State 37
	State 38
	State 39
	State 40
	State 41
	State 42
		store_ln120 : 1
	State 43
	State 44
	State 45
	State 46
	State 47
		icmp_ln124 : 1
		j_6 : 1
		br_ln124 : 2
		zext_ln125 : 1
		output_addr_1 : 2
		output_load : 3
	State 48
		tmp_2 : 1
	State 49
	State 50
	State 51
	State 52
	State 53
	State 54
	State 55
	State 56
	State 57
	State 58
	State 59
		store_ln125 : 1


============================================================
+ Verbose Summary: Datapath Resource usage 
============================================================

* Functional unit list:
|----------|------------------------|---------|---------|---------|
| Operation|     Functional Unit    |  DSP48E |    FF   |   LUT   |
|----------|------------------------|---------|---------|---------|
|   fdiv   |       grp_fu_671       |    0    |   563   |   800   |
|----------|------------------------|---------|---------|---------|
|   fexp   |       grp_fu_684       |    7    |   324   |   905   |
|----------|------------------------|---------|---------|---------|
|          |     add_ln88_fu_711    |    0    |    0    |    19   |
|          |        j_fu_723        |    0    |    0    |    11   |
|          |        i_fu_744        |    0    |    0    |    17   |
|          |   add_ln1117_1_fu_759  |    0    |    0    |    19   |
|          |       j_1_fu_822       |    0    |    0    |    12   |
|          |    add_ln1117_fu_849   |    0    |    0    |    15   |
|          |       i_1_fu_865       |    0    |    0    |    11   |
|          |   add_ln1117_2_fu_880  |    0    |    0    |    15   |
|          |       j_2_fu_942       |    0    |    0    |    12   |
|          |       i_2_fu_975       |    0    |    0    |    12   |
|          |   add_ln1117_3_fu_990  |    0    |    0    |    15   |
|          |       j_3_fu_1052      |    0    |    0    |    12   |
|          |       i_3_fu_1085      |    0    |    0    |    12   |
|          |  add_ln1117_4_fu_1100  |    0    |    0    |    15   |
|          |    lsb_index_fu_1192   |    0    |    0    |    39   |
|    add   |    add_ln949_fu_1266   |    0    |    0    |    27   |
|          |    add_ln958_fu_1316   |    0    |    0    |    39   |
|          |       m_2_fu_1356      |    0    |    0    |    71   |
|          |    add_ln964_fu_1397   |    0    |    0    |    19   |
|          |   lsb_index_1_fu_1498  |    0    |    0    |    39   |
|          |   add_ln949_1_fu_1572  |    0    |    0    |    27   |
|          |   add_ln958_1_fu_1622  |    0    |    0    |    39   |
|          |      m_17_fu_1662      |    0    |    0    |    71   |
|          |   add_ln964_1_fu_1703  |    0    |    0    |    19   |
|          |       j_5_fu_1743      |    0    |    0    |    12   |
|          |   lsb_index_2_fu_1822  |    0    |    0    |    39   |
|          |   add_ln949_2_fu_1896  |    0    |    0    |    27   |
|          |   add_ln958_2_fu_2017  |    0    |    0    |    39   |
|          |      m_23_fu_2057      |    0    |    0    |    71   |
|          |   add_ln964_2_fu_2098  |    0    |    0    |    19   |
|          |       j_4_fu_2145      |    0    |    0    |    12   |
|          |       j_6_fu_2162      |    0    |    0    |    12   |
|----------|------------------------|---------|---------|---------|
|   fadd   |       grp_fu_665       |    2    |   205   |   206   |
|----------|------------------------|---------|---------|---------|
|          |     p_Val2_s_fu_782    |    0    |    0    |    19   |
|          |     p_Val2_3_fu_902    |    0    |    0    |    19   |
|          |    p_Val2_10_fu_1012   |    0    |    0    |    19   |
|          |    tmp_V_10_fu_1149    |    0    |    0    |    20   |
|          |       m_1_fu_1346      |    0    |    0    |    56   |
|          |  select_ln964_fu_1384  |    0    |    0    |    8    |
|          |  select_ln935_fu_1430  |    0    |    0    |    32   |
|  select  |    tmp_V_12_fu_1454    |    0    |    0    |    20   |
|          |      m_16_fu_1652      |    0    |    0    |    56   |
|          | select_ln964_1_fu_1690 |    0    |    0    |    8    |
|          |    tmp_V_13_fu_1779    |    0    |    0    |    20   |
|          |  select_ln111_fu_2003  |    0    |    0    |    32   |
|          |      m_22_fu_2047      |    0    |    0    |    56   |
|          | select_ln964_2_fu_2085 |    0    |    0    |    8    |
|          | select_ln111_1_fu_2131 |    0    |    0    |    32   |
|----------|------------------------|---------|---------|---------|
|          |       grp_fu_689       |    0    |    0    |    27   |
|          |    sub_ln944_fu_1182   |    0    |    0    |    39   |
|          |    sub_ln947_fu_1218   |    0    |    0    |    15   |
|          |    sub_ln958_fu_1331   |    0    |    0    |    39   |
|          |    sub_ln964_fu_1392   |    0    |    0    |    19   |
|          |   sub_ln944_1_fu_1488  |    0    |    0    |    39   |
|    sub   |   sub_ln947_1_fu_1524  |    0    |    0    |    15   |
|          |   sub_ln958_1_fu_1637  |    0    |    0    |    39   |
|          |   sub_ln964_1_fu_1698  |    0    |    0    |    19   |
|          |     tmp_V_7_fu_1737    |    0    |    0    |    27   |
|          |   sub_ln944_2_fu_1812  |    0    |    0    |    39   |
|          |   sub_ln947_2_fu_1848  |    0    |    0    |    15   |
|          |   sub_ln958_2_fu_2032  |    0    |    0    |    39   |
|          |   sub_ln964_2_fu_2093  |    0    |    0    |    19   |
|----------|------------------------|---------|---------|---------|
|          |    icmp_ln88_fu_717    |    0    |    0    |    9    |
|          |    icmp_ln68_fu_738    |    0    |    0    |    13   |
|          |    icmp_ln93_fu_816    |    0    |    0    |    9    |
|          |   icmp_ln68_1_fu_859   |    0    |    0    |    9    |
|          |    icmp_ln98_fu_936    |    0    |    0    |    9    |
|          |   icmp_ln68_2_fu_969   |    0    |    0    |    9    |
|          |   icmp_ln103_fu_1046   |    0    |    0    |    9    |
|          |   icmp_ln68_3_fu_1079  |    0    |    0    |    9    |
|          |   icmp_ln935_fu_1143   |    0    |    0    |    20   |
|          |   icmp_ln947_fu_1208   |    0    |    0    |    20   |
|          |  icmp_ln947_1_fu_1240  |    0    |    0    |    20   |
|          |   icmp_ln958_fu_1300   |    0    |    0    |    20   |
|   icmp   |   icmp_ln109_fu_1437   |    0    |    0    |    9    |
|          |  icmp_ln935_1_fu_1448  |    0    |    0    |    20   |
|          |  icmp_ln947_2_fu_1514  |    0    |    0    |    20   |
|          |  icmp_ln947_3_fu_1546  |    0    |    0    |    20   |
|          |  icmp_ln958_1_fu_1606  |    0    |    0    |    20   |
|          |   icmp_ln111_fu_1767   |    0    |    0    |    11   |
|          |  icmp_ln111_1_fu_1773  |    0    |    0    |    20   |
|          |  icmp_ln947_4_fu_1838  |    0    |    0    |    20   |
|          |  icmp_ln947_5_fu_1870  |    0    |    0    |    20   |
|          |  icmp_ln958_2_fu_1930  |    0    |    0    |    20   |
|          |  icmp_ln111_2_fu_1962  |    0    |    0    |    11   |
|          |  icmp_ln111_3_fu_1968  |    0    |    0    |    20   |
|          |   icmp_ln118_fu_2139   |    0    |    0    |    9    |
|          |   icmp_ln124_fu_2156   |    0    |    0    |    9    |
|----------|------------------------|---------|---------|---------|
|          |   lshr_ln947_fu_1228   |    0    |    0    |    11   |
|          |   lshr_ln958_fu_1321   |    0    |    0    |   101   |
|   lshr   |  lshr_ln947_1_fu_1534  |    0    |    0    |    11   |
|          |  lshr_ln958_1_fu_1627  |    0    |    0    |   101   |
|          |  lshr_ln947_2_fu_1858  |    0    |    0    |    11   |
|          |  lshr_ln958_2_fu_2022  |    0    |    0    |   101   |
|----------|------------------------|---------|---------|---------|
|          |    shl_ln958_fu_1340   |    0    |    0    |   101   |
|    shl   |   shl_ln958_1_fu_1646  |    0    |    0    |   101   |
|          |   shl_ln958_2_fu_2041  |    0    |    0    |   101   |
|----------|------------------------|---------|---------|---------|
|          |        l_fu_1174       |    0    |    40   |    36   |
|   cttz   |       l_1_fu_1480      |    0    |    40   |    36   |
|          |       l_2_fu_1804      |    0    |    40   |    36   |
|----------|------------------------|---------|---------|---------|
|   fcmp   |       grp_fu_678       |    0    |    66   |    66   |
|----------|------------------------|---------|---------|---------|
|          |   p_Result_4_fu_1234   |    0    |    0    |    20   |
|          |        a_fu_1246       |    0    |    0    |    2    |
|          |    and_ln949_fu_1280   |    0    |    0    |    2    |
|          |   p_Result_12_fu_1540  |    0    |    0    |    20   |
|          |       a_1_fu_1552      |    0    |    0    |    2    |
|    and   |   and_ln949_1_fu_1586  |    0    |    0    |    2    |
|          |   p_Result_18_fu_1864  |    0    |    0    |    20   |
|          |       a_2_fu_1876      |    0    |    0    |    2    |
|          |   and_ln949_2_fu_1910  |    0    |    0    |    2    |
|          |    and_ln111_fu_1980   |    0    |    0    |    2    |
|          |   and_ln111_1_fu_1986  |    0    |    0    |    2    |
|----------|------------------------|---------|---------|---------|
|          |    or_ln949_fu_1286    |    0    |    0    |    2    |
|          |   or_ln949_1_fu_1592   |    0    |    0    |    2    |
|    or    |   or_ln949_3_fu_1916   |    0    |    0    |    2    |
|          |   or_ln111_1_fu_1958   |    0    |    0    |    2    |
|          |   or_ln111_2_fu_1974   |    0    |    0    |    2    |
|          |    or_ln111_fu_1998    |    0    |    0    |    2    |
|----------|------------------------|---------|---------|---------|
|          |    xor_ln949_fu_1260   |    0    |    0    |    2    |
|    xor   |   xor_ln949_1_fu_1566  |    0    |    0    |    2    |
|          |   xor_ln949_2_fu_1890  |    0    |    0    |    2    |
|          |    xor_ln111_fu_1992   |    0    |    0    |    2    |
|----------|------------------------|---------|---------|---------|
|          |       grp_fu_2173      |    1    |    0    |    0    |
|  muladd  |       grp_fu_2182      |    1    |    0    |    0    |
|          |       grp_fu_2191      |    1    |    0    |    0    |
|          |       grp_fu_2200      |    1    |    0    |    0    |
|----------|------------------------|---------|---------|---------|
|          |       grp_fu_695       |    0    |    0    |    0    |
|          |      tmp_10_fu_774     |    0    |    0    |    0    |
|          |      tmp_11_fu_894     |    0    |    0    |    0    |
|          |     tmp_16_fu_1004     |    0    |    0    |    0    |
|          |   p_Result_21_fu_1135  |    0    |    0    |    0    |
|          |     tmp_14_fu_1252     |    0    |    0    |    0    |
| bitselect|   p_Result_3_fu_1272   |    0    |    0    |    0    |
|          |     tmp_15_fu_1376     |    0    |    0    |    0    |
|          |     tmp_19_fu_1558     |    0    |    0    |    0    |
|          |   p_Result_13_fu_1578  |    0    |    0    |    0    |
|          |     tmp_20_fu_1682     |    0    |    0    |    0    |
|          |     tmp_23_fu_1882     |    0    |    0    |    0    |
|          |   p_Result_19_fu_1902  |    0    |    0    |    0    |
|          |     tmp_24_fu_2077     |    0    |    0    |    0    |
|----------|------------------------|---------|---------|---------|
|          |    zext_ln89_fu_729    |    0    |    0    |    0    |
|          |   zext_ln89_1_fu_734   |    0    |    0    |    0    |
|          |    zext_ln69_fu_750    |    0    |    0    |    0    |
|          |  zext_ln1117_2_fu_755  |    0    |    0    |    0    |
|          |  zext_ln1117_3_fu_765  |    0    |    0    |    0    |
|          |    zext_ln94_fu_828    |    0    |    0    |    0    |
|          |   zext_ln1117_fu_833   |    0    |    0    |    0    |
|          |  zext_ln1117_1_fu_845  |    0    |    0    |    0    |
|          |   zext_ln69_1_fu_871   |    0    |    0    |    0    |
|          |  zext_ln1117_4_fu_876  |    0    |    0    |    0    |
|          |  zext_ln1117_5_fu_885  |    0    |    0    |    0    |
|          |   zext_ln1192_fu_911   |    0    |    0    |    0    |
|          |    zext_ln99_fu_948    |    0    |    0    |    0    |
|          |   zext_ln99_1_fu_961   |    0    |    0    |    0    |
|          |   zext_ln69_2_fu_981   |    0    |    0    |    0    |
|          |  zext_ln1117_6_fu_986  |    0    |    0    |    0    |
|          |  zext_ln1117_7_fu_995  |    0    |    0    |    0    |
|          |  zext_ln1192_1_fu_1021 |    0    |    0    |    0    |
|          |   zext_ln104_fu_1058   |    0    |    0    |    0    |
|          |  zext_ln104_1_fu_1071  |    0    |    0    |    0    |
|          |   zext_ln69_3_fu_1091  |    0    |    0    |    0    |
|          |  zext_ln1117_8_fu_1096 |    0    |    0    |    0    |
|          |  zext_ln1117_9_fu_1105 |    0    |    0    |    0    |
|   zext   |  zext_ln1192_2_fu_1110 |    0    |    0    |    0    |
|          |   zext_ln947_fu_1224   |    0    |    0    |    0    |
|          |        m_fu_1310       |    0    |    0    |    0    |
|          |  zext_ln957_1_fu_1313  |    0    |    0    |    0    |
|          |   zext_ln958_fu_1327   |    0    |    0    |    0    |
|          |  zext_ln958_1_fu_1336  |    0    |    0    |    0    |
|          |   zext_ln961_fu_1353   |    0    |    0    |    0    |
|          |      m_26_fu_1372      |    0    |    0    |    0    |
|          |   zext_ln110_fu_1443   |    0    |    0    |    0    |
|          |  zext_ln947_1_fu_1530  |    0    |    0    |    0    |
|          |      m_15_fu_1616      |    0    |    0    |    0    |
|          |  zext_ln957_2_fu_1619  |    0    |    0    |    0    |
|          |  zext_ln958_2_fu_1633  |    0    |    0    |    0    |
|          |  zext_ln958_3_fu_1642  |    0    |    0    |    0    |
|          |  zext_ln961_1_fu_1659  |    0    |    0    |    0    |
|          |      m_27_fu_1678      |    0    |    0    |    0    |
|          |  zext_ln947_2_fu_1854  |    0    |    0    |    0    |
|          |      m_21_fu_2011      |    0    |    0    |    0    |
|          |  zext_ln957_3_fu_2014  |    0    |    0    |    0    |
|          |  zext_ln958_4_fu_2028  |    0    |    0    |    0    |
|          |  zext_ln958_5_fu_2037  |    0    |    0    |    0    |
|          |  zext_ln961_2_fu_2054  |    0    |    0    |    0    |
|          |      m_28_fu_2073      |    0    |    0    |    0    |
|          |   zext_ln119_fu_2151   |    0    |    0    |    0    |
|          |   zext_ln125_fu_2168   |    0    |    0    |    0    |
|----------|------------------------|---------|---------|---------|
|          |     empty_16_fu_770    |    0    |    0    |    0    |
|          |     empty_19_fu_890    |    0    |    0    |    0    |
|          |    empty_22_fu_1000    |    0    |    0    |    0    |
|          |   trunc_ln944_fu_1188  |    0    |    0    |    0    |
|          |   trunc_ln947_fu_1214  |    0    |    0    |    0    |
|          |   trunc_ln943_fu_1306  |    0    |    0    |    0    |
|          |   trunc_ln738_fu_1422  |    0    |    0    |    0    |
|          |  trunc_ln944_1_fu_1494 |    0    |    0    |    0    |
|   trunc  |  trunc_ln947_1_fu_1520 |    0    |    0    |    0    |
|          |  trunc_ln943_1_fu_1612 |    0    |    0    |    0    |
|          |  trunc_ln738_1_fu_1728 |    0    |    0    |    0    |
|          |   trunc_ln111_fu_1763  |    0    |    0    |    0    |
|          |  trunc_ln944_2_fu_1818 |    0    |    0    |    0    |
|          |  trunc_ln947_2_fu_1844 |    0    |    0    |    0    |
|          |  trunc_ln943_2_fu_1936 |    0    |    0    |    0    |
|          |  trunc_ln111_1_fu_1954 |    0    |    0    |    0    |
|          |  trunc_ln738_2_fu_2123 |    0    |    0    |    0    |
|----------|------------------------|---------|---------|---------|
|          |   sext_ln1192_fu_791   |    0    |    0    |    0    |
|          |  sext_ln1192_1_fu_795  |    0    |    0    |    0    |
|          |    sext_ln94_fu_855    |    0    |    0    |    0    |
|   sext   |  sext_ln1192_2_fu_915  |    0    |    0    |    0    |
|          |    sext_ln99_fu_965    |    0    |    0    |    0    |
|          |  sext_ln1192_3_fu_1025 |    0    |    0    |    0    |
|          |   sext_ln104_fu_1075   |    0    |    0    |    0    |
|          |  sext_ln1192_4_fu_1114 |    0    |    0    |    0    |
|----------|------------------------|---------|---------|---------|
|          |      lhs_V_fu_799      |    0    |    0    |    0    |
|          |      tmp_7_fu_837      |    0    |    0    |    0    |
|          |     lhs_V_1_fu_919     |    0    |    0    |    0    |
|          |      tmp_8_fu_953      |    0    |    0    |    0    |
|          |     lhs_V_2_fu_1029    |    0    |    0    |    0    |
|          |      tmp_9_fu_1063     |    0    |    0    |    0    |
|          |     lhs_V_3_fu_1118    |    0    |    0    |    0    |
|bitconcatenate|   p_Result_22_fu_1166  |    0    |    0    |    0    |
|          |      or_ln_fu_1292     |    0    |    0    |    0    |
|          |      tmp_s_fu_1403     |    0    |    0    |    0    |
|          |   p_Result_25_fu_1472  |    0    |    0    |    0    |
|          |   or_ln949_2_fu_1598   |    0    |    0    |    0    |
|          |      tmp_4_fu_1709     |    0    |    0    |    0    |
|          |   p_Result_28_fu_1796  |    0    |    0    |    0    |
|          |   or_ln949_4_fu_1922   |    0    |    0    |    0    |
|          |      tmp_6_fu_2104     |    0    |    0    |    0    |
|----------|------------------------|---------|---------|---------|
|          |     acc_V_2_fu_807     |    0    |    0    |    0    |
|          |     acc_V_4_fu_927     |    0    |    0    |    0    |
|          |     acc_V_6_fu_1037    |    0    |    0    |    0    |
|          |     acc_V_7_fu_1126    |    0    |    0    |    0    |
|          |   p_Result_s_fu_1156   |    0    |    0    |    0    |
|          |     tmp_13_fu_1198     |    0    |    0    |    0    |
|          |       m_s_fu_1362      |    0    |    0    |    0    |
|partselect|   p_Result_10_fu_1462  |    0    |    0    |    0    |
|          |     tmp_18_fu_1504     |    0    |    0    |    0    |
|          |       m_3_fu_1668      |    0    |    0    |    0    |
|          |      tmp_1_fu_1753     |    0    |    0    |    0    |
|          |   p_Result_16_fu_1786  |    0    |    0    |    0    |
|          |     tmp_22_fu_1828     |    0    |    0    |    0    |
|          |      tmp_3_fu_1944     |    0    |    0    |    0    |
|          |       m_4_fu_2063      |    0    |    0    |    0    |
|----------|------------------------|---------|---------|---------|
|          |   p_Result_23_fu_1410  |    0    |    0    |    0    |
|  partset |   p_Result_26_fu_1716  |    0    |    0    |    0    |
|          |   p_Result_29_fu_2111  |    0    |    0    |    0    |
|----------|------------------------|---------|---------|---------|
|   Total  |                        |    13   |   1278  |   4818  |
|----------|------------------------|---------|---------|---------|

Memories:
+------+--------+--------+--------+--------+
|      |  BRAM  |   FF   |   LUT  |  URAM  |
+------+--------+--------+--------+--------+
| B1_V |    0   |   13   |    2   |    -   |
| B2_V |    0   |   15   |    2   |    -   |
| B3_V |    0   |   16   |    2   |    -   |
| B4_V |    0   |   16   |    3   |    -   |
| W1_V |    4   |    0   |    0   |    -   |
| W2_V |    0   |   16   |   10   |    -   |
| W3_V |    0   |   15   |   15   |    -   |
| W4_V |    1   |    0   |    0   |    -   |
| a1_V |    0   |   38   |    2   |    0   |
| a2_V |    0   |   38   |    3   |    0   |
| a3_V |    0   |   38   |    3   |    0   |
|logits|    0   |   64   |    5   |    0   |
| z4_V |    0   |   40   |    4   |    0   |
+------+--------+--------+--------+--------+
| Total|    5   |   309  |   51   |    0   |
+------+--------+--------+--------+--------+

* Register list:
+------------------------+--------+
|                        |   FF   |
+------------------------+--------+
|   B1_V_addr_reg_2227   |    3   |
|   B2_V_addr_reg_2273   |    3   |
|   B3_V_addr_reg_2324   |    3   |
|   B4_V_addr_reg_2375   |    4   |
|   W1_V_addr_reg_2245   |   12   |
|   W2_V_addr_reg_2296   |    6   |
|   W3_V_addr_reg_2347   |    6   |
|   W4_V_addr_reg_2403   |    7   |
|  a1_V_addr_1_reg_2301  |    3   |
|  a2_V_addr_1_reg_2352  |    3   |
|  a3_V_addr_1_reg_2408  |    3   |
|    acc_V_2_reg_2255    |   20   |
|    acc_V_4_reg_2306    |   20   |
|    acc_V_6_reg_2357    |   20   |
|    acc_V_7_reg_2413    |   20   |
|   add_ln1117_reg_2278  |    7   |
|    add_ln88_reg_2209   |   12   |
|bitcast_ln739_1_reg_2513|   32   |
|       e_reg_2603       |   32   |
|     i_0_i10_reg_519    |    3   |
|     i_0_i26_reg_552    |    4   |
|     i_0_i42_reg_586    |    4   |
|      i_0_i_reg_486     |   10   |
|      i_1_reg_2291      |    3   |
|      i_2_reg_2342      |    4   |
|      i_3_reg_2398      |    4   |
|       i_reg_2240       |   10   |
|  icmp_ln111_1_reg_2533 |    1   |
|   icmp_ln111_reg_2528  |    1   |
|  icmp_ln935_1_reg_2476 |    1   |
|   icmp_ln935_reg_2424  |    1   |
|  icmp_ln958_1_reg_2503 |    1   |
|  icmp_ln958_2_reg_2560 |    1   |
|   icmp_ln958_reg_2446  |    1   |
|  input_V_addr_reg_2250 |   10   |
|      j4_0_reg_497      |    4   |
|      j5_0_reg_530      |    4   |
|      j6_0_reg_563      |    4   |
|      j7_0_reg_607      |    4   |
|      j8_0_reg_643      |    4   |
|      j9_0_reg_654      |    4   |
|       j_0_reg_453      |    3   |
|      j_1_reg_2263      |    4   |
|      j_2_reg_2314      |    4   |
|      j_3_reg_2365      |    4   |
|      j_4_reg_2578      |    4   |
|      j_5_reg_2523      |    4   |
|      j_6_reg_2617      |    4   |
|       j_reg_2217       |    3   |
| logits_addr_3_reg_2588 |    4   |
|  logits_load_reg_2593  |   32   |
|     maxv_0_reg_597     |   32   |
|   or_ln949_2_reg_2498  |   32   |
|   or_ln949_4_reg_2555  |   32   |
|     or_ln_reg_2441     |   32   |
| output_addr_1_reg_2622 |    4   |
|  output_load_reg_2627  |   32   |
|     p_0202_reg_619     |   32   |
|  p_Result_21_reg_2418  |    1   |
|  p_Result_24_reg_2481  |    1   |
|  p_Result_27_reg_2538  |    1   |
|    p_Val2_14_reg_575   |   20   |
|    p_Val2_1_reg_476    |   20   |
|    p_Val2_4_reg_509    |   20   |
|    p_Val2_9_reg_542    |   20   |
|     phi_mul_reg_464    |   12   |
|         reg_702        |   20   |
|         reg_707        |   20   |
| select_ln111_1_reg_2570|   32   |
|  select_ln935_reg_2456 |   32   |
|   sext_ln104_reg_2390  |   20   |
|   sext_ln94_reg_2283   |   20   |
|   sext_ln99_reg_2334   |   20   |
|  sub_ln944_1_reg_2492  |   32   |
|  sub_ln944_2_reg_2549  |   32   |
|   sub_ln944_reg_2435   |   32   |
|      sum_0_reg_631     |   32   |
|      sum_reg_2609      |   32   |
|    tmp_V_10_reg_2429   |   20   |
|    tmp_V_12_reg_2486   |   20   |
|    tmp_V_13_reg_2543   |   20   |
|    tmp_V_7_reg_2518    |   20   |
|      tmp_reg_2598      |   32   |
| trunc_ln943_1_reg_2508 |    8   |
| trunc_ln943_2_reg_2565 |    8   |
|  trunc_ln943_reg_2451  |    8   |
|  z4_V_addr_2_reg_2471  |    4   |
|   z4_V_addr_reg_2380   |    4   |
|  zext_ln104_1_reg_2385 |    8   |
|   zext_ln104_reg_2370  |   64   |
|   zext_ln110_reg_2465  |   64   |
|   zext_ln119_reg_2583  |   64   |
|  zext_ln89_1_reg_2232  |   20   |
|   zext_ln89_reg_2222   |   64   |
|   zext_ln94_reg_2268   |   64   |
|  zext_ln99_1_reg_2329  |    8   |
|   zext_ln99_reg_2319   |   64   |
+------------------------+--------+
|          Total         |  1544  |
+------------------------+--------+

* Multiplexer (MUX) list: 
|-------------------|------|------|------|--------||---------||---------|
|        Comp       |  Pin | Size |  BW  | S x BW ||  Delay  ||   LUT   |
|-------------------|------|------|------|--------||---------||---------|
| grp_access_fu_203 |  p0  |   2  |   3  |    6   ||    9    |
| grp_access_fu_223 |  p0  |   2  |  10  |   20   ||    9    |
| grp_access_fu_229 |  p0  |   2  |  12  |   24   ||    9    |
| grp_access_fu_241 |  p0  |   3  |   3  |    9   ||    15   |
| grp_access_fu_254 |  p0  |   2  |   3  |    6   ||    9    |
| grp_access_fu_274 |  p0  |   2  |   6  |   12   ||    9    |
| grp_access_fu_286 |  p0  |   3  |   3  |    9   ||    15   |
| grp_access_fu_299 |  p0  |   2  |   3  |    6   ||    9    |
| grp_access_fu_319 |  p0  |   2  |   6  |   12   ||    9    |
| grp_access_fu_331 |  p0  |   3  |   3  |    9   ||    15   |
| grp_access_fu_344 |  p0  |   2  |   4  |    8   ||    9    |
| grp_access_fu_357 |  p0  |   5  |   4  |   20   ||    27   |
| grp_access_fu_377 |  p0  |   2  |   7  |   14   ||    9    |
| grp_access_fu_404 |  p0  |   5  |   4  |   20   ||    27   |
| grp_access_fu_404 |  p1  |   3  |  32  |   96   ||    15   |
| grp_access_fu_439 |  p0  |   3  |   4  |   12   ||    15   |
| grp_access_fu_439 |  p1  |   2  |  32  |   64   ||    9    |
|  phi_mul_reg_464  |  p0  |   2  |  12  |   24   ||    9    |
|    j4_0_reg_497   |  p0  |   2  |   4  |    8   ||    9    |
|    j5_0_reg_530   |  p0  |   2  |   4  |    8   ||    9    |
|    j6_0_reg_563   |  p0  |   2  |   4  |    8   ||    9    |
|    j7_0_reg_607   |  p0  |   2  |   4  |    8   ||    9    |
|   p_0202_reg_619  |  p0  |   2  |  32  |   64   ||    9    |
|   sum_0_reg_631   |  p0  |   2  |  32  |   64   ||    9    |
|     grp_fu_665    |  p0  |   2  |  32  |   64   ||    9    |
|     grp_fu_665    |  p1  |   2  |  32  |   64   ||    9    |
|     grp_fu_671    |  p0  |   2  |  32  |   64   ||    9    |
|-------------------|------|------|------|--------||---------||---------|
|       Total       |      |      |      |   723  || 25.1122 ||   309   |
|-------------------|------|------|------|--------||---------||---------|



* Summary:
+-----------+--------+--------+--------+--------+--------+--------+
|           |  BRAM  | DSP48E |  Delay |   FF   |   LUT  |  URAM  |
+-----------+--------+--------+--------+--------+--------+--------+
|  Function |    -   |   13   |    -   |  1278  |  4818  |    -   |
|   Memory  |    5   |    -   |    -   |   309  |   51   |    0   |
|Multiplexer|    -   |    -   |   25   |    -   |   309  |    -   |
|  Register |    -   |    -   |    -   |  1544  |    -   |    -   |
+-----------+--------+--------+--------+--------+--------+--------+
|   Total   |    5   |   13   |   25   |  3131  |  5178  |    0   |
+-----------+--------+--------+--------+--------+--------+--------+
