

================================================================
== Vivado HLS Report for 'mlp'
================================================================
* Date:           Thu Sep  3 11:24:27 2026

* Version:        2019.1 (Build 2552052 on Fri May 24 15:28:33 MDT 2019)
* Project:        mlp_FP
* Solution:       sol_fp_5
* Product family: zynquplus
* Target device:  xczu3eg-sbva484-1-i


================================================================
== Performance Estimates
================================================================
+ Timing (ns): 
    * Summary: 
    +--------+-------+----------+------------+
    |  Clock | Target| Estimated| Uncertainty|
    +--------+-------+----------+------------+
    |ap_clk  |   5.00|     4.354|        0.62|
    +--------+-------+----------+------------+

+ Latency (clock cycles): 
    * Summary: 
    +-------+-------+-------+-------+---------+
    |    Latency    |    Interval   | Pipeline|
    |  min  |  max  |  min  |  max  |   Type  |
    +-------+-------+-------+-------+---------+
    |  62230|  62230|  62230|  62230|   none  |
    +-------+-------+-------+-------+---------+

    + Detail: 
        * Instance: 
        N/A

        * Loop: 
        +----------------+-------+-------+----------+-----------+-----------+------+----------+
        |                |    Latency    | Iteration|  Initiation Interval  | Trip |          |
        |    Loop Name   |  min  |  max  |  Latency |  achieved |   target  | Count| Pipelined|
        +----------------+-------+-------+----------+-----------+-----------+------+----------+
        |- layer1        |  58825|  58825|     11765|          -|          -|     5|    no    |
        | + neuron_mac   |  11760|  11760|        15|          -|          -|   784|    no    |
        |- layer2        |    640|    640|        80|          -|          -|     8|    no    |
        | + neuron_mac   |     75|     75|        15|          -|          -|     5|    no    |
        |- layer3        |   1000|   1000|       125|          -|          -|     8|    no    |
        | + neuron_mac   |    120|    120|        15|          -|          -|     8|    no    |
        |- layer4        |   1230|   1230|       123|          -|          -|    10|    no    |
        | + neuron_mac   |    120|    120|        15|          -|          -|     8|    no    |
        |- softmax_max   |     27|     27|         3|          -|          -|     9|    no    |
        |- softmax_exp   |    310|    310|        31|          -|          -|    10|    no    |
        |- softmax_norm  |    190|    190|        19|          -|          -|    10|    no    |
        +----------------+-------+-------+----------+-----------+-----------+------+----------+

============================================================
+ Verbose Summary: Synthesis Manager
============================================================
InlineROM: 1
ExposeGlobal: 0
============================================================
+ Verbose Summary: CDFG Model
============================================================
IsTopModel: 1
ResetActiveHigh: 1
IsCombinational: 0
IsDatapathOnly: 0
HasWiredReturn: 1
HasMFsm: 0
HasVarLatency: 1
IsPipeline: 0
IsRtlPipelined: 0
IsInstanceOverlapped: 0
IsDontTouch: 0
HasImplIP: 0
IsGatedGlobalClock: 0


============================================================
+ Verbose Summary: Schedule
============================================================
* Number of FSM states : 129
* Pipeline : 0
* Dataflow Pipeline: 0

* FSM state transitions: 
1 --> 2 
2 --> 3 21 
3 --> 4 
4 --> 5 19 
5 --> 6 
6 --> 7 
7 --> 8 
8 --> 9 
9 --> 10 
10 --> 11 
11 --> 12 
12 --> 13 
13 --> 14 
14 --> 15 
15 --> 16 
16 --> 17 
17 --> 18 
18 --> 4 
19 --> 20 
20 --> 2 
21 --> 22 40 
22 --> 23 
23 --> 24 38 
24 --> 25 
25 --> 26 
26 --> 27 
27 --> 28 
28 --> 29 
29 --> 30 
30 --> 31 
31 --> 32 
32 --> 33 
33 --> 34 
34 --> 35 
35 --> 36 
36 --> 37 
37 --> 23 
38 --> 39 
39 --> 21 
40 --> 41 59 
41 --> 42 
42 --> 43 57 
43 --> 44 
44 --> 45 
45 --> 46 
46 --> 47 
47 --> 48 
48 --> 49 
49 --> 50 
50 --> 51 
51 --> 52 
52 --> 53 
53 --> 54 
54 --> 55 
55 --> 56 
56 --> 42 
57 --> 58 
58 --> 40 
59 --> 60 76 
60 --> 61 
61 --> 62 59 
62 --> 63 
63 --> 64 
64 --> 65 
65 --> 66 
66 --> 67 
67 --> 68 
68 --> 69 
69 --> 70 
70 --> 71 
71 --> 72 
72 --> 73 
73 --> 74 
74 --> 75 
75 --> 61 
76 --> 77 
77 --> 78 80 
78 --> 79 
79 --> 77 
80 --> 81 111 
81 --> 82 
82 --> 83 
83 --> 84 
84 --> 85 
85 --> 86 
86 --> 87 
87 --> 88 
88 --> 89 
89 --> 90 
90 --> 91 
91 --> 92 
92 --> 93 
93 --> 94 
94 --> 95 
95 --> 96 
96 --> 97 
97 --> 98 
98 --> 99 
99 --> 100 
100 --> 101 
101 --> 102 
102 --> 103 
103 --> 104 
104 --> 105 
105 --> 106 
106 --> 107 
107 --> 108 
108 --> 109 
109 --> 110 
110 --> 80 
111 --> 112 
112 --> 113 
113 --> 114 
114 --> 115 
115 --> 116 
116 --> 117 
117 --> 118 
118 --> 119 
119 --> 120 
120 --> 121 
121 --> 122 
122 --> 123 
123 --> 124 
124 --> 125 
125 --> 126 
126 --> 127 
127 --> 128 
128 --> 129 
129 --> 111 

* FSM state operations: 

State 1 <SV = 0> <Delay = 0.75>
ST_1 : Operation 130 [1/1] (0.00ns)   --->   "call void (...)* @_ssdm_op_SpecBitsMap([784 x float]* %input_r) nounwind, !map !13"   --->   Operation 130 'specbitsmap' <Predicate = true> <Delay = 0.00>
ST_1 : Operation 131 [1/1] (0.00ns)   --->   "call void (...)* @_ssdm_op_SpecBitsMap([10 x float]* %output_r) nounwind, !map !19"   --->   Operation 131 'specbitsmap' <Predicate = true> <Delay = 0.00>
ST_1 : Operation 132 [1/1] (0.00ns)   --->   "call void (...)* @_ssdm_op_SpecTopModule([4 x i8]* @mlp_str) nounwind"   --->   Operation 132 'spectopmodule' <Predicate = true> <Delay = 0.00>
ST_1 : Operation 133 [1/1] (0.00ns)   --->   "%a1 = alloca [5 x float], align 16" [mlp_FP/mlp.cpp:80]   --->   Operation 133 'alloca' 'a1' <Predicate = true> <Delay = 0.00> <Core = "RAM">   --->   Core 37 'RAM' <Latency = 1> <II = 1> <Delay = 0.79> <Storage> <Opcode : 'load' 'store'> <Ports = 2> <Width = 32> <Depth = 10> <RAM>
ST_1 : Operation 134 [1/1] (0.00ns)   --->   "%a2 = alloca [8 x float], align 16" [mlp_FP/mlp.cpp:81]   --->   Operation 134 'alloca' 'a2' <Predicate = true> <Delay = 0.00> <Core = "RAM">   --->   Core 37 'RAM' <Latency = 1> <II = 1> <Delay = 0.79> <Storage> <Opcode : 'load' 'store'> <Ports = 2> <Width = 32> <Depth = 10> <RAM>
ST_1 : Operation 135 [1/1] (0.00ns)   --->   "%a3 = alloca [8 x float], align 16" [mlp_FP/mlp.cpp:82]   --->   Operation 135 'alloca' 'a3' <Predicate = true> <Delay = 0.00> <Core = "RAM">   --->   Core 37 'RAM' <Latency = 1> <II = 1> <Delay = 0.79> <Storage> <Opcode : 'load' 'store'> <Ports = 2> <Width = 32> <Depth = 10> <RAM>
ST_1 : Operation 136 [1/1] (0.00ns)   --->   "%z4 = alloca [10 x float], align 16" [mlp_FP/mlp.cpp:83]   --->   Operation 136 'alloca' 'z4' <Predicate = true> <Delay = 0.00> <Core = "RAM">   --->   Core 37 'RAM' <Latency = 1> <II = 1> <Delay = 0.79> <Storage> <Opcode : 'load' 'store'> <Ports = 2> <Width = 32> <Depth = 10> <RAM>
ST_1 : Operation 137 [1/1] (0.75ns)   --->   "br label %1" [mlp_FP/mlp.cpp:86]   --->   Operation 137 'br' <Predicate = true> <Delay = 0.75>

State 2 <SV = 1> <Delay = 1.35>
ST_2 : Operation 138 [1/1] (0.00ns)   --->   "%j_0 = phi i3 [ 0, %0 ], [ %j, %neuron.2.exit ]"   --->   Operation 138 'phi' 'j_0' <Predicate = true> <Delay = 0.00>
ST_2 : Operation 139 [1/1] (0.00ns)   --->   "%phi_mul = phi i12 [ 0, %0 ], [ %add_ln86, %neuron.2.exit ]" [mlp_FP/mlp.cpp:86]   --->   Operation 139 'phi' 'phi_mul' <Predicate = true> <Delay = 0.00>
ST_2 : Operation 140 [1/1] (0.96ns)   --->   "%add_ln86 = add i12 %phi_mul, 784" [mlp_FP/mlp.cpp:86]   --->   Operation 140 'add' 'add_ln86' <Predicate = true> <Delay = 0.96> <Core = "AddSub">   --->   Core 14 'AddSub' <Latency = 0> <II = 1> <Delay = 0.86> <FuncUnit> <Opcode : 'add' 'sub'> <InPorts = 2> <OutPorts = 1>
ST_2 : Operation 141 [1/1] (0.69ns)   --->   "%icmp_ln86 = icmp eq i3 %j_0, -3" [mlp_FP/mlp.cpp:86]   --->   Operation 141 'icmp' 'icmp_ln86' <Predicate = true> <Delay = 0.69> <Core = "Cmp">   --->   Core 25 'Cmp' <Latency = 0> <II = 1> <Delay = 0.88> <FuncUnit> <Opcode : 'icmp'> <InPorts = 2> <OutPorts = 1>
ST_2 : Operation 142 [1/1] (0.00ns)   --->   "%empty = call i32 (...)* @_ssdm_op_SpecLoopTripCount(i64 5, i64 5, i64 5) nounwind"   --->   Operation 142 'speclooptripcount' 'empty' <Predicate = true> <Delay = 0.00>
ST_2 : Operation 143 [1/1] (0.74ns)   --->   "%j = add i3 %j_0, 1" [mlp_FP/mlp.cpp:86]   --->   Operation 143 'add' 'j' <Predicate = true> <Delay = 0.74> <Core = "AddSub">   --->   Core 14 'AddSub' <Latency = 0> <II = 1> <Delay = 0.86> <FuncUnit> <Opcode : 'add' 'sub'> <InPorts = 2> <OutPorts = 1>
ST_2 : Operation 144 [1/1] (0.00ns)   --->   "br i1 %icmp_ln86, label %.preheader4.preheader, label %2" [mlp_FP/mlp.cpp:86]   --->   Operation 144 'br' <Predicate = true> <Delay = 0.00>
ST_2 : Operation 145 [1/1] (0.00ns)   --->   "%zext_ln87 = zext i3 %j_0 to i64" [mlp_FP/mlp.cpp:87]   --->   Operation 145 'zext' 'zext_ln87' <Predicate = (!icmp_ln86)> <Delay = 0.00>
ST_2 : Operation 146 [1/1] (0.00ns)   --->   "%B1_addr = getelementptr inbounds [5 x float]* @B1, i64 0, i64 %zext_ln87" [mlp_FP/mlp.cpp:87]   --->   Operation 146 'getelementptr' 'B1_addr' <Predicate = (!icmp_ln86)> <Delay = 0.00>
ST_2 : Operation 147 [2/2] (1.35ns)   --->   "%acc = load float* %B1_addr, align 4" [mlp_FP/mlp.cpp:87]   --->   Operation 147 'load' 'acc' <Predicate = (!icmp_ln86)> <Delay = 1.35> <Core = "ROM_nP">   --->   Core 52 'ROM_nP' <Latency = 1> <II = 1> <Delay = 1.35> <Storage> <Opcode : 'load'> <Ports = 0> <Width = 32> <Depth = 80> <ROM>
ST_2 : Operation 148 [1/1] (0.75ns)   --->   "br label %.preheader4" [mlp_FP/mlp.cpp:90]   --->   Operation 148 'br' <Predicate = (icmp_ln86)> <Delay = 0.75>

State 3 <SV = 2> <Delay = 1.35>
ST_3 : Operation 149 [1/1] (0.00ns)   --->   "call void (...)* @_ssdm_op_SpecLoopName([7 x i8]* @p_str1) nounwind" [mlp_FP/mlp.cpp:87]   --->   Operation 149 'specloopname' <Predicate = true> <Delay = 0.00>
ST_3 : Operation 150 [1/2] (1.35ns)   --->   "%acc = load float* %B1_addr, align 4" [mlp_FP/mlp.cpp:87]   --->   Operation 150 'load' 'acc' <Predicate = true> <Delay = 1.35> <Core = "ROM_nP">   --->   Core 52 'ROM_nP' <Latency = 1> <II = 1> <Delay = 1.35> <Storage> <Opcode : 'load'> <Ports = 0> <Width = 32> <Depth = 80> <ROM>
ST_3 : Operation 151 [1/1] (0.75ns)   --->   "br label %3" [mlp_FP/mlp.cpp:68->mlp_FP/mlp.cpp:87]   --->   Operation 151 'br' <Predicate = true> <Delay = 0.75>

State 4 <SV = 3> <Delay = 3.34>
ST_4 : Operation 152 [1/1] (0.00ns)   --->   "%acc_0_i = phi float [ %acc, %2 ], [ %acc_2, %4 ]"   --->   Operation 152 'phi' 'acc_0_i' <Predicate = true> <Delay = 0.00>
ST_4 : Operation 153 [1/1] (0.00ns)   --->   "%i_0_i = phi i10 [ 0, %2 ], [ %i, %4 ]"   --->   Operation 153 'phi' 'i_0_i' <Predicate = true> <Delay = 0.00>
ST_4 : Operation 154 [1/1] (0.00ns)   --->   "%empty_5 = call i32 (...)* @_ssdm_op_SpecLoopTripCount(i64 784, i64 784, i64 784) nounwind"   --->   Operation 154 'speclooptripcount' 'empty_5' <Predicate = true> <Delay = 0.00>
ST_4 : Operation 155 [1/1] (0.85ns)   --->   "%icmp_ln68 = icmp eq i10 %i_0_i, -240" [mlp_FP/mlp.cpp:68->mlp_FP/mlp.cpp:87]   --->   Operation 155 'icmp' 'icmp_ln68' <Predicate = true> <Delay = 0.85> <Core = "Cmp">   --->   Core 25 'Cmp' <Latency = 0> <II = 1> <Delay = 0.88> <FuncUnit> <Opcode : 'icmp'> <InPorts = 2> <OutPorts = 1>
ST_4 : Operation 156 [1/1] (0.93ns)   --->   "%i = add i10 %i_0_i, 1" [mlp_FP/mlp.cpp:68->mlp_FP/mlp.cpp:87]   --->   Operation 156 'add' 'i' <Predicate = true> <Delay = 0.93> <Core = "AddSub">   --->   Core 14 'AddSub' <Latency = 0> <II = 1> <Delay = 0.86> <FuncUnit> <Opcode : 'add' 'sub'> <InPorts = 2> <OutPorts = 1>
ST_4 : Operation 157 [1/1] (0.00ns)   --->   "br i1 %icmp_ln68, label %neuron.2.exit, label %4" [mlp_FP/mlp.cpp:68->mlp_FP/mlp.cpp:87]   --->   Operation 157 'br' <Predicate = true> <Delay = 0.00>
ST_4 : Operation 158 [1/1] (0.00ns)   --->   "%zext_ln69 = zext i10 %i_0_i to i64" [mlp_FP/mlp.cpp:69->mlp_FP/mlp.cpp:87]   --->   Operation 158 'zext' 'zext_ln69' <Predicate = (!icmp_ln68)> <Delay = 0.00>
ST_4 : Operation 159 [1/1] (0.00ns)   --->   "%zext_ln69_6 = zext i10 %i_0_i to i12" [mlp_FP/mlp.cpp:69->mlp_FP/mlp.cpp:87]   --->   Operation 159 'zext' 'zext_ln69_6' <Predicate = (!icmp_ln68)> <Delay = 0.00>
ST_4 : Operation 160 [1/1] (0.96ns)   --->   "%add_ln69_1 = add i12 %phi_mul, %zext_ln69_6" [mlp_FP/mlp.cpp:69->mlp_FP/mlp.cpp:87]   --->   Operation 160 'add' 'add_ln69_1' <Predicate = (!icmp_ln68)> <Delay = 0.96> <Core = "AddSub">   --->   Core 14 'AddSub' <Latency = 0> <II = 1> <Delay = 0.86> <FuncUnit> <Opcode : 'add' 'sub'> <InPorts = 2> <OutPorts = 1>
ST_4 : Operation 161 [1/1] (0.00ns)   --->   "%zext_ln69_7 = zext i12 %add_ln69_1 to i64" [mlp_FP/mlp.cpp:69->mlp_FP/mlp.cpp:87]   --->   Operation 161 'zext' 'zext_ln69_7' <Predicate = (!icmp_ln68)> <Delay = 0.00>
ST_4 : Operation 162 [1/1] (0.00ns)   --->   "%W1_addr = getelementptr [3920 x float]* @W1, i64 0, i64 %zext_ln69_7" [mlp_FP/mlp.cpp:69->mlp_FP/mlp.cpp:87]   --->   Operation 162 'getelementptr' 'W1_addr' <Predicate = (!icmp_ln68)> <Delay = 0.00>
ST_4 : Operation 163 [1/1] (0.00ns)   --->   "%input_addr = getelementptr [784 x float]* %input_r, i64 0, i64 %zext_ln69" [mlp_FP/mlp.cpp:69->mlp_FP/mlp.cpp:87]   --->   Operation 163 'getelementptr' 'input_addr' <Predicate = (!icmp_ln68)> <Delay = 0.00>
ST_4 : Operation 164 [2/2] (1.35ns)   --->   "%input_load = load float* %input_addr, align 4" [mlp_FP/mlp.cpp:69->mlp_FP/mlp.cpp:87]   --->   Operation 164 'load' 'input_load' <Predicate = (!icmp_ln68)> <Delay = 1.35> <Core = "RAM">   --->   Core 37 'RAM' <Latency = 1> <II = 1> <Delay = 0.79> <Storage> <Opcode : 'load' 'store'> <Ports = 2> <Width = 32> <Depth = 10> <RAM>
ST_4 : Operation 165 [2/2] (1.35ns)   --->   "%W1_load = load float* %W1_addr, align 4" [mlp_FP/mlp.cpp:69->mlp_FP/mlp.cpp:87]   --->   Operation 165 'load' 'W1_load' <Predicate = (!icmp_ln68)> <Delay = 1.35> <Core = "ROM_nP">   --->   Core 52 'ROM_nP' <Latency = 1> <II = 1> <Delay = 1.35> <Storage> <Opcode : 'load'> <Ports = 0> <Width = 32> <Depth = 80> <ROM>
ST_4 : Operation 166 [2/2] (3.34ns)   --->   "%tmp_1 = fcmp olt float %acc_0_i, 0.000000e+00" [mlp_FP/mlp.cpp:72->mlp_FP/mlp.cpp:87]   --->   Operation 166 'fcmp' 'tmp_1' <Predicate = (icmp_ln68)> <Delay = 3.34> <Core = "FCmp">   --->   Core 111 'FCmp' <Latency = 1> <II = 1> <Delay = 3.34> <FuncUnit> <Opcode : 'fcmp'> <InPorts = 2> <OutPorts = 1>

State 5 <SV = 4> <Delay = 1.35>
ST_5 : Operation 167 [1/2] (1.35ns)   --->   "%input_load = load float* %input_addr, align 4" [mlp_FP/mlp.cpp:69->mlp_FP/mlp.cpp:87]   --->   Operation 167 'load' 'input_load' <Predicate = true> <Delay = 1.35> <Core = "RAM">   --->   Core 37 'RAM' <Latency = 1> <II = 1> <Delay = 0.79> <Storage> <Opcode : 'load' 'store'> <Ports = 2> <Width = 32> <Depth = 10> <RAM>
ST_5 : Operation 168 [1/2] (1.35ns)   --->   "%W1_load = load float* %W1_addr, align 4" [mlp_FP/mlp.cpp:69->mlp_FP/mlp.cpp:87]   --->   Operation 168 'load' 'W1_load' <Predicate = true> <Delay = 1.35> <Core = "ROM_nP">   --->   Core 52 'ROM_nP' <Latency = 1> <II = 1> <Delay = 1.35> <Storage> <Opcode : 'load'> <Ports = 0> <Width = 32> <Depth = 80> <ROM>

State 6 <SV = 5> <Delay = 3.74>
ST_6 : Operation 169 [5/5] (3.74ns)   --->   "%tmp_i = fmul float %input_load, %W1_load" [mlp_FP/mlp.cpp:69->mlp_FP/mlp.cpp:87]   --->   Operation 169 'fmul' 'tmp_i' <Predicate = true> <Delay = 3.74> <Core = "FMul">   --->   Core 106 'FMul' <Latency = 4> <II = 1> <Delay = 3.74> <FuncUnit> <Opcode : 'fmul'> <InPorts = 2> <OutPorts = 1>

State 7 <SV = 6> <Delay = 3.74>
ST_7 : Operation 170 [4/5] (3.74ns)   --->   "%tmp_i = fmul float %input_load, %W1_load" [mlp_FP/mlp.cpp:69->mlp_FP/mlp.cpp:87]   --->   Operation 170 'fmul' 'tmp_i' <Predicate = true> <Delay = 3.74> <Core = "FMul">   --->   Core 106 'FMul' <Latency = 4> <II = 1> <Delay = 3.74> <FuncUnit> <Opcode : 'fmul'> <InPorts = 2> <OutPorts = 1>

State 8 <SV = 7> <Delay = 3.74>
ST_8 : Operation 171 [3/5] (3.74ns)   --->   "%tmp_i = fmul float %input_load, %W1_load" [mlp_FP/mlp.cpp:69->mlp_FP/mlp.cpp:87]   --->   Operation 171 'fmul' 'tmp_i' <Predicate = true> <Delay = 3.74> <Core = "FMul">   --->   Core 106 'FMul' <Latency = 4> <II = 1> <Delay = 3.74> <FuncUnit> <Opcode : 'fmul'> <InPorts = 2> <OutPorts = 1>

State 9 <SV = 8> <Delay = 3.74>
ST_9 : Operation 172 [2/5] (3.74ns)   --->   "%tmp_i = fmul float %input_load, %W1_load" [mlp_FP/mlp.cpp:69->mlp_FP/mlp.cpp:87]   --->   Operation 172 'fmul' 'tmp_i' <Predicate = true> <Delay = 3.74> <Core = "FMul">   --->   Core 106 'FMul' <Latency = 4> <II = 1> <Delay = 3.74> <FuncUnit> <Opcode : 'fmul'> <InPorts = 2> <OutPorts = 1>

State 10 <SV = 9> <Delay = 3.74>
ST_10 : Operation 173 [1/5] (3.74ns)   --->   "%tmp_i = fmul float %input_load, %W1_load" [mlp_FP/mlp.cpp:69->mlp_FP/mlp.cpp:87]   --->   Operation 173 'fmul' 'tmp_i' <Predicate = true> <Delay = 3.74> <Core = "FMul">   --->   Core 106 'FMul' <Latency = 4> <II = 1> <Delay = 3.74> <FuncUnit> <Opcode : 'fmul'> <InPorts = 2> <OutPorts = 1>

State 11 <SV = 10> <Delay = 4.18>
ST_11 : Operation 174 [8/8] (4.18ns)   --->   "%acc_2 = fadd float %acc_0_i, %tmp_i" [mlp_FP/mlp.cpp:69->mlp_FP/mlp.cpp:87]   --->   Operation 174 'fadd' 'acc_2' <Predicate = true> <Delay = 4.18> <Core = "FAddSub">   --->   Core 105 'FAddSub' <Latency = 7> <II = 1> <Delay = 4.18> <FuncUnit> <Opcode : 'fadd' 'fsub'> <InPorts = 2> <OutPorts = 1>

State 12 <SV = 11> <Delay = 4.18>
ST_12 : Operation 175 [7/8] (4.18ns)   --->   "%acc_2 = fadd float %acc_0_i, %tmp_i" [mlp_FP/mlp.cpp:69->mlp_FP/mlp.cpp:87]   --->   Operation 175 'fadd' 'acc_2' <Predicate = true> <Delay = 4.18> <Core = "FAddSub">   --->   Core 105 'FAddSub' <Latency = 7> <II = 1> <Delay = 4.18> <FuncUnit> <Opcode : 'fadd' 'fsub'> <InPorts = 2> <OutPorts = 1>

State 13 <SV = 12> <Delay = 4.18>
ST_13 : Operation 176 [6/8] (4.18ns)   --->   "%acc_2 = fadd float %acc_0_i, %tmp_i" [mlp_FP/mlp.cpp:69->mlp_FP/mlp.cpp:87]   --->   Operation 176 'fadd' 'acc_2' <Predicate = true> <Delay = 4.18> <Core = "FAddSub">   --->   Core 105 'FAddSub' <Latency = 7> <II = 1> <Delay = 4.18> <FuncUnit> <Opcode : 'fadd' 'fsub'> <InPorts = 2> <OutPorts = 1>

State 14 <SV = 13> <Delay = 4.18>
ST_14 : Operation 177 [5/8] (4.18ns)   --->   "%acc_2 = fadd float %acc_0_i, %tmp_i" [mlp_FP/mlp.cpp:69->mlp_FP/mlp.cpp:87]   --->   Operation 177 'fadd' 'acc_2' <Predicate = true> <Delay = 4.18> <Core = "FAddSub">   --->   Core 105 'FAddSub' <Latency = 7> <II = 1> <Delay = 4.18> <FuncUnit> <Opcode : 'fadd' 'fsub'> <InPorts = 2> <OutPorts = 1>

State 15 <SV = 14> <Delay = 4.18>
ST_15 : Operation 178 [4/8] (4.18ns)   --->   "%acc_2 = fadd float %acc_0_i, %tmp_i" [mlp_FP/mlp.cpp:69->mlp_FP/mlp.cpp:87]   --->   Operation 178 'fadd' 'acc_2' <Predicate = true> <Delay = 4.18> <Core = "FAddSub">   --->   Core 105 'FAddSub' <Latency = 7> <II = 1> <Delay = 4.18> <FuncUnit> <Opcode : 'fadd' 'fsub'> <InPorts = 2> <OutPorts = 1>

State 16 <SV = 15> <Delay = 4.18>
ST_16 : Operation 179 [3/8] (4.18ns)   --->   "%acc_2 = fadd float %acc_0_i, %tmp_i" [mlp_FP/mlp.cpp:69->mlp_FP/mlp.cpp:87]   --->   Operation 179 'fadd' 'acc_2' <Predicate = true> <Delay = 4.18> <Core = "FAddSub">   --->   Core 105 'FAddSub' <Latency = 7> <II = 1> <Delay = 4.18> <FuncUnit> <Opcode : 'fadd' 'fsub'> <InPorts = 2> <OutPorts = 1>

State 17 <SV = 16> <Delay = 4.18>
ST_17 : Operation 180 [2/8] (4.18ns)   --->   "%acc_2 = fadd float %acc_0_i, %tmp_i" [mlp_FP/mlp.cpp:69->mlp_FP/mlp.cpp:87]   --->   Operation 180 'fadd' 'acc_2' <Predicate = true> <Delay = 4.18> <Core = "FAddSub">   --->   Core 105 'FAddSub' <Latency = 7> <II = 1> <Delay = 4.18> <FuncUnit> <Opcode : 'fadd' 'fsub'> <InPorts = 2> <OutPorts = 1>

State 18 <SV = 17> <Delay = 4.18>
ST_18 : Operation 181 [1/1] (0.00ns)   --->   "call void (...)* @_ssdm_op_SpecLoopName([11 x i8]* @p_str) nounwind" [mlp_FP/mlp.cpp:68->mlp_FP/mlp.cpp:87]   --->   Operation 181 'specloopname' <Predicate = true> <Delay = 0.00>
ST_18 : Operation 182 [1/8] (4.18ns)   --->   "%acc_2 = fadd float %acc_0_i, %tmp_i" [mlp_FP/mlp.cpp:69->mlp_FP/mlp.cpp:87]   --->   Operation 182 'fadd' 'acc_2' <Predicate = true> <Delay = 4.18> <Core = "FAddSub">   --->   Core 105 'FAddSub' <Latency = 7> <II = 1> <Delay = 4.18> <FuncUnit> <Opcode : 'fadd' 'fsub'> <InPorts = 2> <OutPorts = 1>
ST_18 : Operation 183 [1/1] (0.00ns)   --->   "br label %3" [mlp_FP/mlp.cpp:68->mlp_FP/mlp.cpp:87]   --->   Operation 183 'br' <Predicate = true> <Delay = 0.00>

State 19 <SV = 4> <Delay = 3.34>
ST_19 : Operation 184 [1/2] (3.34ns)   --->   "%tmp_1 = fcmp olt float %acc_0_i, 0.000000e+00" [mlp_FP/mlp.cpp:72->mlp_FP/mlp.cpp:87]   --->   Operation 184 'fcmp' 'tmp_1' <Predicate = true> <Delay = 3.34> <Core = "FCmp">   --->   Core 111 'FCmp' <Latency = 1> <II = 1> <Delay = 3.34> <FuncUnit> <Opcode : 'fcmp'> <InPorts = 2> <OutPorts = 1>

State 20 <SV = 5> <Delay = 2.28>
ST_20 : Operation 185 [1/1] (0.00ns)   --->   "%bitcast_ln72 = bitcast float %acc_0_i to i32" [mlp_FP/mlp.cpp:72->mlp_FP/mlp.cpp:87]   --->   Operation 185 'bitcast' 'bitcast_ln72' <Predicate = true> <Delay = 0.00>
ST_20 : Operation 186 [1/1] (0.00ns)   --->   "%tmp = call i8 @_ssdm_op_PartSelect.i8.i32.i32.i32(i32 %bitcast_ln72, i32 23, i32 30)" [mlp_FP/mlp.cpp:72->mlp_FP/mlp.cpp:87]   --->   Operation 186 'partselect' 'tmp' <Predicate = true> <Delay = 0.00>
ST_20 : Operation 187 [1/1] (0.00ns)   --->   "%trunc_ln72 = trunc i32 %bitcast_ln72 to i23" [mlp_FP/mlp.cpp:72->mlp_FP/mlp.cpp:87]   --->   Operation 187 'trunc' 'trunc_ln72' <Predicate = true> <Delay = 0.00>
ST_20 : Operation 188 [1/1] (0.85ns)   --->   "%icmp_ln72 = icmp ne i8 %tmp, -1" [mlp_FP/mlp.cpp:72->mlp_FP/mlp.cpp:87]   --->   Operation 188 'icmp' 'icmp_ln72' <Predicate = true> <Delay = 0.85> <Core = "Cmp">   --->   Core 25 'Cmp' <Latency = 0> <II = 1> <Delay = 0.88> <FuncUnit> <Opcode : 'icmp'> <InPorts = 2> <OutPorts = 1>
ST_20 : Operation 189 [1/1] (0.97ns)   --->   "%icmp_ln72_1 = icmp eq i23 %trunc_ln72, 0" [mlp_FP/mlp.cpp:72->mlp_FP/mlp.cpp:87]   --->   Operation 189 'icmp' 'icmp_ln72_1' <Predicate = true> <Delay = 0.97> <Core = "Cmp">   --->   Core 25 'Cmp' <Latency = 0> <II = 1> <Delay = 0.88> <FuncUnit> <Opcode : 'icmp'> <InPorts = 2> <OutPorts = 1>
ST_20 : Operation 190 [1/1] (0.00ns) (grouped into LUT with out node select_ln72)   --->   "%or_ln72 = or i1 %icmp_ln72_1, %icmp_ln72" [mlp_FP/mlp.cpp:72->mlp_FP/mlp.cpp:87]   --->   Operation 190 'or' 'or_ln72' <Predicate = true> <Delay = 0.00> <Core = "LogicGate">   --->   Core 27 'LogicGate' <Latency = 0> <II = 1> <Delay = 0.33> <FuncUnit> <Opcode : 'and' 'or' 'xor'> <InPorts = 2> <OutPorts = 1>
ST_20 : Operation 191 [1/1] (0.00ns) (grouped into LUT with out node select_ln72)   --->   "%and_ln72 = and i1 %or_ln72, %tmp_1" [mlp_FP/mlp.cpp:72->mlp_FP/mlp.cpp:87]   --->   Operation 191 'and' 'and_ln72' <Predicate = true> <Delay = 0.00> <Core = "LogicGate">   --->   Core 27 'LogicGate' <Latency = 0> <II = 1> <Delay = 0.33> <FuncUnit> <Opcode : 'and' 'or' 'xor'> <InPorts = 2> <OutPorts = 1>
ST_20 : Operation 192 [1/1] (0.52ns) (out node of the LUT)   --->   "%select_ln72 = select i1 %and_ln72, float 0.000000e+00, float %acc_0_i" [mlp_FP/mlp.cpp:72->mlp_FP/mlp.cpp:87]   --->   Operation 192 'select' 'select_ln72' <Predicate = true> <Delay = 0.52> <Core = "Sel">   --->   Core 26 'Sel' <Latency = 0> <II = 1> <Delay = 0.52> <FuncUnit> <Opcode : 'select'> <InPorts = 3> <OutPorts = 1>
ST_20 : Operation 193 [1/1] (0.00ns)   --->   "%a1_addr = getelementptr inbounds [5 x float]* %a1, i64 0, i64 %zext_ln87" [mlp_FP/mlp.cpp:87]   --->   Operation 193 'getelementptr' 'a1_addr' <Predicate = true> <Delay = 0.00>
ST_20 : Operation 194 [1/1] (0.79ns)   --->   "store float %select_ln72, float* %a1_addr, align 4" [mlp_FP/mlp.cpp:87]   --->   Operation 194 'store' <Predicate = true> <Delay = 0.79> <Core = "RAM">   --->   Core 37 'RAM' <Latency = 1> <II = 1> <Delay = 0.79> <Storage> <Opcode : 'load' 'store'> <Ports = 2> <Width = 32> <Depth = 10> <RAM>
ST_20 : Operation 195 [1/1] (0.00ns)   --->   "br label %1" [mlp_FP/mlp.cpp:86]   --->   Operation 195 'br' <Predicate = true> <Delay = 0.00>

State 21 <SV = 2> <Delay = 1.35>
ST_21 : Operation 196 [1/1] (0.00ns)   --->   "%j1_0 = phi i4 [ %j_1, %neuron.1.exit ], [ 0, %.preheader4.preheader ]"   --->   Operation 196 'phi' 'j1_0' <Predicate = true> <Delay = 0.00>
ST_21 : Operation 197 [1/1] (0.88ns)   --->   "%icmp_ln90 = icmp eq i4 %j1_0, -8" [mlp_FP/mlp.cpp:90]   --->   Operation 197 'icmp' 'icmp_ln90' <Predicate = true> <Delay = 0.88> <Core = "Cmp">   --->   Core 25 'Cmp' <Latency = 0> <II = 1> <Delay = 0.88> <FuncUnit> <Opcode : 'icmp'> <InPorts = 2> <OutPorts = 1>
ST_21 : Operation 198 [1/1] (0.00ns)   --->   "%empty_6 = call i32 (...)* @_ssdm_op_SpecLoopTripCount(i64 8, i64 8, i64 8) nounwind"   --->   Operation 198 'speclooptripcount' 'empty_6' <Predicate = true> <Delay = 0.00>
ST_21 : Operation 199 [1/1] (0.86ns)   --->   "%j_1 = add i4 %j1_0, 1" [mlp_FP/mlp.cpp:90]   --->   Operation 199 'add' 'j_1' <Predicate = true> <Delay = 0.86> <Core = "AddSub">   --->   Core 14 'AddSub' <Latency = 0> <II = 1> <Delay = 0.86> <FuncUnit> <Opcode : 'add' 'sub'> <InPorts = 2> <OutPorts = 1>
ST_21 : Operation 200 [1/1] (0.00ns)   --->   "br i1 %icmp_ln90, label %.preheader3.preheader, label %5" [mlp_FP/mlp.cpp:90]   --->   Operation 200 'br' <Predicate = true> <Delay = 0.00>
ST_21 : Operation 201 [1/1] (0.00ns)   --->   "%zext_ln91 = zext i4 %j1_0 to i64" [mlp_FP/mlp.cpp:91]   --->   Operation 201 'zext' 'zext_ln91' <Predicate = (!icmp_ln90)> <Delay = 0.00>
ST_21 : Operation 202 [1/1] (0.00ns)   --->   "%B2_addr = getelementptr inbounds [8 x float]* @B2, i64 0, i64 %zext_ln91" [mlp_FP/mlp.cpp:91]   --->   Operation 202 'getelementptr' 'B2_addr' <Predicate = (!icmp_ln90)> <Delay = 0.00>
ST_21 : Operation 203 [2/2] (1.35ns)   --->   "%acc_1 = load float* %B2_addr, align 4" [mlp_FP/mlp.cpp:91]   --->   Operation 203 'load' 'acc_1' <Predicate = (!icmp_ln90)> <Delay = 1.35> <Core = "ROM_nP">   --->   Core 52 'ROM_nP' <Latency = 1> <II = 1> <Delay = 1.35> <Storage> <Opcode : 'load'> <Ports = 0> <Width = 32> <Depth = 80> <ROM>
ST_21 : Operation 204 [1/1] (0.75ns)   --->   "br label %.preheader3" [mlp_FP/mlp.cpp:94]   --->   Operation 204 'br' <Predicate = (icmp_ln90)> <Delay = 0.75>

State 22 <SV = 3> <Delay = 1.35>
ST_22 : Operation 205 [1/1] (0.00ns)   --->   "call void (...)* @_ssdm_op_SpecLoopName([7 x i8]* @p_str2) nounwind" [mlp_FP/mlp.cpp:91]   --->   Operation 205 'specloopname' <Predicate = true> <Delay = 0.00>
ST_22 : Operation 206 [1/1] (0.00ns)   --->   "%zext_ln69_4 = zext i4 %j1_0 to i7" [mlp_FP/mlp.cpp:69->mlp_FP/mlp.cpp:91]   --->   Operation 206 'zext' 'zext_ln69_4' <Predicate = true> <Delay = 0.00>
ST_22 : Operation 207 [1/1] (0.00ns)   --->   "%tmp_10 = call i6 @_ssdm_op_BitConcatenate.i6.i4.i2(i4 %j1_0, i2 0)" [mlp_FP/mlp.cpp:69->mlp_FP/mlp.cpp:91]   --->   Operation 207 'bitconcatenate' 'tmp_10' <Predicate = true> <Delay = 0.00>
ST_22 : Operation 208 [1/1] (0.00ns)   --->   "%zext_ln69_5 = zext i6 %tmp_10 to i7" [mlp_FP/mlp.cpp:69->mlp_FP/mlp.cpp:91]   --->   Operation 208 'zext' 'zext_ln69_5' <Predicate = true> <Delay = 0.00>
ST_22 : Operation 209 [1/1] (0.88ns)   --->   "%add_ln69 = add i7 %zext_ln69_4, %zext_ln69_5" [mlp_FP/mlp.cpp:69->mlp_FP/mlp.cpp:91]   --->   Operation 209 'add' 'add_ln69' <Predicate = true> <Delay = 0.88> <Core = "AddSub">   --->   Core 14 'AddSub' <Latency = 0> <II = 1> <Delay = 0.86> <FuncUnit> <Opcode : 'add' 'sub'> <InPorts = 2> <OutPorts = 1>
ST_22 : Operation 210 [1/2] (1.35ns)   --->   "%acc_1 = load float* %B2_addr, align 4" [mlp_FP/mlp.cpp:91]   --->   Operation 210 'load' 'acc_1' <Predicate = true> <Delay = 1.35> <Core = "ROM_nP">   --->   Core 52 'ROM_nP' <Latency = 1> <II = 1> <Delay = 1.35> <Storage> <Opcode : 'load'> <Ports = 0> <Width = 32> <Depth = 80> <ROM>
ST_22 : Operation 211 [1/1] (0.75ns)   --->   "br label %6" [mlp_FP/mlp.cpp:68->mlp_FP/mlp.cpp:91]   --->   Operation 211 'br' <Predicate = true> <Delay = 0.75>

State 23 <SV = 4> <Delay = 3.34>
ST_23 : Operation 212 [1/1] (0.00ns)   --->   "%acc_0_i6 = phi float [ %acc_1, %5 ], [ %acc_4, %7 ]"   --->   Operation 212 'phi' 'acc_0_i6' <Predicate = true> <Delay = 0.00>
ST_23 : Operation 213 [1/1] (0.00ns)   --->   "%i_0_i7 = phi i3 [ 0, %5 ], [ %i_1, %7 ]"   --->   Operation 213 'phi' 'i_0_i7' <Predicate = true> <Delay = 0.00>
ST_23 : Operation 214 [1/1] (0.00ns)   --->   "%empty_7 = call i32 (...)* @_ssdm_op_SpecLoopTripCount(i64 5, i64 5, i64 5) nounwind"   --->   Operation 214 'speclooptripcount' 'empty_7' <Predicate = true> <Delay = 0.00>
ST_23 : Operation 215 [1/1] (0.69ns)   --->   "%icmp_ln68_1 = icmp eq i3 %i_0_i7, -3" [mlp_FP/mlp.cpp:68->mlp_FP/mlp.cpp:91]   --->   Operation 215 'icmp' 'icmp_ln68_1' <Predicate = true> <Delay = 0.69> <Core = "Cmp">   --->   Core 25 'Cmp' <Latency = 0> <II = 1> <Delay = 0.88> <FuncUnit> <Opcode : 'icmp'> <InPorts = 2> <OutPorts = 1>
ST_23 : Operation 216 [1/1] (0.74ns)   --->   "%i_1 = add i3 %i_0_i7, 1" [mlp_FP/mlp.cpp:68->mlp_FP/mlp.cpp:91]   --->   Operation 216 'add' 'i_1' <Predicate = true> <Delay = 0.74> <Core = "AddSub">   --->   Core 14 'AddSub' <Latency = 0> <II = 1> <Delay = 0.86> <FuncUnit> <Opcode : 'add' 'sub'> <InPorts = 2> <OutPorts = 1>
ST_23 : Operation 217 [1/1] (0.00ns)   --->   "br i1 %icmp_ln68_1, label %neuron.1.exit, label %7" [mlp_FP/mlp.cpp:68->mlp_FP/mlp.cpp:91]   --->   Operation 217 'br' <Predicate = true> <Delay = 0.00>
ST_23 : Operation 218 [1/1] (0.00ns)   --->   "%zext_ln69_1 = zext i3 %i_0_i7 to i64" [mlp_FP/mlp.cpp:69->mlp_FP/mlp.cpp:91]   --->   Operation 218 'zext' 'zext_ln69_1' <Predicate = (!icmp_ln68_1)> <Delay = 0.00>
ST_23 : Operation 219 [1/1] (0.00ns)   --->   "%zext_ln69_8 = zext i3 %i_0_i7 to i7" [mlp_FP/mlp.cpp:69->mlp_FP/mlp.cpp:91]   --->   Operation 219 'zext' 'zext_ln69_8' <Predicate = (!icmp_ln68_1)> <Delay = 0.00>
ST_23 : Operation 220 [1/1] (0.89ns)   --->   "%add_ln69_2 = add i7 %add_ln69, %zext_ln69_8" [mlp_FP/mlp.cpp:69->mlp_FP/mlp.cpp:91]   --->   Operation 220 'add' 'add_ln69_2' <Predicate = (!icmp_ln68_1)> <Delay = 0.89> <Core = "AddSub">   --->   Core 14 'AddSub' <Latency = 0> <II = 1> <Delay = 0.86> <FuncUnit> <Opcode : 'add' 'sub'> <InPorts = 2> <OutPorts = 1>
ST_23 : Operation 221 [1/1] (0.00ns)   --->   "%zext_ln69_9 = zext i7 %add_ln69_2 to i64" [mlp_FP/mlp.cpp:69->mlp_FP/mlp.cpp:91]   --->   Operation 221 'zext' 'zext_ln69_9' <Predicate = (!icmp_ln68_1)> <Delay = 0.00>
ST_23 : Operation 222 [1/1] (0.00ns)   --->   "%W2_addr = getelementptr [40 x float]* @W2, i64 0, i64 %zext_ln69_9" [mlp_FP/mlp.cpp:69->mlp_FP/mlp.cpp:91]   --->   Operation 222 'getelementptr' 'W2_addr' <Predicate = (!icmp_ln68_1)> <Delay = 0.00>
ST_23 : Operation 223 [1/1] (0.00ns)   --->   "%a1_addr_1 = getelementptr [5 x float]* %a1, i64 0, i64 %zext_ln69_1" [mlp_FP/mlp.cpp:69->mlp_FP/mlp.cpp:91]   --->   Operation 223 'getelementptr' 'a1_addr_1' <Predicate = (!icmp_ln68_1)> <Delay = 0.00>
ST_23 : Operation 224 [2/2] (0.79ns)   --->   "%a1_load = load float* %a1_addr_1, align 4" [mlp_FP/mlp.cpp:69->mlp_FP/mlp.cpp:91]   --->   Operation 224 'load' 'a1_load' <Predicate = (!icmp_ln68_1)> <Delay = 0.79> <Core = "RAM">   --->   Core 37 'RAM' <Latency = 1> <II = 1> <Delay = 0.79> <Storage> <Opcode : 'load' 'store'> <Ports = 2> <Width = 32> <Depth = 10> <RAM>
ST_23 : Operation 225 [2/2] (1.35ns)   --->   "%W2_load = load float* %W2_addr, align 4" [mlp_FP/mlp.cpp:69->mlp_FP/mlp.cpp:91]   --->   Operation 225 'load' 'W2_load' <Predicate = (!icmp_ln68_1)> <Delay = 1.35> <Core = "ROM_nP">   --->   Core 52 'ROM_nP' <Latency = 1> <II = 1> <Delay = 1.35> <Storage> <Opcode : 'load'> <Ports = 0> <Width = 32> <Depth = 80> <ROM>
ST_23 : Operation 226 [2/2] (3.34ns)   --->   "%tmp_3 = fcmp olt float %acc_0_i6, 0.000000e+00" [mlp_FP/mlp.cpp:72->mlp_FP/mlp.cpp:91]   --->   Operation 226 'fcmp' 'tmp_3' <Predicate = (icmp_ln68_1)> <Delay = 3.34> <Core = "FCmp">   --->   Core 111 'FCmp' <Latency = 1> <II = 1> <Delay = 3.34> <FuncUnit> <Opcode : 'fcmp'> <InPorts = 2> <OutPorts = 1>

State 24 <SV = 5> <Delay = 1.35>
ST_24 : Operation 227 [1/2] (0.79ns)   --->   "%a1_load = load float* %a1_addr_1, align 4" [mlp_FP/mlp.cpp:69->mlp_FP/mlp.cpp:91]   --->   Operation 227 'load' 'a1_load' <Predicate = true> <Delay = 0.79> <Core = "RAM">   --->   Core 37 'RAM' <Latency = 1> <II = 1> <Delay = 0.79> <Storage> <Opcode : 'load' 'store'> <Ports = 2> <Width = 32> <Depth = 10> <RAM>
ST_24 : Operation 228 [1/2] (1.35ns)   --->   "%W2_load = load float* %W2_addr, align 4" [mlp_FP/mlp.cpp:69->mlp_FP/mlp.cpp:91]   --->   Operation 228 'load' 'W2_load' <Predicate = true> <Delay = 1.35> <Core = "ROM_nP">   --->   Core 52 'ROM_nP' <Latency = 1> <II = 1> <Delay = 1.35> <Storage> <Opcode : 'load'> <Ports = 0> <Width = 32> <Depth = 80> <ROM>

State 25 <SV = 6> <Delay = 3.74>
ST_25 : Operation 229 [5/5] (3.74ns)   --->   "%tmp_i1 = fmul float %a1_load, %W2_load" [mlp_FP/mlp.cpp:69->mlp_FP/mlp.cpp:91]   --->   Operation 229 'fmul' 'tmp_i1' <Predicate = true> <Delay = 3.74> <Core = "FMul">   --->   Core 106 'FMul' <Latency = 4> <II = 1> <Delay = 3.74> <FuncUnit> <Opcode : 'fmul'> <InPorts = 2> <OutPorts = 1>

State 26 <SV = 7> <Delay = 3.74>
ST_26 : Operation 230 [4/5] (3.74ns)   --->   "%tmp_i1 = fmul float %a1_load, %W2_load" [mlp_FP/mlp.cpp:69->mlp_FP/mlp.cpp:91]   --->   Operation 230 'fmul' 'tmp_i1' <Predicate = true> <Delay = 3.74> <Core = "FMul">   --->   Core 106 'FMul' <Latency = 4> <II = 1> <Delay = 3.74> <FuncUnit> <Opcode : 'fmul'> <InPorts = 2> <OutPorts = 1>

State 27 <SV = 8> <Delay = 3.74>
ST_27 : Operation 231 [3/5] (3.74ns)   --->   "%tmp_i1 = fmul float %a1_load, %W2_load" [mlp_FP/mlp.cpp:69->mlp_FP/mlp.cpp:91]   --->   Operation 231 'fmul' 'tmp_i1' <Predicate = true> <Delay = 3.74> <Core = "FMul">   --->   Core 106 'FMul' <Latency = 4> <II = 1> <Delay = 3.74> <FuncUnit> <Opcode : 'fmul'> <InPorts = 2> <OutPorts = 1>

State 28 <SV = 9> <Delay = 3.74>
ST_28 : Operation 232 [2/5] (3.74ns)   --->   "%tmp_i1 = fmul float %a1_load, %W2_load" [mlp_FP/mlp.cpp:69->mlp_FP/mlp.cpp:91]   --->   Operation 232 'fmul' 'tmp_i1' <Predicate = true> <Delay = 3.74> <Core = "FMul">   --->   Core 106 'FMul' <Latency = 4> <II = 1> <Delay = 3.74> <FuncUnit> <Opcode : 'fmul'> <InPorts = 2> <OutPorts = 1>

State 29 <SV = 10> <Delay = 3.74>
ST_29 : Operation 233 [1/5] (3.74ns)   --->   "%tmp_i1 = fmul float %a1_load, %W2_load" [mlp_FP/mlp.cpp:69->mlp_FP/mlp.cpp:91]   --->   Operation 233 'fmul' 'tmp_i1' <Predicate = true> <Delay = 3.74> <Core = "FMul">   --->   Core 106 'FMul' <Latency = 4> <II = 1> <Delay = 3.74> <FuncUnit> <Opcode : 'fmul'> <InPorts = 2> <OutPorts = 1>

State 30 <SV = 11> <Delay = 4.18>
ST_30 : Operation 234 [8/8] (4.18ns)   --->   "%acc_4 = fadd float %acc_0_i6, %tmp_i1" [mlp_FP/mlp.cpp:69->mlp_FP/mlp.cpp:91]   --->   Operation 234 'fadd' 'acc_4' <Predicate = true> <Delay = 4.18> <Core = "FAddSub">   --->   Core 105 'FAddSub' <Latency = 7> <II = 1> <Delay = 4.18> <FuncUnit> <Opcode : 'fadd' 'fsub'> <InPorts = 2> <OutPorts = 1>

State 31 <SV = 12> <Delay = 4.18>
ST_31 : Operation 235 [7/8] (4.18ns)   --->   "%acc_4 = fadd float %acc_0_i6, %tmp_i1" [mlp_FP/mlp.cpp:69->mlp_FP/mlp.cpp:91]   --->   Operation 235 'fadd' 'acc_4' <Predicate = true> <Delay = 4.18> <Core = "FAddSub">   --->   Core 105 'FAddSub' <Latency = 7> <II = 1> <Delay = 4.18> <FuncUnit> <Opcode : 'fadd' 'fsub'> <InPorts = 2> <OutPorts = 1>

State 32 <SV = 13> <Delay = 4.18>
ST_32 : Operation 236 [6/8] (4.18ns)   --->   "%acc_4 = fadd float %acc_0_i6, %tmp_i1" [mlp_FP/mlp.cpp:69->mlp_FP/mlp.cpp:91]   --->   Operation 236 'fadd' 'acc_4' <Predicate = true> <Delay = 4.18> <Core = "FAddSub">   --->   Core 105 'FAddSub' <Latency = 7> <II = 1> <Delay = 4.18> <FuncUnit> <Opcode : 'fadd' 'fsub'> <InPorts = 2> <OutPorts = 1>

State 33 <SV = 14> <Delay = 4.18>
ST_33 : Operation 237 [5/8] (4.18ns)   --->   "%acc_4 = fadd float %acc_0_i6, %tmp_i1" [mlp_FP/mlp.cpp:69->mlp_FP/mlp.cpp:91]   --->   Operation 237 'fadd' 'acc_4' <Predicate = true> <Delay = 4.18> <Core = "FAddSub">   --->   Core 105 'FAddSub' <Latency = 7> <II = 1> <Delay = 4.18> <FuncUnit> <Opcode : 'fadd' 'fsub'> <InPorts = 2> <OutPorts = 1>

State 34 <SV = 15> <Delay = 4.18>
ST_34 : Operation 238 [4/8] (4.18ns)   --->   "%acc_4 = fadd float %acc_0_i6, %tmp_i1" [mlp_FP/mlp.cpp:69->mlp_FP/mlp.cpp:91]   --->   Operation 238 'fadd' 'acc_4' <Predicate = true> <Delay = 4.18> <Core = "FAddSub">   --->   Core 105 'FAddSub' <Latency = 7> <II = 1> <Delay = 4.18> <FuncUnit> <Opcode : 'fadd' 'fsub'> <InPorts = 2> <OutPorts = 1>

State 35 <SV = 16> <Delay = 4.18>
ST_35 : Operation 239 [3/8] (4.18ns)   --->   "%acc_4 = fadd float %acc_0_i6, %tmp_i1" [mlp_FP/mlp.cpp:69->mlp_FP/mlp.cpp:91]   --->   Operation 239 'fadd' 'acc_4' <Predicate = true> <Delay = 4.18> <Core = "FAddSub">   --->   Core 105 'FAddSub' <Latency = 7> <II = 1> <Delay = 4.18> <FuncUnit> <Opcode : 'fadd' 'fsub'> <InPorts = 2> <OutPorts = 1>

State 36 <SV = 17> <Delay = 4.18>
ST_36 : Operation 240 [2/8] (4.18ns)   --->   "%acc_4 = fadd float %acc_0_i6, %tmp_i1" [mlp_FP/mlp.cpp:69->mlp_FP/mlp.cpp:91]   --->   Operation 240 'fadd' 'acc_4' <Predicate = true> <Delay = 4.18> <Core = "FAddSub">   --->   Core 105 'FAddSub' <Latency = 7> <II = 1> <Delay = 4.18> <FuncUnit> <Opcode : 'fadd' 'fsub'> <InPorts = 2> <OutPorts = 1>

State 37 <SV = 18> <Delay = 4.18>
ST_37 : Operation 241 [1/1] (0.00ns)   --->   "call void (...)* @_ssdm_op_SpecLoopName([11 x i8]* @p_str) nounwind" [mlp_FP/mlp.cpp:68->mlp_FP/mlp.cpp:91]   --->   Operation 241 'specloopname' <Predicate = true> <Delay = 0.00>
ST_37 : Operation 242 [1/8] (4.18ns)   --->   "%acc_4 = fadd float %acc_0_i6, %tmp_i1" [mlp_FP/mlp.cpp:69->mlp_FP/mlp.cpp:91]   --->   Operation 242 'fadd' 'acc_4' <Predicate = true> <Delay = 4.18> <Core = "FAddSub">   --->   Core 105 'FAddSub' <Latency = 7> <II = 1> <Delay = 4.18> <FuncUnit> <Opcode : 'fadd' 'fsub'> <InPorts = 2> <OutPorts = 1>
ST_37 : Operation 243 [1/1] (0.00ns)   --->   "br label %6" [mlp_FP/mlp.cpp:68->mlp_FP/mlp.cpp:91]   --->   Operation 243 'br' <Predicate = true> <Delay = 0.00>

State 38 <SV = 5> <Delay = 3.34>
ST_38 : Operation 244 [1/2] (3.34ns)   --->   "%tmp_3 = fcmp olt float %acc_0_i6, 0.000000e+00" [mlp_FP/mlp.cpp:72->mlp_FP/mlp.cpp:91]   --->   Operation 244 'fcmp' 'tmp_3' <Predicate = true> <Delay = 3.34> <Core = "FCmp">   --->   Core 111 'FCmp' <Latency = 1> <II = 1> <Delay = 3.34> <FuncUnit> <Opcode : 'fcmp'> <InPorts = 2> <OutPorts = 1>

State 39 <SV = 6> <Delay = 2.28>
ST_39 : Operation 245 [1/1] (0.00ns)   --->   "%bitcast_ln72_1 = bitcast float %acc_0_i6 to i32" [mlp_FP/mlp.cpp:72->mlp_FP/mlp.cpp:91]   --->   Operation 245 'bitcast' 'bitcast_ln72_1' <Predicate = true> <Delay = 0.00>
ST_39 : Operation 246 [1/1] (0.00ns)   --->   "%tmp_2 = call i8 @_ssdm_op_PartSelect.i8.i32.i32.i32(i32 %bitcast_ln72_1, i32 23, i32 30)" [mlp_FP/mlp.cpp:72->mlp_FP/mlp.cpp:91]   --->   Operation 246 'partselect' 'tmp_2' <Predicate = true> <Delay = 0.00>
ST_39 : Operation 247 [1/1] (0.00ns)   --->   "%trunc_ln72_1 = trunc i32 %bitcast_ln72_1 to i23" [mlp_FP/mlp.cpp:72->mlp_FP/mlp.cpp:91]   --->   Operation 247 'trunc' 'trunc_ln72_1' <Predicate = true> <Delay = 0.00>
ST_39 : Operation 248 [1/1] (0.85ns)   --->   "%icmp_ln72_2 = icmp ne i8 %tmp_2, -1" [mlp_FP/mlp.cpp:72->mlp_FP/mlp.cpp:91]   --->   Operation 248 'icmp' 'icmp_ln72_2' <Predicate = true> <Delay = 0.85> <Core = "Cmp">   --->   Core 25 'Cmp' <Latency = 0> <II = 1> <Delay = 0.88> <FuncUnit> <Opcode : 'icmp'> <InPorts = 2> <OutPorts = 1>
ST_39 : Operation 249 [1/1] (0.97ns)   --->   "%icmp_ln72_3 = icmp eq i23 %trunc_ln72_1, 0" [mlp_FP/mlp.cpp:72->mlp_FP/mlp.cpp:91]   --->   Operation 249 'icmp' 'icmp_ln72_3' <Predicate = true> <Delay = 0.97> <Core = "Cmp">   --->   Core 25 'Cmp' <Latency = 0> <II = 1> <Delay = 0.88> <FuncUnit> <Opcode : 'icmp'> <InPorts = 2> <OutPorts = 1>
ST_39 : Operation 250 [1/1] (0.00ns) (grouped into LUT with out node select_ln72_1)   --->   "%or_ln72_1 = or i1 %icmp_ln72_3, %icmp_ln72_2" [mlp_FP/mlp.cpp:72->mlp_FP/mlp.cpp:91]   --->   Operation 250 'or' 'or_ln72_1' <Predicate = true> <Delay = 0.00> <Core = "LogicGate">   --->   Core 27 'LogicGate' <Latency = 0> <II = 1> <Delay = 0.33> <FuncUnit> <Opcode : 'and' 'or' 'xor'> <InPorts = 2> <OutPorts = 1>
ST_39 : Operation 251 [1/1] (0.00ns) (grouped into LUT with out node select_ln72_1)   --->   "%and_ln72_1 = and i1 %or_ln72_1, %tmp_3" [mlp_FP/mlp.cpp:72->mlp_FP/mlp.cpp:91]   --->   Operation 251 'and' 'and_ln72_1' <Predicate = true> <Delay = 0.00> <Core = "LogicGate">   --->   Core 27 'LogicGate' <Latency = 0> <II = 1> <Delay = 0.33> <FuncUnit> <Opcode : 'and' 'or' 'xor'> <InPorts = 2> <OutPorts = 1>
ST_39 : Operation 252 [1/1] (0.52ns) (out node of the LUT)   --->   "%select_ln72_1 = select i1 %and_ln72_1, float 0.000000e+00, float %acc_0_i6" [mlp_FP/mlp.cpp:72->mlp_FP/mlp.cpp:91]   --->   Operation 252 'select' 'select_ln72_1' <Predicate = true> <Delay = 0.52> <Core = "Sel">   --->   Core 26 'Sel' <Latency = 0> <II = 1> <Delay = 0.52> <FuncUnit> <Opcode : 'select'> <InPorts = 3> <OutPorts = 1>
ST_39 : Operation 253 [1/1] (0.00ns)   --->   "%a2_addr = getelementptr inbounds [8 x float]* %a2, i64 0, i64 %zext_ln91" [mlp_FP/mlp.cpp:91]   --->   Operation 253 'getelementptr' 'a2_addr' <Predicate = true> <Delay = 0.00>
ST_39 : Operation 254 [1/1] (0.79ns)   --->   "store float %select_ln72_1, float* %a2_addr, align 4" [mlp_FP/mlp.cpp:91]   --->   Operation 254 'store' <Predicate = true> <Delay = 0.79> <Core = "RAM">   --->   Core 37 'RAM' <Latency = 1> <II = 1> <Delay = 0.79> <Storage> <Opcode : 'load' 'store'> <Ports = 2> <Width = 32> <Depth = 10> <RAM>
ST_39 : Operation 255 [1/1] (0.00ns)   --->   "br label %.preheader4" [mlp_FP/mlp.cpp:90]   --->   Operation 255 'br' <Predicate = true> <Delay = 0.00>

State 40 <SV = 3> <Delay = 1.35>
ST_40 : Operation 256 [1/1] (0.00ns)   --->   "%j2_0 = phi i4 [ %j_2, %neuron.exit ], [ 0, %.preheader3.preheader ]"   --->   Operation 256 'phi' 'j2_0' <Predicate = true> <Delay = 0.00>
ST_40 : Operation 257 [1/1] (0.88ns)   --->   "%icmp_ln94 = icmp eq i4 %j2_0, -8" [mlp_FP/mlp.cpp:94]   --->   Operation 257 'icmp' 'icmp_ln94' <Predicate = true> <Delay = 0.88> <Core = "Cmp">   --->   Core 25 'Cmp' <Latency = 0> <II = 1> <Delay = 0.88> <FuncUnit> <Opcode : 'icmp'> <InPorts = 2> <OutPorts = 1>
ST_40 : Operation 258 [1/1] (0.00ns)   --->   "%empty_8 = call i32 (...)* @_ssdm_op_SpecLoopTripCount(i64 8, i64 8, i64 8) nounwind"   --->   Operation 258 'speclooptripcount' 'empty_8' <Predicate = true> <Delay = 0.00>
ST_40 : Operation 259 [1/1] (0.86ns)   --->   "%j_2 = add i4 %j2_0, 1" [mlp_FP/mlp.cpp:94]   --->   Operation 259 'add' 'j_2' <Predicate = true> <Delay = 0.86> <Core = "AddSub">   --->   Core 14 'AddSub' <Latency = 0> <II = 1> <Delay = 0.86> <FuncUnit> <Opcode : 'add' 'sub'> <InPorts = 2> <OutPorts = 1>
ST_40 : Operation 260 [1/1] (0.00ns)   --->   "br i1 %icmp_ln94, label %.preheader2.preheader, label %8" [mlp_FP/mlp.cpp:94]   --->   Operation 260 'br' <Predicate = true> <Delay = 0.00>
ST_40 : Operation 261 [1/1] (0.00ns)   --->   "%zext_ln95 = zext i4 %j2_0 to i64" [mlp_FP/mlp.cpp:95]   --->   Operation 261 'zext' 'zext_ln95' <Predicate = (!icmp_ln94)> <Delay = 0.00>
ST_40 : Operation 262 [1/1] (0.00ns)   --->   "%B3_addr = getelementptr inbounds [8 x float]* @B3, i64 0, i64 %zext_ln95" [mlp_FP/mlp.cpp:95]   --->   Operation 262 'getelementptr' 'B3_addr' <Predicate = (!icmp_ln94)> <Delay = 0.00>
ST_40 : Operation 263 [2/2] (1.35ns)   --->   "%acc_3 = load float* %B3_addr, align 4" [mlp_FP/mlp.cpp:95]   --->   Operation 263 'load' 'acc_3' <Predicate = (!icmp_ln94)> <Delay = 1.35> <Core = "ROM_nP">   --->   Core 52 'ROM_nP' <Latency = 1> <II = 1> <Delay = 1.35> <Storage> <Opcode : 'load'> <Ports = 0> <Width = 32> <Depth = 80> <ROM>
ST_40 : Operation 264 [1/1] (0.75ns)   --->   "br label %.preheader2" [mlp_FP/mlp.cpp:98]   --->   Operation 264 'br' <Predicate = (icmp_ln94)> <Delay = 0.75>

State 41 <SV = 4> <Delay = 1.35>
ST_41 : Operation 265 [1/1] (0.00ns)   --->   "call void (...)* @_ssdm_op_SpecLoopName([7 x i8]* @p_str3) nounwind" [mlp_FP/mlp.cpp:95]   --->   Operation 265 'specloopname' <Predicate = true> <Delay = 0.00>
ST_41 : Operation 266 [1/1] (0.00ns)   --->   "%tmp_11 = call i7 @_ssdm_op_BitConcatenate.i7.i4.i3(i4 %j2_0, i3 0)" [mlp_FP/mlp.cpp:69->mlp_FP/mlp.cpp:95]   --->   Operation 266 'bitconcatenate' 'tmp_11' <Predicate = true> <Delay = 0.00>
ST_41 : Operation 267 [1/1] (0.00ns)   --->   "%zext_ln95_1 = zext i7 %tmp_11 to i8" [mlp_FP/mlp.cpp:95]   --->   Operation 267 'zext' 'zext_ln95_1' <Predicate = true> <Delay = 0.00>
ST_41 : Operation 268 [1/2] (1.35ns)   --->   "%acc_3 = load float* %B3_addr, align 4" [mlp_FP/mlp.cpp:95]   --->   Operation 268 'load' 'acc_3' <Predicate = true> <Delay = 1.35> <Core = "ROM_nP">   --->   Core 52 'ROM_nP' <Latency = 1> <II = 1> <Delay = 1.35> <Storage> <Opcode : 'load'> <Ports = 0> <Width = 32> <Depth = 80> <ROM>
ST_41 : Operation 269 [1/1] (0.75ns)   --->   "br label %9" [mlp_FP/mlp.cpp:68->mlp_FP/mlp.cpp:95]   --->   Operation 269 'br' <Predicate = true> <Delay = 0.75>

State 42 <SV = 5> <Delay = 3.34>
ST_42 : Operation 270 [1/1] (0.00ns)   --->   "%acc_0_i17 = phi float [ %acc_3, %8 ], [ %acc_6, %10 ]"   --->   Operation 270 'phi' 'acc_0_i17' <Predicate = true> <Delay = 0.00>
ST_42 : Operation 271 [1/1] (0.00ns)   --->   "%i_0_i18 = phi i4 [ 0, %8 ], [ %i_2, %10 ]"   --->   Operation 271 'phi' 'i_0_i18' <Predicate = true> <Delay = 0.00>
ST_42 : Operation 272 [1/1] (0.00ns)   --->   "%empty_9 = call i32 (...)* @_ssdm_op_SpecLoopTripCount(i64 8, i64 8, i64 8) nounwind"   --->   Operation 272 'speclooptripcount' 'empty_9' <Predicate = true> <Delay = 0.00>
ST_42 : Operation 273 [1/1] (0.88ns)   --->   "%icmp_ln68_2 = icmp eq i4 %i_0_i18, -8" [mlp_FP/mlp.cpp:68->mlp_FP/mlp.cpp:95]   --->   Operation 273 'icmp' 'icmp_ln68_2' <Predicate = true> <Delay = 0.88> <Core = "Cmp">   --->   Core 25 'Cmp' <Latency = 0> <II = 1> <Delay = 0.88> <FuncUnit> <Opcode : 'icmp'> <InPorts = 2> <OutPorts = 1>
ST_42 : Operation 274 [1/1] (0.86ns)   --->   "%i_2 = add i4 %i_0_i18, 1" [mlp_FP/mlp.cpp:68->mlp_FP/mlp.cpp:95]   --->   Operation 274 'add' 'i_2' <Predicate = true> <Delay = 0.86> <Core = "AddSub">   --->   Core 14 'AddSub' <Latency = 0> <II = 1> <Delay = 0.86> <FuncUnit> <Opcode : 'add' 'sub'> <InPorts = 2> <OutPorts = 1>
ST_42 : Operation 275 [1/1] (0.00ns)   --->   "br i1 %icmp_ln68_2, label %neuron.exit, label %10" [mlp_FP/mlp.cpp:68->mlp_FP/mlp.cpp:95]   --->   Operation 275 'br' <Predicate = true> <Delay = 0.00>
ST_42 : Operation 276 [1/1] (0.00ns)   --->   "%zext_ln69_2 = zext i4 %i_0_i18 to i64" [mlp_FP/mlp.cpp:69->mlp_FP/mlp.cpp:95]   --->   Operation 276 'zext' 'zext_ln69_2' <Predicate = (!icmp_ln68_2)> <Delay = 0.00>
ST_42 : Operation 277 [1/1] (0.00ns)   --->   "%zext_ln69_10 = zext i4 %i_0_i18 to i8" [mlp_FP/mlp.cpp:69->mlp_FP/mlp.cpp:95]   --->   Operation 277 'zext' 'zext_ln69_10' <Predicate = (!icmp_ln68_2)> <Delay = 0.00>
ST_42 : Operation 278 [1/1] (0.89ns)   --->   "%add_ln69_3 = add i8 %zext_ln95_1, %zext_ln69_10" [mlp_FP/mlp.cpp:69->mlp_FP/mlp.cpp:95]   --->   Operation 278 'add' 'add_ln69_3' <Predicate = (!icmp_ln68_2)> <Delay = 0.89> <Core = "AddSub">   --->   Core 14 'AddSub' <Latency = 0> <II = 1> <Delay = 0.86> <FuncUnit> <Opcode : 'add' 'sub'> <InPorts = 2> <OutPorts = 1>
ST_42 : Operation 279 [1/1] (0.00ns)   --->   "%zext_ln69_11 = zext i8 %add_ln69_3 to i64" [mlp_FP/mlp.cpp:69->mlp_FP/mlp.cpp:95]   --->   Operation 279 'zext' 'zext_ln69_11' <Predicate = (!icmp_ln68_2)> <Delay = 0.00>
ST_42 : Operation 280 [1/1] (0.00ns)   --->   "%W3_addr = getelementptr [64 x float]* @W3, i64 0, i64 %zext_ln69_11" [mlp_FP/mlp.cpp:69->mlp_FP/mlp.cpp:95]   --->   Operation 280 'getelementptr' 'W3_addr' <Predicate = (!icmp_ln68_2)> <Delay = 0.00>
ST_42 : Operation 281 [1/1] (0.00ns)   --->   "%a2_addr_1 = getelementptr [8 x float]* %a2, i64 0, i64 %zext_ln69_2" [mlp_FP/mlp.cpp:69->mlp_FP/mlp.cpp:95]   --->   Operation 281 'getelementptr' 'a2_addr_1' <Predicate = (!icmp_ln68_2)> <Delay = 0.00>
ST_42 : Operation 282 [2/2] (0.79ns)   --->   "%a2_load = load float* %a2_addr_1, align 4" [mlp_FP/mlp.cpp:69->mlp_FP/mlp.cpp:95]   --->   Operation 282 'load' 'a2_load' <Predicate = (!icmp_ln68_2)> <Delay = 0.79> <Core = "RAM">   --->   Core 37 'RAM' <Latency = 1> <II = 1> <Delay = 0.79> <Storage> <Opcode : 'load' 'store'> <Ports = 2> <Width = 32> <Depth = 10> <RAM>
ST_42 : Operation 283 [2/2] (1.35ns)   --->   "%W3_load = load float* %W3_addr, align 4" [mlp_FP/mlp.cpp:69->mlp_FP/mlp.cpp:95]   --->   Operation 283 'load' 'W3_load' <Predicate = (!icmp_ln68_2)> <Delay = 1.35> <Core = "ROM_nP">   --->   Core 52 'ROM_nP' <Latency = 1> <II = 1> <Delay = 1.35> <Storage> <Opcode : 'load'> <Ports = 0> <Width = 32> <Depth = 80> <ROM>
ST_42 : Operation 284 [2/2] (3.34ns)   --->   "%tmp_5 = fcmp olt float %acc_0_i17, 0.000000e+00" [mlp_FP/mlp.cpp:72->mlp_FP/mlp.cpp:95]   --->   Operation 284 'fcmp' 'tmp_5' <Predicate = (icmp_ln68_2)> <Delay = 3.34> <Core = "FCmp">   --->   Core 111 'FCmp' <Latency = 1> <II = 1> <Delay = 3.34> <FuncUnit> <Opcode : 'fcmp'> <InPorts = 2> <OutPorts = 1>

State 43 <SV = 6> <Delay = 1.35>
ST_43 : Operation 285 [1/2] (0.79ns)   --->   "%a2_load = load float* %a2_addr_1, align 4" [mlp_FP/mlp.cpp:69->mlp_FP/mlp.cpp:95]   --->   Operation 285 'load' 'a2_load' <Predicate = true> <Delay = 0.79> <Core = "RAM">   --->   Core 37 'RAM' <Latency = 1> <II = 1> <Delay = 0.79> <Storage> <Opcode : 'load' 'store'> <Ports = 2> <Width = 32> <Depth = 10> <RAM>
ST_43 : Operation 286 [1/2] (1.35ns)   --->   "%W3_load = load float* %W3_addr, align 4" [mlp_FP/mlp.cpp:69->mlp_FP/mlp.cpp:95]   --->   Operation 286 'load' 'W3_load' <Predicate = true> <Delay = 1.35> <Core = "ROM_nP">   --->   Core 52 'ROM_nP' <Latency = 1> <II = 1> <Delay = 1.35> <Storage> <Opcode : 'load'> <Ports = 0> <Width = 32> <Depth = 80> <ROM>

State 44 <SV = 7> <Delay = 3.74>
ST_44 : Operation 287 [5/5] (3.74ns)   --->   "%tmp_i2 = fmul float %a2_load, %W3_load" [mlp_FP/mlp.cpp:69->mlp_FP/mlp.cpp:95]   --->   Operation 287 'fmul' 'tmp_i2' <Predicate = true> <Delay = 3.74> <Core = "FMul">   --->   Core 106 'FMul' <Latency = 4> <II = 1> <Delay = 3.74> <FuncUnit> <Opcode : 'fmul'> <InPorts = 2> <OutPorts = 1>

State 45 <SV = 8> <Delay = 3.74>
ST_45 : Operation 288 [4/5] (3.74ns)   --->   "%tmp_i2 = fmul float %a2_load, %W3_load" [mlp_FP/mlp.cpp:69->mlp_FP/mlp.cpp:95]   --->   Operation 288 'fmul' 'tmp_i2' <Predicate = true> <Delay = 3.74> <Core = "FMul">   --->   Core 106 'FMul' <Latency = 4> <II = 1> <Delay = 3.74> <FuncUnit> <Opcode : 'fmul'> <InPorts = 2> <OutPorts = 1>

State 46 <SV = 9> <Delay = 3.74>
ST_46 : Operation 289 [3/5] (3.74ns)   --->   "%tmp_i2 = fmul float %a2_load, %W3_load" [mlp_FP/mlp.cpp:69->mlp_FP/mlp.cpp:95]   --->   Operation 289 'fmul' 'tmp_i2' <Predicate = true> <Delay = 3.74> <Core = "FMul">   --->   Core 106 'FMul' <Latency = 4> <II = 1> <Delay = 3.74> <FuncUnit> <Opcode : 'fmul'> <InPorts = 2> <OutPorts = 1>

State 47 <SV = 10> <Delay = 3.74>
ST_47 : Operation 290 [2/5] (3.74ns)   --->   "%tmp_i2 = fmul float %a2_load, %W3_load" [mlp_FP/mlp.cpp:69->mlp_FP/mlp.cpp:95]   --->   Operation 290 'fmul' 'tmp_i2' <Predicate = true> <Delay = 3.74> <Core = "FMul">   --->   Core 106 'FMul' <Latency = 4> <II = 1> <Delay = 3.74> <FuncUnit> <Opcode : 'fmul'> <InPorts = 2> <OutPorts = 1>

State 48 <SV = 11> <Delay = 3.74>
ST_48 : Operation 291 [1/5] (3.74ns)   --->   "%tmp_i2 = fmul float %a2_load, %W3_load" [mlp_FP/mlp.cpp:69->mlp_FP/mlp.cpp:95]   --->   Operation 291 'fmul' 'tmp_i2' <Predicate = true> <Delay = 3.74> <Core = "FMul">   --->   Core 106 'FMul' <Latency = 4> <II = 1> <Delay = 3.74> <FuncUnit> <Opcode : 'fmul'> <InPorts = 2> <OutPorts = 1>

State 49 <SV = 12> <Delay = 4.18>
ST_49 : Operation 292 [8/8] (4.18ns)   --->   "%acc_6 = fadd float %acc_0_i17, %tmp_i2" [mlp_FP/mlp.cpp:69->mlp_FP/mlp.cpp:95]   --->   Operation 292 'fadd' 'acc_6' <Predicate = true> <Delay = 4.18> <Core = "FAddSub">   --->   Core 105 'FAddSub' <Latency = 7> <II = 1> <Delay = 4.18> <FuncUnit> <Opcode : 'fadd' 'fsub'> <InPorts = 2> <OutPorts = 1>

State 50 <SV = 13> <Delay = 4.18>
ST_50 : Operation 293 [7/8] (4.18ns)   --->   "%acc_6 = fadd float %acc_0_i17, %tmp_i2" [mlp_FP/mlp.cpp:69->mlp_FP/mlp.cpp:95]   --->   Operation 293 'fadd' 'acc_6' <Predicate = true> <Delay = 4.18> <Core = "FAddSub">   --->   Core 105 'FAddSub' <Latency = 7> <II = 1> <Delay = 4.18> <FuncUnit> <Opcode : 'fadd' 'fsub'> <InPorts = 2> <OutPorts = 1>

State 51 <SV = 14> <Delay = 4.18>
ST_51 : Operation 294 [6/8] (4.18ns)   --->   "%acc_6 = fadd float %acc_0_i17, %tmp_i2" [mlp_FP/mlp.cpp:69->mlp_FP/mlp.cpp:95]   --->   Operation 294 'fadd' 'acc_6' <Predicate = true> <Delay = 4.18> <Core = "FAddSub">   --->   Core 105 'FAddSub' <Latency = 7> <II = 1> <Delay = 4.18> <FuncUnit> <Opcode : 'fadd' 'fsub'> <InPorts = 2> <OutPorts = 1>

State 52 <SV = 15> <Delay = 4.18>
ST_52 : Operation 295 [5/8] (4.18ns)   --->   "%acc_6 = fadd float %acc_0_i17, %tmp_i2" [mlp_FP/mlp.cpp:69->mlp_FP/mlp.cpp:95]   --->   Operation 295 'fadd' 'acc_6' <Predicate = true> <Delay = 4.18> <Core = "FAddSub">   --->   Core 105 'FAddSub' <Latency = 7> <II = 1> <Delay = 4.18> <FuncUnit> <Opcode : 'fadd' 'fsub'> <InPorts = 2> <OutPorts = 1>

State 53 <SV = 16> <Delay = 4.18>
ST_53 : Operation 296 [4/8] (4.18ns)   --->   "%acc_6 = fadd float %acc_0_i17, %tmp_i2" [mlp_FP/mlp.cpp:69->mlp_FP/mlp.cpp:95]   --->   Operation 296 'fadd' 'acc_6' <Predicate = true> <Delay = 4.18> <Core = "FAddSub">   --->   Core 105 'FAddSub' <Latency = 7> <II = 1> <Delay = 4.18> <FuncUnit> <Opcode : 'fadd' 'fsub'> <InPorts = 2> <OutPorts = 1>

State 54 <SV = 17> <Delay = 4.18>
ST_54 : Operation 297 [3/8] (4.18ns)   --->   "%acc_6 = fadd float %acc_0_i17, %tmp_i2" [mlp_FP/mlp.cpp:69->mlp_FP/mlp.cpp:95]   --->   Operation 297 'fadd' 'acc_6' <Predicate = true> <Delay = 4.18> <Core = "FAddSub">   --->   Core 105 'FAddSub' <Latency = 7> <II = 1> <Delay = 4.18> <FuncUnit> <Opcode : 'fadd' 'fsub'> <InPorts = 2> <OutPorts = 1>

State 55 <SV = 18> <Delay = 4.18>
ST_55 : Operation 298 [2/8] (4.18ns)   --->   "%acc_6 = fadd float %acc_0_i17, %tmp_i2" [mlp_FP/mlp.cpp:69->mlp_FP/mlp.cpp:95]   --->   Operation 298 'fadd' 'acc_6' <Predicate = true> <Delay = 4.18> <Core = "FAddSub">   --->   Core 105 'FAddSub' <Latency = 7> <II = 1> <Delay = 4.18> <FuncUnit> <Opcode : 'fadd' 'fsub'> <InPorts = 2> <OutPorts = 1>

State 56 <SV = 19> <Delay = 4.18>
ST_56 : Operation 299 [1/1] (0.00ns)   --->   "call void (...)* @_ssdm_op_SpecLoopName([11 x i8]* @p_str) nounwind" [mlp_FP/mlp.cpp:68->mlp_FP/mlp.cpp:95]   --->   Operation 299 'specloopname' <Predicate = true> <Delay = 0.00>
ST_56 : Operation 300 [1/8] (4.18ns)   --->   "%acc_6 = fadd float %acc_0_i17, %tmp_i2" [mlp_FP/mlp.cpp:69->mlp_FP/mlp.cpp:95]   --->   Operation 300 'fadd' 'acc_6' <Predicate = true> <Delay = 4.18> <Core = "FAddSub">   --->   Core 105 'FAddSub' <Latency = 7> <II = 1> <Delay = 4.18> <FuncUnit> <Opcode : 'fadd' 'fsub'> <InPorts = 2> <OutPorts = 1>
ST_56 : Operation 301 [1/1] (0.00ns)   --->   "br label %9" [mlp_FP/mlp.cpp:68->mlp_FP/mlp.cpp:95]   --->   Operation 301 'br' <Predicate = true> <Delay = 0.00>

State 57 <SV = 6> <Delay = 3.34>
ST_57 : Operation 302 [1/2] (3.34ns)   --->   "%tmp_5 = fcmp olt float %acc_0_i17, 0.000000e+00" [mlp_FP/mlp.cpp:72->mlp_FP/mlp.cpp:95]   --->   Operation 302 'fcmp' 'tmp_5' <Predicate = true> <Delay = 3.34> <Core = "FCmp">   --->   Core 111 'FCmp' <Latency = 1> <II = 1> <Delay = 3.34> <FuncUnit> <Opcode : 'fcmp'> <InPorts = 2> <OutPorts = 1>

State 58 <SV = 7> <Delay = 2.28>
ST_58 : Operation 303 [1/1] (0.00ns)   --->   "%bitcast_ln72_2 = bitcast float %acc_0_i17 to i32" [mlp_FP/mlp.cpp:72->mlp_FP/mlp.cpp:95]   --->   Operation 303 'bitcast' 'bitcast_ln72_2' <Predicate = true> <Delay = 0.00>
ST_58 : Operation 304 [1/1] (0.00ns)   --->   "%tmp_4 = call i8 @_ssdm_op_PartSelect.i8.i32.i32.i32(i32 %bitcast_ln72_2, i32 23, i32 30)" [mlp_FP/mlp.cpp:72->mlp_FP/mlp.cpp:95]   --->   Operation 304 'partselect' 'tmp_4' <Predicate = true> <Delay = 0.00>
ST_58 : Operation 305 [1/1] (0.00ns)   --->   "%trunc_ln72_2 = trunc i32 %bitcast_ln72_2 to i23" [mlp_FP/mlp.cpp:72->mlp_FP/mlp.cpp:95]   --->   Operation 305 'trunc' 'trunc_ln72_2' <Predicate = true> <Delay = 0.00>
ST_58 : Operation 306 [1/1] (0.85ns)   --->   "%icmp_ln72_4 = icmp ne i8 %tmp_4, -1" [mlp_FP/mlp.cpp:72->mlp_FP/mlp.cpp:95]   --->   Operation 306 'icmp' 'icmp_ln72_4' <Predicate = true> <Delay = 0.85> <Core = "Cmp">   --->   Core 25 'Cmp' <Latency = 0> <II = 1> <Delay = 0.88> <FuncUnit> <Opcode : 'icmp'> <InPorts = 2> <OutPorts = 1>
ST_58 : Operation 307 [1/1] (0.97ns)   --->   "%icmp_ln72_5 = icmp eq i23 %trunc_ln72_2, 0" [mlp_FP/mlp.cpp:72->mlp_FP/mlp.cpp:95]   --->   Operation 307 'icmp' 'icmp_ln72_5' <Predicate = true> <Delay = 0.97> <Core = "Cmp">   --->   Core 25 'Cmp' <Latency = 0> <II = 1> <Delay = 0.88> <FuncUnit> <Opcode : 'icmp'> <InPorts = 2> <OutPorts = 1>
ST_58 : Operation 308 [1/1] (0.00ns) (grouped into LUT with out node select_ln72_2)   --->   "%or_ln72_2 = or i1 %icmp_ln72_5, %icmp_ln72_4" [mlp_FP/mlp.cpp:72->mlp_FP/mlp.cpp:95]   --->   Operation 308 'or' 'or_ln72_2' <Predicate = true> <Delay = 0.00> <Core = "LogicGate">   --->   Core 27 'LogicGate' <Latency = 0> <II = 1> <Delay = 0.33> <FuncUnit> <Opcode : 'and' 'or' 'xor'> <InPorts = 2> <OutPorts = 1>
ST_58 : Operation 309 [1/1] (0.00ns) (grouped into LUT with out node select_ln72_2)   --->   "%and_ln72_2 = and i1 %or_ln72_2, %tmp_5" [mlp_FP/mlp.cpp:72->mlp_FP/mlp.cpp:95]   --->   Operation 309 'and' 'and_ln72_2' <Predicate = true> <Delay = 0.00> <Core = "LogicGate">   --->   Core 27 'LogicGate' <Latency = 0> <II = 1> <Delay = 0.33> <FuncUnit> <Opcode : 'and' 'or' 'xor'> <InPorts = 2> <OutPorts = 1>
ST_58 : Operation 310 [1/1] (0.52ns) (out node of the LUT)   --->   "%select_ln72_2 = select i1 %and_ln72_2, float 0.000000e+00, float %acc_0_i17" [mlp_FP/mlp.cpp:72->mlp_FP/mlp.cpp:95]   --->   Operation 310 'select' 'select_ln72_2' <Predicate = true> <Delay = 0.52> <Core = "Sel">   --->   Core 26 'Sel' <Latency = 0> <II = 1> <Delay = 0.52> <FuncUnit> <Opcode : 'select'> <InPorts = 3> <OutPorts = 1>
ST_58 : Operation 311 [1/1] (0.00ns)   --->   "%a3_addr = getelementptr inbounds [8 x float]* %a3, i64 0, i64 %zext_ln95" [mlp_FP/mlp.cpp:95]   --->   Operation 311 'getelementptr' 'a3_addr' <Predicate = true> <Delay = 0.00>
ST_58 : Operation 312 [1/1] (0.79ns)   --->   "store float %select_ln72_2, float* %a3_addr, align 4" [mlp_FP/mlp.cpp:95]   --->   Operation 312 'store' <Predicate = true> <Delay = 0.79> <Core = "RAM">   --->   Core 37 'RAM' <Latency = 1> <II = 1> <Delay = 0.79> <Storage> <Opcode : 'load' 'store'> <Ports = 2> <Width = 32> <Depth = 10> <RAM>
ST_58 : Operation 313 [1/1] (0.00ns)   --->   "br label %.preheader3" [mlp_FP/mlp.cpp:94]   --->   Operation 313 'br' <Predicate = true> <Delay = 0.00>

State 59 <SV = 4> <Delay = 1.35>
ST_59 : Operation 314 [1/1] (0.00ns)   --->   "%j3_0 = phi i4 [ %j_4, %neuron.18.exit ], [ 0, %.preheader2.preheader ]"   --->   Operation 314 'phi' 'j3_0' <Predicate = true> <Delay = 0.00>
ST_59 : Operation 315 [1/1] (0.88ns)   --->   "%icmp_ln98 = icmp eq i4 %j3_0, -6" [mlp_FP/mlp.cpp:98]   --->   Operation 315 'icmp' 'icmp_ln98' <Predicate = true> <Delay = 0.88> <Core = "Cmp">   --->   Core 25 'Cmp' <Latency = 0> <II = 1> <Delay = 0.88> <FuncUnit> <Opcode : 'icmp'> <InPorts = 2> <OutPorts = 1>
ST_59 : Operation 316 [1/1] (0.00ns)   --->   "%empty_10 = call i32 (...)* @_ssdm_op_SpecLoopTripCount(i64 10, i64 10, i64 10) nounwind"   --->   Operation 316 'speclooptripcount' 'empty_10' <Predicate = true> <Delay = 0.00>
ST_59 : Operation 317 [1/1] (0.86ns)   --->   "%j_4 = add i4 %j3_0, 1" [mlp_FP/mlp.cpp:98]   --->   Operation 317 'add' 'j_4' <Predicate = true> <Delay = 0.86> <Core = "AddSub">   --->   Core 14 'AddSub' <Latency = 0> <II = 1> <Delay = 0.86> <FuncUnit> <Opcode : 'add' 'sub'> <InPorts = 2> <OutPorts = 1>
ST_59 : Operation 318 [1/1] (0.00ns)   --->   "br i1 %icmp_ln98, label %14, label %11" [mlp_FP/mlp.cpp:98]   --->   Operation 318 'br' <Predicate = true> <Delay = 0.00>
ST_59 : Operation 319 [1/1] (0.00ns)   --->   "%zext_ln99 = zext i4 %j3_0 to i64" [mlp_FP/mlp.cpp:99]   --->   Operation 319 'zext' 'zext_ln99' <Predicate = (!icmp_ln98)> <Delay = 0.00>
ST_59 : Operation 320 [1/1] (0.00ns)   --->   "%B4_addr = getelementptr inbounds [10 x float]* @B4, i64 0, i64 %zext_ln99" [mlp_FP/mlp.cpp:99]   --->   Operation 320 'getelementptr' 'B4_addr' <Predicate = (!icmp_ln98)> <Delay = 0.00>
ST_59 : Operation 321 [2/2] (1.35ns)   --->   "%acc_5 = load float* %B4_addr, align 4" [mlp_FP/mlp.cpp:99]   --->   Operation 321 'load' 'acc_5' <Predicate = (!icmp_ln98)> <Delay = 1.35> <Core = "ROM_nP">   --->   Core 52 'ROM_nP' <Latency = 1> <II = 1> <Delay = 1.35> <Storage> <Opcode : 'load'> <Ports = 0> <Width = 32> <Depth = 80> <ROM>
ST_59 : Operation 322 [1/1] (0.00ns)   --->   "%z4_addr = getelementptr inbounds [10 x float]* %z4, i64 0, i64 0" [mlp_FP/mlp.cpp:101]   --->   Operation 322 'getelementptr' 'z4_addr' <Predicate = (icmp_ln98)> <Delay = 0.00>
ST_59 : Operation 323 [2/2] (0.79ns)   --->   "%maxv = load float* %z4_addr, align 16" [mlp_FP/mlp.cpp:101]   --->   Operation 323 'load' 'maxv' <Predicate = (icmp_ln98)> <Delay = 0.79> <Core = "RAM">   --->   Core 37 'RAM' <Latency = 1> <II = 1> <Delay = 0.79> <Storage> <Opcode : 'load' 'store'> <Ports = 2> <Width = 32> <Depth = 10> <RAM>

State 60 <SV = 5> <Delay = 1.35>
ST_60 : Operation 324 [1/1] (0.00ns)   --->   "call void (...)* @_ssdm_op_SpecLoopName([7 x i8]* @p_str4) nounwind" [mlp_FP/mlp.cpp:99]   --->   Operation 324 'specloopname' <Predicate = true> <Delay = 0.00>
ST_60 : Operation 325 [1/1] (0.00ns)   --->   "%tmp_12 = call i7 @_ssdm_op_BitConcatenate.i7.i4.i3(i4 %j3_0, i3 0)" [mlp_FP/mlp.cpp:69->mlp_FP/mlp.cpp:99]   --->   Operation 325 'bitconcatenate' 'tmp_12' <Predicate = true> <Delay = 0.00>
ST_60 : Operation 326 [1/1] (0.00ns)   --->   "%zext_ln99_1 = zext i7 %tmp_12 to i8" [mlp_FP/mlp.cpp:99]   --->   Operation 326 'zext' 'zext_ln99_1' <Predicate = true> <Delay = 0.00>
ST_60 : Operation 327 [1/2] (1.35ns)   --->   "%acc_5 = load float* %B4_addr, align 4" [mlp_FP/mlp.cpp:99]   --->   Operation 327 'load' 'acc_5' <Predicate = true> <Delay = 1.35> <Core = "ROM_nP">   --->   Core 52 'ROM_nP' <Latency = 1> <II = 1> <Delay = 1.35> <Storage> <Opcode : 'load'> <Ports = 0> <Width = 32> <Depth = 80> <ROM>
ST_60 : Operation 328 [1/1] (0.75ns)   --->   "br label %12" [mlp_FP/mlp.cpp:68->mlp_FP/mlp.cpp:99]   --->   Operation 328 'br' <Predicate = true> <Delay = 0.75>

State 61 <SV = 6> <Delay = 2.24>
ST_61 : Operation 329 [1/1] (0.00ns)   --->   "%acc_0_i28 = phi float [ %acc_5, %11 ], [ %acc_7, %13 ]"   --->   Operation 329 'phi' 'acc_0_i28' <Predicate = true> <Delay = 0.00>
ST_61 : Operation 330 [1/1] (0.00ns)   --->   "%i_0_i29 = phi i4 [ 0, %11 ], [ %i_3, %13 ]"   --->   Operation 330 'phi' 'i_0_i29' <Predicate = true> <Delay = 0.00>
ST_61 : Operation 331 [1/1] (0.00ns)   --->   "%empty_11 = call i32 (...)* @_ssdm_op_SpecLoopTripCount(i64 8, i64 8, i64 8) nounwind"   --->   Operation 331 'speclooptripcount' 'empty_11' <Predicate = true> <Delay = 0.00>
ST_61 : Operation 332 [1/1] (0.88ns)   --->   "%icmp_ln68_3 = icmp eq i4 %i_0_i29, -8" [mlp_FP/mlp.cpp:68->mlp_FP/mlp.cpp:99]   --->   Operation 332 'icmp' 'icmp_ln68_3' <Predicate = true> <Delay = 0.88> <Core = "Cmp">   --->   Core 25 'Cmp' <Latency = 0> <II = 1> <Delay = 0.88> <FuncUnit> <Opcode : 'icmp'> <InPorts = 2> <OutPorts = 1>
ST_61 : Operation 333 [1/1] (0.86ns)   --->   "%i_3 = add i4 %i_0_i29, 1" [mlp_FP/mlp.cpp:68->mlp_FP/mlp.cpp:99]   --->   Operation 333 'add' 'i_3' <Predicate = true> <Delay = 0.86> <Core = "AddSub">   --->   Core 14 'AddSub' <Latency = 0> <II = 1> <Delay = 0.86> <FuncUnit> <Opcode : 'add' 'sub'> <InPorts = 2> <OutPorts = 1>
ST_61 : Operation 334 [1/1] (0.00ns)   --->   "br i1 %icmp_ln68_3, label %neuron.18.exit, label %13" [mlp_FP/mlp.cpp:68->mlp_FP/mlp.cpp:99]   --->   Operation 334 'br' <Predicate = true> <Delay = 0.00>
ST_61 : Operation 335 [1/1] (0.00ns)   --->   "%zext_ln69_3 = zext i4 %i_0_i29 to i64" [mlp_FP/mlp.cpp:69->mlp_FP/mlp.cpp:99]   --->   Operation 335 'zext' 'zext_ln69_3' <Predicate = (!icmp_ln68_3)> <Delay = 0.00>
ST_61 : Operation 336 [1/1] (0.00ns)   --->   "%zext_ln69_12 = zext i4 %i_0_i29 to i8" [mlp_FP/mlp.cpp:69->mlp_FP/mlp.cpp:99]   --->   Operation 336 'zext' 'zext_ln69_12' <Predicate = (!icmp_ln68_3)> <Delay = 0.00>
ST_61 : Operation 337 [1/1] (0.89ns)   --->   "%add_ln69_4 = add i8 %zext_ln99_1, %zext_ln69_12" [mlp_FP/mlp.cpp:69->mlp_FP/mlp.cpp:99]   --->   Operation 337 'add' 'add_ln69_4' <Predicate = (!icmp_ln68_3)> <Delay = 0.89> <Core = "AddSub">   --->   Core 14 'AddSub' <Latency = 0> <II = 1> <Delay = 0.86> <FuncUnit> <Opcode : 'add' 'sub'> <InPorts = 2> <OutPorts = 1>
ST_61 : Operation 338 [1/1] (0.00ns)   --->   "%zext_ln69_13 = zext i8 %add_ln69_4 to i64" [mlp_FP/mlp.cpp:69->mlp_FP/mlp.cpp:99]   --->   Operation 338 'zext' 'zext_ln69_13' <Predicate = (!icmp_ln68_3)> <Delay = 0.00>
ST_61 : Operation 339 [1/1] (0.00ns)   --->   "%W4_addr = getelementptr [80 x float]* @W4, i64 0, i64 %zext_ln69_13" [mlp_FP/mlp.cpp:69->mlp_FP/mlp.cpp:99]   --->   Operation 339 'getelementptr' 'W4_addr' <Predicate = (!icmp_ln68_3)> <Delay = 0.00>
ST_61 : Operation 340 [1/1] (0.00ns)   --->   "%a3_addr_1 = getelementptr [8 x float]* %a3, i64 0, i64 %zext_ln69_3" [mlp_FP/mlp.cpp:69->mlp_FP/mlp.cpp:99]   --->   Operation 340 'getelementptr' 'a3_addr_1' <Predicate = (!icmp_ln68_3)> <Delay = 0.00>
ST_61 : Operation 341 [2/2] (0.79ns)   --->   "%a3_load = load float* %a3_addr_1, align 4" [mlp_FP/mlp.cpp:69->mlp_FP/mlp.cpp:99]   --->   Operation 341 'load' 'a3_load' <Predicate = (!icmp_ln68_3)> <Delay = 0.79> <Core = "RAM">   --->   Core 37 'RAM' <Latency = 1> <II = 1> <Delay = 0.79> <Storage> <Opcode : 'load' 'store'> <Ports = 2> <Width = 32> <Depth = 10> <RAM>
ST_61 : Operation 342 [2/2] (1.35ns)   --->   "%W4_load = load float* %W4_addr, align 4" [mlp_FP/mlp.cpp:69->mlp_FP/mlp.cpp:99]   --->   Operation 342 'load' 'W4_load' <Predicate = (!icmp_ln68_3)> <Delay = 1.35> <Core = "ROM_nP">   --->   Core 52 'ROM_nP' <Latency = 1> <II = 1> <Delay = 1.35> <Storage> <Opcode : 'load'> <Ports = 0> <Width = 32> <Depth = 80> <ROM>
ST_61 : Operation 343 [1/1] (0.00ns)   --->   "%z4_addr_1 = getelementptr inbounds [10 x float]* %z4, i64 0, i64 %zext_ln99" [mlp_FP/mlp.cpp:99]   --->   Operation 343 'getelementptr' 'z4_addr_1' <Predicate = (icmp_ln68_3)> <Delay = 0.00>
ST_61 : Operation 344 [1/1] (0.79ns)   --->   "store float %acc_0_i28, float* %z4_addr_1, align 4" [mlp_FP/mlp.cpp:99]   --->   Operation 344 'store' <Predicate = (icmp_ln68_3)> <Delay = 0.79> <Core = "RAM">   --->   Core 37 'RAM' <Latency = 1> <II = 1> <Delay = 0.79> <Storage> <Opcode : 'load' 'store'> <Ports = 2> <Width = 32> <Depth = 10> <RAM>
ST_61 : Operation 345 [1/1] (0.00ns)   --->   "br label %.preheader2" [mlp_FP/mlp.cpp:98]   --->   Operation 345 'br' <Predicate = (icmp_ln68_3)> <Delay = 0.00>

State 62 <SV = 7> <Delay = 1.35>
ST_62 : Operation 346 [1/2] (0.79ns)   --->   "%a3_load = load float* %a3_addr_1, align 4" [mlp_FP/mlp.cpp:69->mlp_FP/mlp.cpp:99]   --->   Operation 346 'load' 'a3_load' <Predicate = true> <Delay = 0.79> <Core = "RAM">   --->   Core 37 'RAM' <Latency = 1> <II = 1> <Delay = 0.79> <Storage> <Opcode : 'load' 'store'> <Ports = 2> <Width = 32> <Depth = 10> <RAM>
ST_62 : Operation 347 [1/2] (1.35ns)   --->   "%W4_load = load float* %W4_addr, align 4" [mlp_FP/mlp.cpp:69->mlp_FP/mlp.cpp:99]   --->   Operation 347 'load' 'W4_load' <Predicate = true> <Delay = 1.35> <Core = "ROM_nP">   --->   Core 52 'ROM_nP' <Latency = 1> <II = 1> <Delay = 1.35> <Storage> <Opcode : 'load'> <Ports = 0> <Width = 32> <Depth = 80> <ROM>

State 63 <SV = 8> <Delay = 3.74>
ST_63 : Operation 348 [5/5] (3.74ns)   --->   "%tmp_i3 = fmul float %a3_load, %W4_load" [mlp_FP/mlp.cpp:69->mlp_FP/mlp.cpp:99]   --->   Operation 348 'fmul' 'tmp_i3' <Predicate = true> <Delay = 3.74> <Core = "FMul">   --->   Core 106 'FMul' <Latency = 4> <II = 1> <Delay = 3.74> <FuncUnit> <Opcode : 'fmul'> <InPorts = 2> <OutPorts = 1>

State 64 <SV = 9> <Delay = 3.74>
ST_64 : Operation 349 [4/5] (3.74ns)   --->   "%tmp_i3 = fmul float %a3_load, %W4_load" [mlp_FP/mlp.cpp:69->mlp_FP/mlp.cpp:99]   --->   Operation 349 'fmul' 'tmp_i3' <Predicate = true> <Delay = 3.74> <Core = "FMul">   --->   Core 106 'FMul' <Latency = 4> <II = 1> <Delay = 3.74> <FuncUnit> <Opcode : 'fmul'> <InPorts = 2> <OutPorts = 1>

State 65 <SV = 10> <Delay = 3.74>
ST_65 : Operation 350 [3/5] (3.74ns)   --->   "%tmp_i3 = fmul float %a3_load, %W4_load" [mlp_FP/mlp.cpp:69->mlp_FP/mlp.cpp:99]   --->   Operation 350 'fmul' 'tmp_i3' <Predicate = true> <Delay = 3.74> <Core = "FMul">   --->   Core 106 'FMul' <Latency = 4> <II = 1> <Delay = 3.74> <FuncUnit> <Opcode : 'fmul'> <InPorts = 2> <OutPorts = 1>

State 66 <SV = 11> <Delay = 3.74>
ST_66 : Operation 351 [2/5] (3.74ns)   --->   "%tmp_i3 = fmul float %a3_load, %W4_load" [mlp_FP/mlp.cpp:69->mlp_FP/mlp.cpp:99]   --->   Operation 351 'fmul' 'tmp_i3' <Predicate = true> <Delay = 3.74> <Core = "FMul">   --->   Core 106 'FMul' <Latency = 4> <II = 1> <Delay = 3.74> <FuncUnit> <Opcode : 'fmul'> <InPorts = 2> <OutPorts = 1>

State 67 <SV = 12> <Delay = 3.74>
ST_67 : Operation 352 [1/5] (3.74ns)   --->   "%tmp_i3 = fmul float %a3_load, %W4_load" [mlp_FP/mlp.cpp:69->mlp_FP/mlp.cpp:99]   --->   Operation 352 'fmul' 'tmp_i3' <Predicate = true> <Delay = 3.74> <Core = "FMul">   --->   Core 106 'FMul' <Latency = 4> <II = 1> <Delay = 3.74> <FuncUnit> <Opcode : 'fmul'> <InPorts = 2> <OutPorts = 1>

State 68 <SV = 13> <Delay = 4.18>
ST_68 : Operation 353 [8/8] (4.18ns)   --->   "%acc_7 = fadd float %acc_0_i28, %tmp_i3" [mlp_FP/mlp.cpp:69->mlp_FP/mlp.cpp:99]   --->   Operation 353 'fadd' 'acc_7' <Predicate = true> <Delay = 4.18> <Core = "FAddSub">   --->   Core 105 'FAddSub' <Latency = 7> <II = 1> <Delay = 4.18> <FuncUnit> <Opcode : 'fadd' 'fsub'> <InPorts = 2> <OutPorts = 1>

State 69 <SV = 14> <Delay = 4.18>
ST_69 : Operation 354 [7/8] (4.18ns)   --->   "%acc_7 = fadd float %acc_0_i28, %tmp_i3" [mlp_FP/mlp.cpp:69->mlp_FP/mlp.cpp:99]   --->   Operation 354 'fadd' 'acc_7' <Predicate = true> <Delay = 4.18> <Core = "FAddSub">   --->   Core 105 'FAddSub' <Latency = 7> <II = 1> <Delay = 4.18> <FuncUnit> <Opcode : 'fadd' 'fsub'> <InPorts = 2> <OutPorts = 1>

State 70 <SV = 15> <Delay = 4.18>
ST_70 : Operation 355 [6/8] (4.18ns)   --->   "%acc_7 = fadd float %acc_0_i28, %tmp_i3" [mlp_FP/mlp.cpp:69->mlp_FP/mlp.cpp:99]   --->   Operation 355 'fadd' 'acc_7' <Predicate = true> <Delay = 4.18> <Core = "FAddSub">   --->   Core 105 'FAddSub' <Latency = 7> <II = 1> <Delay = 4.18> <FuncUnit> <Opcode : 'fadd' 'fsub'> <InPorts = 2> <OutPorts = 1>

State 71 <SV = 16> <Delay = 4.18>
ST_71 : Operation 356 [5/8] (4.18ns)   --->   "%acc_7 = fadd float %acc_0_i28, %tmp_i3" [mlp_FP/mlp.cpp:69->mlp_FP/mlp.cpp:99]   --->   Operation 356 'fadd' 'acc_7' <Predicate = true> <Delay = 4.18> <Core = "FAddSub">   --->   Core 105 'FAddSub' <Latency = 7> <II = 1> <Delay = 4.18> <FuncUnit> <Opcode : 'fadd' 'fsub'> <InPorts = 2> <OutPorts = 1>

State 72 <SV = 17> <Delay = 4.18>
ST_72 : Operation 357 [4/8] (4.18ns)   --->   "%acc_7 = fadd float %acc_0_i28, %tmp_i3" [mlp_FP/mlp.cpp:69->mlp_FP/mlp.cpp:99]   --->   Operation 357 'fadd' 'acc_7' <Predicate = true> <Delay = 4.18> <Core = "FAddSub">   --->   Core 105 'FAddSub' <Latency = 7> <II = 1> <Delay = 4.18> <FuncUnit> <Opcode : 'fadd' 'fsub'> <InPorts = 2> <OutPorts = 1>

State 73 <SV = 18> <Delay = 4.18>
ST_73 : Operation 358 [3/8] (4.18ns)   --->   "%acc_7 = fadd float %acc_0_i28, %tmp_i3" [mlp_FP/mlp.cpp:69->mlp_FP/mlp.cpp:99]   --->   Operation 358 'fadd' 'acc_7' <Predicate = true> <Delay = 4.18> <Core = "FAddSub">   --->   Core 105 'FAddSub' <Latency = 7> <II = 1> <Delay = 4.18> <FuncUnit> <Opcode : 'fadd' 'fsub'> <InPorts = 2> <OutPorts = 1>

State 74 <SV = 19> <Delay = 4.18>
ST_74 : Operation 359 [2/8] (4.18ns)   --->   "%acc_7 = fadd float %acc_0_i28, %tmp_i3" [mlp_FP/mlp.cpp:69->mlp_FP/mlp.cpp:99]   --->   Operation 359 'fadd' 'acc_7' <Predicate = true> <Delay = 4.18> <Core = "FAddSub">   --->   Core 105 'FAddSub' <Latency = 7> <II = 1> <Delay = 4.18> <FuncUnit> <Opcode : 'fadd' 'fsub'> <InPorts = 2> <OutPorts = 1>

State 75 <SV = 20> <Delay = 4.18>
ST_75 : Operation 360 [1/1] (0.00ns)   --->   "call void (...)* @_ssdm_op_SpecLoopName([11 x i8]* @p_str) nounwind" [mlp_FP/mlp.cpp:68->mlp_FP/mlp.cpp:99]   --->   Operation 360 'specloopname' <Predicate = true> <Delay = 0.00>
ST_75 : Operation 361 [1/8] (4.18ns)   --->   "%acc_7 = fadd float %acc_0_i28, %tmp_i3" [mlp_FP/mlp.cpp:69->mlp_FP/mlp.cpp:99]   --->   Operation 361 'fadd' 'acc_7' <Predicate = true> <Delay = 4.18> <Core = "FAddSub">   --->   Core 105 'FAddSub' <Latency = 7> <II = 1> <Delay = 4.18> <FuncUnit> <Opcode : 'fadd' 'fsub'> <InPorts = 2> <OutPorts = 1>
ST_75 : Operation 362 [1/1] (0.00ns)   --->   "br label %12" [mlp_FP/mlp.cpp:68->mlp_FP/mlp.cpp:99]   --->   Operation 362 'br' <Predicate = true> <Delay = 0.00>

State 76 <SV = 5> <Delay = 0.79>
ST_76 : Operation 363 [1/2] (0.79ns)   --->   "%maxv = load float* %z4_addr, align 16" [mlp_FP/mlp.cpp:101]   --->   Operation 363 'load' 'maxv' <Predicate = true> <Delay = 0.79> <Core = "RAM">   --->   Core 37 'RAM' <Latency = 1> <II = 1> <Delay = 0.79> <Storage> <Opcode : 'load' 'store'> <Ports = 2> <Width = 32> <Depth = 10> <RAM>
ST_76 : Operation 364 [1/1] (0.75ns)   --->   "br label %15" [mlp_FP/mlp.cpp:103]   --->   Operation 364 'br' <Predicate = true> <Delay = 0.75>

State 77 <SV = 6> <Delay = 0.88>
ST_77 : Operation 365 [1/1] (0.00ns)   --->   "%j4_0 = phi i4 [ 1, %14 ], [ %j_3, %._crit_edge ]"   --->   Operation 365 'phi' 'j4_0' <Predicate = true> <Delay = 0.00>
ST_77 : Operation 366 [1/1] (0.00ns)   --->   "%maxv_0 = phi float [ %maxv, %14 ], [ %maxv_2, %._crit_edge ]"   --->   Operation 366 'phi' 'maxv_0' <Predicate = true> <Delay = 0.00>
ST_77 : Operation 367 [1/1] (0.88ns)   --->   "%icmp_ln103 = icmp eq i4 %j4_0, -6" [mlp_FP/mlp.cpp:103]   --->   Operation 367 'icmp' 'icmp_ln103' <Predicate = true> <Delay = 0.88> <Core = "Cmp">   --->   Core 25 'Cmp' <Latency = 0> <II = 1> <Delay = 0.88> <FuncUnit> <Opcode : 'icmp'> <InPorts = 2> <OutPorts = 1>
ST_77 : Operation 368 [1/1] (0.00ns)   --->   "%empty_12 = call i32 (...)* @_ssdm_op_SpecLoopTripCount(i64 9, i64 9, i64 9) nounwind"   --->   Operation 368 'speclooptripcount' 'empty_12' <Predicate = true> <Delay = 0.00>
ST_77 : Operation 369 [1/1] (0.00ns)   --->   "br i1 %icmp_ln103, label %.preheader1.preheader, label %._crit_edge" [mlp_FP/mlp.cpp:103]   --->   Operation 369 'br' <Predicate = true> <Delay = 0.00>
ST_77 : Operation 370 [1/1] (0.00ns)   --->   "%zext_ln104 = zext i4 %j4_0 to i64" [mlp_FP/mlp.cpp:104]   --->   Operation 370 'zext' 'zext_ln104' <Predicate = (!icmp_ln103)> <Delay = 0.00>
ST_77 : Operation 371 [1/1] (0.00ns)   --->   "%z4_addr_2 = getelementptr inbounds [10 x float]* %z4, i64 0, i64 %zext_ln104" [mlp_FP/mlp.cpp:104]   --->   Operation 371 'getelementptr' 'z4_addr_2' <Predicate = (!icmp_ln103)> <Delay = 0.00>
ST_77 : Operation 372 [2/2] (0.79ns)   --->   "%maxv_1 = load float* %z4_addr_2, align 4" [mlp_FP/mlp.cpp:104]   --->   Operation 372 'load' 'maxv_1' <Predicate = (!icmp_ln103)> <Delay = 0.79> <Core = "RAM">   --->   Core 37 'RAM' <Latency = 1> <II = 1> <Delay = 0.79> <Storage> <Opcode : 'load' 'store'> <Ports = 2> <Width = 32> <Depth = 10> <RAM>
ST_77 : Operation 373 [1/1] (0.86ns)   --->   "%j_3 = add i4 1, %j4_0" [mlp_FP/mlp.cpp:103]   --->   Operation 373 'add' 'j_3' <Predicate = (!icmp_ln103)> <Delay = 0.86> <Core = "AddSub">   --->   Core 14 'AddSub' <Latency = 0> <II = 1> <Delay = 0.86> <FuncUnit> <Opcode : 'add' 'sub'> <InPorts = 2> <OutPorts = 1>
ST_77 : Operation 374 [1/1] (0.75ns)   --->   "br label %.preheader1" [mlp_FP/mlp.cpp:109]   --->   Operation 374 'br' <Predicate = (icmp_ln103)> <Delay = 0.75>

State 78 <SV = 7> <Delay = 4.13>
ST_78 : Operation 375 [1/2] (0.79ns)   --->   "%maxv_1 = load float* %z4_addr_2, align 4" [mlp_FP/mlp.cpp:104]   --->   Operation 375 'load' 'maxv_1' <Predicate = true> <Delay = 0.79> <Core = "RAM">   --->   Core 37 'RAM' <Latency = 1> <II = 1> <Delay = 0.79> <Storage> <Opcode : 'load' 'store'> <Ports = 2> <Width = 32> <Depth = 10> <RAM>
ST_78 : Operation 376 [2/2] (3.34ns)   --->   "%tmp_s = fcmp ogt float %maxv_1, %maxv_0" [mlp_FP/mlp.cpp:104]   --->   Operation 376 'fcmp' 'tmp_s' <Predicate = true> <Delay = 3.34> <Core = "FCmp">   --->   Core 111 'FCmp' <Latency = 1> <II = 1> <Delay = 3.34> <FuncUnit> <Opcode : 'fcmp'> <InPorts = 2> <OutPorts = 1>

State 79 <SV = 8> <Delay = 4.20>
ST_79 : Operation 377 [1/1] (0.00ns)   --->   "call void (...)* @_ssdm_op_SpecLoopName([12 x i8]* @p_str5) nounwind" [mlp_FP/mlp.cpp:104]   --->   Operation 377 'specloopname' <Predicate = true> <Delay = 0.00>
ST_79 : Operation 378 [1/1] (0.00ns)   --->   "%bitcast_ln104 = bitcast float %maxv_1 to i32" [mlp_FP/mlp.cpp:104]   --->   Operation 378 'bitcast' 'bitcast_ln104' <Predicate = true> <Delay = 0.00>
ST_79 : Operation 379 [1/1] (0.00ns)   --->   "%tmp_6 = call i8 @_ssdm_op_PartSelect.i8.i32.i32.i32(i32 %bitcast_ln104, i32 23, i32 30)" [mlp_FP/mlp.cpp:104]   --->   Operation 379 'partselect' 'tmp_6' <Predicate = true> <Delay = 0.00>
ST_79 : Operation 380 [1/1] (0.00ns)   --->   "%trunc_ln104 = trunc i32 %bitcast_ln104 to i23" [mlp_FP/mlp.cpp:104]   --->   Operation 380 'trunc' 'trunc_ln104' <Predicate = true> <Delay = 0.00>
ST_79 : Operation 381 [1/1] (0.00ns)   --->   "%bitcast_ln104_1 = bitcast float %maxv_0 to i32" [mlp_FP/mlp.cpp:104]   --->   Operation 381 'bitcast' 'bitcast_ln104_1' <Predicate = true> <Delay = 0.00>
ST_79 : Operation 382 [1/1] (0.00ns)   --->   "%tmp_8 = call i8 @_ssdm_op_PartSelect.i8.i32.i32.i32(i32 %bitcast_ln104_1, i32 23, i32 30)" [mlp_FP/mlp.cpp:104]   --->   Operation 382 'partselect' 'tmp_8' <Predicate = true> <Delay = 0.00>
ST_79 : Operation 383 [1/1] (0.00ns)   --->   "%trunc_ln104_1 = trunc i32 %bitcast_ln104_1 to i23" [mlp_FP/mlp.cpp:104]   --->   Operation 383 'trunc' 'trunc_ln104_1' <Predicate = true> <Delay = 0.00>
ST_79 : Operation 384 [1/1] (0.85ns)   --->   "%icmp_ln104 = icmp ne i8 %tmp_6, -1" [mlp_FP/mlp.cpp:104]   --->   Operation 384 'icmp' 'icmp_ln104' <Predicate = true> <Delay = 0.85> <Core = "Cmp">   --->   Core 25 'Cmp' <Latency = 0> <II = 1> <Delay = 0.88> <FuncUnit> <Opcode : 'icmp'> <InPorts = 2> <OutPorts = 1>
ST_79 : Operation 385 [1/1] (0.97ns)   --->   "%icmp_ln104_1 = icmp eq i23 %trunc_ln104, 0" [mlp_FP/mlp.cpp:104]   --->   Operation 385 'icmp' 'icmp_ln104_1' <Predicate = true> <Delay = 0.97> <Core = "Cmp">   --->   Core 25 'Cmp' <Latency = 0> <II = 1> <Delay = 0.88> <FuncUnit> <Opcode : 'icmp'> <InPorts = 2> <OutPorts = 1>
ST_79 : Operation 386 [1/1] (0.00ns) (grouped into LUT with out node and_ln104_1)   --->   "%or_ln104 = or i1 %icmp_ln104_1, %icmp_ln104" [mlp_FP/mlp.cpp:104]   --->   Operation 386 'or' 'or_ln104' <Predicate = true> <Delay = 0.00> <Core = "LogicGate">   --->   Core 27 'LogicGate' <Latency = 0> <II = 1> <Delay = 0.33> <FuncUnit> <Opcode : 'and' 'or' 'xor'> <InPorts = 2> <OutPorts = 1>
ST_79 : Operation 387 [1/1] (0.85ns)   --->   "%icmp_ln104_2 = icmp ne i8 %tmp_8, -1" [mlp_FP/mlp.cpp:104]   --->   Operation 387 'icmp' 'icmp_ln104_2' <Predicate = true> <Delay = 0.85> <Core = "Cmp">   --->   Core 25 'Cmp' <Latency = 0> <II = 1> <Delay = 0.88> <FuncUnit> <Opcode : 'icmp'> <InPorts = 2> <OutPorts = 1>
ST_79 : Operation 388 [1/1] (0.97ns)   --->   "%icmp_ln104_3 = icmp eq i23 %trunc_ln104_1, 0" [mlp_FP/mlp.cpp:104]   --->   Operation 388 'icmp' 'icmp_ln104_3' <Predicate = true> <Delay = 0.97> <Core = "Cmp">   --->   Core 25 'Cmp' <Latency = 0> <II = 1> <Delay = 0.88> <FuncUnit> <Opcode : 'icmp'> <InPorts = 2> <OutPorts = 1>
ST_79 : Operation 389 [1/1] (0.00ns) (grouped into LUT with out node and_ln104_1)   --->   "%or_ln104_1 = or i1 %icmp_ln104_3, %icmp_ln104_2" [mlp_FP/mlp.cpp:104]   --->   Operation 389 'or' 'or_ln104_1' <Predicate = true> <Delay = 0.00> <Core = "LogicGate">   --->   Core 27 'LogicGate' <Latency = 0> <II = 1> <Delay = 0.33> <FuncUnit> <Opcode : 'and' 'or' 'xor'> <InPorts = 2> <OutPorts = 1>
ST_79 : Operation 390 [1/1] (0.00ns) (grouped into LUT with out node and_ln104_1)   --->   "%and_ln104 = and i1 %or_ln104, %or_ln104_1" [mlp_FP/mlp.cpp:104]   --->   Operation 390 'and' 'and_ln104' <Predicate = true> <Delay = 0.00> <Core = "LogicGate">   --->   Core 27 'LogicGate' <Latency = 0> <II = 1> <Delay = 0.33> <FuncUnit> <Opcode : 'and' 'or' 'xor'> <InPorts = 2> <OutPorts = 1>
ST_79 : Operation 391 [1/2] (3.34ns)   --->   "%tmp_s = fcmp ogt float %maxv_1, %maxv_0" [mlp_FP/mlp.cpp:104]   --->   Operation 391 'fcmp' 'tmp_s' <Predicate = true> <Delay = 3.34> <Core = "FCmp">   --->   Core 111 'FCmp' <Latency = 1> <II = 1> <Delay = 3.34> <FuncUnit> <Opcode : 'fcmp'> <InPorts = 2> <OutPorts = 1>
ST_79 : Operation 392 [1/1] (0.33ns) (out node of the LUT)   --->   "%and_ln104_1 = and i1 %and_ln104, %tmp_s" [mlp_FP/mlp.cpp:104]   --->   Operation 392 'and' 'and_ln104_1' <Predicate = true> <Delay = 0.33> <Core = "LogicGate">   --->   Core 27 'LogicGate' <Latency = 0> <II = 1> <Delay = 0.33> <FuncUnit> <Opcode : 'and' 'or' 'xor'> <InPorts = 2> <OutPorts = 1>
ST_79 : Operation 393 [1/1] (0.52ns) (out node of the LUT)   --->   "%maxv_2 = select i1 %and_ln104_1, float %maxv_1, float %maxv_0" [mlp_FP/mlp.cpp:104]   --->   Operation 393 'select' 'maxv_2' <Predicate = true> <Delay = 0.52> <Core = "Sel">   --->   Core 26 'Sel' <Latency = 0> <II = 1> <Delay = 0.52> <FuncUnit> <Opcode : 'select'> <InPorts = 3> <OutPorts = 1>
ST_79 : Operation 394 [1/1] (0.00ns)   --->   "br label %15" [mlp_FP/mlp.cpp:103]   --->   Operation 394 'br' <Predicate = true> <Delay = 0.00>

State 80 <SV = 7> <Delay = 0.88>
ST_80 : Operation 395 [1/1] (0.00ns)   --->   "%sum_0 = phi float [ %sum, %16 ], [ 0.000000e+00, %.preheader1.preheader ]"   --->   Operation 395 'phi' 'sum_0' <Predicate = true> <Delay = 0.00>
ST_80 : Operation 396 [1/1] (0.00ns)   --->   "%j5_0 = phi i4 [ %j_5, %16 ], [ 0, %.preheader1.preheader ]"   --->   Operation 396 'phi' 'j5_0' <Predicate = true> <Delay = 0.00>
ST_80 : Operation 397 [1/1] (0.88ns)   --->   "%icmp_ln109 = icmp eq i4 %j5_0, -6" [mlp_FP/mlp.cpp:109]   --->   Operation 397 'icmp' 'icmp_ln109' <Predicate = true> <Delay = 0.88> <Core = "Cmp">   --->   Core 25 'Cmp' <Latency = 0> <II = 1> <Delay = 0.88> <FuncUnit> <Opcode : 'icmp'> <InPorts = 2> <OutPorts = 1>
ST_80 : Operation 398 [1/1] (0.00ns)   --->   "%empty_13 = call i32 (...)* @_ssdm_op_SpecLoopTripCount(i64 10, i64 10, i64 10) nounwind"   --->   Operation 398 'speclooptripcount' 'empty_13' <Predicate = true> <Delay = 0.00>
ST_80 : Operation 399 [1/1] (0.86ns)   --->   "%j_5 = add i4 %j5_0, 1" [mlp_FP/mlp.cpp:109]   --->   Operation 399 'add' 'j_5' <Predicate = true> <Delay = 0.86> <Core = "AddSub">   --->   Core 14 'AddSub' <Latency = 0> <II = 1> <Delay = 0.86> <FuncUnit> <Opcode : 'add' 'sub'> <InPorts = 2> <OutPorts = 1>
ST_80 : Operation 400 [1/1] (0.00ns)   --->   "br i1 %icmp_ln109, label %.preheader.preheader, label %16" [mlp_FP/mlp.cpp:109]   --->   Operation 400 'br' <Predicate = true> <Delay = 0.00>
ST_80 : Operation 401 [1/1] (0.00ns)   --->   "%zext_ln110 = zext i4 %j5_0 to i64" [mlp_FP/mlp.cpp:110]   --->   Operation 401 'zext' 'zext_ln110' <Predicate = (!icmp_ln109)> <Delay = 0.00>
ST_80 : Operation 402 [1/1] (0.00ns)   --->   "%z4_addr_3 = getelementptr inbounds [10 x float]* %z4, i64 0, i64 %zext_ln110" [mlp_FP/mlp.cpp:110]   --->   Operation 402 'getelementptr' 'z4_addr_3' <Predicate = (!icmp_ln109)> <Delay = 0.00>
ST_80 : Operation 403 [2/2] (0.79ns)   --->   "%z4_load = load float* %z4_addr_3, align 4" [mlp_FP/mlp.cpp:110]   --->   Operation 403 'load' 'z4_load' <Predicate = (!icmp_ln109)> <Delay = 0.79> <Core = "RAM">   --->   Core 37 'RAM' <Latency = 1> <II = 1> <Delay = 0.79> <Storage> <Opcode : 'load' 'store'> <Ports = 2> <Width = 32> <Depth = 10> <RAM>
ST_80 : Operation 404 [1/1] (0.75ns)   --->   "br label %.preheader" [mlp_FP/mlp.cpp:116]   --->   Operation 404 'br' <Predicate = (icmp_ln109)> <Delay = 0.75>

State 81 <SV = 8> <Delay = 0.79>
ST_81 : Operation 405 [1/2] (0.79ns)   --->   "%z4_load = load float* %z4_addr_3, align 4" [mlp_FP/mlp.cpp:110]   --->   Operation 405 'load' 'z4_load' <Predicate = true> <Delay = 0.79> <Core = "RAM">   --->   Core 37 'RAM' <Latency = 1> <II = 1> <Delay = 0.79> <Storage> <Opcode : 'load' 'store'> <Ports = 2> <Width = 32> <Depth = 10> <RAM>

State 82 <SV = 9> <Delay = 4.18>
ST_82 : Operation 406 [8/8] (4.18ns)   --->   "%tmp_7 = fsub float %z4_load, %maxv_0" [mlp_FP/mlp.cpp:110]   --->   Operation 406 'fsub' 'tmp_7' <Predicate = true> <Delay = 4.18> <Core = "FAddSub">   --->   Core 105 'FAddSub' <Latency = 7> <II = 1> <Delay = 4.18> <FuncUnit> <Opcode : 'fadd' 'fsub'> <InPorts = 2> <OutPorts = 1>

State 83 <SV = 10> <Delay = 4.18>
ST_83 : Operation 407 [7/8] (4.18ns)   --->   "%tmp_7 = fsub float %z4_load, %maxv_0" [mlp_FP/mlp.cpp:110]   --->   Operation 407 'fsub' 'tmp_7' <Predicate = true> <Delay = 4.18> <Core = "FAddSub">   --->   Core 105 'FAddSub' <Latency = 7> <II = 1> <Delay = 4.18> <FuncUnit> <Opcode : 'fadd' 'fsub'> <InPorts = 2> <OutPorts = 1>

State 84 <SV = 11> <Delay = 4.18>
ST_84 : Operation 408 [6/8] (4.18ns)   --->   "%tmp_7 = fsub float %z4_load, %maxv_0" [mlp_FP/mlp.cpp:110]   --->   Operation 408 'fsub' 'tmp_7' <Predicate = true> <Delay = 4.18> <Core = "FAddSub">   --->   Core 105 'FAddSub' <Latency = 7> <II = 1> <Delay = 4.18> <FuncUnit> <Opcode : 'fadd' 'fsub'> <InPorts = 2> <OutPorts = 1>

State 85 <SV = 12> <Delay = 4.18>
ST_85 : Operation 409 [5/8] (4.18ns)   --->   "%tmp_7 = fsub float %z4_load, %maxv_0" [mlp_FP/mlp.cpp:110]   --->   Operation 409 'fsub' 'tmp_7' <Predicate = true> <Delay = 4.18> <Core = "FAddSub">   --->   Core 105 'FAddSub' <Latency = 7> <II = 1> <Delay = 4.18> <FuncUnit> <Opcode : 'fadd' 'fsub'> <InPorts = 2> <OutPorts = 1>

State 86 <SV = 13> <Delay = 4.18>
ST_86 : Operation 410 [4/8] (4.18ns)   --->   "%tmp_7 = fsub float %z4_load, %maxv_0" [mlp_FP/mlp.cpp:110]   --->   Operation 410 'fsub' 'tmp_7' <Predicate = true> <Delay = 4.18> <Core = "FAddSub">   --->   Core 105 'FAddSub' <Latency = 7> <II = 1> <Delay = 4.18> <FuncUnit> <Opcode : 'fadd' 'fsub'> <InPorts = 2> <OutPorts = 1>

State 87 <SV = 14> <Delay = 4.18>
ST_87 : Operation 411 [3/8] (4.18ns)   --->   "%tmp_7 = fsub float %z4_load, %maxv_0" [mlp_FP/mlp.cpp:110]   --->   Operation 411 'fsub' 'tmp_7' <Predicate = true> <Delay = 4.18> <Core = "FAddSub">   --->   Core 105 'FAddSub' <Latency = 7> <II = 1> <Delay = 4.18> <FuncUnit> <Opcode : 'fadd' 'fsub'> <InPorts = 2> <OutPorts = 1>

State 88 <SV = 15> <Delay = 4.18>
ST_88 : Operation 412 [2/8] (4.18ns)   --->   "%tmp_7 = fsub float %z4_load, %maxv_0" [mlp_FP/mlp.cpp:110]   --->   Operation 412 'fsub' 'tmp_7' <Predicate = true> <Delay = 4.18> <Core = "FAddSub">   --->   Core 105 'FAddSub' <Latency = 7> <II = 1> <Delay = 4.18> <FuncUnit> <Opcode : 'fadd' 'fsub'> <InPorts = 2> <OutPorts = 1>

State 89 <SV = 16> <Delay = 4.18>
ST_89 : Operation 413 [1/8] (4.18ns)   --->   "%tmp_7 = fsub float %z4_load, %maxv_0" [mlp_FP/mlp.cpp:110]   --->   Operation 413 'fsub' 'tmp_7' <Predicate = true> <Delay = 4.18> <Core = "FAddSub">   --->   Core 105 'FAddSub' <Latency = 7> <II = 1> <Delay = 4.18> <FuncUnit> <Opcode : 'fadd' 'fsub'> <InPorts = 2> <OutPorts = 1>

State 90 <SV = 17> <Delay = 4.35>
ST_90 : Operation 414 [13/13] (4.35ns)   --->   "%e = call float @llvm.exp.f32(float %tmp_7)" [mlp_FP/mlp.cpp:110]   --->   Operation 414 'fexp' 'e' <Predicate = true> <Delay = 4.35> <Core = "FExp">   --->   Core 127 'FExp' <Latency = 12> <II = 1> <Delay = 4.35> <FuncUnit> <Opcode : 'fexp'> <InPorts = 1> <OutPorts = 1>

State 91 <SV = 18> <Delay = 4.35>
ST_91 : Operation 415 [12/13] (4.35ns)   --->   "%e = call float @llvm.exp.f32(float %tmp_7)" [mlp_FP/mlp.cpp:110]   --->   Operation 415 'fexp' 'e' <Predicate = true> <Delay = 4.35> <Core = "FExp">   --->   Core 127 'FExp' <Latency = 12> <II = 1> <Delay = 4.35> <FuncUnit> <Opcode : 'fexp'> <InPorts = 1> <OutPorts = 1>

State 92 <SV = 19> <Delay = 4.35>
ST_92 : Operation 416 [11/13] (4.35ns)   --->   "%e = call float @llvm.exp.f32(float %tmp_7)" [mlp_FP/mlp.cpp:110]   --->   Operation 416 'fexp' 'e' <Predicate = true> <Delay = 4.35> <Core = "FExp">   --->   Core 127 'FExp' <Latency = 12> <II = 1> <Delay = 4.35> <FuncUnit> <Opcode : 'fexp'> <InPorts = 1> <OutPorts = 1>

State 93 <SV = 20> <Delay = 4.35>
ST_93 : Operation 417 [10/13] (4.35ns)   --->   "%e = call float @llvm.exp.f32(float %tmp_7)" [mlp_FP/mlp.cpp:110]   --->   Operation 417 'fexp' 'e' <Predicate = true> <Delay = 4.35> <Core = "FExp">   --->   Core 127 'FExp' <Latency = 12> <II = 1> <Delay = 4.35> <FuncUnit> <Opcode : 'fexp'> <InPorts = 1> <OutPorts = 1>

State 94 <SV = 21> <Delay = 4.35>
ST_94 : Operation 418 [9/13] (4.35ns)   --->   "%e = call float @llvm.exp.f32(float %tmp_7)" [mlp_FP/mlp.cpp:110]   --->   Operation 418 'fexp' 'e' <Predicate = true> <Delay = 4.35> <Core = "FExp">   --->   Core 127 'FExp' <Latency = 12> <II = 1> <Delay = 4.35> <FuncUnit> <Opcode : 'fexp'> <InPorts = 1> <OutPorts = 1>

State 95 <SV = 22> <Delay = 4.35>
ST_95 : Operation 419 [8/13] (4.35ns)   --->   "%e = call float @llvm.exp.f32(float %tmp_7)" [mlp_FP/mlp.cpp:110]   --->   Operation 419 'fexp' 'e' <Predicate = true> <Delay = 4.35> <Core = "FExp">   --->   Core 127 'FExp' <Latency = 12> <II = 1> <Delay = 4.35> <FuncUnit> <Opcode : 'fexp'> <InPorts = 1> <OutPorts = 1>

State 96 <SV = 23> <Delay = 4.35>
ST_96 : Operation 420 [7/13] (4.35ns)   --->   "%e = call float @llvm.exp.f32(float %tmp_7)" [mlp_FP/mlp.cpp:110]   --->   Operation 420 'fexp' 'e' <Predicate = true> <Delay = 4.35> <Core = "FExp">   --->   Core 127 'FExp' <Latency = 12> <II = 1> <Delay = 4.35> <FuncUnit> <Opcode : 'fexp'> <InPorts = 1> <OutPorts = 1>

State 97 <SV = 24> <Delay = 4.35>
ST_97 : Operation 421 [6/13] (4.35ns)   --->   "%e = call float @llvm.exp.f32(float %tmp_7)" [mlp_FP/mlp.cpp:110]   --->   Operation 421 'fexp' 'e' <Predicate = true> <Delay = 4.35> <Core = "FExp">   --->   Core 127 'FExp' <Latency = 12> <II = 1> <Delay = 4.35> <FuncUnit> <Opcode : 'fexp'> <InPorts = 1> <OutPorts = 1>

State 98 <SV = 25> <Delay = 4.35>
ST_98 : Operation 422 [5/13] (4.35ns)   --->   "%e = call float @llvm.exp.f32(float %tmp_7)" [mlp_FP/mlp.cpp:110]   --->   Operation 422 'fexp' 'e' <Predicate = true> <Delay = 4.35> <Core = "FExp">   --->   Core 127 'FExp' <Latency = 12> <II = 1> <Delay = 4.35> <FuncUnit> <Opcode : 'fexp'> <InPorts = 1> <OutPorts = 1>

State 99 <SV = 26> <Delay = 4.35>
ST_99 : Operation 423 [4/13] (4.35ns)   --->   "%e = call float @llvm.exp.f32(float %tmp_7)" [mlp_FP/mlp.cpp:110]   --->   Operation 423 'fexp' 'e' <Predicate = true> <Delay = 4.35> <Core = "FExp">   --->   Core 127 'FExp' <Latency = 12> <II = 1> <Delay = 4.35> <FuncUnit> <Opcode : 'fexp'> <InPorts = 1> <OutPorts = 1>

State 100 <SV = 27> <Delay = 4.35>
ST_100 : Operation 424 [3/13] (4.35ns)   --->   "%e = call float @llvm.exp.f32(float %tmp_7)" [mlp_FP/mlp.cpp:110]   --->   Operation 424 'fexp' 'e' <Predicate = true> <Delay = 4.35> <Core = "FExp">   --->   Core 127 'FExp' <Latency = 12> <II = 1> <Delay = 4.35> <FuncUnit> <Opcode : 'fexp'> <InPorts = 1> <OutPorts = 1>

State 101 <SV = 28> <Delay = 4.35>
ST_101 : Operation 425 [2/13] (4.35ns)   --->   "%e = call float @llvm.exp.f32(float %tmp_7)" [mlp_FP/mlp.cpp:110]   --->   Operation 425 'fexp' 'e' <Predicate = true> <Delay = 4.35> <Core = "FExp">   --->   Core 127 'FExp' <Latency = 12> <II = 1> <Delay = 4.35> <FuncUnit> <Opcode : 'fexp'> <InPorts = 1> <OutPorts = 1>

State 102 <SV = 29> <Delay = 4.35>
ST_102 : Operation 426 [1/13] (4.35ns)   --->   "%e = call float @llvm.exp.f32(float %tmp_7)" [mlp_FP/mlp.cpp:110]   --->   Operation 426 'fexp' 'e' <Predicate = true> <Delay = 4.35> <Core = "FExp">   --->   Core 127 'FExp' <Latency = 12> <II = 1> <Delay = 4.35> <FuncUnit> <Opcode : 'fexp'> <InPorts = 1> <OutPorts = 1>

State 103 <SV = 30> <Delay = 4.18>
ST_103 : Operation 427 [1/1] (0.00ns)   --->   "%output_addr = getelementptr [10 x float]* %output_r, i64 0, i64 %zext_ln110" [mlp_FP/mlp.cpp:111]   --->   Operation 427 'getelementptr' 'output_addr' <Predicate = true> <Delay = 0.00>
ST_103 : Operation 428 [1/1] (0.79ns)   --->   "store float %e, float* %output_addr, align 4" [mlp_FP/mlp.cpp:111]   --->   Operation 428 'store' <Predicate = true> <Delay = 0.79> <Core = "RAM">   --->   Core 37 'RAM' <Latency = 1> <II = 1> <Delay = 0.79> <Storage> <Opcode : 'load' 'store'> <Ports = 2> <Width = 32> <Depth = 10> <RAM>
ST_103 : Operation 429 [8/8] (4.18ns)   --->   "%sum = fadd float %sum_0, %e" [mlp_FP/mlp.cpp:112]   --->   Operation 429 'fadd' 'sum' <Predicate = true> <Delay = 4.18> <Core = "FAddSub">   --->   Core 105 'FAddSub' <Latency = 7> <II = 1> <Delay = 4.18> <FuncUnit> <Opcode : 'fadd' 'fsub'> <InPorts = 2> <OutPorts = 1>

State 104 <SV = 31> <Delay = 4.18>
ST_104 : Operation 430 [7/8] (4.18ns)   --->   "%sum = fadd float %sum_0, %e" [mlp_FP/mlp.cpp:112]   --->   Operation 430 'fadd' 'sum' <Predicate = true> <Delay = 4.18> <Core = "FAddSub">   --->   Core 105 'FAddSub' <Latency = 7> <II = 1> <Delay = 4.18> <FuncUnit> <Opcode : 'fadd' 'fsub'> <InPorts = 2> <OutPorts = 1>

State 105 <SV = 32> <Delay = 4.18>
ST_105 : Operation 431 [6/8] (4.18ns)   --->   "%sum = fadd float %sum_0, %e" [mlp_FP/mlp.cpp:112]   --->   Operation 431 'fadd' 'sum' <Predicate = true> <Delay = 4.18> <Core = "FAddSub">   --->   Core 105 'FAddSub' <Latency = 7> <II = 1> <Delay = 4.18> <FuncUnit> <Opcode : 'fadd' 'fsub'> <InPorts = 2> <OutPorts = 1>

State 106 <SV = 33> <Delay = 4.18>
ST_106 : Operation 432 [5/8] (4.18ns)   --->   "%sum = fadd float %sum_0, %e" [mlp_FP/mlp.cpp:112]   --->   Operation 432 'fadd' 'sum' <Predicate = true> <Delay = 4.18> <Core = "FAddSub">   --->   Core 105 'FAddSub' <Latency = 7> <II = 1> <Delay = 4.18> <FuncUnit> <Opcode : 'fadd' 'fsub'> <InPorts = 2> <OutPorts = 1>

State 107 <SV = 34> <Delay = 4.18>
ST_107 : Operation 433 [4/8] (4.18ns)   --->   "%sum = fadd float %sum_0, %e" [mlp_FP/mlp.cpp:112]   --->   Operation 433 'fadd' 'sum' <Predicate = true> <Delay = 4.18> <Core = "FAddSub">   --->   Core 105 'FAddSub' <Latency = 7> <II = 1> <Delay = 4.18> <FuncUnit> <Opcode : 'fadd' 'fsub'> <InPorts = 2> <OutPorts = 1>

State 108 <SV = 35> <Delay = 4.18>
ST_108 : Operation 434 [3/8] (4.18ns)   --->   "%sum = fadd float %sum_0, %e" [mlp_FP/mlp.cpp:112]   --->   Operation 434 'fadd' 'sum' <Predicate = true> <Delay = 4.18> <Core = "FAddSub">   --->   Core 105 'FAddSub' <Latency = 7> <II = 1> <Delay = 4.18> <FuncUnit> <Opcode : 'fadd' 'fsub'> <InPorts = 2> <OutPorts = 1>

State 109 <SV = 36> <Delay = 4.18>
ST_109 : Operation 435 [2/8] (4.18ns)   --->   "%sum = fadd float %sum_0, %e" [mlp_FP/mlp.cpp:112]   --->   Operation 435 'fadd' 'sum' <Predicate = true> <Delay = 4.18> <Core = "FAddSub">   --->   Core 105 'FAddSub' <Latency = 7> <II = 1> <Delay = 4.18> <FuncUnit> <Opcode : 'fadd' 'fsub'> <InPorts = 2> <OutPorts = 1>

State 110 <SV = 37> <Delay = 4.18>
ST_110 : Operation 436 [1/1] (0.00ns)   --->   "call void (...)* @_ssdm_op_SpecLoopName([12 x i8]* @p_str6) nounwind" [mlp_FP/mlp.cpp:109]   --->   Operation 436 'specloopname' <Predicate = true> <Delay = 0.00>
ST_110 : Operation 437 [1/8] (4.18ns)   --->   "%sum = fadd float %sum_0, %e" [mlp_FP/mlp.cpp:112]   --->   Operation 437 'fadd' 'sum' <Predicate = true> <Delay = 4.18> <Core = "FAddSub">   --->   Core 105 'FAddSub' <Latency = 7> <II = 1> <Delay = 4.18> <FuncUnit> <Opcode : 'fadd' 'fsub'> <InPorts = 2> <OutPorts = 1>
ST_110 : Operation 438 [1/1] (0.00ns)   --->   "br label %.preheader1" [mlp_FP/mlp.cpp:109]   --->   Operation 438 'br' <Predicate = true> <Delay = 0.00>

State 111 <SV = 8> <Delay = 0.88>
ST_111 : Operation 439 [1/1] (0.00ns)   --->   "%j6_0 = phi i4 [ %j_6, %17 ], [ 0, %.preheader.preheader ]"   --->   Operation 439 'phi' 'j6_0' <Predicate = true> <Delay = 0.00>
ST_111 : Operation 440 [1/1] (0.88ns)   --->   "%icmp_ln116 = icmp eq i4 %j6_0, -6" [mlp_FP/mlp.cpp:116]   --->   Operation 440 'icmp' 'icmp_ln116' <Predicate = true> <Delay = 0.88> <Core = "Cmp">   --->   Core 25 'Cmp' <Latency = 0> <II = 1> <Delay = 0.88> <FuncUnit> <Opcode : 'icmp'> <InPorts = 2> <OutPorts = 1>
ST_111 : Operation 441 [1/1] (0.00ns)   --->   "%empty_14 = call i32 (...)* @_ssdm_op_SpecLoopTripCount(i64 10, i64 10, i64 10) nounwind"   --->   Operation 441 'speclooptripcount' 'empty_14' <Predicate = true> <Delay = 0.00>
ST_111 : Operation 442 [1/1] (0.86ns)   --->   "%j_6 = add i4 %j6_0, 1" [mlp_FP/mlp.cpp:116]   --->   Operation 442 'add' 'j_6' <Predicate = true> <Delay = 0.86> <Core = "AddSub">   --->   Core 14 'AddSub' <Latency = 0> <II = 1> <Delay = 0.86> <FuncUnit> <Opcode : 'add' 'sub'> <InPorts = 2> <OutPorts = 1>
ST_111 : Operation 443 [1/1] (0.00ns)   --->   "br i1 %icmp_ln116, label %18, label %17" [mlp_FP/mlp.cpp:116]   --->   Operation 443 'br' <Predicate = true> <Delay = 0.00>
ST_111 : Operation 444 [1/1] (0.00ns)   --->   "%zext_ln117 = zext i4 %j6_0 to i64" [mlp_FP/mlp.cpp:117]   --->   Operation 444 'zext' 'zext_ln117' <Predicate = (!icmp_ln116)> <Delay = 0.00>
ST_111 : Operation 445 [1/1] (0.00ns)   --->   "%output_addr_1 = getelementptr [10 x float]* %output_r, i64 0, i64 %zext_ln117" [mlp_FP/mlp.cpp:117]   --->   Operation 445 'getelementptr' 'output_addr_1' <Predicate = (!icmp_ln116)> <Delay = 0.00>
ST_111 : Operation 446 [2/2] (0.79ns)   --->   "%output_load = load float* %output_addr_1, align 4" [mlp_FP/mlp.cpp:117]   --->   Operation 446 'load' 'output_load' <Predicate = (!icmp_ln116)> <Delay = 0.79> <Core = "RAM">   --->   Core 37 'RAM' <Latency = 1> <II = 1> <Delay = 0.79> <Storage> <Opcode : 'load' 'store'> <Ports = 2> <Width = 32> <Depth = 10> <RAM>
ST_111 : Operation 447 [1/1] (0.00ns)   --->   "ret void" [mlp_FP/mlp.cpp:118]   --->   Operation 447 'ret' <Predicate = (icmp_ln116)> <Delay = 0.00>

State 112 <SV = 9> <Delay = 0.79>
ST_112 : Operation 448 [1/2] (0.79ns)   --->   "%output_load = load float* %output_addr_1, align 4" [mlp_FP/mlp.cpp:117]   --->   Operation 448 'load' 'output_load' <Predicate = true> <Delay = 0.79> <Core = "RAM">   --->   Core 37 'RAM' <Latency = 1> <II = 1> <Delay = 0.79> <Storage> <Opcode : 'load' 'store'> <Ports = 2> <Width = 32> <Depth = 10> <RAM>

State 113 <SV = 10> <Delay = 3.73>
ST_113 : Operation 449 [16/16] (3.73ns)   --->   "%tmp_9 = fdiv float %output_load, %sum_0" [mlp_FP/mlp.cpp:117]   --->   Operation 449 'fdiv' 'tmp_9' <Predicate = true> <Delay = 3.73> <Core = "FDiv">   --->   Core 107 'FDiv' <Latency = 15> <II = 1> <Delay = 3.73> <FuncUnit> <Opcode : 'fdiv' 'frem'> <InPorts = 2> <OutPorts = 1>

State 114 <SV = 11> <Delay = 3.73>
ST_114 : Operation 450 [15/16] (3.73ns)   --->   "%tmp_9 = fdiv float %output_load, %sum_0" [mlp_FP/mlp.cpp:117]   --->   Operation 450 'fdiv' 'tmp_9' <Predicate = true> <Delay = 3.73> <Core = "FDiv">   --->   Core 107 'FDiv' <Latency = 15> <II = 1> <Delay = 3.73> <FuncUnit> <Opcode : 'fdiv' 'frem'> <InPorts = 2> <OutPorts = 1>

State 115 <SV = 12> <Delay = 3.73>
ST_115 : Operation 451 [14/16] (3.73ns)   --->   "%tmp_9 = fdiv float %output_load, %sum_0" [mlp_FP/mlp.cpp:117]   --->   Operation 451 'fdiv' 'tmp_9' <Predicate = true> <Delay = 3.73> <Core = "FDiv">   --->   Core 107 'FDiv' <Latency = 15> <II = 1> <Delay = 3.73> <FuncUnit> <Opcode : 'fdiv' 'frem'> <InPorts = 2> <OutPorts = 1>

State 116 <SV = 13> <Delay = 3.73>
ST_116 : Operation 452 [13/16] (3.73ns)   --->   "%tmp_9 = fdiv float %output_load, %sum_0" [mlp_FP/mlp.cpp:117]   --->   Operation 452 'fdiv' 'tmp_9' <Predicate = true> <Delay = 3.73> <Core = "FDiv">   --->   Core 107 'FDiv' <Latency = 15> <II = 1> <Delay = 3.73> <FuncUnit> <Opcode : 'fdiv' 'frem'> <InPorts = 2> <OutPorts = 1>

State 117 <SV = 14> <Delay = 3.73>
ST_117 : Operation 453 [12/16] (3.73ns)   --->   "%tmp_9 = fdiv float %output_load, %sum_0" [mlp_FP/mlp.cpp:117]   --->   Operation 453 'fdiv' 'tmp_9' <Predicate = true> <Delay = 3.73> <Core = "FDiv">   --->   Core 107 'FDiv' <Latency = 15> <II = 1> <Delay = 3.73> <FuncUnit> <Opcode : 'fdiv' 'frem'> <InPorts = 2> <OutPorts = 1>

State 118 <SV = 15> <Delay = 3.73>
ST_118 : Operation 454 [11/16] (3.73ns)   --->   "%tmp_9 = fdiv float %output_load, %sum_0" [mlp_FP/mlp.cpp:117]   --->   Operation 454 'fdiv' 'tmp_9' <Predicate = true> <Delay = 3.73> <Core = "FDiv">   --->   Core 107 'FDiv' <Latency = 15> <II = 1> <Delay = 3.73> <FuncUnit> <Opcode : 'fdiv' 'frem'> <InPorts = 2> <OutPorts = 1>

State 119 <SV = 16> <Delay = 3.73>
ST_119 : Operation 455 [10/16] (3.73ns)   --->   "%tmp_9 = fdiv float %output_load, %sum_0" [mlp_FP/mlp.cpp:117]   --->   Operation 455 'fdiv' 'tmp_9' <Predicate = true> <Delay = 3.73> <Core = "FDiv">   --->   Core 107 'FDiv' <Latency = 15> <II = 1> <Delay = 3.73> <FuncUnit> <Opcode : 'fdiv' 'frem'> <InPorts = 2> <OutPorts = 1>

State 120 <SV = 17> <Delay = 3.73>
ST_120 : Operation 456 [9/16] (3.73ns)   --->   "%tmp_9 = fdiv float %output_load, %sum_0" [mlp_FP/mlp.cpp:117]   --->   Operation 456 'fdiv' 'tmp_9' <Predicate = true> <Delay = 3.73> <Core = "FDiv">   --->   Core 107 'FDiv' <Latency = 15> <II = 1> <Delay = 3.73> <FuncUnit> <Opcode : 'fdiv' 'frem'> <InPorts = 2> <OutPorts = 1>

State 121 <SV = 18> <Delay = 3.73>
ST_121 : Operation 457 [8/16] (3.73ns)   --->   "%tmp_9 = fdiv float %output_load, %sum_0" [mlp_FP/mlp.cpp:117]   --->   Operation 457 'fdiv' 'tmp_9' <Predicate = true> <Delay = 3.73> <Core = "FDiv">   --->   Core 107 'FDiv' <Latency = 15> <II = 1> <Delay = 3.73> <FuncUnit> <Opcode : 'fdiv' 'frem'> <InPorts = 2> <OutPorts = 1>

State 122 <SV = 19> <Delay = 3.73>
ST_122 : Operation 458 [7/16] (3.73ns)   --->   "%tmp_9 = fdiv float %output_load, %sum_0" [mlp_FP/mlp.cpp:117]   --->   Operation 458 'fdiv' 'tmp_9' <Predicate = true> <Delay = 3.73> <Core = "FDiv">   --->   Core 107 'FDiv' <Latency = 15> <II = 1> <Delay = 3.73> <FuncUnit> <Opcode : 'fdiv' 'frem'> <InPorts = 2> <OutPorts = 1>

State 123 <SV = 20> <Delay = 3.73>
ST_123 : Operation 459 [6/16] (3.73ns)   --->   "%tmp_9 = fdiv float %output_load, %sum_0" [mlp_FP/mlp.cpp:117]   --->   Operation 459 'fdiv' 'tmp_9' <Predicate = true> <Delay = 3.73> <Core = "FDiv">   --->   Core 107 'FDiv' <Latency = 15> <II = 1> <Delay = 3.73> <FuncUnit> <Opcode : 'fdiv' 'frem'> <InPorts = 2> <OutPorts = 1>

State 124 <SV = 21> <Delay = 3.73>
ST_124 : Operation 460 [5/16] (3.73ns)   --->   "%tmp_9 = fdiv float %output_load, %sum_0" [mlp_FP/mlp.cpp:117]   --->   Operation 460 'fdiv' 'tmp_9' <Predicate = true> <Delay = 3.73> <Core = "FDiv">   --->   Core 107 'FDiv' <Latency = 15> <II = 1> <Delay = 3.73> <FuncUnit> <Opcode : 'fdiv' 'frem'> <InPorts = 2> <OutPorts = 1>

State 125 <SV = 22> <Delay = 3.73>
ST_125 : Operation 461 [4/16] (3.73ns)   --->   "%tmp_9 = fdiv float %output_load, %sum_0" [mlp_FP/mlp.cpp:117]   --->   Operation 461 'fdiv' 'tmp_9' <Predicate = true> <Delay = 3.73> <Core = "FDiv">   --->   Core 107 'FDiv' <Latency = 15> <II = 1> <Delay = 3.73> <FuncUnit> <Opcode : 'fdiv' 'frem'> <InPorts = 2> <OutPorts = 1>

State 126 <SV = 23> <Delay = 3.73>
ST_126 : Operation 462 [3/16] (3.73ns)   --->   "%tmp_9 = fdiv float %output_load, %sum_0" [mlp_FP/mlp.cpp:117]   --->   Operation 462 'fdiv' 'tmp_9' <Predicate = true> <Delay = 3.73> <Core = "FDiv">   --->   Core 107 'FDiv' <Latency = 15> <II = 1> <Delay = 3.73> <FuncUnit> <Opcode : 'fdiv' 'frem'> <InPorts = 2> <OutPorts = 1>

State 127 <SV = 24> <Delay = 3.73>
ST_127 : Operation 463 [2/16] (3.73ns)   --->   "%tmp_9 = fdiv float %output_load, %sum_0" [mlp_FP/mlp.cpp:117]   --->   Operation 463 'fdiv' 'tmp_9' <Predicate = true> <Delay = 3.73> <Core = "FDiv">   --->   Core 107 'FDiv' <Latency = 15> <II = 1> <Delay = 3.73> <FuncUnit> <Opcode : 'fdiv' 'frem'> <InPorts = 2> <OutPorts = 1>

State 128 <SV = 25> <Delay = 3.73>
ST_128 : Operation 464 [1/16] (3.73ns)   --->   "%tmp_9 = fdiv float %output_load, %sum_0" [mlp_FP/mlp.cpp:117]   --->   Operation 464 'fdiv' 'tmp_9' <Predicate = true> <Delay = 3.73> <Core = "FDiv">   --->   Core 107 'FDiv' <Latency = 15> <II = 1> <Delay = 3.73> <FuncUnit> <Opcode : 'fdiv' 'frem'> <InPorts = 2> <OutPorts = 1>

State 129 <SV = 26> <Delay = 0.79>
ST_129 : Operation 465 [1/1] (0.00ns)   --->   "call void (...)* @_ssdm_op_SpecLoopName([13 x i8]* @p_str7) nounwind" [mlp_FP/mlp.cpp:117]   --->   Operation 465 'specloopname' <Predicate = true> <Delay = 0.00>
ST_129 : Operation 466 [1/1] (0.79ns)   --->   "store float %tmp_9, float* %output_addr_1, align 4" [mlp_FP/mlp.cpp:117]   --->   Operation 466 'store' <Predicate = true> <Delay = 0.79> <Core = "RAM">   --->   Core 37 'RAM' <Latency = 1> <II = 1> <Delay = 0.79> <Storage> <Opcode : 'load' 'store'> <Ports = 2> <Width = 32> <Depth = 10> <RAM>
ST_129 : Operation 467 [1/1] (0.00ns)   --->   "br label %.preheader" [mlp_FP/mlp.cpp:116]   --->   Operation 467 'br' <Predicate = true> <Delay = 0.00>


============================================================
+ Verbose Summary: Timing violations
============================================================
Target clock period: 5ns, clock uncertainty: 0.625ns.

 <State 1>: 0.755ns
The critical path consists of the following:
	multiplexor before 'phi' operation ('j') with incoming values : ('j', mlp_FP/mlp.cpp:86) [20]  (0.755 ns)

 <State 2>: 1.35ns
The critical path consists of the following:
	'phi' operation ('j') with incoming values : ('j', mlp_FP/mlp.cpp:86) [20]  (0 ns)
	'getelementptr' operation ('B1_addr', mlp_FP/mlp.cpp:87) [30]  (0 ns)
	'load' operation ('bias', mlp_FP/mlp.cpp:87) on array 'B1' [31]  (1.35 ns)

 <State 3>: 1.35ns
The critical path consists of the following:
	'load' operation ('bias', mlp_FP/mlp.cpp:87) on array 'B1' [31]  (1.35 ns)

 <State 4>: 3.35ns
The critical path consists of the following:
	'phi' operation ('acc') with incoming values : ('bias', mlp_FP/mlp.cpp:87) ('acc', mlp_FP/mlp.cpp:69->mlp_FP/mlp.cpp:87) [34]  (0 ns)
	'fcmp' operation ('tmp_1', mlp_FP/mlp.cpp:72->mlp_FP/mlp.cpp:87) [60]  (3.35 ns)

 <State 5>: 1.35ns
The critical path consists of the following:
	'load' operation ('input_load', mlp_FP/mlp.cpp:69->mlp_FP/mlp.cpp:87) on array 'input_r' [48]  (1.35 ns)

 <State 6>: 3.75ns
The critical path consists of the following:
	'fmul' operation ('tmp_i', mlp_FP/mlp.cpp:69->mlp_FP/mlp.cpp:87) [50]  (3.75 ns)

 <State 7>: 3.75ns
The critical path consists of the following:
	'fmul' operation ('tmp_i', mlp_FP/mlp.cpp:69->mlp_FP/mlp.cpp:87) [50]  (3.75 ns)

 <State 8>: 3.75ns
The critical path consists of the following:
	'fmul' operation ('tmp_i', mlp_FP/mlp.cpp:69->mlp_FP/mlp.cpp:87) [50]  (3.75 ns)

 <State 9>: 3.75ns
The critical path consists of the following:
	'fmul' operation ('tmp_i', mlp_FP/mlp.cpp:69->mlp_FP/mlp.cpp:87) [50]  (3.75 ns)

 <State 10>: 3.75ns
The critical path consists of the following:
	'fmul' operation ('tmp_i', mlp_FP/mlp.cpp:69->mlp_FP/mlp.cpp:87) [50]  (3.75 ns)

 <State 11>: 4.18ns
The critical path consists of the following:
	'fadd' operation ('acc', mlp_FP/mlp.cpp:69->mlp_FP/mlp.cpp:87) [51]  (4.18 ns)

 <State 12>: 4.18ns
The critical path consists of the following:
	'fadd' operation ('acc', mlp_FP/mlp.cpp:69->mlp_FP/mlp.cpp:87) [51]  (4.18 ns)

 <State 13>: 4.18ns
The critical path consists of the following:
	'fadd' operation ('acc', mlp_FP/mlp.cpp:69->mlp_FP/mlp.cpp:87) [51]  (4.18 ns)

 <State 14>: 4.18ns
The critical path consists of the following:
	'fadd' operation ('acc', mlp_FP/mlp.cpp:69->mlp_FP/mlp.cpp:87) [51]  (4.18 ns)

 <State 15>: 4.18ns
The critical path consists of the following:
	'fadd' operation ('acc', mlp_FP/mlp.cpp:69->mlp_FP/mlp.cpp:87) [51]  (4.18 ns)

 <State 16>: 4.18ns
The critical path consists of the following:
	'fadd' operation ('acc', mlp_FP/mlp.cpp:69->mlp_FP/mlp.cpp:87) [51]  (4.18 ns)

 <State 17>: 4.18ns
The critical path consists of the following:
	'fadd' operation ('acc', mlp_FP/mlp.cpp:69->mlp_FP/mlp.cpp:87) [51]  (4.18 ns)

 <State 18>: 4.18ns
The critical path consists of the following:
	'fadd' operation ('acc', mlp_FP/mlp.cpp:69->mlp_FP/mlp.cpp:87) [51]  (4.18 ns)

 <State 19>: 3.35ns
The critical path consists of the following:
	'fcmp' operation ('tmp_1', mlp_FP/mlp.cpp:72->mlp_FP/mlp.cpp:87) [60]  (3.35 ns)

 <State 20>: 2.29ns
The critical path consists of the following:
	'icmp' operation ('icmp_ln72_1', mlp_FP/mlp.cpp:72->mlp_FP/mlp.cpp:87) [58]  (0.973 ns)
	'or' operation ('or_ln72', mlp_FP/mlp.cpp:72->mlp_FP/mlp.cpp:87) [59]  (0 ns)
	'and' operation ('and_ln72', mlp_FP/mlp.cpp:72->mlp_FP/mlp.cpp:87) [61]  (0 ns)
	'select' operation ('select_ln72', mlp_FP/mlp.cpp:72->mlp_FP/mlp.cpp:87) [62]  (0.525 ns)
	'store' operation ('store_ln87', mlp_FP/mlp.cpp:87) of variable 'select_ln72', mlp_FP/mlp.cpp:72->mlp_FP/mlp.cpp:87 on array 'a1', mlp_FP/mlp.cpp:80 [64]  (0.79 ns)

 <State 21>: 1.35ns
The critical path consists of the following:
	'phi' operation ('j') with incoming values : ('j', mlp_FP/mlp.cpp:90) [69]  (0 ns)
	'getelementptr' operation ('B2_addr', mlp_FP/mlp.cpp:91) [81]  (0 ns)
	'load' operation ('bias', mlp_FP/mlp.cpp:91) on array 'B2' [82]  (1.35 ns)

 <State 22>: 1.35ns
The critical path consists of the following:
	'load' operation ('bias', mlp_FP/mlp.cpp:91) on array 'B2' [82]  (1.35 ns)

 <State 23>: 3.35ns
The critical path consists of the following:
	'phi' operation ('acc') with incoming values : ('bias', mlp_FP/mlp.cpp:91) ('acc', mlp_FP/mlp.cpp:69->mlp_FP/mlp.cpp:91) [85]  (0 ns)
	'fcmp' operation ('tmp_3', mlp_FP/mlp.cpp:72->mlp_FP/mlp.cpp:91) [111]  (3.35 ns)

 <State 24>: 1.35ns
The critical path consists of the following:
	'load' operation ('W2_load', mlp_FP/mlp.cpp:69->mlp_FP/mlp.cpp:91) on array 'W2' [100]  (1.35 ns)

 <State 25>: 3.75ns
The critical path consists of the following:
	'fmul' operation ('tmp_i1', mlp_FP/mlp.cpp:69->mlp_FP/mlp.cpp:91) [101]  (3.75 ns)

 <State 26>: 3.75ns
The critical path consists of the following:
	'fmul' operation ('tmp_i1', mlp_FP/mlp.cpp:69->mlp_FP/mlp.cpp:91) [101]  (3.75 ns)

 <State 27>: 3.75ns
The critical path consists of the following:
	'fmul' operation ('tmp_i1', mlp_FP/mlp.cpp:69->mlp_FP/mlp.cpp:91) [101]  (3.75 ns)

 <State 28>: 3.75ns
The critical path consists of the following:
	'fmul' operation ('tmp_i1', mlp_FP/mlp.cpp:69->mlp_FP/mlp.cpp:91) [101]  (3.75 ns)

 <State 29>: 3.75ns
The critical path consists of the following:
	'fmul' operation ('tmp_i1', mlp_FP/mlp.cpp:69->mlp_FP/mlp.cpp:91) [101]  (3.75 ns)

 <State 30>: 4.18ns
The critical path consists of the following:
	'fadd' operation ('acc', mlp_FP/mlp.cpp:69->mlp_FP/mlp.cpp:91) [102]  (4.18 ns)

 <State 31>: 4.18ns
The critical path consists of the following:
	'fadd' operation ('acc', mlp_FP/mlp.cpp:69->mlp_FP/mlp.cpp:91) [102]  (4.18 ns)

 <State 32>: 4.18ns
The critical path consists of the following:
	'fadd' operation ('acc', mlp_FP/mlp.cpp:69->mlp_FP/mlp.cpp:91) [102]  (4.18 ns)

 <State 33>: 4.18ns
The critical path consists of the following:
	'fadd' operation ('acc', mlp_FP/mlp.cpp:69->mlp_FP/mlp.cpp:91) [102]  (4.18 ns)

 <State 34>: 4.18ns
The critical path consists of the following:
	'fadd' operation ('acc', mlp_FP/mlp.cpp:69->mlp_FP/mlp.cpp:91) [102]  (4.18 ns)

 <State 35>: 4.18ns
The critical path consists of the following:
	'fadd' operation ('acc', mlp_FP/mlp.cpp:69->mlp_FP/mlp.cpp:91) [102]  (4.18 ns)

 <State 36>: 4.18ns
The critical path consists of the following:
	'fadd' operation ('acc', mlp_FP/mlp.cpp:69->mlp_FP/mlp.cpp:91) [102]  (4.18 ns)

 <State 37>: 4.18ns
The critical path consists of the following:
	'fadd' operation ('acc', mlp_FP/mlp.cpp:69->mlp_FP/mlp.cpp:91) [102]  (4.18 ns)

 <State 38>: 3.35ns
The critical path consists of the following:
	'fcmp' operation ('tmp_3', mlp_FP/mlp.cpp:72->mlp_FP/mlp.cpp:91) [111]  (3.35 ns)

 <State 39>: 2.29ns
The critical path consists of the following:
	'icmp' operation ('icmp_ln72_3', mlp_FP/mlp.cpp:72->mlp_FP/mlp.cpp:91) [109]  (0.973 ns)
	'or' operation ('or_ln72_1', mlp_FP/mlp.cpp:72->mlp_FP/mlp.cpp:91) [110]  (0 ns)
	'and' operation ('and_ln72_1', mlp_FP/mlp.cpp:72->mlp_FP/mlp.cpp:91) [112]  (0 ns)
	'select' operation ('select_ln72_1', mlp_FP/mlp.cpp:72->mlp_FP/mlp.cpp:91) [113]  (0.525 ns)
	'store' operation ('store_ln91', mlp_FP/mlp.cpp:91) of variable 'select_ln72_1', mlp_FP/mlp.cpp:72->mlp_FP/mlp.cpp:91 on array 'a2', mlp_FP/mlp.cpp:81 [115]  (0.79 ns)

 <State 40>: 1.35ns
The critical path consists of the following:
	'phi' operation ('j') with incoming values : ('j', mlp_FP/mlp.cpp:94) [120]  (0 ns)
	'getelementptr' operation ('B3_addr', mlp_FP/mlp.cpp:95) [130]  (0 ns)
	'load' operation ('bias', mlp_FP/mlp.cpp:95) on array 'B3' [131]  (1.35 ns)

 <State 41>: 1.35ns
The critical path consists of the following:
	'load' operation ('bias', mlp_FP/mlp.cpp:95) on array 'B3' [131]  (1.35 ns)

 <State 42>: 3.35ns
The critical path consists of the following:
	'phi' operation ('acc') with incoming values : ('bias', mlp_FP/mlp.cpp:95) ('acc', mlp_FP/mlp.cpp:69->mlp_FP/mlp.cpp:95) [134]  (0 ns)
	'fcmp' operation ('tmp_5', mlp_FP/mlp.cpp:72->mlp_FP/mlp.cpp:95) [160]  (3.35 ns)

 <State 43>: 1.35ns
The critical path consists of the following:
	'load' operation ('W3_load', mlp_FP/mlp.cpp:69->mlp_FP/mlp.cpp:95) on array 'W3' [149]  (1.35 ns)

 <State 44>: 3.75ns
The critical path consists of the following:
	'fmul' operation ('tmp_i2', mlp_FP/mlp.cpp:69->mlp_FP/mlp.cpp:95) [150]  (3.75 ns)

 <State 45>: 3.75ns
The critical path consists of the following:
	'fmul' operation ('tmp_i2', mlp_FP/mlp.cpp:69->mlp_FP/mlp.cpp:95) [150]  (3.75 ns)

 <State 46>: 3.75ns
The critical path consists of the following:
	'fmul' operation ('tmp_i2', mlp_FP/mlp.cpp:69->mlp_FP/mlp.cpp:95) [150]  (3.75 ns)

 <State 47>: 3.75ns
The critical path consists of the following:
	'fmul' operation ('tmp_i2', mlp_FP/mlp.cpp:69->mlp_FP/mlp.cpp:95) [150]  (3.75 ns)

 <State 48>: 3.75ns
The critical path consists of the following:
	'fmul' operation ('tmp_i2', mlp_FP/mlp.cpp:69->mlp_FP/mlp.cpp:95) [150]  (3.75 ns)

 <State 49>: 4.18ns
The critical path consists of the following:
	'fadd' operation ('acc', mlp_FP/mlp.cpp:69->mlp_FP/mlp.cpp:95) [151]  (4.18 ns)

 <State 50>: 4.18ns
The critical path consists of the following:
	'fadd' operation ('acc', mlp_FP/mlp.cpp:69->mlp_FP/mlp.cpp:95) [151]  (4.18 ns)

 <State 51>: 4.18ns
The critical path consists of the following:
	'fadd' operation ('acc', mlp_FP/mlp.cpp:69->mlp_FP/mlp.cpp:95) [151]  (4.18 ns)

 <State 52>: 4.18ns
The critical path consists of the following:
	'fadd' operation ('acc', mlp_FP/mlp.cpp:69->mlp_FP/mlp.cpp:95) [151]  (4.18 ns)

 <State 53>: 4.18ns
The critical path consists of the following:
	'fadd' operation ('acc', mlp_FP/mlp.cpp:69->mlp_FP/mlp.cpp:95) [151]  (4.18 ns)

 <State 54>: 4.18ns
The critical path consists of the following:
	'fadd' operation ('acc', mlp_FP/mlp.cpp:69->mlp_FP/mlp.cpp:95) [151]  (4.18 ns)

 <State 55>: 4.18ns
The critical path consists of the following:
	'fadd' operation ('acc', mlp_FP/mlp.cpp:69->mlp_FP/mlp.cpp:95) [151]  (4.18 ns)

 <State 56>: 4.18ns
The critical path consists of the following:
	'fadd' operation ('acc', mlp_FP/mlp.cpp:69->mlp_FP/mlp.cpp:95) [151]  (4.18 ns)

 <State 57>: 3.35ns
The critical path consists of the following:
	'fcmp' operation ('tmp_5', mlp_FP/mlp.cpp:72->mlp_FP/mlp.cpp:95) [160]  (3.35 ns)

 <State 58>: 2.29ns
The critical path consists of the following:
	'icmp' operation ('icmp_ln72_5', mlp_FP/mlp.cpp:72->mlp_FP/mlp.cpp:95) [158]  (0.973 ns)
	'or' operation ('or_ln72_2', mlp_FP/mlp.cpp:72->mlp_FP/mlp.cpp:95) [159]  (0 ns)
	'and' operation ('and_ln72_2', mlp_FP/mlp.cpp:72->mlp_FP/mlp.cpp:95) [161]  (0 ns)
	'select' operation ('select_ln72_2', mlp_FP/mlp.cpp:72->mlp_FP/mlp.cpp:95) [162]  (0.525 ns)
	'store' operation ('store_ln95', mlp_FP/mlp.cpp:95) of variable 'select_ln72_2', mlp_FP/mlp.cpp:72->mlp_FP/mlp.cpp:95 on array 'a3', mlp_FP/mlp.cpp:82 [164]  (0.79 ns)

 <State 59>: 1.35ns
The critical path consists of the following:
	'phi' operation ('j') with incoming values : ('j', mlp_FP/mlp.cpp:98) [169]  (0 ns)
	'getelementptr' operation ('B4_addr', mlp_FP/mlp.cpp:99) [179]  (0 ns)
	'load' operation ('bias', mlp_FP/mlp.cpp:99) on array 'B4' [180]  (1.35 ns)

 <State 60>: 1.35ns
The critical path consists of the following:
	'load' operation ('bias', mlp_FP/mlp.cpp:99) on array 'B4' [180]  (1.35 ns)

 <State 61>: 2.25ns
The critical path consists of the following:
	'phi' operation ('i') with incoming values : ('i', mlp_FP/mlp.cpp:68->mlp_FP/mlp.cpp:99) [184]  (0 ns)
	'add' operation ('add_ln69_4', mlp_FP/mlp.cpp:69->mlp_FP/mlp.cpp:99) [193]  (0.897 ns)
	'getelementptr' operation ('W4_addr', mlp_FP/mlp.cpp:69->mlp_FP/mlp.cpp:99) [195]  (0 ns)
	'load' operation ('W4_load', mlp_FP/mlp.cpp:69->mlp_FP/mlp.cpp:99) on array 'W4' [198]  (1.35 ns)

 <State 62>: 1.35ns
The critical path consists of the following:
	'load' operation ('W4_load', mlp_FP/mlp.cpp:69->mlp_FP/mlp.cpp:99) on array 'W4' [198]  (1.35 ns)

 <State 63>: 3.75ns
The critical path consists of the following:
	'fmul' operation ('tmp_i3', mlp_FP/mlp.cpp:69->mlp_FP/mlp.cpp:99) [199]  (3.75 ns)

 <State 64>: 3.75ns
The critical path consists of the following:
	'fmul' operation ('tmp_i3', mlp_FP/mlp.cpp:69->mlp_FP/mlp.cpp:99) [199]  (3.75 ns)

 <State 65>: 3.75ns
The critical path consists of the following:
	'fmul' operation ('tmp_i3', mlp_FP/mlp.cpp:69->mlp_FP/mlp.cpp:99) [199]  (3.75 ns)

 <State 66>: 3.75ns
The critical path consists of the following:
	'fmul' operation ('tmp_i3', mlp_FP/mlp.cpp:69->mlp_FP/mlp.cpp:99) [199]  (3.75 ns)

 <State 67>: 3.75ns
The critical path consists of the following:
	'fmul' operation ('tmp_i3', mlp_FP/mlp.cpp:69->mlp_FP/mlp.cpp:99) [199]  (3.75 ns)

 <State 68>: 4.18ns
The critical path consists of the following:
	'fadd' operation ('acc', mlp_FP/mlp.cpp:69->mlp_FP/mlp.cpp:99) [200]  (4.18 ns)

 <State 69>: 4.18ns
The critical path consists of the following:
	'fadd' operation ('acc', mlp_FP/mlp.cpp:69->mlp_FP/mlp.cpp:99) [200]  (4.18 ns)

 <State 70>: 4.18ns
The critical path consists of the following:
	'fadd' operation ('acc', mlp_FP/mlp.cpp:69->mlp_FP/mlp.cpp:99) [200]  (4.18 ns)

 <State 71>: 4.18ns
The critical path consists of the following:
	'fadd' operation ('acc', mlp_FP/mlp.cpp:69->mlp_FP/mlp.cpp:99) [200]  (4.18 ns)

 <State 72>: 4.18ns
The critical path consists of the following:
	'fadd' operation ('acc', mlp_FP/mlp.cpp:69->mlp_FP/mlp.cpp:99) [200]  (4.18 ns)

 <State 73>: 4.18ns
The critical path consists of the following:
	'fadd' operation ('acc', mlp_FP/mlp.cpp:69->mlp_FP/mlp.cpp:99) [200]  (4.18 ns)

 <State 74>: 4.18ns
The critical path consists of the following:
	'fadd' operation ('acc', mlp_FP/mlp.cpp:69->mlp_FP/mlp.cpp:99) [200]  (4.18 ns)

 <State 75>: 4.18ns
The critical path consists of the following:
	'fadd' operation ('acc', mlp_FP/mlp.cpp:69->mlp_FP/mlp.cpp:99) [200]  (4.18 ns)

 <State 76>: 0.79ns
The critical path consists of the following:
	'load' operation ('maxv', mlp_FP/mlp.cpp:101) on array 'z4', mlp_FP/mlp.cpp:83 [208]  (0.79 ns)

 <State 77>: 0.884ns
The critical path consists of the following:
	'phi' operation ('j') with incoming values : ('j', mlp_FP/mlp.cpp:103) [211]  (0 ns)
	'icmp' operation ('icmp_ln103', mlp_FP/mlp.cpp:103) [213]  (0.884 ns)

 <State 78>: 4.14ns
The critical path consists of the following:
	'load' operation ('maxv', mlp_FP/mlp.cpp:104) on array 'z4', mlp_FP/mlp.cpp:83 [220]  (0.79 ns)
	'fcmp' operation ('tmp_s', mlp_FP/mlp.cpp:104) [234]  (3.35 ns)

 <State 79>: 4.2ns
The critical path consists of the following:
	'fcmp' operation ('tmp_s', mlp_FP/mlp.cpp:104) [234]  (3.35 ns)
	'and' operation ('and_ln104_1', mlp_FP/mlp.cpp:104) [235]  (0.331 ns)
	'select' operation ('maxv', mlp_FP/mlp.cpp:104) [236]  (0.525 ns)

 <State 80>: 0.884ns
The critical path consists of the following:
	'phi' operation ('j') with incoming values : ('j', mlp_FP/mlp.cpp:109) [243]  (0 ns)
	'icmp' operation ('icmp_ln109', mlp_FP/mlp.cpp:109) [244]  (0.884 ns)

 <State 81>: 0.79ns
The critical path consists of the following:
	'load' operation ('z4_load', mlp_FP/mlp.cpp:110) on array 'z4', mlp_FP/mlp.cpp:83 [252]  (0.79 ns)

 <State 82>: 4.18ns
The critical path consists of the following:
	'fsub' operation ('tmp_7', mlp_FP/mlp.cpp:110) [253]  (4.18 ns)

 <State 83>: 4.18ns
The critical path consists of the following:
	'fsub' operation ('tmp_7', mlp_FP/mlp.cpp:110) [253]  (4.18 ns)

 <State 84>: 4.18ns
The critical path consists of the following:
	'fsub' operation ('tmp_7', mlp_FP/mlp.cpp:110) [253]  (4.18 ns)

 <State 85>: 4.18ns
The critical path consists of the following:
	'fsub' operation ('tmp_7', mlp_FP/mlp.cpp:110) [253]  (4.18 ns)

 <State 86>: 4.18ns
The critical path consists of the following:
	'fsub' operation ('tmp_7', mlp_FP/mlp.cpp:110) [253]  (4.18 ns)

 <State 87>: 4.18ns
The critical path consists of the following:
	'fsub' operation ('tmp_7', mlp_FP/mlp.cpp:110) [253]  (4.18 ns)

 <State 88>: 4.18ns
The critical path consists of the following:
	'fsub' operation ('tmp_7', mlp_FP/mlp.cpp:110) [253]  (4.18 ns)

 <State 89>: 4.18ns
The critical path consists of the following:
	'fsub' operation ('tmp_7', mlp_FP/mlp.cpp:110) [253]  (4.18 ns)

 <State 90>: 4.35ns
The critical path consists of the following:
	'fexp' operation ('e', mlp_FP/mlp.cpp:110) [254]  (4.35 ns)

 <State 91>: 4.35ns
The critical path consists of the following:
	'fexp' operation ('e', mlp_FP/mlp.cpp:110) [254]  (4.35 ns)

 <State 92>: 4.35ns
The critical path consists of the following:
	'fexp' operation ('e', mlp_FP/mlp.cpp:110) [254]  (4.35 ns)

 <State 93>: 4.35ns
The critical path consists of the following:
	'fexp' operation ('e', mlp_FP/mlp.cpp:110) [254]  (4.35 ns)

 <State 94>: 4.35ns
The critical path consists of the following:
	'fexp' operation ('e', mlp_FP/mlp.cpp:110) [254]  (4.35 ns)

 <State 95>: 4.35ns
The critical path consists of the following:
	'fexp' operation ('e', mlp_FP/mlp.cpp:110) [254]  (4.35 ns)

 <State 96>: 4.35ns
The critical path consists of the following:
	'fexp' operation ('e', mlp_FP/mlp.cpp:110) [254]  (4.35 ns)

 <State 97>: 4.35ns
The critical path consists of the following:
	'fexp' operation ('e', mlp_FP/mlp.cpp:110) [254]  (4.35 ns)

 <State 98>: 4.35ns
The critical path consists of the following:
	'fexp' operation ('e', mlp_FP/mlp.cpp:110) [254]  (4.35 ns)

 <State 99>: 4.35ns
The critical path consists of the following:
	'fexp' operation ('e', mlp_FP/mlp.cpp:110) [254]  (4.35 ns)

 <State 100>: 4.35ns
The critical path consists of the following:
	'fexp' operation ('e', mlp_FP/mlp.cpp:110) [254]  (4.35 ns)

 <State 101>: 4.35ns
The critical path consists of the following:
	'fexp' operation ('e', mlp_FP/mlp.cpp:110) [254]  (4.35 ns)

 <State 102>: 4.35ns
The critical path consists of the following:
	'fexp' operation ('e', mlp_FP/mlp.cpp:110) [254]  (4.35 ns)

 <State 103>: 4.18ns
The critical path consists of the following:
	'fadd' operation ('sum', mlp_FP/mlp.cpp:112) [257]  (4.18 ns)

 <State 104>: 4.18ns
The critical path consists of the following:
	'fadd' operation ('sum', mlp_FP/mlp.cpp:112) [257]  (4.18 ns)

 <State 105>: 4.18ns
The critical path consists of the following:
	'fadd' operation ('sum', mlp_FP/mlp.cpp:112) [257]  (4.18 ns)

 <State 106>: 4.18ns
The critical path consists of the following:
	'fadd' operation ('sum', mlp_FP/mlp.cpp:112) [257]  (4.18 ns)

 <State 107>: 4.18ns
The critical path consists of the following:
	'fadd' operation ('sum', mlp_FP/mlp.cpp:112) [257]  (4.18 ns)

 <State 108>: 4.18ns
The critical path consists of the following:
	'fadd' operation ('sum', mlp_FP/mlp.cpp:112) [257]  (4.18 ns)

 <State 109>: 4.18ns
The critical path consists of the following:
	'fadd' operation ('sum', mlp_FP/mlp.cpp:112) [257]  (4.18 ns)

 <State 110>: 4.18ns
The critical path consists of the following:
	'fadd' operation ('sum', mlp_FP/mlp.cpp:112) [257]  (4.18 ns)

 <State 111>: 0.884ns
The critical path consists of the following:
	'phi' operation ('j') with incoming values : ('j', mlp_FP/mlp.cpp:116) [262]  (0 ns)
	'icmp' operation ('icmp_ln116', mlp_FP/mlp.cpp:116) [263]  (0.884 ns)

 <State 112>: 0.79ns
The critical path consists of the following:
	'load' operation ('output_load', mlp_FP/mlp.cpp:117) on array 'output_r' [271]  (0.79 ns)

 <State 113>: 3.74ns
The critical path consists of the following:
	'fdiv' operation ('tmp_9', mlp_FP/mlp.cpp:117) [272]  (3.74 ns)

 <State 114>: 3.74ns
The critical path consists of the following:
	'fdiv' operation ('tmp_9', mlp_FP/mlp.cpp:117) [272]  (3.74 ns)

 <State 115>: 3.74ns
The critical path consists of the following:
	'fdiv' operation ('tmp_9', mlp_FP/mlp.cpp:117) [272]  (3.74 ns)

 <State 116>: 3.74ns
The critical path consists of the following:
	'fdiv' operation ('tmp_9', mlp_FP/mlp.cpp:117) [272]  (3.74 ns)

 <State 117>: 3.74ns
The critical path consists of the following:
	'fdiv' operation ('tmp_9', mlp_FP/mlp.cpp:117) [272]  (3.74 ns)

 <State 118>: 3.74ns
The critical path consists of the following:
	'fdiv' operation ('tmp_9', mlp_FP/mlp.cpp:117) [272]  (3.74 ns)

 <State 119>: 3.74ns
The critical path consists of the following:
	'fdiv' operation ('tmp_9', mlp_FP/mlp.cpp:117) [272]  (3.74 ns)

 <State 120>: 3.74ns
The critical path consists of the following:
	'fdiv' operation ('tmp_9', mlp_FP/mlp.cpp:117) [272]  (3.74 ns)

 <State 121>: 3.74ns
The critical path consists of the following:
	'fdiv' operation ('tmp_9', mlp_FP/mlp.cpp:117) [272]  (3.74 ns)

 <State 122>: 3.74ns
The critical path consists of the following:
	'fdiv' operation ('tmp_9', mlp_FP/mlp.cpp:117) [272]  (3.74 ns)

 <State 123>: 3.74ns
The critical path consists of the following:
	'fdiv' operation ('tmp_9', mlp_FP/mlp.cpp:117) [272]  (3.74 ns)

 <State 124>: 3.74ns
The critical path consists of the following:
	'fdiv' operation ('tmp_9', mlp_FP/mlp.cpp:117) [272]  (3.74 ns)

 <State 125>: 3.74ns
The critical path consists of the following:
	'fdiv' operation ('tmp_9', mlp_FP/mlp.cpp:117) [272]  (3.74 ns)

 <State 126>: 3.74ns
The critical path consists of the following:
	'fdiv' operation ('tmp_9', mlp_FP/mlp.cpp:117) [272]  (3.74 ns)

 <State 127>: 3.74ns
The critical path consists of the following:
	'fdiv' operation ('tmp_9', mlp_FP/mlp.cpp:117) [272]  (3.74 ns)

 <State 128>: 3.74ns
The critical path consists of the following:
	'fdiv' operation ('tmp_9', mlp_FP/mlp.cpp:117) [272]  (3.74 ns)

 <State 129>: 0.79ns
The critical path consists of the following:
	'store' operation ('store_ln117', mlp_FP/mlp.cpp:117) of variable 'tmp_9', mlp_FP/mlp.cpp:117 on array 'output_r' [273]  (0.79 ns)


============================================================
+ Verbose Summary: Binding
============================================================
N/A
* FSMD analyzer results:
  - Output states:
 - Input state : 
  - Chain level:
	State 1
	State 2
	State 3
	State 4
	State 5
	State 6
	State 7
	State 8
	State 9
	State 10
	State 11
	State 12
	State 13
	State 14
	State 15
	State 16
	State 17
	State 18
	State 19
	State 20
	State 21
	State 22
	State 23
	State 24
	State 25
	State 26
	State 27
	State 28
	State 29
	State 30
	State 31
	State 32
	State 33
	State 34
	State 35
	State 36
	State 37
	State 38
	State 39
	State 40
	State 41
	State 42
	State 43
	State 44
	State 45
	State 46
	State 47
	State 48
	State 49
	State 50
	State 51
	State 52
	State 53
	State 54
	State 55
	State 56
	State 57
	State 58
	State 59
	State 60
	State 61
	State 62
	State 63
	State 64
	State 65
	State 66
	State 67
	State 68
	State 69
	State 70
	State 71
	State 72
	State 73
	State 74
	State 75
	State 76
	State 77
	State 78
	State 79
	State 80
	State 81
	State 82
	State 83
	State 84
	State 85
	State 86
	State 87
	State 88
	State 89
	State 90
	State 91
	State 92
	State 93
	State 94
	State 95
	State 96
	State 97
	State 98
	State 99
	State 100
	State 101
	State 102
	State 103
	State 104
	State 105
	State 106
	State 107
	State 108
	State 109
	State 110
	State 111
	State 112
	State 113
	State 114
	State 115
	State 116
	State 117
	State 118
	State 119
	State 120
	State 121
	State 122
	State 123
	State 124
	State 125
	State 126
	State 127
	State 128
	State 129


============================================================
+ Verbose Summary: Datapath Resource usage 
============================================================
N/A
