INFO-FLOW: Workspace /home/sten/vivado/Vivado/2019.1/prj_adder/solution1 opened at Fri May 08 10:54:50 CEST 2026
Execute     config_clock -quiet -name default -period 10 -default=false 
INFO: [SYN 201-201] Setting up clock 'default' with a period of 10ns.
Execute     open_platform DefaultPlatform 
Execute     import_lib /home/sten/vivado/Vivado/2019.1/common/technology/xilinx/zynquplus/zynquplus 
Execute       source /home/sten/vivado/Vivado/2019.1/common/technology/xilinx/common/xilinx.lib 
Execute         source /home/sten/vivado/Vivado/2019.1/common/technology/xilinx/interface/xilinx_interface.lib 
Execute           source /home/sten/vivado/Vivado/2019.1/common/technology/xilinx/interface/plb46.lib 
Execute           source /home/sten/vivado/Vivado/2019.1/common/technology/xilinx/interface/fsl.lib 
Execute           source /home/sten/vivado/Vivado/2019.1/common/technology/xilinx/interface/axi4.lib 
Execute           source /home/sten/vivado/Vivado/2019.1/common/technology/xilinx/interface/maxi.lib 
Execute           source /home/sten/vivado/Vivado/2019.1/common/technology/xilinx/interface/saxilite.lib 
Execute         source /home/sten/vivado/Vivado/2019.1/common/technology/xilinx/common/dsp48.lib 
Execute         source /home/sten/vivado/Vivado/2019.1/common/technology/xilinx/ip/dds_compiler.lib 
Execute         source /home/sten/vivado/Vivado/2019.1/common/technology/xilinx/ip/xfft.lib 
Execute         source /home/sten/vivado/Vivado/2019.1/common/technology/xilinx/ip/xfir.lib 
Execute       source /home/sten/vivado/Vivado/2019.1/common/technology/xilinx/common/xilinx.hlp 
Execute         source /home/sten/vivado/Vivado/2019.1/common/technology/xilinx/common/target_info.tcl 
Execute         source /home/sten/vivado/Vivado/2019.1/common/technology/xilinx/interface/xilinx_interface.hlp 
Execute           source /home/sten/vivado/Vivado/2019.1/common/technology/xilinx/interface/maxi.hlp 
Execute           source /home/sten/vivado/Vivado/2019.1/common/technology/xilinx/interface/saxilite.hlp 
Execute         source /home/sten/vivado/Vivado/2019.1/common/technology/xilinx/common/dsp48.hlp 
Execute       source /home/sten/vivado/Vivado/2019.1/common/technology/xilinx/zynquplus/dsp48e2.hlp 
Execute       source /home/sten/vivado/Vivado/2019.1/common/technology/xilinx/common/xilinx.hlp 
Execute         source /home/sten/vivado/Vivado/2019.1/common/technology/xilinx/common/target_info.tcl 
Execute         source /home/sten/vivado/Vivado/2019.1/common/technology/xilinx/interface/xilinx_interface.hlp 
Execute           source /home/sten/vivado/Vivado/2019.1/common/technology/xilinx/interface/maxi.hlp 
Execute           source /home/sten/vivado/Vivado/2019.1/common/technology/xilinx/interface/saxilite.hlp 
Execute         source /home/sten/vivado/Vivado/2019.1/common/technology/xilinx/common/dsp48.hlp 
Execute     source /home/sten/vivado/Vivado/2019.1/common/technology/xilinx/zynquplus/zynquplus.gen 
Execute       source /home/sten/vivado/Vivado/2019.1/common/technology/xilinx/common/xilinx.gen 
Execute         source /home/sten/vivado/Vivado/2019.1/common/technology/xilinx/interface/plb46.gen 
Execute         source /home/sten/vivado/Vivado/2019.1/common/technology/xilinx/interface/fsl.gen 
Execute         source /home/sten/vivado/Vivado/2019.1/common/technology/xilinx/interface/axi4.gen 
Execute         source /home/sten/vivado/Vivado/2019.1/common/technology/xilinx/interface/nativeAXI4.gen 
Execute           source /home/sten/vivado/Vivado/2019.1/common/technology/xilinx/interface/saxilite.gen 
Execute           source /home/sten/vivado/Vivado/2019.1/common/technology/xilinx/interface/maxi.gen 
Execute         source /home/sten/vivado/Vivado/2019.1/common/technology/xilinx/scripts/xilinxcoregen.gen 
Execute         source /home/sten/vivado/Vivado/2019.1/common/technology/xilinx/interface/XilEDKCoreGen.gen 
Execute         source /home/sten/vivado/Vivado/2019.1/common/technology/xilinx/ip/dds_compiler.gen 
Execute         source /home/sten/vivado/Vivado/2019.1/common/technology/xilinx/ip/util.gen 
Execute         source /home/sten/vivado/Vivado/2019.1/common/technology/xilinx/ip/xfft.gen 
Execute         source /home/sten/vivado/Vivado/2019.1/common/technology/xilinx/ip/xfir.gen 
Execute         source /home/sten/vivado/Vivado/2019.1/common/technology/xilinx/common/dsp48.gen 
Command       ap_source done; 0.11 sec.
Command     ap_source done; 0.11 sec.
Execute     open_platform DefaultPlatform 
Execute     import_lib /home/sten/vivado/Vivado/2019.1/common/technology/xilinx/zynquplus/zynquplus_fpv7 
Execute       source /home/sten/vivado/Vivado/2019.1/common/technology/xilinx/common/xilinx_fp.lib 
Execute       source /home/sten/vivado/Vivado/2019.1/common/technology/xilinx/common/xilinx_fp.hlp 
Execute         source /home/sten/vivado/Vivado/2019.1/common/technology/xilinx/common/xilinx.hlp 
Execute           source /home/sten/vivado/Vivado/2019.1/common/technology/xilinx/common/target_info.tcl 
Execute           source /home/sten/vivado/Vivado/2019.1/common/technology/xilinx/interface/xilinx_interface.hlp 
Execute             source /home/sten/vivado/Vivado/2019.1/common/technology/xilinx/interface/maxi.hlp 
Execute             source /home/sten/vivado/Vivado/2019.1/common/technology/xilinx/interface/saxilite.hlp 
Execute           source /home/sten/vivado/Vivado/2019.1/common/technology/xilinx/common/dsp48.hlp 
Execute     source /home/sten/vivado/Vivado/2019.1/common/technology/xilinx/zynquplus/zynquplus_fpv7.gen 
Execute       source /home/sten/vivado/Vivado/2019.1/common/technology/xilinx/common/xilinx_fp.gen 
Execute     set_part xczu3eg-sbva484-1-i 
Execute       ap_part_info -name xczu3eg-sbva484-1-i -data single -quiet 
Command       ap_part_info done; 0.52 sec.
Execute       ap_part_info -name xczu3eg-sbva484-1-i -data info 
Execute       add_library xilinx/zynquplus/zynquplus:xczu3eg:-sbva484:-1-i 
Execute         get_default_platform 
Execute         license_isbetapart xczu3eg 
Command         license_isbetapart done; error code: 1; 
Execute         ap_part_info -data single -name xczu3eg-sbva484-1-i 
Execute         ap_part_info -name xczu3eg-sbva484-1-i -data resources 
Execute         ap_part_info -name xczu3eg-sbva484-1-i -data info 
Execute         ap_part_info -name xczu3eg-sbva484-1-i -data info 
Execute         config_chip_info -quiet -resource {SLICE 8820} {LUT 70560} {FF 141120} {DSP48E 360} {BRAM 432} {URAM 0} 
Execute         ap_part_info -name xczu3eg-sbva484-1-i -data info 
Execute         config_chip_info -quiet -speed slow 
Execute       add_library xilinx/zynquplus/zynquplus_fpv7 
Execute         get_default_platform 
INFO: [HLS 200-10] Setting target device to 'xczu3eg-sbva484-1-i'
Execute       ap_part_info -name xczu3eg-sbva484-1-i -data info 
Execute       get_default_platform 
Command     set_part done; 0.59 sec.
Execute     ap_part_info -data single -name xczu3eg-sbva484-1-i 
Execute     ap_part_info -name xczu3eg-sbva484-1-i -data resources 
Execute     ap_part_info -name xczu3eg-sbva484-1-i -data info 
Execute     ap_part_info -name xczu3eg-sbva484-1-i -data info 
Execute     config_chip_info -quiet -resource {SLICE 8820} {LUT 70560} {FF 141120} {DSP48E 360} {BRAM 432} {URAM 0} 
Execute     ap_part_info -name xczu3eg-sbva484-1-i -data info 
Execute     config_chip_info -quiet -speed slow 
Command   open_solution done; 0.74 sec.
Execute   set_part xczu3eg-sbva484-1-i -tool vivado 
Execute     ap_part_info -name xczu3eg-sbva484-1-i -data single -quiet 
Execute     ap_part_info -name xczu3eg-sbva484-1-i -data info 
Execute     add_library xilinx/zynquplus/zynquplus:xczu3eg:-sbva484:-1-i 
Execute       get_default_platform 
Execute       license_isbetapart xczu3eg 
Command       license_isbetapart done; error code: 1; 
Execute       ap_part_info -data single -name xczu3eg-sbva484-1-i 
Execute       ap_part_info -name xczu3eg-sbva484-1-i -data resources 
Execute       ap_part_info -name xczu3eg-sbva484-1-i -data info 
Execute       ap_part_info -name xczu3eg-sbva484-1-i -data info 
Execute       config_chip_info -quiet -resource {SLICE 8820} {LUT 70560} {FF 141120} {DSP48E 360} {BRAM 432} {URAM 0} 
Execute       ap_part_info -name xczu3eg-sbva484-1-i -data info 
Execute       config_chip_info -quiet -speed slow 
Execute     add_library xilinx/zynquplus/zynquplus_fpv7 
Execute       get_default_platform 
Execute     ap_part_info -name xczu3eg-sbva484-1-i -data info 
Execute     get_default_platform 
Execute   create_clock -period 10 -name default 
Execute     config_clock -quiet -name default -period 10 -default=false 
INFO: [SYN 201-201] Setting up clock 'default' with a period of 10ns.
Execute   csynth_design 
Execute     get_config_compile -dump_cfg 
Execute     get_config_compile -effort 
Execute     get_config_compile -enable_clang39 
Execute     get_config_compile -g 
Execute     get_config_compile -ng 
Execute     get_config_compile -opt_fp 
Execute     get_config_compile -skip_cdt 
Execute     get_config_compile -skip_syncheck 
Execute     get_config_compile -skip_transform 
Execute     get_config_compile -keep_printf 
Execute     elaborate -effort=medium -skip_syncheck=0 -keep_printf=0 -skip_cdt=0 -skip_transform=0 -ng=0 -g=0 -opt_fp=0 -from_csynth_design=1 
Execute       get_config_schedule -relax_ii_for_timing 
INFO: [SCHED 204-61] Option 'relax_ii_for_timing' is enabled, will increase II to preserve clock frequency constraints.
Execute       get_config_schedule -suppress_dependence_error_break 
INFO: [HLS 200-10] Analyzing design file '../../../Downloads/HAAI_lab2_source/code/adder/adder.cpp' ... 
INFO-FLOW: Compiling one TU...
Execute       is_m_axi_addr64 
INFO-FLOW: Handling ../../../Downloads/HAAI_lab2_source/code/adder/adder.cpp as C++
Execute       ap_part_info -name xczu3eg-sbva484-1-i -data info 
Execute       is_encrypted ../../../Downloads/HAAI_lab2_source/code/adder/adder.cpp 
Execute       ap_part_info -name xczu3eg-sbva484-1-i -data info 
INFO-FLOW: Running: GCC PP
INFO-FLOW: Source preprocessing
Execute       clang  -fno-limit-debug-info -gcc-toolchain "/home/sten/vivado/Vivado/2019.1/lnx64/tools/gcc" -hls  -fno-exceptions  -D__llvm__  -E "../../../Downloads/HAAI_lab2_source/code/adder/adder.cpp"     -fno-math-errno -c -emit-llvm -O0  -mllvm -disable-llvm-optzns -fno-threadsafe-statics  -fno-use-cxa-atexit  -fno-threadsafe-statics -fno-use-cxa-atexit -D__CLANG_3_1__ -DAESL_SYN -D__SYNTHESIS__ -D__HLS_SYN__ -I "/home/sten/vivado/Vivado/2019.1/common/technology/autopilot" -I "/home/sten/vivado/Vivado/2019.1/common/technology/autopilot/ap_sysc" -include etc/autopilot_ssdm_op.h -D__DSP48E2__  -o "/home/sten/vivado/Vivado/2019.1/prj_adder/solution1/.autopilot/db/adder.pp.0.cpp" 
INFO-FLOW: exec /home/sten/vivado/Vivado/2019.1/lnx64/tools/clang/bin/clang -fno-limit-debug-info -gcc-toolchain /home/sten/vivado/Vivado/2019.1/lnx64/tools/gcc -hls -fno-exceptions -D__llvm__ -E ../../../Downloads/HAAI_lab2_source/code/adder/adder.cpp -fno-math-errno -c -emit-llvm -O0 -mllvm -disable-llvm-optzns -fno-threadsafe-statics -fno-use-cxa-atexit -fno-threadsafe-statics -fno-use-cxa-atexit -D__CLANG_3_1__ -DAESL_SYN -D__SYNTHESIS__ -D__HLS_SYN__ -I /home/sten/vivado/Vivado/2019.1/common/technology/autopilot -I /home/sten/vivado/Vivado/2019.1/common/technology/autopilot/ap_sysc -include etc/autopilot_ssdm_op.h -D__DSP48E2__ -o /home/sten/vivado/Vivado/2019.1/prj_adder/solution1/.autopilot/db/adder.pp.0.cpp
Command       clang done; 1.45 sec.
Execute       tidy_31 xilinx-xfmat-array-geometry /home/sten/vivado/Vivado/2019.1/prj_adder/solution1/.autopilot/db/adder.pp.0.cpp std=gnu++98 
INFO-FLOW: exec /home/sten/vivado/Vivado/2019.1/lnx64/tools/clang-3.9-csynth/bin/tidy-3.1 -header-filter=.* -checks=-*,xilinx-xfmat-array-geometry -quiet -fix /home/sten/vivado/Vivado/2019.1/prj_adder/solution1/.autopilot/db/adder.pp.0.cpp -- -std=gnu++98 -fhls -ferror-limit=0
INFO-FLOW: Syntax Checking before pre-processing...
Execute       clang -syntaxcheck -src /home/sten/vivado/Vivado/2019.1/prj_adder/solution1/.autopilot/db/adder.pp.0.cpp  -fno-limit-debug-info -gcc-toolchain "/home/sten/vivado/Vivado/2019.1/lnx64/tools/gcc" -hls    -fno-math-errno -c -emit-llvm -O0  -mllvm -disable-llvm-optzns -fno-threadsafe-statics  -fno-use-cxa-atexit  -fno-threadsafe-statics -fno-use-cxa-atexit -D__CLANG_3_1__ -DAESL_SYN -D__SYNTHESIS__ -D__HLS_SYN__ -I "/home/sten/vivado/Vivado/2019.1/common/technology/autopilot" -I "/home/sten/vivado/Vivado/2019.1/common/technology/autopilot/ap_sysc" -include etc/autopilot_ssdm_op.h -D__DSP48E2__  "/home/sten/vivado/Vivado/2019.1/prj_adder/solution1/.autopilot/db/adder.pp.0.cpp"  -o "/home/sten/vivado/Vivado/2019.1/prj_adder/solution1/.autopilot/db/useless.bc"  
INFO-FLOW: exec /home/sten/vivado/Vivado/2019.1/lnx64/tools/clang/bin/clang -fno-limit-debug-info -gcc-toolchain /home/sten/vivado/Vivado/2019.1/lnx64/tools/gcc -hls -fno-math-errno -c -emit-llvm -O0 -mllvm -disable-llvm-optzns -fno-threadsafe-statics -fno-use-cxa-atexit -fno-threadsafe-statics -fno-use-cxa-atexit -D__CLANG_3_1__ -DAESL_SYN -D__SYNTHESIS__ -D__HLS_SYN__ -I /home/sten/vivado/Vivado/2019.1/common/technology/autopilot -I /home/sten/vivado/Vivado/2019.1/common/technology/autopilot/ap_sysc -include etc/autopilot_ssdm_op.h -D__DSP48E2__ /home/sten/vivado/Vivado/2019.1/prj_adder/solution1/.autopilot/db/adder.pp.0.cpp -o /home/sten/vivado/Vivado/2019.1/prj_adder/solution1/.autopilot/db/useless.bc
Command       clang done; 1.43 sec.
INFO-FLOW: Done: GCC PP time: 3 seconds per iteration
Execute       source /home/sten/vivado/Vivado/2019.1/tps/tcl/tcllib1.11.1/yaml/huddle.tcl 
Execute       source /home/sten/vivado/Vivado/2019.1/tps/tcl/tcllib1.11.1/yaml/json2huddle.tcl 
Execute         source /home/sten/vivado/Vivado/2019.1/tps/tcl/tcllib1.11.1/try/try.tcl 
Execute       list_core -type functional_unit 
Execute       tidy_31 xilinx-systemc-detector /home/sten/vivado/Vivado/2019.1/prj_adder/solution1/.autopilot/db/adder.pp.0.cpp std=gnu++98 -directive=/home/sten/vivado/Vivado/2019.1/prj_adder/solution1/.autopilot/db/.systemc_flag 
INFO-FLOW: exec /home/sten/vivado/Vivado/2019.1/lnx64/tools/clang-3.9-csynth/bin/tidy-3.1 -header-filter=.* -checks=-*,xilinx-systemc-detector -import-directive=/home/sten/vivado/Vivado/2019.1/prj_adder/solution1/.autopilot/db/.systemc_flag -quiet -fix-errors /home/sten/vivado/Vivado/2019.1/prj_adder/solution1/.autopilot/db/adder.pp.0.cpp -- -std=gnu++98 -fhls -ferror-limit=0
INFO-FLOW: Running: tidy-3.1 CDT preprocess
Execute       tidy_31 xilinx-directive2pragma /home/sten/vivado/Vivado/2019.1/prj_adder/solution1/.autopilot/db/adder.pp.0.cpp std=gnu++98 -directive=/home/sten/vivado/Vivado/2019.1/prj_adder/solution1/.autopilot/db/all.directive.json 
INFO-FLOW: exec /home/sten/vivado/Vivado/2019.1/lnx64/tools/clang-3.9-csynth/bin/tidy-3.1 -header-filter=.* -checks=-*,xilinx-directive2pragma -import-directive=/home/sten/vivado/Vivado/2019.1/prj_adder/solution1/.autopilot/db/all.directive.json -quiet -fix-errors /home/sten/vivado/Vivado/2019.1/prj_adder/solution1/.autopilot/db/adder.pp.0.cpp -- -std=gnu++98 -fhls -ferror-limit=0
Execute       get_config_dataflow -strict_mode 
Execute       ap_eval exec -ignorestderr /home/sten/vivado/Vivado/2019.1/lnx64/tools/clang-3.9-csynth/bin/xilinx-dataflow-lawyer -export-fixes=/home/sten/vivado/Vivado/2019.1/prj_adder/solution1/.autopilot/db/xilinx-dataflow-lawyer.adder.pp.0.cpp.diag.yml /home/sten/vivado/Vivado/2019.1/prj_adder/solution1/.autopilot/db/adder.pp.0.cpp -- -std=gnu++98 -fhls -ferror-limit=0 -fstrict-dataflow > /home/sten/vivado/Vivado/2019.1/prj_adder/solution1/.autopilot/db/xilinx-dataflow-lawyer.adder.pp.0.cpp.out.log 2> /home/sten/vivado/Vivado/2019.1/prj_adder/solution1/.autopilot/db/xilinx-dataflow-lawyer.adder.pp.0.cpp.err.log 
Execute       tidy_31 -errorcheck xilinx-constantarray-param,xilinx-resource-pragma-transformer,xilinx-xfmat-array-geometry /home/sten/vivado/Vivado/2019.1/prj_adder/solution1/.autopilot/db/adder.pp.0.cpp std=gnu++98 
Execute         ap_eval exec -ignorestderr /home/sten/vivado/Vivado/2019.1/lnx64/tools/clang-3.9-csynth/bin/tidy-3.1 -export-fixes=/home/sten/vivado/Vivado/2019.1/prj_adder/solution1/.autopilot/db/tidy-3.1.adder.pp.0.cpp.diag.yml -header-filter=.* -checks=-*,xilinx-constantarray-param,xilinx-resource-pragma-transformer,xilinx-xfmat-array-geometry -quiet -fix-errors /home/sten/vivado/Vivado/2019.1/prj_adder/solution1/.autopilot/db/adder.pp.0.cpp -- -std=gnu++98 -fhls -ferror-limit=0 > /home/sten/vivado/Vivado/2019.1/prj_adder/solution1/.autopilot/db/tidy-3.1.adder.pp.0.cpp.out.log 2> /home/sten/vivado/Vivado/2019.1/prj_adder/solution1/.autopilot/db/tidy-3.1.adder.pp.0.cpp.err.log 
Execute         ap_eval exec -ignorestderr /home/sten/vivado/Vivado/2019.1/lnx64/tools/clang-3.9-csynth/bin/xilinx-legacy-rewriter /home/sten/vivado/Vivado/2019.1/prj_adder/solution1/.autopilot/db/adder.pp.0.cpp -- -std=gnu++98 -fhls -ferror-limit=0 > /home/sten/vivado/Vivado/2019.1/prj_adder/solution1/.autopilot/db/xilinx-legacy-rewriter.adder.pp.0.cpp.out.log 2> /home/sten/vivado/Vivado/2019.1/prj_adder/solution1/.autopilot/db/xilinx-legacy-rewriter.adder.pp.0.cpp.err.log 
INFO-FLOW: Done: tidy-3.1 CDT preprocess time: 0.2 seconds per iteration
INFO-FLOW: Pragma Handling...
Execute       tidy_31 xilinx-ssdm-intrinsics-arguments /home/sten/vivado/Vivado/2019.1/prj_adder/solution1/.autopilot/db/adder.pragma.1.cpp std=gnu++98 
INFO-FLOW: exec /home/sten/vivado/Vivado/2019.1/lnx64/tools/clang-3.9-csynth/bin/tidy-3.1 -header-filter=.* -checks=-*,xilinx-ssdm-intrinsics-arguments -quiet -fix-errors /home/sten/vivado/Vivado/2019.1/prj_adder/solution1/.autopilot/db/adder.pragma.1.cpp -- -std=gnu++98 -fhls -ferror-limit=0
Execute       ap_part_info -name xczu3eg-sbva484-1-i -data info 
INFO-FLOW: Processing labels
Execute       clang -src /home/sten/vivado/Vivado/2019.1/prj_adder/solution1/.autopilot/db/adder.pragma.2.cpp  -fno-limit-debug-info -gcc-toolchain /home/sten/vivado/Vivado/2019.1/lnx64/tools/gcc -hls -hls-analyze-label -hls-analyze-pragma -fno-exceptions  -D__llvm__  -w  "/home/sten/vivado/Vivado/2019.1/prj_adder/solution1/.autopilot/db/adder.pragma.2.cpp"    -fno-math-errno -c -emit-llvm -O0  -mllvm -disable-llvm-optzns -fno-threadsafe-statics  -fno-use-cxa-atexit -DAESL_SYN -D__SYNTHESIS__ -D__HLS_SYN__ -I "/home/sten/vivado/Vivado/2019.1/common/technology/autopilot" -I "/home/sten/vivado/Vivado/2019.1/common/technology/autopilot/ap_sysc" -include etc/autopilot_ssdm_op.h -D__DSP48E2__ -g -o "/home/sten/vivado/Vivado/2019.1/prj_adder/solution1/.autopilot/db/adder.bc" 
INFO-FLOW: exec /home/sten/vivado/Vivado/2019.1/lnx64/tools/clang/bin/clang -fno-limit-debug-info -gcc-toolchain /home/sten/vivado/Vivado/2019.1/lnx64/tools/gcc -hls -hls-analyze-label -hls-analyze-pragma -fno-exceptions -D__llvm__ -w /home/sten/vivado/Vivado/2019.1/prj_adder/solution1/.autopilot/db/adder.pragma.2.cpp -fno-math-errno -c -emit-llvm -O0 -mllvm -disable-llvm-optzns -fno-threadsafe-statics -fno-use-cxa-atexit -DAESL_SYN -D__SYNTHESIS__ -D__HLS_SYN__ -I /home/sten/vivado/Vivado/2019.1/common/technology/autopilot -I /home/sten/vivado/Vivado/2019.1/common/technology/autopilot/ap_sysc -include etc/autopilot_ssdm_op.h -D__DSP48E2__ -g -o /home/sten/vivado/Vivado/2019.1/prj_adder/solution1/.autopilot/db/adder.bc
Command       clang done; 1.42 sec.
INFO-FLOW: Linking Debug ...
Execute       llvm-ld /home/sten/vivado/Vivado/2019.1/prj_adder/solution1/.autopilot/db/adder.g.bc -hls-opt -except-internalize adder -L/home/sten/vivado/Vivado/2019.1/lnx64/lib -lhlsm -lhlsmc++ -o /home/sten/vivado/Vivado/2019.1/prj_adder/solution1/.autopilot/db/a.g 
Command       llvm-ld done; 0.71 sec.
INFO: [HLS 200-111] Finished Linking Time (s): cpu = 00:00:06 ; elapsed = 00:00:06 . Memory (MB): peak = 836.422 ; gain = 126.879 ; free physical = 6319 ; free virtual = 15578
INFO: [HLS 200-111] Finished Checking Pragmas Time (s): cpu = 00:00:06 ; elapsed = 00:00:06 . Memory (MB): peak = 836.422 ; gain = 126.879 ; free physical = 6319 ; free virtual = 15578
Execute       get_config_sdx -target 
Execute       opt_and_import_c a -opt_level=2 -skip_syncheck=0 -ng=0 -keep_printf=0 
Execute         cleanup_all_models 
INFO: [HLS 200-10] Starting code transformations ...
Execute         transform -promote-dbg-pointer /home/sten/vivado/Vivado/2019.1/prj_adder/solution1/.autopilot/db/a.pp.bc -o /home/sten/vivado/Vivado/2019.1/prj_adder/solution1/.autopilot/db/a.pp.0.bc -f 
Execute         llvm-ld /home/sten/vivado/Vivado/2019.1/prj_adder/solution1/.autopilot/db/a.pp.0.bc -disable-opt -L/home/sten/vivado/Vivado/2019.1/lnx64/lib -lfloatconversion -o /home/sten/vivado/Vivado/2019.1/prj_adder/solution1/.autopilot/db/a.g.0 
Command         llvm-ld done; 0.71 sec.
INFO-FLOW: Running Standard Transforms...
Execute         transform -hls -share-std-xform -demangle-name -inline-byval-memcpy -always-inline -promote-dbg-pointer -interface-preproc -mem2reg -scalarrepl -mem2reg -keep-read-access -instcombine -dce -promote-dbg-pointer -bitop-raise -loop-simplify -indvarspre -indvars -loop-simplify -xunroll -constprop -instcombine -simplifycfg -indvars -simplifycfg -dce -globaldce -basicaa -simplifycfg -mem2reg -globalopt -global-constprop -deadargelim -instcombine -simplifycfg -prune-eh -simplifycfg -scalarrepl -instcombine -reassociate -licm -simplifycfg -loop-simplify -indvars -instcombine -simplifycfg -mem2reg -loop-simplify -indvars -instcombine -gvn -gvn -instcombine -adce -break-crit-edges -simplifycfg -loop-delete -global-array-opt -dce -dse -adce -find-syn-modules -top adder -deadargelim -mem2reg -instcombine -dce -presyn-prepare -auto-rom-infer -interface-preproc -syn-check -check-rec-only -find-region -simplifycfg -func-extr -function-inline -globaldce -mem2reg -instcombine -dce -gvn -globaldce -adce -adse -constprop -instcombine -bit-constprop -instcombine -dce -simplifycfg -bitop-raise -simplifycfg -dce -loop-delete -reassociate -globalopt -global-privatize -mem2reg -dce -global-constprop -pointer-simplify -constprop -dce -func-inst -deadargelim -auto-shift-reg-idiom -promote-dbg-pointer -norm-name /home/sten/vivado/Vivado/2019.1/prj_adder/solution1/.autopilot/db/a.g.0.bc -o /home/sten/vivado/Vivado/2019.1/prj_adder/solution1/.autopilot/db/a.g.1.bc -f -phase std-opt 
INFO: [HLS 200-111] Finished Standard Transforms Time (s): cpu = 00:00:06 ; elapsed = 00:00:07 . Memory (MB): peak = 836.422 ; gain = 126.879 ; free physical = 6309 ; free virtual = 15572
INFO: [HLS 200-10] Checking synthesizability ...
INFO-FLOW: Checking Synthesizability 1/2..
Execute         transform -hls -syn-check -check-rec-only -disaggr -scalarrepl -norm-name -dce -mem2reg -instcombine -function-uniquify -directive-preproc -mem2reg -dse -dce -auto-rom-infer -dce -pag -array-normalize -instcombine -dce -warn-fifo-pointer -array-seg-normalize -instcombine -dce -array-flatten -instcombine -dce -array-burst -dce -deadargelim -promote-global-argument -simplifycfg -mem2reg -globaldce -dce -deadargelim -dce -instcombine -function-inline -globaldce -dce -doublePtrSimplify -doublePtrElim -dce -doublePtrSimplify -promote-dbg-pointer -dce -scalarrepl -dse -adse -instcombine -ptrLegalization -simplifycfg -dce -instcombine -pointer-simplify -ptrArgReplace -dce -instcombine -resolve-double-ptr -disaggr -scalarrepl -norm-name -dce -mem2reg -instcombine -ptrLegalization -simplifycfg -deadargelim -instcombine -dce -inst-simplify -function-uniquify -directive-preproc -mem2reg -dse -dce -globaldce -check-dspbuiltin /home/sten/vivado/Vivado/2019.1/prj_adder/solution1/.autopilot/db/a.g.1.bc -o /home/sten/vivado/Vivado/2019.1/prj_adder/solution1/.autopilot/db/a.g.2.prechk.bc -f 
INFO-FLOW: Checking Synthesizability 2/2..
Execute         transform -syn-check /home/sten/vivado/Vivado/2019.1/prj_adder/solution1/.autopilot/db/a.g.2.prechk.bc -o /home/sten/vivado/Vivado/2019.1/prj_adder/solution1/.autopilot/db/a.g.2.bc -f -phase syn-check 
INFO: [HLS 200-111] Finished Checking Synthesizability Time (s): cpu = 00:00:06 ; elapsed = 00:00:07 . Memory (MB): peak = 836.422 ; gain = 126.879 ; free physical = 6309 ; free virtual = 15572
INFO-FLOW: Compiler optimizing ...
INFO-FLOW: Share syncheck's 1.bc for syn flow: copy /home/sten/vivado/Vivado/2019.1/prj_adder/solution1/.autopilot/db/a.g.1.bc to /home/sten/vivado/Vivado/2019.1/prj_adder/solution1/.autopilot/db/a.o.1.bc
INFO-FLOW: Presyn 1...
Execute         transform -hls -tmp /home/sten/vivado/Vivado/2019.1/prj_adder/solution1/.autopilot/db -interface-port-rename -type-info -function-uniquify -directive-preproc -mem2reg -dse -dce -disaggr -scalarrepl -norm-name -deadargelim -mem2reg -instcombine -dce -simplifycfg -auto-rom-infer -dce -function-uniquify -resource-proc -clib-intrinsic-prepare -dce -func-buffer -dce -pag -array-normalize -func-legal -instcombine -gvn -constprop -dce -simplifycfg -mem2reg -globaldce -resolve-double-ptr -dce -deadargelim -dce -instcombine -ptrArgReplace -mem2reg -dce -array-seg-normalize -deadargelim -instcombine -dce -pointer-simplify -dce -port-alignment -dce -interface-preproc -data-pack -instcombine -dce -basicaa -aggr-aa -aggrmodref-aa -aggr-aa -gvn -gvn -basicaa -aggr-aa -aggrmodref-aa -aggr-aa -dse -adse -adce -loop-simplify -indvars -instcombine -gvn -loop-simplify -mem2reg -dce -find-region -instcombine -auto-loop-pipeline -inst-simplify -interface-preproc -cfgopt -instcombine -indvars -auto-loop-unroll -loop-simplify -loop-bound -xunroll -constprop -instcombine -simplifycfg -indvars -simplifycfg -dce -globaldce -clean-region -attach-range -gvn -inst-simplify -constprop -simplifycfg -dce -pointer-simplify -dce -globalopt -constprop -dce -array-promote -constprop -dce -ptrArgReplace -mem2reg -simplifycfg -dce -auto-par -instcombine -dce -array-transform-check -array-reshape -instcombine -simplifycfg -dce -ptrArgReplace -deadargelim -mem2reg -instcombine -simplifycfg -dce -indvars -loop-simplify -loop-bound -xunroll -constprop -instcombine -simplifycfg -indvars -simplifycfg -dce -globaldce -basicaa -aggr-aa -aggrmodref-aa -aggr-aa -dse -duplicate-dataflow-processes -globaldce -instcombine -array-partition -instcombine -simplifycfg -dce -ptrArgReplace -global-constprop -deadargelim -mem2reg -func-legal -dce -global-constprop -deadargelim -mem2reg -simplifycfg -dce -merge-param -deadargelim -globalopt -constprop -dce -array-promote -constprop -dce -ptrArgReplace -mem2reg -simplifycfg -dce -mem-intrinsic-preproc -dce -global-internalize -global-privatize -mem2reg -globaldce -promote-global-argument -ptrArgReplace -mem2reg -dce -globalopt -mergereturn -simplify-global-access -mem2reg -dce -pointer-simplify -dce -functionattrs -basicaa -aggr-aa -aggrmodref-aa -aggr-aa -gvn -gvn -basicaa -aggr-aa -aggrmodref-aa -aggr-aa -dse -adse -adce -dce -norm-name -function-inline -complex-op-raise -inst-simplify -globaldce -func-inst -constprop -instcombine -simplifycfg -dce -func-legal -dce -loop-bound -arraycheck -bitwidthmin -on-by-dataflow -loop-delete -instcombine -simplifycfg -globaldce -dce -gvn -deadargelim -dce -loop-simplify -clean-region -simplifycfg -propagate-stable-arguments -loop-stream -instcombine -simplifycfg -dce -globaldce -duplicate-dataflow-processes -stream-intrinsic-preproc -dce -check-ap-stream -loop-simplify -eliminate-keepreads -extract-dataflow-in-loop -loop-simplify -dce -gvn -deadargelim -dse -check-dataflow-syntax -legalize-stream-variable -legalize-global -extract-subproc -dce -dead-channel-elimination -canonicalize-gep -globaldce -dce -gvn -deadargelim -annotate-dataflow-channels -scalar-propagation -deadargelim -globaldce -mem2reg -check-dataflow-channels -function-stream -dce -globaldce -prop-fifo-spec -internal-stream-gen -canonicalize-gep -globaldce -dce -gvn -deadargelim -mergereturn -indvars -loop-simplify -instcombine -array-stream -array-seg-normalize -array-partition -func-legal -instcombine -simplifycfg -dce -bundle-memfifo-ops -deadargelim -function-uniquify -directive-preproc -mem2reg -dse -dce -group-axi-access -licm -simplifycfg -dce -loop-delete -norm-name /home/sten/vivado/Vivado/2019.1/prj_adder/solution1/.autopilot/db/a.o.1.bc -o /home/sten/vivado/Vivado/2019.1/prj_adder/solution1/.autopilot/db/a.o.1.tmp.bc -f 
INFO-FLOW: Presyn 2...
Execute         transform -hls -keep-callgraph -scalarrepl -mem2reg -port-alignment -attach-range -dce -pipe-mux-gen -indvars -loop-bound -inst-simplify -instcombine -dce -merge-array-access -mem2reg -dce -clean-region -mergereturn -if-conv -instcombine -dce -constprop -basicaa -aggr-aa -aggrmodref-aa -aggr-aa -gvn -gvn -basicaa -aggr-aa -aggrmodref-aa -aggr-aa -dse -adse -adce -scalarrepl -mem2reg -global-constprop -deadargelim -deadargelim -instcombine -dce -simplifycfg -ptrArgReplace -mem2reg -function-inline -globaldce -mem2reg -instcombine -dce -expr-balance -instcombine -dce -bitwidthmin -interface-preproc -directive-preproc -inst-rectify -instcombine -dce -functionattrs -constprop -instcombine -bit-constprop -simplify-global-access -globalopt -globaldce -inst-simplify -instcombine -elimdeaddata -dce -loop-delete -simplifycfg -loop-simplify -auto-burst -norm-name /home/sten/vivado/Vivado/2019.1/prj_adder/solution1/.autopilot/db/a.o.1.tmp.bc -o /home/sten/vivado/Vivado/2019.1/prj_adder/solution1/.autopilot/db/a.o.2.bc -f -phase presyn 
INFO: [HLS 200-111] Finished Pre-synthesis Time (s): cpu = 00:00:06 ; elapsed = 00:00:07 . Memory (MB): peak = 836.422 ; gain = 126.879 ; free physical = 6296 ; free virtual = 15560
INFO-FLOW: Building ssdm...
Execute         transform -hls -function-uniquify -auto-function-inline -globaldce -ptrArgReplace -mem2reg -dce -reset-lda -loop-simplify -indvars -licm -loop-dep -loop-bound -licm -loop-simplify -flattenloopnest -array-flatten -gvn -instcombine -dce -array-map -dce -func-legal -gvn -adce -instcombine -cfgopt -simplifycfg -loop-simplify -array-burst -promote-global-argument -dce -ptrLegalization -axi4-lower -array-seg-normalize -basicaa -aggrmodref-aa -globalsmodref-aa -aggr-aa -gvn -gvn -basicaa -aggrmodref-aa -globalsmodref-aa -aggr-aa -dse -adse -adce -licm -inst-simplify -dce -globaldce -instcombine -array-stream -eliminate-keepreads -instcombine -dce -deadargelim -doublePtrSimplify -doublePtrElim -dce -doublePtrSimplify -promote-dbg-pointer -dce -scalarrepl -mem2reg -disaggr -norm-name -mem2reg -instcombine -dse -adse -adce -ptrLegalization -dce -auto-rom-infer -array-flatten -dce -instcombine -check-doubleptr -loop-rot -constprop -cfgopt -simplifycfg -loop-simplify -indvars -pointer-simplify -dce -loop-bound -loop-simplify -loop-preproc -constprop -global-constprop -gvn -mem2reg -instcombine -dce -loop-bound -loop-merge -dce -bitwidthmin -deadargelim -dce -canonicalize-dataflow -dce -scalar-propagation -deadargelim -globaldce -mem2reg -read-loop-dep -interface-preproc -directive-preproc -interface-gen -bram-byte-enable -deadargelim -inst-simplify -dce -gvn -mem2reg -instcombine -dce -adse -loop-bound -instcombine -cfgopt -simplifycfg -loop-simplify -clean-region -io-protocol -find-region -mem2reg -bitop-raise -complex-op-raise -inst-simplify -inst-rectify -instcombine -adce -deadargelim -loop-simplify -phi-opt -bitop-raise -cfgopt -simplifycfg -strip-dead-prototypes -interface-lower -bitop-lower -intrinsic-lower -auto-function-inline -basicaa -aggrmodref-aa -globalsmodref-aa -aggr-aa -inst-simplify -simplifycfg -loop-simplify -mergereturn -inst-simplify -inst-rectify -dce -load-elim -bitop-lower -loop-rewind -pointer-simplify -dce -cfgopt -dce -loop-bound -loop-dep -read-loop-dep -dce -check-stream -norm-name -legalize -validate-dataflow -inst-clarity -bitwidth -dump-loop-dep-to-ir -check-all-ssdm -cdfg-build /home/sten/vivado/Vivado/2019.1/prj_adder/solution1/.autopilot/db/a.o.2.bc -o /home/sten/vivado/Vivado/2019.1/prj_adder/solution1/.autopilot/db/a.o.3.bc -f -phase build-ssdm 
INFO: [HLS 200-111] Finished Architecture Synthesis Time (s): cpu = 00:00:06 ; elapsed = 00:00:07 . Memory (MB): peak = 836.422 ; gain = 126.879 ; free physical = 6296 ; free virtual = 15560
INFO-FLOW: Finish building internal data model.
Command       opt_and_import_c done; 0.8 sec.
Command     elaborate done; 6.12 sec.
Execute     autosyn -from_csynth_design=1 
INFO: [HLS 200-10] Starting hardware synthesis ...
INFO-FLOW: Synthesizing C/C++ design ...
INFO: [HLS 200-10] Synthesizing 'adder' ...
Execute       ap_set_top_model adder 
Execute       get_model_list adder -filter all-wo-channel -topdown 
Execute       preproc_iomode -model adder 
Execute       get_model_list adder -filter all-wo-channel 
INFO-FLOW: Model list for configure: adder
INFO-FLOW: Configuring Module : adder ...
Execute       set_default_model adder 
Execute       apply_spec_resource_limit adder 
INFO-FLOW: Model list for preprocess: adder
INFO-FLOW: Preprocessing Module: adder ...
Execute       set_default_model adder 
Execute       cdfg_preprocess -model adder 
Execute       rtl_gen_preprocess adder 
INFO-FLOW: Model list for synthesis: adder
INFO: [HLS 200-10] ----------------------------------------------------------------
INFO: [HLS 200-42] -- Implementing module 'adder' 
INFO: [HLS 200-10] ----------------------------------------------------------------
Execute       set_default_model adder 
Execute       schedule -model adder 
INFO: [SCHED 204-11] Starting scheduling ...
INFO: [SCHED 204-11] Finished scheduling.
INFO: [HLS 200-111]  Elapsed time: 7.14 seconds; current allocated memory: 77.810 MB.
Execute       syn_report -verbosereport -o /home/sten/vivado/Vivado/2019.1/prj_adder/solution1/.autopilot/db/adder.verbose.sched.rpt 
Execute       db_write -o /home/sten/vivado/Vivado/2019.1/prj_adder/solution1/.autopilot/db/adder.sched.adb -f 
INFO-FLOW: Finish scheduling adder.
Execute       set_default_model adder 
Execute       bind -model adder 
BIND OPTION: model=adder
INFO: [BIND 205-100] Starting micro-architecture generation ...
INFO: [BIND 205-101] Performing variable lifetime analysis.
INFO: [BIND 205-101] Exploring resource sharing.
INFO: [BIND 205-101] Binding ...
INFO: [BIND 205-100] Finished micro-architecture generation.
INFO: [HLS 200-111]  Elapsed time: 0.01 seconds; current allocated memory: 77.858 MB.
Execute       syn_report -verbosereport -o /home/sten/vivado/Vivado/2019.1/prj_adder/solution1/.autopilot/db/adder.verbose.bind.rpt 
Execute       db_write -o /home/sten/vivado/Vivado/2019.1/prj_adder/solution1/.autopilot/db/adder.bind.adb -f 
INFO-FLOW: Finish binding adder.
Execute       get_model_list adder -filter all-wo-channel 
INFO-FLOW: Preprocessing for RTLGen ...
Execute       rtl_gen_preprocess adder 
INFO-FLOW: Model list for RTL generation: adder
INFO: [HLS 200-10] ----------------------------------------------------------------
INFO: [HLS 200-10] -- Generating RTL for module 'adder' 
INFO: [HLS 200-10] ----------------------------------------------------------------
Execute       get_config_rtl -module_prefix 
Execute       get_config_rtl -module_auto_prefix 
Execute       create_rtl_model adder -vendor xilinx -mg_file /home/sten/vivado/Vivado/2019.1/prj_adder/solution1/.autopilot/db/adder.compgen.tcl 
INFO: [RTGEN 206-500] Setting interface mode on port 'adder/a' to 'ap_none'.
INFO: [RTGEN 206-500] Setting interface mode on port 'adder/b' to 'ap_none'.
INFO: [RTGEN 206-500] Setting interface mode on port 'adder/c' to 'ap_none'.
INFO: [RTGEN 206-500] Setting interface mode on function 'adder' to 'ap_ctrl_hs'.
INFO: [RTGEN 206-100] Finished creating RTL model for 'adder'.
INFO: [HLS 200-111]  Elapsed time: 0.02 seconds; current allocated memory: 78.023 MB.
Execute       source /home/sten/vivado/Vivado/2019.1/prj_adder/solution1/.autopilot/db/adder.rtl_wrap.cfg.tcl 
Execute       gen_rtl adder -istop -style xilinx -tracefl mytrace -tracefmt vcd -traceopt all -f -lang sc -o /home/sten/vivado/Vivado/2019.1/prj_adder/solution1/syn/systemc/adder -synmodules adder 
Execute       gen_rtl adder -istop -style xilinx -f -lang vhdl -o /home/sten/vivado/Vivado/2019.1/prj_adder/solution1/syn/vhdl/adder 
Execute       gen_rtl adder -istop -style xilinx -f -lang vlog -o /home/sten/vivado/Vivado/2019.1/prj_adder/solution1/syn/verilog/adder 
Execute       syn_report -csynth -model adder -o /home/sten/vivado/Vivado/2019.1/prj_adder/solution1/syn/report/adder_csynth.rpt 
Execute       syn_report -rtlxml -model adder -o /home/sten/vivado/Vivado/2019.1/prj_adder/solution1/syn/report/adder_csynth.xml 
Execute       syn_report -verbosereport -model adder -o /home/sten/vivado/Vivado/2019.1/prj_adder/solution1/.autopilot/db/adder.verbose.rpt 
Execute       db_write -model adder -f -o /home/sten/vivado/Vivado/2019.1/prj_adder/solution1/.autopilot/db/adder.adb 
Execute       gen_tb_info adder -p /home/sten/vivado/Vivado/2019.1/prj_adder/solution1/.autopilot/db -o /home/sten/vivado/Vivado/2019.1/prj_adder/solution1/.autopilot/db/adder 
Execute       export_constraint_db -f -tool general -o /home/sten/vivado/Vivado/2019.1/prj_adder/solution1/.autopilot/db/adder.constraint.tcl 
Execute       syn_report -designview -model adder -o /home/sten/vivado/Vivado/2019.1/prj_adder/solution1/.autopilot/db/adder.design.xml 
Execute       get_config_rtl -disable_wave_debug 
Execute       syn_report -wcfg -model adder -o /home/sten/vivado/Vivado/2019.1/prj_adder/solution1/.autopilot/db/adder_dataflow_ana.wcfg 
Execute       syn_report -protoinst -model adder -o /home/sten/vivado/Vivado/2019.1/prj_adder/solution1/.autopilot/db/adder.protoinst 
Execute       get_config_debug -directory 
Execute       sc_get_clocks adder 
Execute       get_config_export -vivado_clock 
Execute       sc_get_portdomain adder 
INFO-FLOW: Model list for RTL component generation: adder
INFO-FLOW: Handling components in module [adder] ... 
Execute       source /home/sten/vivado/Vivado/2019.1/prj_adder/solution1/.autopilot/db/adder.compgen.tcl 
INFO-FLOW: Append model adder
INFO-FLOW: Generating RTL model list ...
INFO-FLOW: All models in this session: adder
INFO-FLOW: To file: write model adder
INFO-FLOW: Finished generating RTL model list.


INFO-FLOW: RTL Generation done.
INFO-FLOW: CAS Generation done.
INFO-FLOW: CBC Generation done.
INFO-FLOW: DBG:CMD: auto_generate_csynth_design
INFO-FLOW: DBG:CMD:     auto_generate --sim-model -phase csynth_design -d /home/sten/vivado/Vivado/2019.1/prj_adder/solution1
Execute       source /home/sten/vivado/Vivado/2019.1/prj_adder/solution1/.autopilot/db/global.setting.tcl 
INFO-FLOW: DBG:CMD: read_platform_lib /home/sten/vivado/Vivado/2019.1/prj_adder/solution1/.autopilot/db/global.setting.tcl
Execute       source /home/sten/vivado/Vivado/2019.1/common/technology/generic/autopilot/common.gen 
Execute         source /home/sten/vivado/Vivado/2019.1/common/technology/generic/autopilot/APCoreGen.gen 
Execute       source /home/sten/vivado/Vivado/2019.1/common/technology/generic/autopilot/op.gen 
Execute       source /home/sten/vivado/Vivado/2019.1/common/technology/generic/autopilot/op_simcore.gen 
Execute       source /home/sten/vivado/Vivado/2019.1/common/technology/generic/autopilot/interface.gen 
Execute       source /home/sten/vivado/Vivado/2019.1/prj_adder/solution1/.autopilot/db/global.setting.tcl 
Execute       source /home/sten/vivado/Vivado/2019.1/common/technology/xilinx/zynquplus/zynquplus.gen 
Execute         source /home/sten/vivado/Vivado/2019.1/common/technology/xilinx/common/xilinx.gen 
Execute           source /home/sten/vivado/Vivado/2019.1/common/technology/xilinx/interface/plb46.gen 
Execute           source /home/sten/vivado/Vivado/2019.1/common/technology/xilinx/interface/fsl.gen 
Execute           source /home/sten/vivado/Vivado/2019.1/common/technology/xilinx/interface/axi4.gen 
Execute           source /home/sten/vivado/Vivado/2019.1/common/technology/xilinx/interface/nativeAXI4.gen 
Execute             source /home/sten/vivado/Vivado/2019.1/common/technology/xilinx/interface/saxilite.gen 
Execute             source /home/sten/vivado/Vivado/2019.1/common/technology/xilinx/interface/maxi.gen 
Execute           source /home/sten/vivado/Vivado/2019.1/common/technology/xilinx/scripts/xilinxcoregen.gen 
Execute           source /home/sten/vivado/Vivado/2019.1/common/technology/xilinx/interface/XilEDKCoreGen.gen 
Execute           source /home/sten/vivado/Vivado/2019.1/common/technology/xilinx/ip/dds_compiler.gen 
Execute           source /home/sten/vivado/Vivado/2019.1/common/technology/xilinx/ip/util.gen 
Execute           source /home/sten/vivado/Vivado/2019.1/common/technology/xilinx/ip/xfft.gen 
Execute           source /home/sten/vivado/Vivado/2019.1/common/technology/xilinx/ip/xfir.gen 
Execute           source /home/sten/vivado/Vivado/2019.1/common/technology/xilinx/common/dsp48.gen 
Execute       source /home/sten/vivado/Vivado/2019.1/common/technology/xilinx/zynquplus/zynquplus_fpv7.gen 
Execute         source /home/sten/vivado/Vivado/2019.1/common/technology/xilinx/common/xilinx_fp.gen 
INFO-FLOW: DBG:CMD:   using AESL_AUTOCG::g_clock_period=10.000 (was NA)
INFO-FLOW: DBG:CMD:       generate_ip_cores sim=1 export=0 expOnly=0 dstVlogDir=syn/verilog
Execute       source /home/sten/vivado/Vivado/2019.1/prj_adder/solution1/.autopilot/db/global.setting.tcl 
Execute       ap_part_info -name xczu3eg-sbva484-1-i -data names -quiet 
Execute       ap_part_info -name xczu3eg-sbva484-1-i -data info -quiet 
Execute       source /home/sten/vivado/Vivado/2019.1/prj_adder/solution1/.autopilot/db/global.setting.tcl 
Execute       source /home/sten/vivado/Vivado/2019.1/prj_adder/solution1/.autopilot/db/global.setting.tcl 
Execute       source /home/sten/vivado/Vivado/2019.1/prj_adder/solution1/.autopilot/db/adder.compgen.tcl 
INFO-FLOW: DBG:CMD:     auto_generate -export -impltomg_flag -rtl both -tool Vivado -pcore_version 1.00.a -phase csynth_design -d /home/sten/vivado/Vivado/2019.1/prj_adder/solution1
Execute       source /home/sten/vivado/Vivado/2019.1/prj_adder/solution1/.autopilot/db/global.setting.tcl 
INFO-FLOW: DBG:CMD: read_platform_lib /home/sten/vivado/Vivado/2019.1/prj_adder/solution1/.autopilot/db/global.setting.tcl
Execute       source /home/sten/vivado/Vivado/2019.1/common/technology/generic/autopilot/common.gen 
Execute         source /home/sten/vivado/Vivado/2019.1/common/technology/generic/autopilot/APCoreGen.gen 
Execute       source /home/sten/vivado/Vivado/2019.1/common/technology/generic/autopilot/op.gen 
Execute       source /home/sten/vivado/Vivado/2019.1/common/technology/generic/autopilot/op_simcore.gen 
Execute       source /home/sten/vivado/Vivado/2019.1/common/technology/generic/autopilot/interface.gen 
Execute       source /home/sten/vivado/Vivado/2019.1/prj_adder/solution1/.autopilot/db/global.setting.tcl 
Execute       source /home/sten/vivado/Vivado/2019.1/common/technology/xilinx/zynquplus/zynquplus.gen 
Execute         source /home/sten/vivado/Vivado/2019.1/common/technology/xilinx/common/xilinx.gen 
Execute           source /home/sten/vivado/Vivado/2019.1/common/technology/xilinx/interface/plb46.gen 
Execute           source /home/sten/vivado/Vivado/2019.1/common/technology/xilinx/interface/fsl.gen 
Execute           source /home/sten/vivado/Vivado/2019.1/common/technology/xilinx/interface/axi4.gen 
Execute           source /home/sten/vivado/Vivado/2019.1/common/technology/xilinx/interface/nativeAXI4.gen 
Execute             source /home/sten/vivado/Vivado/2019.1/common/technology/xilinx/interface/saxilite.gen 
Execute             source /home/sten/vivado/Vivado/2019.1/common/technology/xilinx/interface/maxi.gen 
Execute           source /home/sten/vivado/Vivado/2019.1/common/technology/xilinx/scripts/xilinxcoregen.gen 
Execute           source /home/sten/vivado/Vivado/2019.1/common/technology/xilinx/interface/XilEDKCoreGen.gen 
Execute           source /home/sten/vivado/Vivado/2019.1/common/technology/xilinx/ip/dds_compiler.gen 
Execute           source /home/sten/vivado/Vivado/2019.1/common/technology/xilinx/ip/util.gen 
Execute           source /home/sten/vivado/Vivado/2019.1/common/technology/xilinx/ip/xfft.gen 
Execute           source /home/sten/vivado/Vivado/2019.1/common/technology/xilinx/ip/xfir.gen 
Execute           source /home/sten/vivado/Vivado/2019.1/common/technology/xilinx/common/dsp48.gen 
Execute       source /home/sten/vivado/Vivado/2019.1/common/technology/xilinx/zynquplus/zynquplus_fpv7.gen 
Execute         source /home/sten/vivado/Vivado/2019.1/common/technology/xilinx/common/xilinx_fp.gen 
INFO-FLOW: DBG:CMD:       initCTypeInfo top_module=adder xml_exists=0
Execute       source /home/sten/vivado/Vivado/2019.1/prj_adder/solution1/.autopilot/db/adder.rtl_wrap.cfg.tcl 
Execute       source /home/sten/vivado/Vivado/2019.1/prj_adder/solution1/.autopilot/db/adder.rtl_wrap.cfg.tcl 
Execute       source /home/sten/vivado/Vivado/2019.1/prj_adder/solution1/.autopilot/db/adder.rtl_wrap.cfg.tcl 
Execute       source /home/sten/vivado/Vivado/2019.1/prj_adder/solution1/.autopilot/db/adder.tbgen.tcl 
Execute       source /home/sten/vivado/Vivado/2019.1/prj_adder/solution1/.autopilot/db/adder.tbgen.tcl 
INFO-FLOW: DBG:CMD:       export_impl_rtl
INFO-FLOW: DBG:CMD:       generate_ip_cores sim=0 export=0 expOnly=0 dstVlogDir=impl/.verilog
Execute       source /home/sten/vivado/Vivado/2019.1/prj_adder/solution1/.autopilot/db/global.setting.tcl 
Execute       source /home/sten/vivado/Vivado/2019.1/prj_adder/solution1/.autopilot/db/adder.compgen.tcl 
INFO-FLOW: DBG:CMD:       generate_ip_cores sim=0 export=1 expOnly=1 dstVlogDir=impl/.pcores/verilog
Execute       source /home/sten/vivado/Vivado/2019.1/prj_adder/solution1/.autopilot/db/global.setting.tcl 
Execute       source /home/sten/vivado/Vivado/2019.1/prj_adder/solution1/.autopilot/db/adder.compgen.tcl 
Execute         ap_part_info -name xczu3eg-sbva484-1-i -data names -quiet 
Execute         ap_part_info -name xczu3eg-sbva484-1-i -data info -quiet 
Execute         ap_part_info -name xczu3eg-sbva484-1-i -data names -quiet 
Execute         ap_part_info -name xczu3eg-sbva484-1-i -data info -quiet 
Execute         ap_part_info -name xczu3eg-sbva484-1-i -data names -quiet 
Execute         ap_part_info -name xczu3eg-sbva484-1-i -data info -quiet 
Execute         ap_part_info -name xczu3eg-sbva484-1-i -data names -quiet 
Execute         ap_part_info -name xczu3eg-sbva484-1-i -data info -quiet 
Execute         ap_part_info -name xczu3eg-sbva484-1-i -data names -quiet 
Execute         ap_part_info -name xczu3eg-sbva484-1-i -data info -quiet 
Execute         ap_part_info -name xczu3eg-sbva484-1-i -data names -quiet 
Execute         ap_part_info -name xczu3eg-sbva484-1-i -data info -quiet 
Execute         ap_part_info -name xczu3eg-sbva484-1-i -data names -quiet 
Execute         ap_part_info -name xczu3eg-sbva484-1-i -data info -quiet 
Execute         ap_part_info -name xczu3eg-sbva484-1-i -data names -quiet 
Execute         ap_part_info -name xczu3eg-sbva484-1-i -data info -quiet 
Execute         ap_part_info -name xczu3eg-sbva484-1-i -data names -quiet 
Execute         ap_part_info -name xczu3eg-sbva484-1-i -data info -quiet 
Execute       ap_part_info -name xczu3eg-sbva484-1-i -data names -quiet 
Execute       ap_part_info -name xczu3eg-sbva484-1-i -data info -quiet 
INFO-FLOW: DBG:CMD:       generate_ip_cores sim=0 export=0 expOnly=0 dstVlogDir=impl/.pcores/verilog_sim
Execute       source /home/sten/vivado/Vivado/2019.1/prj_adder/solution1/.autopilot/db/global.setting.tcl 
Execute       source /home/sten/vivado/Vivado/2019.1/prj_adder/solution1/.autopilot/db/adder.compgen.tcl 
Execute       ap_part_info -name xczu3eg-sbva484-1-i -data names -quiet 
Execute       ap_part_info -name xczu3eg-sbva484-1-i -data info -quiet 
Execute       ap_part_info -name xczu3eg-sbva484-1-i -data names -quiet 
Execute       ap_part_info -name xczu3eg-sbva484-1-i -data info -quiet 
Execute       source /home/sten/vivado/Vivado/2019.1/prj_adder/solution1/.autopilot/db/global.setting.tcl 
Execute       ap_part_info -name xczu3eg-sbva484-1-i -data names -quiet 
Execute       ap_part_info -name xczu3eg-sbva484-1-i -data info -quiet 
Execute       source /home/sten/vivado/Vivado/2019.1/prj_adder/solution1/.autopilot/db/adder.constraint.tcl 
INFO-FLOW: DBG:CMD:       hasPcoreIpAdapter=false #gSsdmPorts=10
INFO-FLOW: DBG:CMD: Skipping loadAnalyze_DB, #g_database=4
INFO-FLOW: DBG:CMD:       generate_json is_phase_csynth=1 g_has_adaptors=false generate_bd_files=0 #modelList=1 #gSsdmPorts=10
Execute       source /home/sten/vivado/Vivado/2019.1/tps/tcl/tcllib1.11.1/fileutil/fileutil.tcl 
Execute         source /home/sten/vivado/Vivado/2019.1/tps/tcl/tcllib1.11.1/cmdline/cmdline.tcl 
Execute       source /home/sten/vivado/Vivado/2019.1/prj_adder/solution1/.autopilot/db/global.setting.tcl 
Execute       source /home/sten/vivado/Vivado/2019.1/prj_adder/solution1/.autopilot/db/global.setting.tcl 
Execute       get_config_export -xo 
Execute       source /home/sten/vivado/Vivado/2019.1/prj_adder/solution1/.autopilot/db/adder.tbgen.tcl 
Execute       source /home/sten/vivado/Vivado/2019.1/prj_adder/solution1/.autopilot/db/adder.tbgen.tcl 
Execute       source /home/sten/vivado/Vivado/2019.1/prj_adder/solution1/.autopilot/db/adder.tbgen.tcl 
Execute       source /home/sten/vivado/Vivado/2019.1/prj_adder/solution1/.autopilot/db/global.setting.tcl 
Execute       get_config_sdx -target 
Execute       source /home/sten/vivado/Vivado/2019.1/prj_adder/solution1/.autopilot/db/adder.rtl_wrap.cfg.tcl 
Execute       source /home/sten/vivado/Vivado/2019.1/prj_adder/solution1/.autopilot/db/adder.compgen.dataonly.tcl 
Execute       source /home/sten/vivado/Vivado/2019.1/prj_adder/solution1/.autopilot/db/global.setting.tcl 
Execute       ap_part_info -name xczu3eg-sbva484-1-i -data names -quiet 
Execute       ap_part_info -name xczu3eg-sbva484-1-i -data info -quiet 
Execute       source /home/sten/vivado/Vivado/2019.1/prj_adder/solution1/.autopilot/db/adder.constraint.tcl 
Execute       ap_part_info -name xczu3eg-sbva484-1-i -data names -quiet 
Execute       ap_part_info -name xczu3eg-sbva484-1-i -data info -quiet 
Execute       source /home/sten/vivado/Vivado/2019.1/prj_adder/solution1/.autopilot/db/global.setting.tcl 
Execute       get_config_debug -directory 
Execute       source /home/sten/vivado/Vivado/2019.1/prj_adder/solution1/.autopilot/db/adder.tbgen.tcl 
Execute       get_config_sdx -target 
Execute       get_config_sdx -profile 
Execute       get_config_rtl -kernel_profile 
Execute       get_config_rtl -stall_sig_gen 
Execute       get_config_rtl -profile 
INFO-FLOW: DBG:CMD: add_json_sdx_info kernel file does not exist, skipping opencl info: /home/sten/vivado/Vivado/2019.1/prj_adder/solution1/.autopilot/db/kernel.internal.xml
INFO-FLOW: DBG:CMD:       delete-temp-dirs (skipped for debug)
INFO: [HLS 200-111] Finished generating all RTL models Time (s): cpu = 00:00:07 ; elapsed = 00:00:08 . Memory (MB): peak = 836.422 ; gain = 126.879 ; free physical = 6295 ; free virtual = 15564
INFO: [VHDL 208-304] Generating VHDL RTL for adder.
INFO: [VLOG 209-307] Generating Verilog RTL for adder.
Command     autosyn done; 0.39 sec.
Command   csynth_design done; 6.52 sec.
Command ap_source done; 7.35 sec.
Execute cleanup_all 
INFO-FLOW: Workspace /home/sten/vivado/Vivado/2019.1/prj_adder/solution1 opened at Fri May 08 12:57:43 CEST 2026
Execute     config_clock -quiet -name default -period 10 -default=false 
INFO: [SYN 201-201] Setting up clock 'default' with a period of 10ns.
Execute     open_platform DefaultPlatform 
Execute     import_lib /home/sten/vivado/Vivado/2019.1/common/technology/xilinx/zynquplus/zynquplus 
Execute       source /home/sten/vivado/Vivado/2019.1/common/technology/xilinx/common/xilinx.lib 
Execute         source /home/sten/vivado/Vivado/2019.1/common/technology/xilinx/interface/xilinx_interface.lib 
Execute           source /home/sten/vivado/Vivado/2019.1/common/technology/xilinx/interface/plb46.lib 
Execute           source /home/sten/vivado/Vivado/2019.1/common/technology/xilinx/interface/fsl.lib 
Execute           source /home/sten/vivado/Vivado/2019.1/common/technology/xilinx/interface/axi4.lib 
Execute           source /home/sten/vivado/Vivado/2019.1/common/technology/xilinx/interface/maxi.lib 
Execute           source /home/sten/vivado/Vivado/2019.1/common/technology/xilinx/interface/saxilite.lib 
Execute         source /home/sten/vivado/Vivado/2019.1/common/technology/xilinx/common/dsp48.lib 
Execute         source /home/sten/vivado/Vivado/2019.1/common/technology/xilinx/ip/dds_compiler.lib 
Execute         source /home/sten/vivado/Vivado/2019.1/common/technology/xilinx/ip/xfft.lib 
Execute         source /home/sten/vivado/Vivado/2019.1/common/technology/xilinx/ip/xfir.lib 
Execute       source /home/sten/vivado/Vivado/2019.1/common/technology/xilinx/common/xilinx.hlp 
Execute         source /home/sten/vivado/Vivado/2019.1/common/technology/xilinx/common/target_info.tcl 
Execute         source /home/sten/vivado/Vivado/2019.1/common/technology/xilinx/interface/xilinx_interface.hlp 
Execute           source /home/sten/vivado/Vivado/2019.1/common/technology/xilinx/interface/maxi.hlp 
Execute           source /home/sten/vivado/Vivado/2019.1/common/technology/xilinx/interface/saxilite.hlp 
Execute         source /home/sten/vivado/Vivado/2019.1/common/technology/xilinx/common/dsp48.hlp 
Execute       source /home/sten/vivado/Vivado/2019.1/common/technology/xilinx/zynquplus/dsp48e2.hlp 
Execute       source /home/sten/vivado/Vivado/2019.1/common/technology/xilinx/common/xilinx.hlp 
Execute         source /home/sten/vivado/Vivado/2019.1/common/technology/xilinx/common/target_info.tcl 
Execute         source /home/sten/vivado/Vivado/2019.1/common/technology/xilinx/interface/xilinx_interface.hlp 
Execute           source /home/sten/vivado/Vivado/2019.1/common/technology/xilinx/interface/maxi.hlp 
Execute           source /home/sten/vivado/Vivado/2019.1/common/technology/xilinx/interface/saxilite.hlp 
Execute         source /home/sten/vivado/Vivado/2019.1/common/technology/xilinx/common/dsp48.hlp 
Execute     source /home/sten/vivado/Vivado/2019.1/common/technology/xilinx/zynquplus/zynquplus.gen 
Execute       source /home/sten/vivado/Vivado/2019.1/common/technology/xilinx/common/xilinx.gen 
Execute         source /home/sten/vivado/Vivado/2019.1/common/technology/xilinx/interface/plb46.gen 
Execute         source /home/sten/vivado/Vivado/2019.1/common/technology/xilinx/interface/fsl.gen 
Execute         source /home/sten/vivado/Vivado/2019.1/common/technology/xilinx/interface/axi4.gen 
Execute         source /home/sten/vivado/Vivado/2019.1/common/technology/xilinx/interface/nativeAXI4.gen 
Execute           source /home/sten/vivado/Vivado/2019.1/common/technology/xilinx/interface/saxilite.gen 
Execute           source /home/sten/vivado/Vivado/2019.1/common/technology/xilinx/interface/maxi.gen 
Execute         source /home/sten/vivado/Vivado/2019.1/common/technology/xilinx/scripts/xilinxcoregen.gen 
Execute         source /home/sten/vivado/Vivado/2019.1/common/technology/xilinx/interface/XilEDKCoreGen.gen 
Execute         source /home/sten/vivado/Vivado/2019.1/common/technology/xilinx/ip/dds_compiler.gen 
Execute         source /home/sten/vivado/Vivado/2019.1/common/technology/xilinx/ip/util.gen 
Execute         source /home/sten/vivado/Vivado/2019.1/common/technology/xilinx/ip/xfft.gen 
Execute         source /home/sten/vivado/Vivado/2019.1/common/technology/xilinx/ip/xfir.gen 
Execute         source /home/sten/vivado/Vivado/2019.1/common/technology/xilinx/common/dsp48.gen 
Execute     open_platform DefaultPlatform 
Execute     import_lib /home/sten/vivado/Vivado/2019.1/common/technology/xilinx/zynquplus/zynquplus_fpv7 
Execute       source /home/sten/vivado/Vivado/2019.1/common/technology/xilinx/common/xilinx_fp.lib 
Execute       source /home/sten/vivado/Vivado/2019.1/common/technology/xilinx/common/xilinx_fp.hlp 
Execute         source /home/sten/vivado/Vivado/2019.1/common/technology/xilinx/common/xilinx.hlp 
Execute           source /home/sten/vivado/Vivado/2019.1/common/technology/xilinx/common/target_info.tcl 
Execute           source /home/sten/vivado/Vivado/2019.1/common/technology/xilinx/interface/xilinx_interface.hlp 
Execute             source /home/sten/vivado/Vivado/2019.1/common/technology/xilinx/interface/maxi.hlp 
Execute             source /home/sten/vivado/Vivado/2019.1/common/technology/xilinx/interface/saxilite.hlp 
Execute           source /home/sten/vivado/Vivado/2019.1/common/technology/xilinx/common/dsp48.hlp 
Execute     source /home/sten/vivado/Vivado/2019.1/common/technology/xilinx/zynquplus/zynquplus_fpv7.gen 
Execute       source /home/sten/vivado/Vivado/2019.1/common/technology/xilinx/common/xilinx_fp.gen 
Execute     set_part xczu3eg-sbva484-1-i 
Execute       ap_part_info -name xczu3eg-sbva484-1-i -data single -quiet 
Command       ap_part_info done; 0.53 sec.
Execute       ap_part_info -name xczu3eg-sbva484-1-i -data info 
Execute       add_library xilinx/zynquplus/zynquplus:xczu3eg:-sbva484:-1-i 
Execute         get_default_platform 
Execute         license_isbetapart xczu3eg 
Command         license_isbetapart done; error code: 1; 
Execute         ap_part_info -data single -name xczu3eg-sbva484-1-i 
Execute         ap_part_info -name xczu3eg-sbva484-1-i -data resources 
Execute         ap_part_info -name xczu3eg-sbva484-1-i -data info 
Execute         ap_part_info -name xczu3eg-sbva484-1-i -data info 
Execute         config_chip_info -quiet -resource {SLICE 8820} {LUT 70560} {FF 141120} {DSP48E 360} {BRAM 432} {URAM 0} 
Execute         ap_part_info -name xczu3eg-sbva484-1-i -data info 
Execute         config_chip_info -quiet -speed slow 
Execute       add_library xilinx/zynquplus/zynquplus_fpv7 
Execute         get_default_platform 
INFO: [HLS 200-10] Setting target device to 'xczu3eg-sbva484-1-i'
Execute       ap_part_info -name xczu3eg-sbva484-1-i -data info 
Execute       get_default_platform 
Command     set_part done; 0.6 sec.
Execute     ap_part_info -data single -name xczu3eg-sbva484-1-i 
Execute     ap_part_info -name xczu3eg-sbva484-1-i -data resources 
Execute     ap_part_info -name xczu3eg-sbva484-1-i -data info 
Execute     ap_part_info -name xczu3eg-sbva484-1-i -data info 
Execute     config_chip_info -quiet -resource {SLICE 8820} {LUT 70560} {FF 141120} {DSP48E 360} {BRAM 432} {URAM 0} 
Execute     ap_part_info -name xczu3eg-sbva484-1-i -data info 
Execute     config_chip_info -quiet -speed slow 
Command   open_solution done; 0.73 sec.
Execute   cosim_design -wave_debug -trace_level all -tool xsim 
Execute     source /home/sten/vivado/Vivado/2019.1/prj_adder/solution1/.autopilot/db/global.setting.tcl 
Execute     source /home/sten/vivado/Vivado/2019.1/prj_adder/solution1/.autopilot/db/global.setting.tcl 
Execute     source /home/sten/vivado/Vivado/2019.1/prj_adder/solution1/.autopilot/db/global.setting.tcl 
INFO-FLOW: DBG:CMD: read_platform_lib /home/sten/vivado/Vivado/2019.1/prj_adder/solution1/.autopilot/db/global.setting.tcl
Execute     source /home/sten/vivado/Vivado/2019.1/common/technology/generic/autopilot/common.gen 
Execute       source /home/sten/vivado/Vivado/2019.1/common/technology/generic/autopilot/APCoreGen.gen 
Execute     source /home/sten/vivado/Vivado/2019.1/common/technology/generic/autopilot/op.gen 
Execute     source /home/sten/vivado/Vivado/2019.1/common/technology/generic/autopilot/op_simcore.gen 
Execute     source /home/sten/vivado/Vivado/2019.1/common/technology/generic/autopilot/interface.gen 
Execute     source /home/sten/vivado/Vivado/2019.1/prj_adder/solution1/.autopilot/db/global.setting.tcl 
Execute     source /home/sten/vivado/Vivado/2019.1/common/technology/xilinx/zynquplus/zynquplus.gen 
Execute       source /home/sten/vivado/Vivado/2019.1/common/technology/xilinx/common/xilinx.gen 
Execute         source /home/sten/vivado/Vivado/2019.1/common/technology/xilinx/interface/plb46.gen 
Execute         source /home/sten/vivado/Vivado/2019.1/common/technology/xilinx/interface/fsl.gen 
Execute         source /home/sten/vivado/Vivado/2019.1/common/technology/xilinx/interface/axi4.gen 
Execute         source /home/sten/vivado/Vivado/2019.1/common/technology/xilinx/interface/nativeAXI4.gen 
Execute           source /home/sten/vivado/Vivado/2019.1/common/technology/xilinx/interface/saxilite.gen 
Execute           source /home/sten/vivado/Vivado/2019.1/common/technology/xilinx/interface/maxi.gen 
Execute         source /home/sten/vivado/Vivado/2019.1/common/technology/xilinx/scripts/xilinxcoregen.gen 
Execute         source /home/sten/vivado/Vivado/2019.1/common/technology/xilinx/interface/XilEDKCoreGen.gen 
Execute         source /home/sten/vivado/Vivado/2019.1/common/technology/xilinx/ip/dds_compiler.gen 
Execute         source /home/sten/vivado/Vivado/2019.1/common/technology/xilinx/ip/util.gen 
Execute         source /home/sten/vivado/Vivado/2019.1/common/technology/xilinx/ip/xfft.gen 
Execute         source /home/sten/vivado/Vivado/2019.1/common/technology/xilinx/ip/xfir.gen 
Execute         source /home/sten/vivado/Vivado/2019.1/common/technology/xilinx/common/dsp48.gen 
Execute     source /home/sten/vivado/Vivado/2019.1/common/technology/xilinx/zynquplus/zynquplus_fpv7.gen 
Execute       source /home/sten/vivado/Vivado/2019.1/common/technology/xilinx/common/xilinx_fp.gen 
INFO-FLOW: DBG:CMD:   using AESL_AUTOCG::g_clock_period=10.000 (was NA)
Execute     ap_part_info -name xczu3eg-sbva484-1-i -data names -quiet 
Execute     ap_part_info -name xczu3eg-sbva484-1-i -data info -quiet 
Execute     source /home/sten/vivado/Vivado/2019.1/prj_adder/solution1/.autopilot/db/global.setting.tcl 
Execute     source /home/sten/vivado/Vivado/2019.1/prj_adder/solution1/.autopilot/db/adder.rtl_wrap.cfg.tcl 
Execute     source /home/sten/vivado/Vivado/2019.1/prj_adder/solution1/.autopilot/db/adder.tbgen.tcl 
Execute     is_encrypted /home/sten/Downloads/HAAI_lab2_source/code/adder/adder_tb.cpp 
Execute     is_encrypted /home/sten/Downloads/HAAI_lab2_source/code/adder/adder.h 
Execute     is_encrypted /home/sten/Downloads/HAAI_lab2_source/code/adder/adder.cpp 
Execute     source /home/sten/vivado/Vivado/2019.1/prj_adder/solution1/.autopilot/db/adder.tbgen.tcl 
Execute     source /home/sten/vivado/Vivado/2019.1/prj_adder/solution1/.autopilot/db/adder.tbgen.tcl 
INFO: [COSIM 212-47] Using XSIM for RTL simulation.
INFO: [COSIM 212-14] Instrumenting C test bench ...
Execute     ap_part_info -name xczu3eg-sbva484-1-i -data info 
INFO-FLOW: TB processing: /home/sten/Downloads/HAAI_lab2_source/code/adder/adder_tb.cpp /home/sten/vivado/Vivado/2019.1/prj_adder/solution1/./sim/autowrap/testbench/adder_tb.cpp_pre.cpp
Execute     tidy_31 xilinx-tb-xfmat /home/sten/vivado/Vivado/2019.1/prj_adder/solution1/./sim/autowrap/testbench/adder_tb.cpp_pre.cpp std=c++11 
INFO-FLOW: exec /home/sten/vivado/Vivado/2019.1/lnx64/tools/clang-3.9-csynth/bin/tidy-3.1 -header-filter=.* -checks=-*,xilinx-tb-xfmat -quiet -fix-errors /home/sten/vivado/Vivado/2019.1/prj_adder/solution1/./sim/autowrap/testbench/adder_tb.cpp_pre.cpp -- -std=c++11 -fhls -ferror-limit=0
Command     tidy_31 done; 0.21 sec.
Execute     tidy_31 xilinx-tb31-process /home/sten/vivado/Vivado/2019.1/prj_adder/solution1/./sim/autowrap/testbench/adder_tb.cpp_pre.cpp.tb.cpp std=c++11 
INFO-FLOW: exec /home/sten/vivado/Vivado/2019.1/lnx64/tools/clang-3.9-csynth/bin/tidy-3.1 -header-filter=.* -checks=-*,xilinx-tb31-process -quiet -fix-errors /home/sten/vivado/Vivado/2019.1/prj_adder/solution1/./sim/autowrap/testbench/adder_tb.cpp_pre.cpp.tb.cpp -- -std=c++11 -fhls -ferror-limit=0
Command     tidy_31 done; 0.36 sec.
Execute     ap_part_info -name xczu3eg-sbva484-1-i -data info 
INFO-FLOW: TB processing: /home/sten/Downloads/HAAI_lab2_source/code/adder/adder.cpp /home/sten/vivado/Vivado/2019.1/prj_adder/solution1/./sim/autowrap/testbench/adder.cpp_pre.cpp
Execute     tidy_31 xilinx-tb-xfmat /home/sten/vivado/Vivado/2019.1/prj_adder/solution1/./sim/autowrap/testbench/adder.cpp_pre.cpp std=c++11 
INFO-FLOW: exec /home/sten/vivado/Vivado/2019.1/lnx64/tools/clang-3.9-csynth/bin/tidy-3.1 -header-filter=.* -checks=-*,xilinx-tb-xfmat -quiet -fix-errors /home/sten/vivado/Vivado/2019.1/prj_adder/solution1/./sim/autowrap/testbench/adder.cpp_pre.cpp -- -std=c++11 -fhls -ferror-limit=0
Execute     tidy_31 xilinx-tb31-process /home/sten/vivado/Vivado/2019.1/prj_adder/solution1/./sim/autowrap/testbench/adder.cpp_pre.cpp.tb.cpp std=c++11 
INFO-FLOW: exec /home/sten/vivado/Vivado/2019.1/lnx64/tools/clang-3.9-csynth/bin/tidy-3.1 -header-filter=.* -checks=-*,xilinx-tb31-process -quiet -fix-errors /home/sten/vivado/Vivado/2019.1/prj_adder/solution1/./sim/autowrap/testbench/adder.cpp_pre.cpp.tb.cpp -- -std=c++11 -fhls -ferror-limit=0
Execute     source /home/sten/vivado/Vivado/2019.1/prj_adder/solution1/./sim/autowrap/testbench/tb.status.tcl 
Execute     source /home/sten/vivado/Vivado/2019.1/prj_adder/solution1/.autopilot/db/global.setting.tcl 
Execute     source /home/sten/vivado/Vivado/2019.1/prj_adder/solution1/.autopilot/db/adder.rtl_wrap.cfg.tcl 
Execute     source /home/sten/vivado/Vivado/2019.1/prj_adder/solution1/.autopilot/db/adder.rtl_wrap.cfg.tcl 
Execute     source /home/sten/vivado/Vivado/2019.1/prj_adder/solution1/.autopilot/db/adder.rtl_wrap.cfg.tcl 
Execute     source /home/sten/vivado/Vivado/2019.1/prj_adder/solution1/.autopilot/db/adder.tbgen.tcl 
Execute     source /home/sten/vivado/Vivado/2019.1/prj_adder/solution1/.autopilot/db/adder.tbgen.tcl 
Execute     ap_part_info -name xczu3eg-sbva484-1-i -data info 
Execute     source .run_sim.tcl 
INFO: [COSIM 212-302] Starting C TB testing ... 
Command     ap_source done; 0.19 sec.
INFO: [COSIM 212-333] Generating C post check test bench ...
Execute     ap_part_info -name xczu3eg-sbva484-1-i -data info 
INFO: [COSIM 212-12] Generating RTL test bench ...
Execute     source /home/sten/vivado/Vivado/2019.1/prj_adder/solution1/.autopilot/db/adder.tbgen.tcl 
Execute     source /home/sten/vivado/Vivado/2019.1/prj_adder/solution1/.autopilot/db/adder.tbgen.tcl 
Execute     source /home/sten/vivado/Vivado/2019.1/prj_adder/solution1/.autopilot/db/adder.tbgen.tcl 
Execute     source /home/sten/vivado/Vivado/2019.1/prj_adder/solution1/.autopilot/db/adder.tbgen.tcl 
Execute     source ../tv/cdatafile/ref.tcl 
Execute     source /home/sten/vivado/Vivado/2019.1/prj_adder/solution1/.autopilot/db/adder.tbgen.tcl 
Execute     source /home/sten/vivado/Vivado/2019.1/prj_adder/solution1/.autopilot/db/adder.tbgen.tcl 
Execute     source /home/sten/vivado/Vivado/2019.1/prj_adder/solution1/.autopilot/db/adder.tbgen.tcl 
Execute     source /home/sten/vivado/Vivado/2019.1/prj_adder/solution1/.autopilot/db/adder.tbgen.tcl 
Execute     source /home/sten/vivado/Vivado/2019.1/prj_adder/solution1/.autopilot/db/adder.tbgen.tcl 
Execute     source /home/sten/vivado/Vivado/2019.1/prj_adder/solution1/.autopilot/db/adder.tbgen.tcl 
Execute     source /home/sten/vivado/Vivado/2019.1/prj_adder/solution1/.autopilot/db/adder.tbgen.tcl 
Execute     source /home/sten/vivado/Vivado/2019.1/prj_adder/solution1/.autopilot/db/adder.tbgen.tcl 
Execute     source /home/sten/vivado/Vivado/2019.1/prj_adder/solution1/.autopilot/db/adder.tbgen.tcl 
Execute     source /home/sten/vivado/Vivado/2019.1/prj_adder/solution1/.autopilot/db/adder.tbgen.tcl 
Execute     source /home/sten/vivado/Vivado/2019.1/prj_adder/solution1/.autopilot/db/adder.tbgen.tcl 
Execute     source /home/sten/vivado/Vivado/2019.1/prj_adder/solution1/.autopilot/db/adder.tbgen.tcl 
Execute     source /home/sten/vivado/Vivado/2019.1/prj_adder/solution1/.autopilot/db/adder.tbgen.tcl 
Execute     source /home/sten/vivado/Vivado/2019.1/prj_adder/solution1/.autopilot/db/adder.tbgen.tcl 
Execute     source /home/sten/vivado/Vivado/2019.1/prj_adder/solution1/.autopilot/db/adder.tbgen.tcl 
Execute     source /home/sten/vivado/Vivado/2019.1/prj_adder/solution1/.autopilot/db/adder.tbgen.tcl 
Execute     source ../tv/cdatafile/ref.tcl 
Execute     source /home/sten/vivado/Vivado/2019.1/prj_adder/solution1/.autopilot/db/adder.tbgen.tcl 
Execute     source /home/sten/vivado/Vivado/2019.1/prj_adder/solution1/.autopilot/db/adder.tbgen.tcl 
Execute     source /home/sten/vivado/Vivado/2019.1/prj_adder/solution1/.autopilot/db/adder.tbgen.tcl 
Execute     source /home/sten/vivado/Vivado/2019.1/prj_adder/solution1/.autopilot/db/adder.tbgen.tcl 
Execute     source /home/sten/vivado/Vivado/2019.1/prj_adder/solution1/.autopilot/db/adder.tbgen.tcl 
Execute     source /home/sten/vivado/Vivado/2019.1/prj_adder/solution1/.autopilot/db/adder.tbgen.tcl 
Execute     source /home/sten/vivado/Vivado/2019.1/prj_adder/solution1/.autopilot/db/adder.tbgen.tcl 
Execute     source /home/sten/vivado/Vivado/2019.1/prj_adder/solution1/.autopilot/db/adder.tbgen.tcl 
Execute     source /home/sten/vivado/Vivado/2019.1/prj_adder/solution1/.autopilot/db/adder.tbgen.tcl 
Execute     source /home/sten/vivado/Vivado/2019.1/prj_adder/solution1/.autopilot/db/adder.tbgen.tcl 
Execute     source /home/sten/vivado/Vivado/2019.1/prj_adder/solution1/.autopilot/db/adder.tbgen.tcl 
Execute     source /home/sten/vivado/Vivado/2019.1/prj_adder/solution1/.autopilot/db/adder.tbgen.tcl 
INFO: [COSIM 212-1] *** C/RTL co-simulation file generation completed. ***
Execute     source .run_sim.tcl 
Execute       source check_sim.tcl 
Execute       source .sim.status.tcl 
INFO-FLOW: Workspace /home/sten/vivado/Vivado/2019.1/prj_adder/solution1 opened at Fri May 08 13:13:59 CEST 2026
Execute     config_clock -quiet -name default -period 10 -default=false 
INFO: [SYN 201-201] Setting up clock 'default' with a period of 10ns.
Execute     open_platform DefaultPlatform 
Execute     import_lib /home/sten/vivado/Vivado/2019.1/common/technology/xilinx/zynquplus/zynquplus 
Execute       source /home/sten/vivado/Vivado/2019.1/common/technology/xilinx/common/xilinx.lib 
Execute         source /home/sten/vivado/Vivado/2019.1/common/technology/xilinx/interface/xilinx_interface.lib 
Execute           source /home/sten/vivado/Vivado/2019.1/common/technology/xilinx/interface/plb46.lib 
Execute           source /home/sten/vivado/Vivado/2019.1/common/technology/xilinx/interface/fsl.lib 
Execute           source /home/sten/vivado/Vivado/2019.1/common/technology/xilinx/interface/axi4.lib 
Execute           source /home/sten/vivado/Vivado/2019.1/common/technology/xilinx/interface/maxi.lib 
Execute           source /home/sten/vivado/Vivado/2019.1/common/technology/xilinx/interface/saxilite.lib 
Execute         source /home/sten/vivado/Vivado/2019.1/common/technology/xilinx/common/dsp48.lib 
Execute         source /home/sten/vivado/Vivado/2019.1/common/technology/xilinx/ip/dds_compiler.lib 
Execute         source /home/sten/vivado/Vivado/2019.1/common/technology/xilinx/ip/xfft.lib 
Execute         source /home/sten/vivado/Vivado/2019.1/common/technology/xilinx/ip/xfir.lib 
Execute       source /home/sten/vivado/Vivado/2019.1/common/technology/xilinx/common/xilinx.hlp 
Execute         source /home/sten/vivado/Vivado/2019.1/common/technology/xilinx/common/target_info.tcl 
Execute         source /home/sten/vivado/Vivado/2019.1/common/technology/xilinx/interface/xilinx_interface.hlp 
Execute           source /home/sten/vivado/Vivado/2019.1/common/technology/xilinx/interface/maxi.hlp 
Execute           source /home/sten/vivado/Vivado/2019.1/common/technology/xilinx/interface/saxilite.hlp 
Execute         source /home/sten/vivado/Vivado/2019.1/common/technology/xilinx/common/dsp48.hlp 
Execute       source /home/sten/vivado/Vivado/2019.1/common/technology/xilinx/zynquplus/dsp48e2.hlp 
Execute       source /home/sten/vivado/Vivado/2019.1/common/technology/xilinx/common/xilinx.hlp 
Execute         source /home/sten/vivado/Vivado/2019.1/common/technology/xilinx/common/target_info.tcl 
Execute         source /home/sten/vivado/Vivado/2019.1/common/technology/xilinx/interface/xilinx_interface.hlp 
Execute           source /home/sten/vivado/Vivado/2019.1/common/technology/xilinx/interface/maxi.hlp 
Execute           source /home/sten/vivado/Vivado/2019.1/common/technology/xilinx/interface/saxilite.hlp 
Execute         source /home/sten/vivado/Vivado/2019.1/common/technology/xilinx/common/dsp48.hlp 
Execute     source /home/sten/vivado/Vivado/2019.1/common/technology/xilinx/zynquplus/zynquplus.gen 
Execute       source /home/sten/vivado/Vivado/2019.1/common/technology/xilinx/common/xilinx.gen 
Execute         source /home/sten/vivado/Vivado/2019.1/common/technology/xilinx/interface/plb46.gen 
Execute         source /home/sten/vivado/Vivado/2019.1/common/technology/xilinx/interface/fsl.gen 
Execute         source /home/sten/vivado/Vivado/2019.1/common/technology/xilinx/interface/axi4.gen 
Execute         source /home/sten/vivado/Vivado/2019.1/common/technology/xilinx/interface/nativeAXI4.gen 
Execute           source /home/sten/vivado/Vivado/2019.1/common/technology/xilinx/interface/saxilite.gen 
Execute           source /home/sten/vivado/Vivado/2019.1/common/technology/xilinx/interface/maxi.gen 
Execute         source /home/sten/vivado/Vivado/2019.1/common/technology/xilinx/scripts/xilinxcoregen.gen 
Execute         source /home/sten/vivado/Vivado/2019.1/common/technology/xilinx/interface/XilEDKCoreGen.gen 
Execute         source /home/sten/vivado/Vivado/2019.1/common/technology/xilinx/ip/dds_compiler.gen 
Execute         source /home/sten/vivado/Vivado/2019.1/common/technology/xilinx/ip/util.gen 
Execute         source /home/sten/vivado/Vivado/2019.1/common/technology/xilinx/ip/xfft.gen 
Execute         source /home/sten/vivado/Vivado/2019.1/common/technology/xilinx/ip/xfir.gen 
Execute         source /home/sten/vivado/Vivado/2019.1/common/technology/xilinx/common/dsp48.gen 
Command       ap_source done; 0.11 sec.
Command     ap_source done; 0.11 sec.
Execute     open_platform DefaultPlatform 
Execute     import_lib /home/sten/vivado/Vivado/2019.1/common/technology/xilinx/zynquplus/zynquplus_fpv7 
Execute       source /home/sten/vivado/Vivado/2019.1/common/technology/xilinx/common/xilinx_fp.lib 
Execute       source /home/sten/vivado/Vivado/2019.1/common/technology/xilinx/common/xilinx_fp.hlp 
Execute         source /home/sten/vivado/Vivado/2019.1/common/technology/xilinx/common/xilinx.hlp 
Execute           source /home/sten/vivado/Vivado/2019.1/common/technology/xilinx/common/target_info.tcl 
Execute           source /home/sten/vivado/Vivado/2019.1/common/technology/xilinx/interface/xilinx_interface.hlp 
Execute             source /home/sten/vivado/Vivado/2019.1/common/technology/xilinx/interface/maxi.hlp 
Execute             source /home/sten/vivado/Vivado/2019.1/common/technology/xilinx/interface/saxilite.hlp 
Execute           source /home/sten/vivado/Vivado/2019.1/common/technology/xilinx/common/dsp48.hlp 
Execute     source /home/sten/vivado/Vivado/2019.1/common/technology/xilinx/zynquplus/zynquplus_fpv7.gen 
Execute       source /home/sten/vivado/Vivado/2019.1/common/technology/xilinx/common/xilinx_fp.gen 
Execute     set_part xczu3eg-sbva484-1-i 
Execute       ap_part_info -name xczu3eg-sbva484-1-i -data single -quiet 
Command       ap_part_info done; 0.53 sec.
Execute       ap_part_info -name xczu3eg-sbva484-1-i -data info 
Execute       add_library xilinx/zynquplus/zynquplus:xczu3eg:-sbva484:-1-i 
Execute         get_default_platform 
Execute         license_isbetapart xczu3eg 
Command         license_isbetapart done; error code: 1; 
Execute         ap_part_info -data single -name xczu3eg-sbva484-1-i 
Execute         ap_part_info -name xczu3eg-sbva484-1-i -data resources 
Execute         ap_part_info -name xczu3eg-sbva484-1-i -data info 
Execute         ap_part_info -name xczu3eg-sbva484-1-i -data info 
Execute         config_chip_info -quiet -resource {SLICE 8820} {LUT 70560} {FF 141120} {DSP48E 360} {BRAM 432} {URAM 0} 
Execute         ap_part_info -name xczu3eg-sbva484-1-i -data info 
Execute         config_chip_info -quiet -speed slow 
Execute       add_library xilinx/zynquplus/zynquplus_fpv7 
Execute         get_default_platform 
INFO: [HLS 200-10] Setting target device to 'xczu3eg-sbva484-1-i'
Execute       ap_part_info -name xczu3eg-sbva484-1-i -data info 
Execute       get_default_platform 
Command     set_part done; 0.61 sec.
Execute     ap_part_info -data single -name xczu3eg-sbva484-1-i 
Execute     ap_part_info -name xczu3eg-sbva484-1-i -data resources 
Execute     ap_part_info -name xczu3eg-sbva484-1-i -data info 
Execute     ap_part_info -name xczu3eg-sbva484-1-i -data info 
Execute     config_chip_info -quiet -resource {SLICE 8820} {LUT 70560} {FF 141120} {DSP48E 360} {BRAM 432} {URAM 0} 
Execute     ap_part_info -name xczu3eg-sbva484-1-i -data info 
Execute     config_chip_info -quiet -speed slow 
Command   open_solution done; 0.75 sec.
Execute   export_design -rtl verilog -format ip_catalog 
Execute     get_config_export -acc 
Execute     get_config_export -clock_margin 
Execute     get_config_export -custom_script 
Execute     get_config_export -description 
Execute     get_config_export -display_name 
Execute     get_config_export -driver_input_dir 
Execute     get_config_export -ipname 
Execute     get_config_export -kernel_drc 
Execute     get_config_export -library 
Execute     get_config_export -qor_test 
Execute     get_config_export -sdaccel 
Execute     get_config_export -sim 
Execute     get_config_export -taxonomy 
Execute     get_config_export -use_ip 
Execute     get_config_export -use_netlist 
Execute     get_config_export -vendor 
Execute     get_config_export -version 
Execute     get_config_export -xo 
Execute     config_export -format=ip_catalog -rtl=verilog 
INFO-FLOW: DBG:CMD: export_design_wrap: -format ip_catalog -rtl verilog
Execute     source /home/sten/vivado/Vivado/2019.1/prj_adder/solution1/.autopilot/db/global.setting.tcl 
Execute     get_config_export -vivado_clock 
Execute     get_top 
Execute     get_config_sdx -target 
Execute     get_config_rtl -module_auto_prefix 
Execute     get_config_sdx -target 
Execute     get_config_sdx -target 
INFO-FLOW: DBG:CMD:   auto_impl: pack: -export -tool vivado -rtl verilog -sdx-target none
Execute     source /home/sten/vivado/Vivado/2019.1/prj_adder/solution1/.autopilot/db/global.setting.tcl 
INFO-FLOW: DBG:CMD: read_platform_lib /home/sten/vivado/Vivado/2019.1/prj_adder/solution1/.autopilot/db/global.setting.tcl
Execute     source /home/sten/vivado/Vivado/2019.1/common/technology/generic/autopilot/common.gen 
Execute       source /home/sten/vivado/Vivado/2019.1/common/technology/generic/autopilot/APCoreGen.gen 
Execute     source /home/sten/vivado/Vivado/2019.1/common/technology/generic/autopilot/op.gen 
Execute     source /home/sten/vivado/Vivado/2019.1/common/technology/generic/autopilot/op_simcore.gen 
Execute     source /home/sten/vivado/Vivado/2019.1/common/technology/generic/autopilot/interface.gen 
Execute     source /home/sten/vivado/Vivado/2019.1/prj_adder/solution1/.autopilot/db/global.setting.tcl 
Execute     source /home/sten/vivado/Vivado/2019.1/common/technology/xilinx/zynquplus/zynquplus.gen 
Execute       source /home/sten/vivado/Vivado/2019.1/common/technology/xilinx/common/xilinx.gen 
Execute         source /home/sten/vivado/Vivado/2019.1/common/technology/xilinx/interface/plb46.gen 
Execute         source /home/sten/vivado/Vivado/2019.1/common/technology/xilinx/interface/fsl.gen 
Execute         source /home/sten/vivado/Vivado/2019.1/common/technology/xilinx/interface/axi4.gen 
Execute         source /home/sten/vivado/Vivado/2019.1/common/technology/xilinx/interface/nativeAXI4.gen 
Execute           source /home/sten/vivado/Vivado/2019.1/common/technology/xilinx/interface/saxilite.gen 
Execute           source /home/sten/vivado/Vivado/2019.1/common/technology/xilinx/interface/maxi.gen 
Execute         source /home/sten/vivado/Vivado/2019.1/common/technology/xilinx/scripts/xilinxcoregen.gen 
Execute         source /home/sten/vivado/Vivado/2019.1/common/technology/xilinx/interface/XilEDKCoreGen.gen 
Execute         source /home/sten/vivado/Vivado/2019.1/common/technology/xilinx/ip/dds_compiler.gen 
Execute         source /home/sten/vivado/Vivado/2019.1/common/technology/xilinx/ip/util.gen 
Execute         source /home/sten/vivado/Vivado/2019.1/common/technology/xilinx/ip/xfft.gen 
Execute         source /home/sten/vivado/Vivado/2019.1/common/technology/xilinx/ip/xfir.gen 
Execute         source /home/sten/vivado/Vivado/2019.1/common/technology/xilinx/common/dsp48.gen 
Execute     source /home/sten/vivado/Vivado/2019.1/common/technology/xilinx/zynquplus/zynquplus_fpv7.gen 
Execute       source /home/sten/vivado/Vivado/2019.1/common/technology/xilinx/common/xilinx_fp.gen 
INFO-FLOW: DBG:CMD:   using AESL_AUTOCG::g_clock_period=10.000 (was NA)
Execute     ap_part_info -name xczu3eg-sbva484-1-i -data names -quiet 
Execute     ap_part_info -name xczu3eg-sbva484-1-i -data info -quiet 
Execute     source /home/sten/vivado/Vivado/2019.1/prj_adder/solution1/.autopilot/db/global.setting.tcl 
INFO: [IMPL 213-8] Exporting RTL as a Vivado IP.
Execute     source /home/sten/vivado/Vivado/2019.1/prj_adder/solution1/.autopilot/db/global.setting.tcl 
INFO-FLOW: DBG:CMD: automg_wrap -export -pcore_version 1.00.a -rtl vlog -sdx-target none -tool Vivado -impltomg_flag
INFO-FLOW: DBG:CMD:     auto_generate -export -pcore_version 1.00.a -rtl vlog -sdx-target none -tool Vivado -impltomg_flag
Execute     source /home/sten/vivado/Vivado/2019.1/prj_adder/solution1/.autopilot/db/global.setting.tcl 
INFO-FLOW: DBG:CMD: read_platform_lib /home/sten/vivado/Vivado/2019.1/prj_adder/solution1/.autopilot/db/global.setting.tcl
Execute     source /home/sten/vivado/Vivado/2019.1/common/technology/generic/autopilot/common.gen 
Execute       source /home/sten/vivado/Vivado/2019.1/common/technology/generic/autopilot/APCoreGen.gen 
Execute     source /home/sten/vivado/Vivado/2019.1/common/technology/generic/autopilot/op.gen 
Execute     source /home/sten/vivado/Vivado/2019.1/common/technology/generic/autopilot/op_simcore.gen 
Execute     source /home/sten/vivado/Vivado/2019.1/common/technology/generic/autopilot/interface.gen 
Execute     source /home/sten/vivado/Vivado/2019.1/prj_adder/solution1/.autopilot/db/global.setting.tcl 
Execute     source /home/sten/vivado/Vivado/2019.1/common/technology/xilinx/zynquplus/zynquplus.gen 
Execute       source /home/sten/vivado/Vivado/2019.1/common/technology/xilinx/common/xilinx.gen 
Execute         source /home/sten/vivado/Vivado/2019.1/common/technology/xilinx/interface/plb46.gen 
Execute         source /home/sten/vivado/Vivado/2019.1/common/technology/xilinx/interface/fsl.gen 
Execute         source /home/sten/vivado/Vivado/2019.1/common/technology/xilinx/interface/axi4.gen 
Execute         source /home/sten/vivado/Vivado/2019.1/common/technology/xilinx/interface/nativeAXI4.gen 
Execute           source /home/sten/vivado/Vivado/2019.1/common/technology/xilinx/interface/saxilite.gen 
Execute           source /home/sten/vivado/Vivado/2019.1/common/technology/xilinx/interface/maxi.gen 
Execute         source /home/sten/vivado/Vivado/2019.1/common/technology/xilinx/scripts/xilinxcoregen.gen 
Execute         source /home/sten/vivado/Vivado/2019.1/common/technology/xilinx/interface/XilEDKCoreGen.gen 
Execute         source /home/sten/vivado/Vivado/2019.1/common/technology/xilinx/ip/dds_compiler.gen 
Execute         source /home/sten/vivado/Vivado/2019.1/common/technology/xilinx/ip/util.gen 
Execute         source /home/sten/vivado/Vivado/2019.1/common/technology/xilinx/ip/xfft.gen 
Execute         source /home/sten/vivado/Vivado/2019.1/common/technology/xilinx/ip/xfir.gen 
Execute         source /home/sten/vivado/Vivado/2019.1/common/technology/xilinx/common/dsp48.gen 
Execute     source /home/sten/vivado/Vivado/2019.1/common/technology/xilinx/zynquplus/zynquplus_fpv7.gen 
Execute       source /home/sten/vivado/Vivado/2019.1/common/technology/xilinx/common/xilinx_fp.gen 
INFO-FLOW: DBG:CMD:       initCTypeInfo top_module=adder xml_exists=1
Execute     source /home/sten/vivado/Vivado/2019.1/prj_adder/solution1/.autopilot/db/adder.rtl_wrap.cfg.tcl 
Execute     source /home/sten/vivado/Vivado/2019.1/prj_adder/solution1/.autopilot/db/adder.rtl_wrap.cfg.tcl 
Execute     source /home/sten/vivado/Vivado/2019.1/prj_adder/solution1/.autopilot/db/adder.rtl_wrap.cfg.tcl 
Execute     source /home/sten/vivado/Vivado/2019.1/prj_adder/solution1/.autopilot/db/adder.tbgen.tcl 
Execute     source /home/sten/vivado/Vivado/2019.1/prj_adder/solution1/.autopilot/db/adder.tbgen.tcl 
INFO-FLOW: DBG:CMD:       export_impl_rtl
INFO-FLOW: DBG:CMD:       generate_ip_cores sim=0 export=0 expOnly=0 dstVlogDir=impl/.verilog
Execute     source /home/sten/vivado/Vivado/2019.1/prj_adder/solution1/.autopilot/db/global.setting.tcl 
Execute     source /home/sten/vivado/Vivado/2019.1/prj_adder/solution1/.autopilot/db/adder.compgen.tcl 
INFO-FLOW: DBG:CMD:       generate_ip_cores sim=0 export=1 expOnly=1 dstVlogDir=impl/.pcores/verilog
Execute     source /home/sten/vivado/Vivado/2019.1/prj_adder/solution1/.autopilot/db/global.setting.tcl 
Execute     source /home/sten/vivado/Vivado/2019.1/prj_adder/solution1/.autopilot/db/adder.compgen.tcl 
Execute       ap_part_info -name xczu3eg-sbva484-1-i -data names -quiet 
Execute       ap_part_info -name xczu3eg-sbva484-1-i -data info -quiet 
Execute       ap_part_info -name xczu3eg-sbva484-1-i -data names -quiet 
Execute       ap_part_info -name xczu3eg-sbva484-1-i -data info -quiet 
Execute       ap_part_info -name xczu3eg-sbva484-1-i -data names -quiet 
Execute       ap_part_info -name xczu3eg-sbva484-1-i -data info -quiet 
Execute       ap_part_info -name xczu3eg-sbva484-1-i -data names -quiet 
Execute       ap_part_info -name xczu3eg-sbva484-1-i -data info -quiet 
Execute       ap_part_info -name xczu3eg-sbva484-1-i -data names -quiet 
Execute       ap_part_info -name xczu3eg-sbva484-1-i -data info -quiet 
Execute       ap_part_info -name xczu3eg-sbva484-1-i -data names -quiet 
Execute       ap_part_info -name xczu3eg-sbva484-1-i -data info -quiet 
Execute       ap_part_info -name xczu3eg-sbva484-1-i -data names -quiet 
Execute       ap_part_info -name xczu3eg-sbva484-1-i -data info -quiet 
Execute       ap_part_info -name xczu3eg-sbva484-1-i -data names -quiet 
Execute       ap_part_info -name xczu3eg-sbva484-1-i -data info -quiet 
Execute       ap_part_info -name xczu3eg-sbva484-1-i -data names -quiet 
Execute       ap_part_info -name xczu3eg-sbva484-1-i -data info -quiet 
Execute     ap_part_info -name xczu3eg-sbva484-1-i -data names -quiet 
Execute     ap_part_info -name xczu3eg-sbva484-1-i -data info -quiet 
INFO-FLOW: DBG:CMD:       generate_ip_cores sim=0 export=0 expOnly=0 dstVlogDir=impl/.pcores/verilog_sim
Execute     source /home/sten/vivado/Vivado/2019.1/prj_adder/solution1/.autopilot/db/global.setting.tcl 
Execute     source /home/sten/vivado/Vivado/2019.1/prj_adder/solution1/.autopilot/db/adder.compgen.tcl 
Execute     ap_part_info -name xczu3eg-sbva484-1-i -data names -quiet 
Execute     ap_part_info -name xczu3eg-sbva484-1-i -data info -quiet 
Execute     ap_part_info -name xczu3eg-sbva484-1-i -data names -quiet 
Execute     ap_part_info -name xczu3eg-sbva484-1-i -data info -quiet 
Execute     source /home/sten/vivado/Vivado/2019.1/prj_adder/solution1/.autopilot/db/global.setting.tcl 
Execute     ap_part_info -name xczu3eg-sbva484-1-i -data names -quiet 
Execute     ap_part_info -name xczu3eg-sbva484-1-i -data info -quiet 
Execute     source /home/sten/vivado/Vivado/2019.1/prj_adder/solution1/.autopilot/db/adder.constraint.tcl 
INFO-FLOW: DBG:CMD:       hasPcoreIpAdapter=false #gSsdmPorts=10
INFO-FLOW: DBG:CMD:       copying IP vlog from /home/sten/vivado/Vivado/2019.1/prj_adder/solution1/impl/verilog
INFO-FLOW: DBG:CMD:       copying IP vhdl from /home/sten/vivado/Vivado/2019.1/prj_adder/solution1/impl/vhdl
INFO-FLOW: DBG:CMD:       generate_ip_script #gSsdmPorts=10
Execute     ap_part_info -name xczu3eg-sbva484-1-i -data names -quiet 
Execute     ap_part_info -name xczu3eg-sbva484-1-i -data info -quiet 
Execute     ap_part_info -name xczu3eg-sbva484-1-i -data names -quiet 
Execute     ap_part_info -name xczu3eg-sbva484-1-i -data info -quiet 
Execute     source /home/sten/vivado/Vivado/2019.1/prj_adder/solution1/.autopilot/db/adder.tbgen.tcl 
Execute     source /home/sten/vivado/Vivado/2019.1/prj_adder/solution1/.autopilot/db/adder.tbgen.tcl 
Execute     source /home/sten/vivado/Vivado/2019.1/prj_adder/solution1/.autopilot/db/global.setting.tcl 
Execute     get_config_sdx -target 
Execute     get_config_debug -directory 
INFO-FLOW: DBG:CMD:       generate_ip_auxiliary
Execute     ap_part_info -name xczu3eg-sbva484-1-i -data names -quiet 
Execute     ap_part_info -name xczu3eg-sbva484-1-i -data info -quiet 
Execute     source /home/sten/vivado/Vivado/2019.1/prj_adder/solution1/.autopilot/db/global.setting.tcl 
INFO-FLOW: DBG:CMD:       prepArgInfo -> loadAnalyze_DB top_module=adder
Execute     source /home/sten/vivado/Vivado/2019.1/prj_adder/solution1/.autopilot/db/adder.rtl_wrap.cfg.tcl 
Execute     source /home/sten/vivado/Vivado/2019.1/prj_adder/solution1/.autopilot/db/adder.rtl_wrap.cfg.tcl 
Execute     source /home/sten/vivado/Vivado/2019.1/prj_adder/solution1/.autopilot/db/adder.rtl_wrap.cfg.tcl 
Execute     source /home/sten/vivado/Vivado/2019.1/prj_adder/solution1/.autopilot/db/adder.tbgen.tcl 
Execute     source /home/sten/vivado/Vivado/2019.1/prj_adder/solution1/.autopilot/db/adder.tbgen.tcl 
Execute     source /home/sten/vivado/Vivado/2019.1/prj_adder/solution1/.autopilot/db/adder.tbgen.tcl 
INFO-FLOW: DBG:CMD:       generate_top_info
INFO-FLOW: DBG:CMD:       prepArgInfo -> loadAnalyze_DB top_module=adder
Execute     source /home/sten/vivado/Vivado/2019.1/prj_adder/solution1/.autopilot/db/adder.rtl_wrap.cfg.tcl 
Execute     source /home/sten/vivado/Vivado/2019.1/prj_adder/solution1/.autopilot/db/adder.rtl_wrap.cfg.tcl 
Execute     source /home/sten/vivado/Vivado/2019.1/prj_adder/solution1/.autopilot/db/adder.rtl_wrap.cfg.tcl 
Execute     source /home/sten/vivado/Vivado/2019.1/prj_adder/solution1/.autopilot/db/adder.tbgen.tcl 
Execute     source /home/sten/vivado/Vivado/2019.1/prj_adder/solution1/.autopilot/db/adder.tbgen.tcl 
Execute     ap_part_info -name xczu3eg-sbva484-1-i -data names -quiet 
Execute     ap_part_info -name xczu3eg-sbva484-1-i -data info -quiet 
Execute     ap_part_info -name xczu3eg-sbva484-1-i -data names -quiet 
Execute     ap_part_info -name xczu3eg-sbva484-1-i -data info -quiet 
Execute     source /home/sten/vivado/Vivado/2019.1/prj_adder/solution1/.autopilot/db/global.setting.tcl 
Execute     source /home/sten/vivado/Vivado/2019.1/prj_adder/solution1/.autopilot/db/adder.constraint.tcl 
INFO-FLOW: DBG:CMD:       generate_ipi_example_script
Execute     ap_part_info -name xczu3eg-sbva484-1-i -data names -quiet 
Execute     ap_part_info -name xczu3eg-sbva484-1-i -data info -quiet 
Execute     ap_part_info -name xczu3eg-sbva484-1-i -data names -quiet 
Execute     ap_part_info -name xczu3eg-sbva484-1-i -data info -quiet 
INFO-FLOW: DBG:CMD:       generate_syn_sh
Execute     ap_part_info -name xczu3eg-sbva484-1-i -data names -quiet 
Execute     ap_part_info -name xczu3eg-sbva484-1-i -data info -quiet 
Execute     source /home/sten/vivado/Vivado/2019.1/prj_adder/solution1/.autopilot/db/global.setting.tcl 
INFO-FLOW: DBG:CMD:       generate_imp_constraints
Execute     ap_part_info -name xczu3eg-sbva484-1-i -data names -quiet 
Execute     ap_part_info -name xczu3eg-sbva484-1-i -data info -quiet 
Execute     source /home/sten/vivado/Vivado/2019.1/prj_adder/solution1/.autopilot/db/adder.constraint.tcl 
INFO-FLOW: DBG:CMD:       copy-tb-files /home/sten/vivado/Vivado/2019.1/prj_adder/solution1/impl/.verilog/sim_tbs
INFO-FLOW: DBG:CMD:       delete-temp-dirs (skipped for debug)
Execute     ap_part_info -name xczu3eg-sbva484-1-i -data names -quiet 
Execute     ap_part_info -name xczu3eg-sbva484-1-i -data info -quiet 
INFO-FLOW: DBG:CMD: read_platform_lib /home/sten/vivado/Vivado/2019.1/prj_adder/solution1/.autopilot/db/global.setting.tcl
Execute     source /home/sten/vivado/Vivado/2019.1/common/technology/generic/autopilot/common.gen 
Execute       source /home/sten/vivado/Vivado/2019.1/common/technology/generic/autopilot/APCoreGen.gen 
Execute     source /home/sten/vivado/Vivado/2019.1/common/technology/generic/autopilot/op.gen 
Execute     source /home/sten/vivado/Vivado/2019.1/common/technology/generic/autopilot/op_simcore.gen 
Execute     source /home/sten/vivado/Vivado/2019.1/common/technology/generic/autopilot/interface.gen 
Execute     source /home/sten/vivado/Vivado/2019.1/prj_adder/solution1/.autopilot/db/global.setting.tcl 
Execute     source /home/sten/vivado/Vivado/2019.1/common/technology/xilinx/zynquplus/zynquplus.gen 
Execute       source /home/sten/vivado/Vivado/2019.1/common/technology/xilinx/common/xilinx.gen 
Execute         source /home/sten/vivado/Vivado/2019.1/common/technology/xilinx/interface/plb46.gen 
Execute         source /home/sten/vivado/Vivado/2019.1/common/technology/xilinx/interface/fsl.gen 
Execute         source /home/sten/vivado/Vivado/2019.1/common/technology/xilinx/interface/axi4.gen 
Execute         source /home/sten/vivado/Vivado/2019.1/common/technology/xilinx/interface/nativeAXI4.gen 
Execute           source /home/sten/vivado/Vivado/2019.1/common/technology/xilinx/interface/saxilite.gen 
Execute           source /home/sten/vivado/Vivado/2019.1/common/technology/xilinx/interface/maxi.gen 
Execute         source /home/sten/vivado/Vivado/2019.1/common/technology/xilinx/scripts/xilinxcoregen.gen 
Execute         source /home/sten/vivado/Vivado/2019.1/common/technology/xilinx/interface/XilEDKCoreGen.gen 
Execute         source /home/sten/vivado/Vivado/2019.1/common/technology/xilinx/ip/dds_compiler.gen 
Execute         source /home/sten/vivado/Vivado/2019.1/common/technology/xilinx/ip/util.gen 
Execute         source /home/sten/vivado/Vivado/2019.1/common/technology/xilinx/ip/xfft.gen 
Execute         source /home/sten/vivado/Vivado/2019.1/common/technology/xilinx/ip/xfir.gen 
Execute         source /home/sten/vivado/Vivado/2019.1/common/technology/xilinx/common/dsp48.gen 
Execute     source /home/sten/vivado/Vivado/2019.1/common/technology/xilinx/zynquplus/zynquplus_fpv7.gen 
Execute       source /home/sten/vivado/Vivado/2019.1/common/technology/xilinx/common/xilinx_fp.gen 
Execute     ap_part_info -name xczu3eg-sbva484-1-i -data names -quiet 
Execute     ap_part_info -name xczu3eg-sbva484-1-i -data info -quiet 
INFO-FLOW: DBG:CMD:     exec /home/sten/vivado/Vivado/2019.1/prj_adder/solution1/impl/ip/pack.sh
ERROR: [IMPL 213-28] Failed to generate IP.
Command   export_design done; error code: 2; 8.69 sec.
Command ap_source done; error code: 1; 9.44 sec.
Execute cleanup_all 
INFO-FLOW: Workspace /home/sten/vivado/Vivado/2019.1/prj_adder/solution1 opened at Fri May 08 13:14:58 CEST 2026
Execute     config_clock -quiet -name default -period 10 -default=false 
INFO: [SYN 201-201] Setting up clock 'default' with a period of 10ns.
Execute     open_platform DefaultPlatform 
Execute     import_lib /home/sten/vivado/Vivado/2019.1/common/technology/xilinx/zynquplus/zynquplus 
Execute       source /home/sten/vivado/Vivado/2019.1/common/technology/xilinx/common/xilinx.lib 
Execute         source /home/sten/vivado/Vivado/2019.1/common/technology/xilinx/interface/xilinx_interface.lib 
Execute           source /home/sten/vivado/Vivado/2019.1/common/technology/xilinx/interface/plb46.lib 
Execute           source /home/sten/vivado/Vivado/2019.1/common/technology/xilinx/interface/fsl.lib 
Execute           source /home/sten/vivado/Vivado/2019.1/common/technology/xilinx/interface/axi4.lib 
Execute           source /home/sten/vivado/Vivado/2019.1/common/technology/xilinx/interface/maxi.lib 
Execute           source /home/sten/vivado/Vivado/2019.1/common/technology/xilinx/interface/saxilite.lib 
Execute         source /home/sten/vivado/Vivado/2019.1/common/technology/xilinx/common/dsp48.lib 
Execute         source /home/sten/vivado/Vivado/2019.1/common/technology/xilinx/ip/dds_compiler.lib 
Execute         source /home/sten/vivado/Vivado/2019.1/common/technology/xilinx/ip/xfft.lib 
Execute         source /home/sten/vivado/Vivado/2019.1/common/technology/xilinx/ip/xfir.lib 
Execute       source /home/sten/vivado/Vivado/2019.1/common/technology/xilinx/common/xilinx.hlp 
Execute         source /home/sten/vivado/Vivado/2019.1/common/technology/xilinx/common/target_info.tcl 
Execute         source /home/sten/vivado/Vivado/2019.1/common/technology/xilinx/interface/xilinx_interface.hlp 
Execute           source /home/sten/vivado/Vivado/2019.1/common/technology/xilinx/interface/maxi.hlp 
Execute           source /home/sten/vivado/Vivado/2019.1/common/technology/xilinx/interface/saxilite.hlp 
Execute         source /home/sten/vivado/Vivado/2019.1/common/technology/xilinx/common/dsp48.hlp 
Execute       source /home/sten/vivado/Vivado/2019.1/common/technology/xilinx/zynquplus/dsp48e2.hlp 
Execute       source /home/sten/vivado/Vivado/2019.1/common/technology/xilinx/common/xilinx.hlp 
Execute         source /home/sten/vivado/Vivado/2019.1/common/technology/xilinx/common/target_info.tcl 
Execute         source /home/sten/vivado/Vivado/2019.1/common/technology/xilinx/interface/xilinx_interface.hlp 
Execute           source /home/sten/vivado/Vivado/2019.1/common/technology/xilinx/interface/maxi.hlp 
Execute           source /home/sten/vivado/Vivado/2019.1/common/technology/xilinx/interface/saxilite.hlp 
Execute         source /home/sten/vivado/Vivado/2019.1/common/technology/xilinx/common/dsp48.hlp 
Execute     source /home/sten/vivado/Vivado/2019.1/common/technology/xilinx/zynquplus/zynquplus.gen 
Execute       source /home/sten/vivado/Vivado/2019.1/common/technology/xilinx/common/xilinx.gen 
Execute         source /home/sten/vivado/Vivado/2019.1/common/technology/xilinx/interface/plb46.gen 
Execute         source /home/sten/vivado/Vivado/2019.1/common/technology/xilinx/interface/fsl.gen 
Execute         source /home/sten/vivado/Vivado/2019.1/common/technology/xilinx/interface/axi4.gen 
Execute         source /home/sten/vivado/Vivado/2019.1/common/technology/xilinx/interface/nativeAXI4.gen 
Execute           source /home/sten/vivado/Vivado/2019.1/common/technology/xilinx/interface/saxilite.gen 
Execute           source /home/sten/vivado/Vivado/2019.1/common/technology/xilinx/interface/maxi.gen 
Execute         source /home/sten/vivado/Vivado/2019.1/common/technology/xilinx/scripts/xilinxcoregen.gen 
Execute         source /home/sten/vivado/Vivado/2019.1/common/technology/xilinx/interface/XilEDKCoreGen.gen 
Execute         source /home/sten/vivado/Vivado/2019.1/common/technology/xilinx/ip/dds_compiler.gen 
Execute         source /home/sten/vivado/Vivado/2019.1/common/technology/xilinx/ip/util.gen 
Execute         source /home/sten/vivado/Vivado/2019.1/common/technology/xilinx/ip/xfft.gen 
Execute         source /home/sten/vivado/Vivado/2019.1/common/technology/xilinx/ip/xfir.gen 
Execute         source /home/sten/vivado/Vivado/2019.1/common/technology/xilinx/common/dsp48.gen 
Command       ap_source done; 0.11 sec.
Command     ap_source done; 0.11 sec.
Execute     open_platform DefaultPlatform 
Execute     import_lib /home/sten/vivado/Vivado/2019.1/common/technology/xilinx/zynquplus/zynquplus_fpv7 
Execute       source /home/sten/vivado/Vivado/2019.1/common/technology/xilinx/common/xilinx_fp.lib 
Execute       source /home/sten/vivado/Vivado/2019.1/common/technology/xilinx/common/xilinx_fp.hlp 
Execute         source /home/sten/vivado/Vivado/2019.1/common/technology/xilinx/common/xilinx.hlp 
Execute           source /home/sten/vivado/Vivado/2019.1/common/technology/xilinx/common/target_info.tcl 
Execute           source /home/sten/vivado/Vivado/2019.1/common/technology/xilinx/interface/xilinx_interface.hlp 
Execute             source /home/sten/vivado/Vivado/2019.1/common/technology/xilinx/interface/maxi.hlp 
Execute             source /home/sten/vivado/Vivado/2019.1/common/technology/xilinx/interface/saxilite.hlp 
Execute           source /home/sten/vivado/Vivado/2019.1/common/technology/xilinx/common/dsp48.hlp 
Execute     source /home/sten/vivado/Vivado/2019.1/common/technology/xilinx/zynquplus/zynquplus_fpv7.gen 
Execute       source /home/sten/vivado/Vivado/2019.1/common/technology/xilinx/common/xilinx_fp.gen 
Execute     set_part xczu3eg-sbva484-1-i 
Execute       ap_part_info -name xczu3eg-sbva484-1-i -data single -quiet 
Command       ap_part_info done; 0.53 sec.
Execute       ap_part_info -name xczu3eg-sbva484-1-i -data info 
Execute       add_library xilinx/zynquplus/zynquplus:xczu3eg:-sbva484:-1-i 
Execute         get_default_platform 
Execute         license_isbetapart xczu3eg 
Command         license_isbetapart done; error code: 1; 
Execute         ap_part_info -data single -name xczu3eg-sbva484-1-i 
Execute         ap_part_info -name xczu3eg-sbva484-1-i -data resources 
Execute         ap_part_info -name xczu3eg-sbva484-1-i -data info 
Execute         ap_part_info -name xczu3eg-sbva484-1-i -data info 
Execute         config_chip_info -quiet -resource {SLICE 8820} {LUT 70560} {FF 141120} {DSP48E 360} {BRAM 432} {URAM 0} 
Execute         ap_part_info -name xczu3eg-sbva484-1-i -data info 
Execute         config_chip_info -quiet -speed slow 
Execute       add_library xilinx/zynquplus/zynquplus_fpv7 
Execute         get_default_platform 
INFO: [HLS 200-10] Setting target device to 'xczu3eg-sbva484-1-i'
Execute       ap_part_info -name xczu3eg-sbva484-1-i -data info 
Execute       get_default_platform 
Command     set_part done; 0.61 sec.
Execute     ap_part_info -data single -name xczu3eg-sbva484-1-i 
Execute     ap_part_info -name xczu3eg-sbva484-1-i -data resources 
Execute     ap_part_info -name xczu3eg-sbva484-1-i -data info 
Execute     ap_part_info -name xczu3eg-sbva484-1-i -data info 
Execute     config_chip_info -quiet -resource {SLICE 8820} {LUT 70560} {FF 141120} {DSP48E 360} {BRAM 432} {URAM 0} 
Execute     ap_part_info -name xczu3eg-sbva484-1-i -data info 
Execute     config_chip_info -quiet -speed slow 
Execute     config_export -format=ip_catalog 
Execute     config_export -rtl=verilog 
Command   open_solution done; 0.75 sec.
Execute   export_design -flow impl -rtl verilog -format ip_catalog -version 0.0.0 
Execute     get_config_export -acc 
Execute     get_config_export -clock_margin 
Execute     get_config_export -custom_script 
Execute     get_config_export -description 
Execute     get_config_export -display_name 
Execute     get_config_export -driver_input_dir 
Execute     get_config_export -ipname 
Execute     get_config_export -kernel_drc 
Execute     get_config_export -library 
Execute     get_config_export -qor_test 
Execute     get_config_export -sdaccel 
Execute     get_config_export -sim 
Execute     get_config_export -taxonomy 
Execute     get_config_export -use_ip 
Execute     get_config_export -use_netlist 
Execute     get_config_export -vendor 
Execute     get_config_export -xo 
Execute     config_export -format=ip_catalog -rtl=verilog -version=0.0.0 
INFO-FLOW: DBG:CMD: export_design_wrap: -format ip_catalog -flow impl -rtl verilog -version 0.0.0
Execute     source /home/sten/vivado/Vivado/2019.1/prj_adder/solution1/.autopilot/db/global.setting.tcl 
Execute     get_config_export -vivado_clock 
Execute     get_top 
Execute     get_config_sdx -target 
Execute     get_config_rtl -module_auto_prefix 
Execute     get_config_sdx -target 
Execute     get_config_sdx -target 
INFO-FLOW: DBG:CMD:   auto_impl: pack: -export -tool vivado -rtl verilog -sdx-target none
Execute     source /home/sten/vivado/Vivado/2019.1/prj_adder/solution1/.autopilot/db/global.setting.tcl 
INFO-FLOW: DBG:CMD: read_platform_lib /home/sten/vivado/Vivado/2019.1/prj_adder/solution1/.autopilot/db/global.setting.tcl
Execute     source /home/sten/vivado/Vivado/2019.1/common/technology/generic/autopilot/common.gen 
Execute       source /home/sten/vivado/Vivado/2019.1/common/technology/generic/autopilot/APCoreGen.gen 
Execute     source /home/sten/vivado/Vivado/2019.1/common/technology/generic/autopilot/op.gen 
Execute     source /home/sten/vivado/Vivado/2019.1/common/technology/generic/autopilot/op_simcore.gen 
Execute     source /home/sten/vivado/Vivado/2019.1/common/technology/generic/autopilot/interface.gen 
Execute     source /home/sten/vivado/Vivado/2019.1/prj_adder/solution1/.autopilot/db/global.setting.tcl 
Execute     source /home/sten/vivado/Vivado/2019.1/common/technology/xilinx/zynquplus/zynquplus.gen 
Execute       source /home/sten/vivado/Vivado/2019.1/common/technology/xilinx/common/xilinx.gen 
Execute         source /home/sten/vivado/Vivado/2019.1/common/technology/xilinx/interface/plb46.gen 
Execute         source /home/sten/vivado/Vivado/2019.1/common/technology/xilinx/interface/fsl.gen 
Execute         source /home/sten/vivado/Vivado/2019.1/common/technology/xilinx/interface/axi4.gen 
Execute         source /home/sten/vivado/Vivado/2019.1/common/technology/xilinx/interface/nativeAXI4.gen 
Execute           source /home/sten/vivado/Vivado/2019.1/common/technology/xilinx/interface/saxilite.gen 
Execute           source /home/sten/vivado/Vivado/2019.1/common/technology/xilinx/interface/maxi.gen 
Execute         source /home/sten/vivado/Vivado/2019.1/common/technology/xilinx/scripts/xilinxcoregen.gen 
Execute         source /home/sten/vivado/Vivado/2019.1/common/technology/xilinx/interface/XilEDKCoreGen.gen 
Execute         source /home/sten/vivado/Vivado/2019.1/common/technology/xilinx/ip/dds_compiler.gen 
Execute         source /home/sten/vivado/Vivado/2019.1/common/technology/xilinx/ip/util.gen 
Execute         source /home/sten/vivado/Vivado/2019.1/common/technology/xilinx/ip/xfft.gen 
Execute         source /home/sten/vivado/Vivado/2019.1/common/technology/xilinx/ip/xfir.gen 
Execute         source /home/sten/vivado/Vivado/2019.1/common/technology/xilinx/common/dsp48.gen 
Execute     source /home/sten/vivado/Vivado/2019.1/common/technology/xilinx/zynquplus/zynquplus_fpv7.gen 
Execute       source /home/sten/vivado/Vivado/2019.1/common/technology/xilinx/common/xilinx_fp.gen 
INFO-FLOW: DBG:CMD:   using AESL_AUTOCG::g_clock_period=10.000 (was NA)
Execute     ap_part_info -name xczu3eg-sbva484-1-i -data names -quiet 
Execute     ap_part_info -name xczu3eg-sbva484-1-i -data info -quiet 
Execute     source /home/sten/vivado/Vivado/2019.1/prj_adder/solution1/.autopilot/db/global.setting.tcl 
INFO: [IMPL 213-8] Exporting RTL as a Vivado IP.
Execute     source /home/sten/vivado/Vivado/2019.1/prj_adder/solution1/.autopilot/db/global.setting.tcl 
INFO-FLOW: DBG:CMD: automg_wrap -export -pcore_version 1.00.a -rtl vlog -sdx-target none -tool Vivado -impltomg_flag
INFO-FLOW: DBG:CMD:     auto_generate -export -pcore_version 1.00.a -rtl vlog -sdx-target none -tool Vivado -impltomg_flag
Execute     source /home/sten/vivado/Vivado/2019.1/prj_adder/solution1/.autopilot/db/global.setting.tcl 
INFO-FLOW: DBG:CMD: read_platform_lib /home/sten/vivado/Vivado/2019.1/prj_adder/solution1/.autopilot/db/global.setting.tcl
Execute     source /home/sten/vivado/Vivado/2019.1/common/technology/generic/autopilot/common.gen 
Execute       source /home/sten/vivado/Vivado/2019.1/common/technology/generic/autopilot/APCoreGen.gen 
Execute     source /home/sten/vivado/Vivado/2019.1/common/technology/generic/autopilot/op.gen 
Execute     source /home/sten/vivado/Vivado/2019.1/common/technology/generic/autopilot/op_simcore.gen 
Execute     source /home/sten/vivado/Vivado/2019.1/common/technology/generic/autopilot/interface.gen 
Execute     source /home/sten/vivado/Vivado/2019.1/prj_adder/solution1/.autopilot/db/global.setting.tcl 
Execute     source /home/sten/vivado/Vivado/2019.1/common/technology/xilinx/zynquplus/zynquplus.gen 
Execute       source /home/sten/vivado/Vivado/2019.1/common/technology/xilinx/common/xilinx.gen 
Execute         source /home/sten/vivado/Vivado/2019.1/common/technology/xilinx/interface/plb46.gen 
Execute         source /home/sten/vivado/Vivado/2019.1/common/technology/xilinx/interface/fsl.gen 
Execute         source /home/sten/vivado/Vivado/2019.1/common/technology/xilinx/interface/axi4.gen 
Execute         source /home/sten/vivado/Vivado/2019.1/common/technology/xilinx/interface/nativeAXI4.gen 
Execute           source /home/sten/vivado/Vivado/2019.1/common/technology/xilinx/interface/saxilite.gen 
Execute           source /home/sten/vivado/Vivado/2019.1/common/technology/xilinx/interface/maxi.gen 
Execute         source /home/sten/vivado/Vivado/2019.1/common/technology/xilinx/scripts/xilinxcoregen.gen 
Execute         source /home/sten/vivado/Vivado/2019.1/common/technology/xilinx/interface/XilEDKCoreGen.gen 
Execute         source /home/sten/vivado/Vivado/2019.1/common/technology/xilinx/ip/dds_compiler.gen 
Execute         source /home/sten/vivado/Vivado/2019.1/common/technology/xilinx/ip/util.gen 
Execute         source /home/sten/vivado/Vivado/2019.1/common/technology/xilinx/ip/xfft.gen 
Execute         source /home/sten/vivado/Vivado/2019.1/common/technology/xilinx/ip/xfir.gen 
Execute         source /home/sten/vivado/Vivado/2019.1/common/technology/xilinx/common/dsp48.gen 
Execute     source /home/sten/vivado/Vivado/2019.1/common/technology/xilinx/zynquplus/zynquplus_fpv7.gen 
Execute       source /home/sten/vivado/Vivado/2019.1/common/technology/xilinx/common/xilinx_fp.gen 
INFO-FLOW: DBG:CMD:       initCTypeInfo top_module=adder xml_exists=1
Execute     source /home/sten/vivado/Vivado/2019.1/prj_adder/solution1/.autopilot/db/adder.rtl_wrap.cfg.tcl 
Execute     source /home/sten/vivado/Vivado/2019.1/prj_adder/solution1/.autopilot/db/adder.rtl_wrap.cfg.tcl 
Execute     source /home/sten/vivado/Vivado/2019.1/prj_adder/solution1/.autopilot/db/adder.rtl_wrap.cfg.tcl 
Execute     source /home/sten/vivado/Vivado/2019.1/prj_adder/solution1/.autopilot/db/adder.tbgen.tcl 
Execute     source /home/sten/vivado/Vivado/2019.1/prj_adder/solution1/.autopilot/db/adder.tbgen.tcl 
INFO-FLOW: DBG:CMD:       export_impl_rtl
INFO-FLOW: DBG:CMD:       generate_ip_cores sim=0 export=0 expOnly=0 dstVlogDir=impl/.verilog
Execute     source /home/sten/vivado/Vivado/2019.1/prj_adder/solution1/.autopilot/db/global.setting.tcl 
Execute     source /home/sten/vivado/Vivado/2019.1/prj_adder/solution1/.autopilot/db/adder.compgen.tcl 
INFO-FLOW: DBG:CMD:       generate_ip_cores sim=0 export=1 expOnly=1 dstVlogDir=impl/.pcores/verilog
Execute     source /home/sten/vivado/Vivado/2019.1/prj_adder/solution1/.autopilot/db/global.setting.tcl 
Execute     source /home/sten/vivado/Vivado/2019.1/prj_adder/solution1/.autopilot/db/adder.compgen.tcl 
Execute       ap_part_info -name xczu3eg-sbva484-1-i -data names -quiet 
Execute       ap_part_info -name xczu3eg-sbva484-1-i -data info -quiet 
Execute       ap_part_info -name xczu3eg-sbva484-1-i -data names -quiet 
Execute       ap_part_info -name xczu3eg-sbva484-1-i -data info -quiet 
Execute       ap_part_info -name xczu3eg-sbva484-1-i -data names -quiet 
Execute       ap_part_info -name xczu3eg-sbva484-1-i -data info -quiet 
Execute       ap_part_info -name xczu3eg-sbva484-1-i -data names -quiet 
Execute       ap_part_info -name xczu3eg-sbva484-1-i -data info -quiet 
Execute       ap_part_info -name xczu3eg-sbva484-1-i -data names -quiet 
Execute       ap_part_info -name xczu3eg-sbva484-1-i -data info -quiet 
Execute       ap_part_info -name xczu3eg-sbva484-1-i -data names -quiet 
Execute       ap_part_info -name xczu3eg-sbva484-1-i -data info -quiet 
Execute       ap_part_info -name xczu3eg-sbva484-1-i -data names -quiet 
Execute       ap_part_info -name xczu3eg-sbva484-1-i -data info -quiet 
Execute       ap_part_info -name xczu3eg-sbva484-1-i -data names -quiet 
Execute       ap_part_info -name xczu3eg-sbva484-1-i -data info -quiet 
Execute       ap_part_info -name xczu3eg-sbva484-1-i -data names -quiet 
Execute       ap_part_info -name xczu3eg-sbva484-1-i -data info -quiet 
Execute     ap_part_info -name xczu3eg-sbva484-1-i -data names -quiet 
Execute     ap_part_info -name xczu3eg-sbva484-1-i -data info -quiet 
INFO-FLOW: DBG:CMD:       generate_ip_cores sim=0 export=0 expOnly=0 dstVlogDir=impl/.pcores/verilog_sim
Execute     source /home/sten/vivado/Vivado/2019.1/prj_adder/solution1/.autopilot/db/global.setting.tcl 
Execute     source /home/sten/vivado/Vivado/2019.1/prj_adder/solution1/.autopilot/db/adder.compgen.tcl 
Execute     ap_part_info -name xczu3eg-sbva484-1-i -data names -quiet 
Execute     ap_part_info -name xczu3eg-sbva484-1-i -data info -quiet 
Execute     ap_part_info -name xczu3eg-sbva484-1-i -data names -quiet 
Execute     ap_part_info -name xczu3eg-sbva484-1-i -data info -quiet 
Execute     source /home/sten/vivado/Vivado/2019.1/prj_adder/solution1/.autopilot/db/global.setting.tcl 
Execute     ap_part_info -name xczu3eg-sbva484-1-i -data names -quiet 
Execute     ap_part_info -name xczu3eg-sbva484-1-i -data info -quiet 
Execute     source /home/sten/vivado/Vivado/2019.1/prj_adder/solution1/.autopilot/db/adder.constraint.tcl 
INFO-FLOW: DBG:CMD:       hasPcoreIpAdapter=false #gSsdmPorts=10
INFO-FLOW: DBG:CMD: Skipping loadAnalyze_DB, #g_database=4
INFO-FLOW: DBG:CMD:       generate_json is_phase_csynth=0 g_has_adaptors=false generate_bd_files=0 #modelList=1 #gSsdmPorts=10
Execute     source /home/sten/vivado/Vivado/2019.1/tps/tcl/tcllib1.11.1/fileutil/fileutil.tcl 
Execute       source /home/sten/vivado/Vivado/2019.1/tps/tcl/tcllib1.11.1/cmdline/cmdline.tcl 
Execute     source /home/sten/vivado/Vivado/2019.1/tps/tcl/tcllib1.11.1/yaml/huddle.tcl 
Execute     source /home/sten/vivado/Vivado/2019.1/tps/tcl/tcllib1.11.1/yaml/json2huddle.tcl 
Execute       source /home/sten/vivado/Vivado/2019.1/tps/tcl/tcllib1.11.1/try/try.tcl 
Execute     source /home/sten/vivado/Vivado/2019.1/prj_adder/solution1/.autopilot/db/global.setting.tcl 
Execute     source /home/sten/vivado/Vivado/2019.1/prj_adder/solution1/.autopilot/db/global.setting.tcl 
Execute     get_config_export -xo 
Execute     source /home/sten/vivado/Vivado/2019.1/prj_adder/solution1/.autopilot/db/adder.tbgen.tcl 
Execute     source /home/sten/vivado/Vivado/2019.1/prj_adder/solution1/.autopilot/db/adder.tbgen.tcl 
Execute     source /home/sten/vivado/Vivado/2019.1/prj_adder/solution1/.autopilot/db/adder.tbgen.tcl 
Execute     source /home/sten/vivado/Vivado/2019.1/prj_adder/solution1/.autopilot/db/global.setting.tcl 
Execute     get_config_sdx -target 
Execute     source /home/sten/vivado/Vivado/2019.1/prj_adder/solution1/.autopilot/db/adder.rtl_wrap.cfg.tcl 
Execute     source /home/sten/vivado/Vivado/2019.1/prj_adder/solution1/.autopilot/db/adder.compgen.dataonly.tcl 
Execute     source /home/sten/vivado/Vivado/2019.1/prj_adder/solution1/.autopilot/db/global.setting.tcl 
Execute     ap_part_info -name xczu3eg-sbva484-1-i -data names -quiet 
Execute     ap_part_info -name xczu3eg-sbva484-1-i -data info -quiet 
Execute     source /home/sten/vivado/Vivado/2019.1/prj_adder/solution1/.autopilot/db/adder.constraint.tcl 
Execute     ap_part_info -name xczu3eg-sbva484-1-i -data names -quiet 
Execute     ap_part_info -name xczu3eg-sbva484-1-i -data info -quiet 
Execute     source /home/sten/vivado/Vivado/2019.1/prj_adder/solution1/.autopilot/db/global.setting.tcl 
Execute     get_config_debug -directory 
Execute     source /home/sten/vivado/Vivado/2019.1/prj_adder/solution1/.autopilot/db/adder.tbgen.tcl 
Execute     get_config_sdx -target 
Execute     get_config_sdx -profile 
Execute     get_config_rtl -kernel_profile 
Execute     get_config_rtl -stall_sig_gen 
Execute     get_config_rtl -profile 
INFO-FLOW: DBG:CMD: add_json_sdx_info kernel file does not exist, skipping opencl info: /home/sten/vivado/Vivado/2019.1/prj_adder/solution1/.autopilot/db/kernel.internal.xml
INFO-FLOW: DBG:CMD:       copying IP vlog from /home/sten/vivado/Vivado/2019.1/prj_adder/solution1/impl/verilog
INFO-FLOW: DBG:CMD:       copying IP vhdl from /home/sten/vivado/Vivado/2019.1/prj_adder/solution1/impl/vhdl
INFO-FLOW: DBG:CMD:       generate_ip_script #gSsdmPorts=10
Execute     ap_part_info -name xczu3eg-sbva484-1-i -data names -quiet 
Execute     ap_part_info -name xczu3eg-sbva484-1-i -data info -quiet 
Execute     ap_part_info -name xczu3eg-sbva484-1-i -data names -quiet 
Execute     ap_part_info -name xczu3eg-sbva484-1-i -data info -quiet 
Execute     source /home/sten/vivado/Vivado/2019.1/prj_adder/solution1/.autopilot/db/adder.tbgen.tcl 
Execute     source /home/sten/vivado/Vivado/2019.1/prj_adder/solution1/.autopilot/db/adder.tbgen.tcl 
Execute     source /home/sten/vivado/Vivado/2019.1/prj_adder/solution1/.autopilot/db/global.setting.tcl 
Execute     get_config_sdx -target 
Execute     get_config_debug -directory 
INFO-FLOW: DBG:CMD:       generate_ip_auxiliary
Execute     ap_part_info -name xczu3eg-sbva484-1-i -data names -quiet 
Execute     ap_part_info -name xczu3eg-sbva484-1-i -data info -quiet 
Execute     source /home/sten/vivado/Vivado/2019.1/prj_adder/solution1/.autopilot/db/global.setting.tcl 
INFO-FLOW: DBG:CMD:       prepArgInfo -> loadAnalyze_DB top_module=adder
Execute     source /home/sten/vivado/Vivado/2019.1/prj_adder/solution1/.autopilot/db/adder.rtl_wrap.cfg.tcl 
Execute     source /home/sten/vivado/Vivado/2019.1/prj_adder/solution1/.autopilot/db/adder.rtl_wrap.cfg.tcl 
Execute     source /home/sten/vivado/Vivado/2019.1/prj_adder/solution1/.autopilot/db/adder.rtl_wrap.cfg.tcl 
Execute     source /home/sten/vivado/Vivado/2019.1/prj_adder/solution1/.autopilot/db/adder.tbgen.tcl 
Execute     source /home/sten/vivado/Vivado/2019.1/prj_adder/solution1/.autopilot/db/adder.tbgen.tcl 
Execute     source /home/sten/vivado/Vivado/2019.1/prj_adder/solution1/.autopilot/db/adder.tbgen.tcl 
INFO-FLOW: DBG:CMD:       generate_top_info
INFO-FLOW: DBG:CMD:       prepArgInfo -> loadAnalyze_DB top_module=adder
Execute     source /home/sten/vivado/Vivado/2019.1/prj_adder/solution1/.autopilot/db/adder.rtl_wrap.cfg.tcl 
Execute     source /home/sten/vivado/Vivado/2019.1/prj_adder/solution1/.autopilot/db/adder.rtl_wrap.cfg.tcl 
Execute     source /home/sten/vivado/Vivado/2019.1/prj_adder/solution1/.autopilot/db/adder.rtl_wrap.cfg.tcl 
Execute     source /home/sten/vivado/Vivado/2019.1/prj_adder/solution1/.autopilot/db/adder.tbgen.tcl 
Execute     source /home/sten/vivado/Vivado/2019.1/prj_adder/solution1/.autopilot/db/adder.tbgen.tcl 
Execute     ap_part_info -name xczu3eg-sbva484-1-i -data names -quiet 
Execute     ap_part_info -name xczu3eg-sbva484-1-i -data info -quiet 
Execute     ap_part_info -name xczu3eg-sbva484-1-i -data names -quiet 
Execute     ap_part_info -name xczu3eg-sbva484-1-i -data info -quiet 
Execute     source /home/sten/vivado/Vivado/2019.1/prj_adder/solution1/.autopilot/db/global.setting.tcl 
Execute     source /home/sten/vivado/Vivado/2019.1/prj_adder/solution1/.autopilot/db/adder.constraint.tcl 
INFO-FLOW: DBG:CMD:       generate_ipi_example_script
Execute     ap_part_info -name xczu3eg-sbva484-1-i -data names -quiet 
Execute     ap_part_info -name xczu3eg-sbva484-1-i -data info -quiet 
Execute     ap_part_info -name xczu3eg-sbva484-1-i -data names -quiet 
Execute     ap_part_info -name xczu3eg-sbva484-1-i -data info -quiet 
INFO-FLOW: DBG:CMD:       generate_syn_sh
Execute     ap_part_info -name xczu3eg-sbva484-1-i -data names -quiet 
Execute     ap_part_info -name xczu3eg-sbva484-1-i -data info -quiet 
Execute     source /home/sten/vivado/Vivado/2019.1/prj_adder/solution1/.autopilot/db/global.setting.tcl 
INFO-FLOW: DBG:CMD:       generate_imp_constraints
Execute     ap_part_info -name xczu3eg-sbva484-1-i -data names -quiet 
Execute     ap_part_info -name xczu3eg-sbva484-1-i -data info -quiet 
Execute     source /home/sten/vivado/Vivado/2019.1/prj_adder/solution1/.autopilot/db/adder.constraint.tcl 
INFO-FLOW: DBG:CMD:       copy-tb-files /home/sten/vivado/Vivado/2019.1/prj_adder/solution1/impl/.verilog/sim_tbs
INFO-FLOW: DBG:CMD:       delete-temp-dirs (skipped for debug)
Execute     ap_part_info -name xczu3eg-sbva484-1-i -data names -quiet 
Execute     ap_part_info -name xczu3eg-sbva484-1-i -data info -quiet 
INFO-FLOW: DBG:CMD: read_platform_lib /home/sten/vivado/Vivado/2019.1/prj_adder/solution1/.autopilot/db/global.setting.tcl
Execute     source /home/sten/vivado/Vivado/2019.1/common/technology/generic/autopilot/common.gen 
Execute       source /home/sten/vivado/Vivado/2019.1/common/technology/generic/autopilot/APCoreGen.gen 
Execute     source /home/sten/vivado/Vivado/2019.1/common/technology/generic/autopilot/op.gen 
Execute     source /home/sten/vivado/Vivado/2019.1/common/technology/generic/autopilot/op_simcore.gen 
Execute     source /home/sten/vivado/Vivado/2019.1/common/technology/generic/autopilot/interface.gen 
Execute     source /home/sten/vivado/Vivado/2019.1/prj_adder/solution1/.autopilot/db/global.setting.tcl 
Execute     source /home/sten/vivado/Vivado/2019.1/common/technology/xilinx/zynquplus/zynquplus.gen 
Execute       source /home/sten/vivado/Vivado/2019.1/common/technology/xilinx/common/xilinx.gen 
Execute         source /home/sten/vivado/Vivado/2019.1/common/technology/xilinx/interface/plb46.gen 
Execute         source /home/sten/vivado/Vivado/2019.1/common/technology/xilinx/interface/fsl.gen 
Execute         source /home/sten/vivado/Vivado/2019.1/common/technology/xilinx/interface/axi4.gen 
Execute         source /home/sten/vivado/Vivado/2019.1/common/technology/xilinx/interface/nativeAXI4.gen 
Execute           source /home/sten/vivado/Vivado/2019.1/common/technology/xilinx/interface/saxilite.gen 
Execute           source /home/sten/vivado/Vivado/2019.1/common/technology/xilinx/interface/maxi.gen 
Execute         source /home/sten/vivado/Vivado/2019.1/common/technology/xilinx/scripts/xilinxcoregen.gen 
Execute         source /home/sten/vivado/Vivado/2019.1/common/technology/xilinx/interface/XilEDKCoreGen.gen 
Execute         source /home/sten/vivado/Vivado/2019.1/common/technology/xilinx/ip/dds_compiler.gen 
Execute         source /home/sten/vivado/Vivado/2019.1/common/technology/xilinx/ip/util.gen 
Execute         source /home/sten/vivado/Vivado/2019.1/common/technology/xilinx/ip/xfft.gen 
Execute         source /home/sten/vivado/Vivado/2019.1/common/technology/xilinx/ip/xfir.gen 
Execute         source /home/sten/vivado/Vivado/2019.1/common/technology/xilinx/common/dsp48.gen 
Execute     source /home/sten/vivado/Vivado/2019.1/common/technology/xilinx/zynquplus/zynquplus_fpv7.gen 
Execute       source /home/sten/vivado/Vivado/2019.1/common/technology/xilinx/common/xilinx_fp.gen 
Execute     ap_part_info -name xczu3eg-sbva484-1-i -data names -quiet 
Execute     ap_part_info -name xczu3eg-sbva484-1-i -data info -quiet 
INFO-FLOW: DBG:CMD:     exec /home/sten/vivado/Vivado/2019.1/prj_adder/solution1/impl/ip/pack.sh
INFO-FLOW: DBG:CMD:   auto_impl: eval: -tool vivado -flow impl -rtl verilog
Execute     source /home/sten/vivado/Vivado/2019.1/prj_adder/solution1/.autopilot/db/global.setting.tcl 
INFO-FLOW: DBG:CMD: read_platform_lib /home/sten/vivado/Vivado/2019.1/prj_adder/solution1/.autopilot/db/global.setting.tcl
Execute     source /home/sten/vivado/Vivado/2019.1/common/technology/generic/autopilot/common.gen 
Execute       source /home/sten/vivado/Vivado/2019.1/common/technology/generic/autopilot/APCoreGen.gen 
Execute     source /home/sten/vivado/Vivado/2019.1/common/technology/generic/autopilot/op.gen 
Execute     source /home/sten/vivado/Vivado/2019.1/common/technology/generic/autopilot/op_simcore.gen 
Execute     source /home/sten/vivado/Vivado/2019.1/common/technology/generic/autopilot/interface.gen 
Execute     source /home/sten/vivado/Vivado/2019.1/prj_adder/solution1/.autopilot/db/global.setting.tcl 
Execute     source /home/sten/vivado/Vivado/2019.1/common/technology/xilinx/zynquplus/zynquplus.gen 
Execute       source /home/sten/vivado/Vivado/2019.1/common/technology/xilinx/common/xilinx.gen 
Execute         source /home/sten/vivado/Vivado/2019.1/common/technology/xilinx/interface/plb46.gen 
Execute         source /home/sten/vivado/Vivado/2019.1/common/technology/xilinx/interface/fsl.gen 
Execute         source /home/sten/vivado/Vivado/2019.1/common/technology/xilinx/interface/axi4.gen 
Execute         source /home/sten/vivado/Vivado/2019.1/common/technology/xilinx/interface/nativeAXI4.gen 
Execute           source /home/sten/vivado/Vivado/2019.1/common/technology/xilinx/interface/saxilite.gen 
Execute           source /home/sten/vivado/Vivado/2019.1/common/technology/xilinx/interface/maxi.gen 
Execute         source /home/sten/vivado/Vivado/2019.1/common/technology/xilinx/scripts/xilinxcoregen.gen 
Execute         source /home/sten/vivado/Vivado/2019.1/common/technology/xilinx/interface/XilEDKCoreGen.gen 
Execute         source /home/sten/vivado/Vivado/2019.1/common/technology/xilinx/ip/dds_compiler.gen 
Execute         source /home/sten/vivado/Vivado/2019.1/common/technology/xilinx/ip/util.gen 
Execute         source /home/sten/vivado/Vivado/2019.1/common/technology/xilinx/ip/xfft.gen 
Execute         source /home/sten/vivado/Vivado/2019.1/common/technology/xilinx/ip/xfir.gen 
Execute         source /home/sten/vivado/Vivado/2019.1/common/technology/xilinx/common/dsp48.gen 
Execute     source /home/sten/vivado/Vivado/2019.1/common/technology/xilinx/zynquplus/zynquplus_fpv7.gen 
Execute       source /home/sten/vivado/Vivado/2019.1/common/technology/xilinx/common/xilinx_fp.gen 
Execute     ap_part_info -name xczu3eg-sbva484-1-i -data names -quiet 
Execute     ap_part_info -name xczu3eg-sbva484-1-i -data info -quiet 
Execute     source /home/sten/vivado/Vivado/2019.1/prj_adder/solution1/.autopilot/db/global.setting.tcl 
INFO: [IMPL 213-8] Starting RTL evaluation using Vivado ...
Execute     source /home/sten/vivado/Vivado/2019.1/prj_adder/solution1/.autopilot/db/global.setting.tcl 
INFO-FLOW: DBG:CMD: automg_wrap -rtl vlog -tool Vivado -impltomg_flag
INFO-FLOW: DBG:CMD:     auto_generate -rtl vlog -tool Vivado -impltomg_flag
Execute     source /home/sten/vivado/Vivado/2019.1/prj_adder/solution1/.autopilot/db/global.setting.tcl 
INFO-FLOW: DBG:CMD: read_platform_lib /home/sten/vivado/Vivado/2019.1/prj_adder/solution1/.autopilot/db/global.setting.tcl
Execute     source /home/sten/vivado/Vivado/2019.1/common/technology/generic/autopilot/common.gen 
Execute       source /home/sten/vivado/Vivado/2019.1/common/technology/generic/autopilot/APCoreGen.gen 
Execute     source /home/sten/vivado/Vivado/2019.1/common/technology/generic/autopilot/op.gen 
Execute     source /home/sten/vivado/Vivado/2019.1/common/technology/generic/autopilot/op_simcore.gen 
Execute     source /home/sten/vivado/Vivado/2019.1/common/technology/generic/autopilot/interface.gen 
Execute     source /home/sten/vivado/Vivado/2019.1/prj_adder/solution1/.autopilot/db/global.setting.tcl 
Execute     source /home/sten/vivado/Vivado/2019.1/common/technology/xilinx/zynquplus/zynquplus.gen 
Execute       source /home/sten/vivado/Vivado/2019.1/common/technology/xilinx/common/xilinx.gen 
Execute         source /home/sten/vivado/Vivado/2019.1/common/technology/xilinx/interface/plb46.gen 
Execute         source /home/sten/vivado/Vivado/2019.1/common/technology/xilinx/interface/fsl.gen 
Execute         source /home/sten/vivado/Vivado/2019.1/common/technology/xilinx/interface/axi4.gen 
Execute         source /home/sten/vivado/Vivado/2019.1/common/technology/xilinx/interface/nativeAXI4.gen 
Execute           source /home/sten/vivado/Vivado/2019.1/common/technology/xilinx/interface/saxilite.gen 
Execute           source /home/sten/vivado/Vivado/2019.1/common/technology/xilinx/interface/maxi.gen 
Execute         source /home/sten/vivado/Vivado/2019.1/common/technology/xilinx/scripts/xilinxcoregen.gen 
Execute         source /home/sten/vivado/Vivado/2019.1/common/technology/xilinx/interface/XilEDKCoreGen.gen 
Execute         source /home/sten/vivado/Vivado/2019.1/common/technology/xilinx/ip/dds_compiler.gen 
Execute         source /home/sten/vivado/Vivado/2019.1/common/technology/xilinx/ip/util.gen 
Execute         source /home/sten/vivado/Vivado/2019.1/common/technology/xilinx/ip/xfft.gen 
Execute         source /home/sten/vivado/Vivado/2019.1/common/technology/xilinx/ip/xfir.gen 
Execute         source /home/sten/vivado/Vivado/2019.1/common/technology/xilinx/common/dsp48.gen 
Execute     source /home/sten/vivado/Vivado/2019.1/common/technology/xilinx/zynquplus/zynquplus_fpv7.gen 
Execute       source /home/sten/vivado/Vivado/2019.1/common/technology/xilinx/common/xilinx_fp.gen 
INFO-FLOW: DBG:CMD:       generate_ip_cores sim=0 export=0 expOnly=0 dstVlogDir=impl/verilog
Execute     source /home/sten/vivado/Vivado/2019.1/prj_adder/solution1/.autopilot/db/global.setting.tcl 
Execute     source /home/sten/vivado/Vivado/2019.1/prj_adder/solution1/.autopilot/db/adder.compgen.tcl 
INFO-FLOW: DBG:CMD:       generate_syn_sh
Execute     ap_part_info -name xczu3eg-sbva484-1-i -data names -quiet 
Execute     ap_part_info -name xczu3eg-sbva484-1-i -data info -quiet 
Execute     source /home/sten/vivado/Vivado/2019.1/prj_adder/solution1/.autopilot/db/global.setting.tcl 
INFO-FLOW: DBG:CMD:       generate_imp_constraints
Execute     ap_part_info -name xczu3eg-sbva484-1-i -data names -quiet 
Execute     ap_part_info -name xczu3eg-sbva484-1-i -data info -quiet 
Execute     source /home/sten/vivado/Vivado/2019.1/prj_adder/solution1/.autopilot/db/adder.constraint.tcl 
INFO-FLOW: DBG:CMD:       copy-tb-files /home/sten/vivado/Vivado/2019.1/prj_adder/solution1/impl/verilog/sim_tbs
INFO-FLOW: DBG:CMD:       delete-temp-dirs (skipped for debug)
Execute     ap_part_info -name xczu3eg-sbva484-1-i -data names -quiet 
Execute     ap_part_info -name xczu3eg-sbva484-1-i -data info -quiet 
INFO-FLOW: DBG:CMD: read_platform_lib /home/sten/vivado/Vivado/2019.1/prj_adder/solution1/.autopilot/db/global.setting.tcl
Execute     source /home/sten/vivado/Vivado/2019.1/common/technology/generic/autopilot/common.gen 
Execute       source /home/sten/vivado/Vivado/2019.1/common/technology/generic/autopilot/APCoreGen.gen 
Execute     source /home/sten/vivado/Vivado/2019.1/common/technology/generic/autopilot/op.gen 
Execute     source /home/sten/vivado/Vivado/2019.1/common/technology/generic/autopilot/op_simcore.gen 
Execute     source /home/sten/vivado/Vivado/2019.1/common/technology/generic/autopilot/interface.gen 
Execute     source /home/sten/vivado/Vivado/2019.1/prj_adder/solution1/.autopilot/db/global.setting.tcl 
Execute     source /home/sten/vivado/Vivado/2019.1/common/technology/xilinx/zynquplus/zynquplus.gen 
Execute       source /home/sten/vivado/Vivado/2019.1/common/technology/xilinx/common/xilinx.gen 
Execute         source /home/sten/vivado/Vivado/2019.1/common/technology/xilinx/interface/plb46.gen 
Execute         source /home/sten/vivado/Vivado/2019.1/common/technology/xilinx/interface/fsl.gen 
Execute         source /home/sten/vivado/Vivado/2019.1/common/technology/xilinx/interface/axi4.gen 
Execute         source /home/sten/vivado/Vivado/2019.1/common/technology/xilinx/interface/nativeAXI4.gen 
Execute           source /home/sten/vivado/Vivado/2019.1/common/technology/xilinx/interface/saxilite.gen 
Execute           source /home/sten/vivado/Vivado/2019.1/common/technology/xilinx/interface/maxi.gen 
Execute         source /home/sten/vivado/Vivado/2019.1/common/technology/xilinx/scripts/xilinxcoregen.gen 
Execute         source /home/sten/vivado/Vivado/2019.1/common/technology/xilinx/interface/XilEDKCoreGen.gen 
Execute         source /home/sten/vivado/Vivado/2019.1/common/technology/xilinx/ip/dds_compiler.gen 
Execute         source /home/sten/vivado/Vivado/2019.1/common/technology/xilinx/ip/util.gen 
Execute         source /home/sten/vivado/Vivado/2019.1/common/technology/xilinx/ip/xfft.gen 
Execute         source /home/sten/vivado/Vivado/2019.1/common/technology/xilinx/ip/xfir.gen 
Execute         source /home/sten/vivado/Vivado/2019.1/common/technology/xilinx/common/dsp48.gen 
Execute     source /home/sten/vivado/Vivado/2019.1/common/technology/xilinx/zynquplus/zynquplus_fpv7.gen 
Execute       source /home/sten/vivado/Vivado/2019.1/common/technology/xilinx/common/xilinx_fp.gen 
Execute     ap_part_info -name xczu3eg-sbva484-1-i -data names -quiet 
Execute     ap_part_info -name xczu3eg-sbva484-1-i -data info -quiet 
WARNING: [IMPL 213-201] IO timing constraints are not applied without adding IO buffers.
Execute     get_config_export -vivado_report_level 
Execute     get_config_export -vivado_ip_cache 
Execute     get_config_export -vivado_enable_slr_assignment 
Execute     ap_part_info -name xczu3eg-sbva484-1-i -data names -quiet 
Execute     ap_part_info -name xczu3eg-sbva484-1-i -data info -quiet 
Execute     get_config_export -vivado_bd_cell_properties 
Execute     get_config_export -vivado_synth_design_args 
Execute     source /home/sten/vivado/Vivado/2019.1/prj_adder/solution1/.autopilot/db/global.setting.tcl 
Execute     get_config_export -vivado_synth_strategy 
Execute     get_config_export -vivado_synth_run_properties 
Execute     get_config_export -vivado_impl_run_properties 
Execute     get_config_export -vivado_enable_pblock 
Execute     get_config_export -vivado_impl_strategy 
Execute     get_config_export -vivado_phys_opt 
INFO-FLOW: DBG:CMD: auto_impl: vlog exec /home/sten/vivado/Vivado/2019.1/prj_adder/solution1/impl/verilog/impl.sh
INFO-FLOW: Workspace /home/sten/vivado/Vivado/2019.1/prj_adder/solution1 opened at Fri May 08 13:20:36 CEST 2026
Execute     config_clock -quiet -name default -period 10 -default=false 
INFO: [SYN 201-201] Setting up clock 'default' with a period of 10ns.
Execute     open_platform DefaultPlatform 
Execute     import_lib /home/sten/vivado/Vivado/2019.1/common/technology/xilinx/zynquplus/zynquplus 
Execute       source /home/sten/vivado/Vivado/2019.1/common/technology/xilinx/common/xilinx.lib 
Execute         source /home/sten/vivado/Vivado/2019.1/common/technology/xilinx/interface/xilinx_interface.lib 
Execute           source /home/sten/vivado/Vivado/2019.1/common/technology/xilinx/interface/plb46.lib 
Execute           source /home/sten/vivado/Vivado/2019.1/common/technology/xilinx/interface/fsl.lib 
Execute           source /home/sten/vivado/Vivado/2019.1/common/technology/xilinx/interface/axi4.lib 
Execute           source /home/sten/vivado/Vivado/2019.1/common/technology/xilinx/interface/maxi.lib 
Execute           source /home/sten/vivado/Vivado/2019.1/common/technology/xilinx/interface/saxilite.lib 
Execute         source /home/sten/vivado/Vivado/2019.1/common/technology/xilinx/common/dsp48.lib 
Execute         source /home/sten/vivado/Vivado/2019.1/common/technology/xilinx/ip/dds_compiler.lib 
Execute         source /home/sten/vivado/Vivado/2019.1/common/technology/xilinx/ip/xfft.lib 
Execute         source /home/sten/vivado/Vivado/2019.1/common/technology/xilinx/ip/xfir.lib 
Execute       source /home/sten/vivado/Vivado/2019.1/common/technology/xilinx/common/xilinx.hlp 
Execute         source /home/sten/vivado/Vivado/2019.1/common/technology/xilinx/common/target_info.tcl 
Execute         source /home/sten/vivado/Vivado/2019.1/common/technology/xilinx/interface/xilinx_interface.hlp 
Execute           source /home/sten/vivado/Vivado/2019.1/common/technology/xilinx/interface/maxi.hlp 
Execute           source /home/sten/vivado/Vivado/2019.1/common/technology/xilinx/interface/saxilite.hlp 
Execute         source /home/sten/vivado/Vivado/2019.1/common/technology/xilinx/common/dsp48.hlp 
Execute       source /home/sten/vivado/Vivado/2019.1/common/technology/xilinx/zynquplus/dsp48e2.hlp 
Execute       source /home/sten/vivado/Vivado/2019.1/common/technology/xilinx/common/xilinx.hlp 
Execute         source /home/sten/vivado/Vivado/2019.1/common/technology/xilinx/common/target_info.tcl 
Execute         source /home/sten/vivado/Vivado/2019.1/common/technology/xilinx/interface/xilinx_interface.hlp 
Execute           source /home/sten/vivado/Vivado/2019.1/common/technology/xilinx/interface/maxi.hlp 
Execute           source /home/sten/vivado/Vivado/2019.1/common/technology/xilinx/interface/saxilite.hlp 
Execute         source /home/sten/vivado/Vivado/2019.1/common/technology/xilinx/common/dsp48.hlp 
Execute     source /home/sten/vivado/Vivado/2019.1/common/technology/xilinx/zynquplus/zynquplus.gen 
Execute       source /home/sten/vivado/Vivado/2019.1/common/technology/xilinx/common/xilinx.gen 
Execute         source /home/sten/vivado/Vivado/2019.1/common/technology/xilinx/interface/plb46.gen 
Execute         source /home/sten/vivado/Vivado/2019.1/common/technology/xilinx/interface/fsl.gen 
Execute         source /home/sten/vivado/Vivado/2019.1/common/technology/xilinx/interface/axi4.gen 
Execute         source /home/sten/vivado/Vivado/2019.1/common/technology/xilinx/interface/nativeAXI4.gen 
Execute           source /home/sten/vivado/Vivado/2019.1/common/technology/xilinx/interface/saxilite.gen 
Execute           source /home/sten/vivado/Vivado/2019.1/common/technology/xilinx/interface/maxi.gen 
Execute         source /home/sten/vivado/Vivado/2019.1/common/technology/xilinx/scripts/xilinxcoregen.gen 
Execute         source /home/sten/vivado/Vivado/2019.1/common/technology/xilinx/interface/XilEDKCoreGen.gen 
Execute         source /home/sten/vivado/Vivado/2019.1/common/technology/xilinx/ip/dds_compiler.gen 
Execute         source /home/sten/vivado/Vivado/2019.1/common/technology/xilinx/ip/util.gen 
Execute         source /home/sten/vivado/Vivado/2019.1/common/technology/xilinx/ip/xfft.gen 
Command         ap_source done; 0.11 sec.
Execute         source /home/sten/vivado/Vivado/2019.1/common/technology/xilinx/ip/xfir.gen 
Execute         source /home/sten/vivado/Vivado/2019.1/common/technology/xilinx/common/dsp48.gen 
Command       ap_source done; 0.16 sec.
Command     ap_source done; 0.16 sec.
Execute     open_platform DefaultPlatform 
Execute     import_lib /home/sten/vivado/Vivado/2019.1/common/technology/xilinx/zynquplus/zynquplus_fpv7 
Execute       source /home/sten/vivado/Vivado/2019.1/common/technology/xilinx/common/xilinx_fp.lib 
Execute       source /home/sten/vivado/Vivado/2019.1/common/technology/xilinx/common/xilinx_fp.hlp 
Execute         source /home/sten/vivado/Vivado/2019.1/common/technology/xilinx/common/xilinx.hlp 
Execute           source /home/sten/vivado/Vivado/2019.1/common/technology/xilinx/common/target_info.tcl 
Execute           source /home/sten/vivado/Vivado/2019.1/common/technology/xilinx/interface/xilinx_interface.hlp 
Execute             source /home/sten/vivado/Vivado/2019.1/common/technology/xilinx/interface/maxi.hlp 
Execute             source /home/sten/vivado/Vivado/2019.1/common/technology/xilinx/interface/saxilite.hlp 
Execute           source /home/sten/vivado/Vivado/2019.1/common/technology/xilinx/common/dsp48.hlp 
Execute     source /home/sten/vivado/Vivado/2019.1/common/technology/xilinx/zynquplus/zynquplus_fpv7.gen 
Execute       source /home/sten/vivado/Vivado/2019.1/common/technology/xilinx/common/xilinx_fp.gen 
Execute     set_part xczu3eg-sbva484-1-i 
Execute       ap_part_info -name xczu3eg-sbva484-1-i -data single -quiet 
Command       ap_part_info done; 0.84 sec.
Execute       ap_part_info -name xczu3eg-sbva484-1-i -data info 
Execute       add_library xilinx/zynquplus/zynquplus:xczu3eg:-sbva484:-1-i 
Execute         get_default_platform 
Execute         license_isbetapart xczu3eg 
Command         license_isbetapart done; error code: 1; 
Execute         ap_part_info -data single -name xczu3eg-sbva484-1-i 
Execute         ap_part_info -name xczu3eg-sbva484-1-i -data resources 
Execute         ap_part_info -name xczu3eg-sbva484-1-i -data info 
Execute         ap_part_info -name xczu3eg-sbva484-1-i -data info 
Execute         config_chip_info -quiet -resource {SLICE 8820} {LUT 70560} {FF 141120} {DSP48E 360} {BRAM 432} {URAM 0} 
Execute         ap_part_info -name xczu3eg-sbva484-1-i -data info 
Execute         config_chip_info -quiet -speed slow 
Execute       add_library xilinx/zynquplus/zynquplus_fpv7 
Execute         get_default_platform 
INFO: [HLS 200-10] Setting target device to 'xczu3eg-sbva484-1-i'
Execute       ap_part_info -name xczu3eg-sbva484-1-i -data info 
Execute       get_default_platform 
Command     set_part done; 0.96 sec.
Execute     ap_part_info -data single -name xczu3eg-sbva484-1-i 
Execute     ap_part_info -name xczu3eg-sbva484-1-i -data resources 
Execute     ap_part_info -name xczu3eg-sbva484-1-i -data info 
Execute     ap_part_info -name xczu3eg-sbva484-1-i -data info 
Execute     config_chip_info -quiet -resource {SLICE 8820} {LUT 70560} {FF 141120} {DSP48E 360} {BRAM 432} {URAM 0} 
Execute     ap_part_info -name xczu3eg-sbva484-1-i -data info 
Execute     config_chip_info -quiet -speed slow 
Execute     config_export -format=ip_catalog 
Execute     config_export -rtl=verilog 
Execute     config_export -version=0.0.0 
Command   open_solution done; 1.17 sec.
Execute   cosim_design -wave_debug -trace_level all -tool xsim 
Execute     source /home/sten/vivado/Vivado/2019.1/prj_adder/solution1/.autopilot/db/global.setting.tcl 
Execute     source /home/sten/vivado/Vivado/2019.1/prj_adder/solution1/.autopilot/db/global.setting.tcl 
Execute     source /home/sten/vivado/Vivado/2019.1/prj_adder/solution1/.autopilot/db/global.setting.tcl 
INFO-FLOW: DBG:CMD: read_platform_lib /home/sten/vivado/Vivado/2019.1/prj_adder/solution1/.autopilot/db/global.setting.tcl
Execute     source /home/sten/vivado/Vivado/2019.1/common/technology/generic/autopilot/common.gen 
Execute       source /home/sten/vivado/Vivado/2019.1/common/technology/generic/autopilot/APCoreGen.gen 
Execute     source /home/sten/vivado/Vivado/2019.1/common/technology/generic/autopilot/op.gen 
Execute     source /home/sten/vivado/Vivado/2019.1/common/technology/generic/autopilot/op_simcore.gen 
Execute     source /home/sten/vivado/Vivado/2019.1/common/technology/generic/autopilot/interface.gen 
Execute     source /home/sten/vivado/Vivado/2019.1/prj_adder/solution1/.autopilot/db/global.setting.tcl 
Execute     source /home/sten/vivado/Vivado/2019.1/common/technology/xilinx/zynquplus/zynquplus.gen 
Execute       source /home/sten/vivado/Vivado/2019.1/common/technology/xilinx/common/xilinx.gen 
Execute         source /home/sten/vivado/Vivado/2019.1/common/technology/xilinx/interface/plb46.gen 
Execute         source /home/sten/vivado/Vivado/2019.1/common/technology/xilinx/interface/fsl.gen 
Execute         source /home/sten/vivado/Vivado/2019.1/common/technology/xilinx/interface/axi4.gen 
Execute         source /home/sten/vivado/Vivado/2019.1/common/technology/xilinx/interface/nativeAXI4.gen 
Execute           source /home/sten/vivado/Vivado/2019.1/common/technology/xilinx/interface/saxilite.gen 
Execute           source /home/sten/vivado/Vivado/2019.1/common/technology/xilinx/interface/maxi.gen 
Execute         source /home/sten/vivado/Vivado/2019.1/common/technology/xilinx/scripts/xilinxcoregen.gen 
Execute         source /home/sten/vivado/Vivado/2019.1/common/technology/xilinx/interface/XilEDKCoreGen.gen 
Execute         source /home/sten/vivado/Vivado/2019.1/common/technology/xilinx/ip/dds_compiler.gen 
Execute         source /home/sten/vivado/Vivado/2019.1/common/technology/xilinx/ip/util.gen 
Execute         source /home/sten/vivado/Vivado/2019.1/common/technology/xilinx/ip/xfft.gen 
Execute         source /home/sten/vivado/Vivado/2019.1/common/technology/xilinx/ip/xfir.gen 
Execute         source /home/sten/vivado/Vivado/2019.1/common/technology/xilinx/common/dsp48.gen 
Command       ap_source done; 0.15 sec.
Command     ap_source done; 0.15 sec.
Execute     source /home/sten/vivado/Vivado/2019.1/common/technology/xilinx/zynquplus/zynquplus_fpv7.gen 
Execute       source /home/sten/vivado/Vivado/2019.1/common/technology/xilinx/common/xilinx_fp.gen 
INFO-FLOW: DBG:CMD:   using AESL_AUTOCG::g_clock_period=10.000 (was NA)
Execute     ap_part_info -name xczu3eg-sbva484-1-i -data names -quiet 
Execute     ap_part_info -name xczu3eg-sbva484-1-i -data info -quiet 
Execute     source /home/sten/vivado/Vivado/2019.1/prj_adder/solution1/.autopilot/db/global.setting.tcl 
Execute     source /home/sten/vivado/Vivado/2019.1/prj_adder/solution1/.autopilot/db/adder.rtl_wrap.cfg.tcl 
Execute     source /home/sten/vivado/Vivado/2019.1/prj_adder/solution1/.autopilot/db/adder.tbgen.tcl 
Execute     is_encrypted /home/sten/Downloads/HAAI_lab2_source/code/adder/adder_tb.cpp 
Execute     is_encrypted /home/sten/Downloads/HAAI_lab2_source/code/adder/adder.h 
Execute     is_encrypted /home/sten/Downloads/HAAI_lab2_source/code/adder/adder.cpp 
Execute     source /home/sten/vivado/Vivado/2019.1/prj_adder/solution1/.autopilot/db/adder.tbgen.tcl 
Execute     source /home/sten/vivado/Vivado/2019.1/prj_adder/solution1/.autopilot/db/adder.tbgen.tcl 
INFO: [COSIM 212-47] Using XSIM for RTL simulation.
INFO: [COSIM 212-14] Instrumenting C test bench ...
Execute     ap_part_info -name xczu3eg-sbva484-1-i -data info 
INFO-FLOW: TB processing: /home/sten/Downloads/HAAI_lab2_source/code/adder/adder_tb.cpp /home/sten/vivado/Vivado/2019.1/prj_adder/solution1/./sim/autowrap/testbench/adder_tb.cpp_pre.cpp
Execute     tidy_31 xilinx-tb-xfmat /home/sten/vivado/Vivado/2019.1/prj_adder/solution1/./sim/autowrap/testbench/adder_tb.cpp_pre.cpp std=c++11 
INFO-FLOW: exec /home/sten/vivado/Vivado/2019.1/lnx64/tools/clang-3.9-csynth/bin/tidy-3.1 -header-filter=.* -checks=-*,xilinx-tb-xfmat -quiet -fix-errors /home/sten/vivado/Vivado/2019.1/prj_adder/solution1/./sim/autowrap/testbench/adder_tb.cpp_pre.cpp -- -std=c++11 -fhls -ferror-limit=0
Command     tidy_31 done; 0.29 sec.
Execute     tidy_31 xilinx-tb31-process /home/sten/vivado/Vivado/2019.1/prj_adder/solution1/./sim/autowrap/testbench/adder_tb.cpp_pre.cpp.tb.cpp std=c++11 
INFO-FLOW: exec /home/sten/vivado/Vivado/2019.1/lnx64/tools/clang-3.9-csynth/bin/tidy-3.1 -header-filter=.* -checks=-*,xilinx-tb31-process -quiet -fix-errors /home/sten/vivado/Vivado/2019.1/prj_adder/solution1/./sim/autowrap/testbench/adder_tb.cpp_pre.cpp.tb.cpp -- -std=c++11 -fhls -ferror-limit=0
Command     tidy_31 done; 0.49 sec.
Execute     ap_part_info -name xczu3eg-sbva484-1-i -data info 
INFO-FLOW: TB processing: /home/sten/Downloads/HAAI_lab2_source/code/adder/adder.cpp /home/sten/vivado/Vivado/2019.1/prj_adder/solution1/./sim/autowrap/testbench/adder.cpp_pre.cpp
Execute     tidy_31 xilinx-tb-xfmat /home/sten/vivado/Vivado/2019.1/prj_adder/solution1/./sim/autowrap/testbench/adder.cpp_pre.cpp std=c++11 
INFO-FLOW: exec /home/sten/vivado/Vivado/2019.1/lnx64/tools/clang-3.9-csynth/bin/tidy-3.1 -header-filter=.* -checks=-*,xilinx-tb-xfmat -quiet -fix-errors /home/sten/vivado/Vivado/2019.1/prj_adder/solution1/./sim/autowrap/testbench/adder.cpp_pre.cpp -- -std=c++11 -fhls -ferror-limit=0
Execute     tidy_31 xilinx-tb31-process /home/sten/vivado/Vivado/2019.1/prj_adder/solution1/./sim/autowrap/testbench/adder.cpp_pre.cpp.tb.cpp std=c++11 
INFO-FLOW: exec /home/sten/vivado/Vivado/2019.1/lnx64/tools/clang-3.9-csynth/bin/tidy-3.1 -header-filter=.* -checks=-*,xilinx-tb31-process -quiet -fix-errors /home/sten/vivado/Vivado/2019.1/prj_adder/solution1/./sim/autowrap/testbench/adder.cpp_pre.cpp.tb.cpp -- -std=c++11 -fhls -ferror-limit=0
Execute     source /home/sten/vivado/Vivado/2019.1/prj_adder/solution1/./sim/autowrap/testbench/tb.status.tcl 
Execute     source /home/sten/vivado/Vivado/2019.1/prj_adder/solution1/.autopilot/db/global.setting.tcl 
Execute     source /home/sten/vivado/Vivado/2019.1/prj_adder/solution1/.autopilot/db/adder.rtl_wrap.cfg.tcl 
Execute     source /home/sten/vivado/Vivado/2019.1/prj_adder/solution1/.autopilot/db/adder.rtl_wrap.cfg.tcl 
Execute     source /home/sten/vivado/Vivado/2019.1/prj_adder/solution1/.autopilot/db/adder.rtl_wrap.cfg.tcl 
Execute     source /home/sten/vivado/Vivado/2019.1/prj_adder/solution1/.autopilot/db/adder.tbgen.tcl 
Execute     source /home/sten/vivado/Vivado/2019.1/prj_adder/solution1/.autopilot/db/adder.tbgen.tcl 
Execute     ap_part_info -name xczu3eg-sbva484-1-i -data info 
Execute     source .run_sim.tcl 
INFO: [COSIM 212-302] Starting C TB testing ... 
Command     ap_source done; 0.27 sec.
INFO: [COSIM 212-333] Generating C post check test bench ...
Execute     ap_part_info -name xczu3eg-sbva484-1-i -data info 
INFO: [COSIM 212-12] Generating RTL test bench ...
Execute     source /home/sten/vivado/Vivado/2019.1/prj_adder/solution1/.autopilot/db/adder.tbgen.tcl 
Execute     source /home/sten/vivado/Vivado/2019.1/prj_adder/solution1/.autopilot/db/adder.tbgen.tcl 
Execute     source /home/sten/vivado/Vivado/2019.1/prj_adder/solution1/.autopilot/db/adder.tbgen.tcl 
Execute     source /home/sten/vivado/Vivado/2019.1/prj_adder/solution1/.autopilot/db/adder.tbgen.tcl 
Execute     source ../tv/cdatafile/ref.tcl 
Execute     source /home/sten/vivado/Vivado/2019.1/prj_adder/solution1/.autopilot/db/adder.tbgen.tcl 
Execute     source /home/sten/vivado/Vivado/2019.1/prj_adder/solution1/.autopilot/db/adder.tbgen.tcl 
Execute     source /home/sten/vivado/Vivado/2019.1/prj_adder/solution1/.autopilot/db/adder.tbgen.tcl 
Execute     source /home/sten/vivado/Vivado/2019.1/prj_adder/solution1/.autopilot/db/adder.tbgen.tcl 
Execute     source /home/sten/vivado/Vivado/2019.1/prj_adder/solution1/.autopilot/db/adder.tbgen.tcl 
Execute     source /home/sten/vivado/Vivado/2019.1/prj_adder/solution1/.autopilot/db/adder.tbgen.tcl 
Execute     source /home/sten/vivado/Vivado/2019.1/prj_adder/solution1/.autopilot/db/adder.tbgen.tcl 
Execute     source /home/sten/vivado/Vivado/2019.1/prj_adder/solution1/.autopilot/db/adder.tbgen.tcl 
Execute     source /home/sten/vivado/Vivado/2019.1/prj_adder/solution1/.autopilot/db/adder.tbgen.tcl 
Execute     source /home/sten/vivado/Vivado/2019.1/prj_adder/solution1/.autopilot/db/adder.tbgen.tcl 
Execute     source /home/sten/vivado/Vivado/2019.1/prj_adder/solution1/.autopilot/db/adder.tbgen.tcl 
Execute     source /home/sten/vivado/Vivado/2019.1/prj_adder/solution1/.autopilot/db/adder.tbgen.tcl 
Execute     source /home/sten/vivado/Vivado/2019.1/prj_adder/solution1/.autopilot/db/adder.tbgen.tcl 
Execute     source /home/sten/vivado/Vivado/2019.1/prj_adder/solution1/.autopilot/db/adder.tbgen.tcl 
Execute     source /home/sten/vivado/Vivado/2019.1/prj_adder/solution1/.autopilot/db/adder.tbgen.tcl 
Execute     source /home/sten/vivado/Vivado/2019.1/prj_adder/solution1/.autopilot/db/adder.tbgen.tcl 
Execute     source ../tv/cdatafile/ref.tcl 
Execute     source /home/sten/vivado/Vivado/2019.1/prj_adder/solution1/.autopilot/db/adder.tbgen.tcl 
Execute     source /home/sten/vivado/Vivado/2019.1/prj_adder/solution1/.autopilot/db/adder.tbgen.tcl 
Execute     source /home/sten/vivado/Vivado/2019.1/prj_adder/solution1/.autopilot/db/adder.tbgen.tcl 
Execute     source /home/sten/vivado/Vivado/2019.1/prj_adder/solution1/.autopilot/db/adder.tbgen.tcl 
Execute     source /home/sten/vivado/Vivado/2019.1/prj_adder/solution1/.autopilot/db/adder.tbgen.tcl 
Execute     source /home/sten/vivado/Vivado/2019.1/prj_adder/solution1/.autopilot/db/adder.tbgen.tcl 
Execute     source /home/sten/vivado/Vivado/2019.1/prj_adder/solution1/.autopilot/db/adder.tbgen.tcl 
Execute     source /home/sten/vivado/Vivado/2019.1/prj_adder/solution1/.autopilot/db/adder.tbgen.tcl 
Execute     source /home/sten/vivado/Vivado/2019.1/prj_adder/solution1/.autopilot/db/adder.tbgen.tcl 
Execute     source /home/sten/vivado/Vivado/2019.1/prj_adder/solution1/.autopilot/db/adder.tbgen.tcl 
Execute     source /home/sten/vivado/Vivado/2019.1/prj_adder/solution1/.autopilot/db/adder.tbgen.tcl 
Execute     source /home/sten/vivado/Vivado/2019.1/prj_adder/solution1/.autopilot/db/adder.tbgen.tcl 
INFO: [COSIM 212-1] *** C/RTL co-simulation file generation completed. ***
Execute     source .run_sim.tcl 
Execute       source check_sim.tcl 
Execute       source .sim.status.tcl 
INFO: [COSIM 212-323] Starting verilog simulation. 
INFO: [COSIM 212-15] Starting XSIM ...
INFO: [COSIM 212-316] Starting C post checking ...
Command     ap_source done; 2337.52 sec.
INFO: [COSIM 212-1000] *** C/RTL co-simulation finished: PASS ***
INFO: [COSIM 212-210] Design is translated to an combinational logic. II and Latency will be marked as all 0.
Command   cosim_design done; 2342.49 sec.
Command ap_source done; 2343.67 sec.
Execute cleanup_all 
