

================================================================
== Vivado HLS Report for 'mlp'
================================================================
* Date:           Thu Sep  3 11:24:11 2026

* Version:        2019.1 (Build 2552052 on Fri May 24 15:28:33 MDT 2019)
* Project:        pruned_mlp
* Solution:       sol_p_5
* Product family: zynquplus
* Target device:  xczu3eg-sbva484-1-i


================================================================
== Performance Estimates
================================================================
+ Timing (ns): 
    * Summary: 
    +--------+-------+----------+------------+
    |  Clock | Target| Estimated| Uncertainty|
    +--------+-------+----------+------------+
    |ap_clk  |   5.00|     4.354|        0.62|
    +--------+-------+----------+------------+

+ Latency (clock cycles): 
    * Summary: 
    +------+------+------+------+---------+
    |   Latency   |   Interval  | Pipeline|
    |  min |  max |  min |  max |   Type  |
    +------+------+------+------+---------+
    |  8857|  8866|  8857|  8866|   none  |
    +------+------+------+------+---------+

    + Detail: 
        * Instance: 
        N/A

        * Loop: 
        +----------------+------+------+----------+-----------+-----------+------+----------+
        |                |   Latency   | Iteration|  Initiation Interval  | Trip |          |
        |    Loop Name   |  min |  max |  Latency |  achieved |   target  | Count| Pipelined|
        +----------------+------+------+----------+-----------+-----------+------+----------+
        |- layer1        |  7855|  7855|      1571|          -|          -|     5|    no    |
        | + neuron_mac   |  1568|  1568|         2|          -|          -|   784|    no    |
        |- layer2        |   104|   104|        13|          -|          -|     8|    no    |
        | + neuron_mac   |    10|    10|         2|          -|          -|     5|    no    |
        |- layer3        |   152|   152|        19|          -|          -|     8|    no    |
        | + neuron_mac   |    16|    16|         2|          -|          -|     8|    no    |
        |- layer4        |   190|   190|        19|          -|          -|    10|    no    |
        | + neuron_mac   |    16|    16|         2|          -|          -|     8|    no    |
        |- Loop 5        |    45|    54|   5 ~ 6  |          -|          -|     9|    no    |
        |- softmax_exp   |   310|   310|        31|          -|          -|    10|    no    |
        |- softmax_norm  |   190|   190|        19|          -|          -|    10|    no    |
        +----------------+------+------+----------+-----------+-----------+------+----------+



================================================================
== Utilization Estimates
================================================================
* Summary: 
+-----------------+---------+-------+--------+-------+-----+
|       Name      | BRAM_18K| DSP48E|   FF   |  LUT  | URAM|
+-----------------+---------+-------+--------+-------+-----+
|DSP              |        -|      4|       -|      -|    -|
|Expression       |        -|      -|     120|   3206|    -|
|FIFO             |        -|      -|       -|      -|    -|
|Instance         |        -|      9|    1504|   2051|    -|
|Memory           |        5|      -|     309|     51|    0|
|Multiplexer      |        -|      -|       -|    726|    -|
|Register         |        -|      -|    1035|      -|    -|
+-----------------+---------+-------+--------+-------+-----+
|Total            |        5|     13|    2968|   6034|    0|
+-----------------+---------+-------+--------+-------+-----+
|Available        |      432|    360|  141120|  70560|    0|
+-----------------+---------+-------+--------+-------+-----+
|Utilization (%)  |        1|      3|       2|      8|    0|
+-----------------+---------+-------+--------+-------+-----+

+ Detail: 
    * Instance: 
    +-------------------------------------------+----------------------------------------+---------+-------+-----+-----+-----+
    |                  Instance                 |                 Module                 | BRAM_18K| DSP48E|  FF | LUT | URAM|
    +-------------------------------------------+----------------------------------------+---------+-------+-----+-----+-----+
    |mlp_faddfsub_32ns_32ns_32_8_full_dsp_1_U1  |mlp_faddfsub_32ns_32ns_32_8_full_dsp_1  |        0|      2|  296|  244|    0|
    |mlp_fcmp_32ns_32ns_1_2_1_U3                |mlp_fcmp_32ns_32ns_1_2_1                |        0|      0|   66|   66|    0|
    |mlp_fdiv_32ns_32ns_32_16_1_U2              |mlp_fdiv_32ns_32ns_32_16_1              |        0|      0|  761|  803|    0|
    |mlp_fexp_32ns_32ns_32_13_full_dsp_1_U4     |mlp_fexp_32ns_32ns_32_13_full_dsp_1     |        0|      7|  381|  938|    0|
    +-------------------------------------------+----------------------------------------+---------+-------+-----+-----+-----+
    |Total                                      |                                        |        0|      9| 1504| 2051|    0|
    +-------------------------------------------+----------------------------------------+---------+-------+-----+-----+-----+

    * DSP48E: 
    +----------------------------------------+-------------------------------------+--------------+
    |                Instance                |                Module               |  Expression  |
    +----------------------------------------+-------------------------------------+--------------+
    |mlp_mac_muladd_19ns_15s_34ns_34_1_1_U7  |mlp_mac_muladd_19ns_15s_34ns_34_1_1  | i0 + i1 * i2 |
    |mlp_mac_muladd_19ns_16s_34ns_34_1_1_U6  |mlp_mac_muladd_19ns_16s_34ns_34_1_1  | i0 + i1 * i2 |
    |mlp_mac_muladd_19ns_16s_34ns_34_1_1_U8  |mlp_mac_muladd_19ns_16s_34ns_34_1_1  | i0 + i1 * i2 |
    |mlp_mac_muladd_20s_16s_34ns_34_1_1_U5   |mlp_mac_muladd_20s_16s_34ns_34_1_1   | i0 + i1 * i2 |
    +----------------------------------------+-------------------------------------+--------------+

    * Memory: 
    +----------+------------+---------+----+----+-----+------+-----+------+-------------+
    |  Memory  |   Module   | BRAM_18K| FF | LUT| URAM| Words| Bits| Banks| W*Bits*Banks|
    +----------+------------+---------+----+----+-----+------+-----+------+-------------+
    |B1_V_U    |mlp_B1_V    |        0|  13|   2|    0|     5|   13|     1|           65|
    |B2_V_U    |mlp_B2_V    |        0|  15|   2|    0|     8|   15|     1|          120|
    |B3_V_U    |mlp_B3_V    |        0|  16|   2|    0|     8|   16|     1|          128|
    |B4_V_U    |mlp_B4_V    |        0|  16|   3|    0|    10|   16|     1|          160|
    |W1_V_U    |mlp_W1_V    |        4|   0|   0|    0|  3920|   16|     1|        62720|
    |W2_V_U    |mlp_W2_V    |        0|  16|  10|    0|    40|   16|     1|          640|
    |W3_V_U    |mlp_W3_V    |        0|  15|  15|    0|    64|   15|     1|          960|
    |W4_V_U    |mlp_W4_V    |        1|   0|   0|    0|    80|   16|     1|         1280|
    |a1_V_U    |mlp_a1_V    |        0|  38|   2|    0|     5|   19|     1|           95|
    |a2_V_U    |mlp_a2_V    |        0|  38|   3|    0|     8|   19|     1|          152|
    |a3_V_U    |mlp_a2_V    |        0|  38|   3|    0|     8|   19|     1|          152|
    |logits_U  |mlp_logits  |        0|  64|   5|    0|    10|   32|     1|          320|
    |z4_V_U    |mlp_z4_V    |        0|  40|   4|    0|    10|   20|     1|          200|
    +----------+------------+---------+----+----+-----+------+-----+------+-------------+
    |Total     |            |        5| 309|  51|    0|  4176|  232|    13|        66992|
    +----------+------------+---------+----+----+-----+------+-----+------+-------------+

    * FIFO: 
    N/A

    * Expression: 
    +---------------------------+----------+-------+----+-----+------------+------------+
    |       Variable Name       | Operation| DSP48E| FF | LUT | Bitwidth P0| Bitwidth P1|
    +---------------------------+----------+-------+----+-----+------------+------------+
    |add_ln1117_1_fu_754_p2     |     +    |      0|   0|   19|          12|          12|
    |add_ln1117_2_fu_875_p2     |     +    |      0|   0|   15|           7|           7|
    |add_ln1117_3_fu_985_p2     |     +    |      0|   0|   15|           8|           8|
    |add_ln1117_4_fu_1095_p2    |     +    |      0|   0|   15|           8|           8|
    |add_ln1117_fu_844_p2       |     +    |      0|   0|   15|           7|           7|
    |add_ln88_fu_706_p2         |     +    |      0|   0|   19|          12|          10|
    |add_ln949_1_fu_1562_p2     |     +    |      0|   0|   27|           6|          20|
    |add_ln949_2_fu_1886_p2     |     +    |      0|   0|   27|           6|          20|
    |add_ln949_fu_1260_p2       |     +    |      0|   0|   27|           6|          20|
    |add_ln958_1_fu_1601_p2     |     +    |      0|   0|   39|           6|          32|
    |add_ln958_2_fu_1925_p2     |     +    |      0|   0|   39|           6|          32|
    |add_ln958_fu_1304_p2       |     +    |      0|   0|   39|           6|          32|
    |add_ln964_1_fu_1688_p2     |     +    |      0|   0|   19|           8|           8|
    |add_ln964_2_fu_2083_p2     |     +    |      0|   0|   19|           8|           8|
    |add_ln964_fu_1385_p2       |     +    |      0|   0|   19|           8|           8|
    |i_1_fu_860_p2              |     +    |      0|   0|   11|           3|           1|
    |i_2_fu_970_p2              |     +    |      0|   0|   12|           4|           1|
    |i_3_fu_1080_p2             |     +    |      0|   0|   12|           4|           1|
    |i_fu_739_p2                |     +    |      0|   0|   17|          10|           1|
    |j_1_fu_817_p2              |     +    |      0|   0|   12|           4|           1|
    |j_2_fu_937_p2              |     +    |      0|   0|   12|           4|           1|
    |j_3_fu_1047_p2             |     +    |      0|   0|   12|           4|           1|
    |j_4_fu_2130_p2             |     +    |      0|   0|   12|           4|           1|
    |j_5_fu_1768_p2             |     +    |      0|   0|   12|           1|           4|
    |j_6_fu_2147_p2             |     +    |      0|   0|   12|           4|           1|
    |j_fu_718_p2                |     +    |      0|   0|   11|           3|           1|
    |lsb_index_1_fu_1489_p2     |     +    |      0|   0|   39|           6|          32|
    |lsb_index_2_fu_1813_p2     |     +    |      0|   0|   39|           6|          32|
    |lsb_index_fu_1193_p2       |     +    |      0|   0|   39|           6|          32|
    |m_17_fu_1647_p2            |     +    |      0|   0|   71|          64|          64|
    |m_23_fu_2042_p2            |     +    |      0|   0|   71|          64|          64|
    |m_2_fu_1346_p2             |     +    |      0|   0|   71|          64|          64|
    |grp_fu_695_p2              |     -    |      0|   0|   27|           1|          20|
    |sub_ln944_1_fu_1480_p2     |     -    |      0|   0|   39|           5|          32|
    |sub_ln944_2_fu_1804_p2     |     -    |      0|   0|   39|           5|          32|
    |sub_ln944_fu_1175_p2       |     -    |      0|   0|   39|           5|          32|
    |sub_ln947_1_fu_1515_p2     |     -    |      0|   0|   15|           4|           5|
    |sub_ln947_2_fu_1839_p2     |     -    |      0|   0|   15|           4|           5|
    |sub_ln947_fu_1214_p2       |     -    |      0|   0|   15|           4|           5|
    |sub_ln958_1_fu_1607_p2     |     -    |      0|   0|   39|           5|          32|
    |sub_ln958_2_fu_1931_p2     |     -    |      0|   0|   39|           5|          32|
    |sub_ln958_fu_1319_p2       |     -    |      0|   0|   39|           5|          32|
    |sub_ln964_1_fu_1683_p2     |     -    |      0|   0|   19|           3|           8|
    |sub_ln964_2_fu_2078_p2     |     -    |      0|   0|   19|           3|           8|
    |sub_ln964_fu_1380_p2       |     -    |      0|   0|   19|           3|           8|
    |tmp_V_fu_1136_p2           |     -    |      0|   0|   27|           1|          20|
    |a_1_fu_1542_p2             |    and   |      0|   0|    2|           1|           1|
    |a_2_fu_1866_p2             |    and   |      0|   0|    2|           1|           1|
    |a_fu_1240_p2               |    and   |      0|   0|    2|           1|           1|
    |and_ln111_1_fu_1983_p2     |    and   |      0|   0|    2|           1|           1|
    |and_ln111_fu_1977_p2       |    and   |      0|   0|    2|           1|           1|
    |and_ln949_1_fu_1575_p2     |    and   |      0|   0|    2|           1|           1|
    |and_ln949_2_fu_1899_p2     |    and   |      0|   0|    2|           1|           1|
    |and_ln949_fu_1272_p2       |    and   |      0|   0|    2|           1|           1|
    |p_Result_12_fu_1531_p2     |    and   |      0|   0|   20|          20|          20|
    |p_Result_18_fu_1855_p2     |    and   |      0|   0|   20|          20|          20|
    |p_Result_4_fu_1229_p2      |    and   |      0|   0|   20|          20|          20|
    |l_1_fu_1468_p3             |   cttz   |      0|  40|   36|          32|           0|
    |l_2_fu_1756_p3             |   cttz   |      0|  40|   36|          32|           0|
    |l_fu_1167_p3               |   cttz   |      0|  40|   36|          32|           0|
    |icmp_ln103_fu_1041_p2      |   icmp   |      0|   0|    9|           4|           4|
    |icmp_ln109_fu_1425_p2      |   icmp   |      0|   0|    9|           4|           4|
    |icmp_ln111_1_fu_1798_p2    |   icmp   |      0|   0|   20|          23|           1|
    |icmp_ln111_2_fu_1959_p2    |   icmp   |      0|   0|   11|           8|           2|
    |icmp_ln111_3_fu_1965_p2    |   icmp   |      0|   0|   20|          23|           1|
    |icmp_ln111_fu_1792_p2      |   icmp   |      0|   0|   11|           8|           2|
    |icmp_ln118_fu_2124_p2      |   icmp   |      0|   0|    9|           4|           4|
    |icmp_ln124_fu_2141_p2      |   icmp   |      0|   0|    9|           4|           4|
    |icmp_ln68_1_fu_854_p2      |   icmp   |      0|   0|    9|           3|           3|
    |icmp_ln68_2_fu_964_p2      |   icmp   |      0|   0|   11|           4|           5|
    |icmp_ln68_3_fu_1074_p2     |   icmp   |      0|   0|   11|           4|           5|
    |icmp_ln68_fu_733_p2        |   icmp   |      0|   0|   13|          10|           9|
    |icmp_ln88_fu_712_p2        |   icmp   |      0|   0|    9|           3|           3|
    |icmp_ln935_1_fu_1436_p2    |   icmp   |      0|   0|   20|          20|           1|
    |icmp_ln935_fu_1130_p2      |   icmp   |      0|   0|   20|          20|           1|
    |icmp_ln93_fu_811_p2        |   icmp   |      0|   0|   11|           4|           5|
    |icmp_ln947_1_fu_1234_p2    |   icmp   |      0|   0|   20|          20|           1|
    |icmp_ln947_2_fu_1505_p2    |   icmp   |      0|   0|   20|          31|           1|
    |icmp_ln947_3_fu_1536_p2    |   icmp   |      0|   0|   20|          20|           1|
    |icmp_ln947_4_fu_1829_p2    |   icmp   |      0|   0|   20|          31|           1|
    |icmp_ln947_5_fu_1860_p2    |   icmp   |      0|   0|   20|          20|           1|
    |icmp_ln947_fu_1208_p2      |   icmp   |      0|   0|   20|          31|           1|
    |icmp_ln958_1_fu_1595_p2    |   icmp   |      0|   0|   20|          32|           1|
    |icmp_ln958_2_fu_1919_p2    |   icmp   |      0|   0|   20|          32|           1|
    |icmp_ln958_fu_1298_p2      |   icmp   |      0|   0|   20|          32|           1|
    |icmp_ln98_fu_931_p2        |   icmp   |      0|   0|   11|           4|           5|
    |lshr_ln947_1_fu_1525_p2    |   lshr   |      0|   0|   53|           2|          20|
    |lshr_ln947_2_fu_1849_p2    |   lshr   |      0|   0|   53|           2|          20|
    |lshr_ln947_fu_1223_p2      |   lshr   |      0|   0|   53|           2|          20|
    |lshr_ln958_1_fu_1619_p2    |   lshr   |      0|   0|  101|          32|          32|
    |lshr_ln958_2_fu_2014_p2    |   lshr   |      0|   0|  101|          32|          32|
    |lshr_ln958_fu_1309_p2      |   lshr   |      0|   0|  101|          32|          32|
    |or_ln111_1_fu_1955_p2      |    or    |      0|   0|    2|           1|           1|
    |or_ln111_2_fu_1971_p2      |    or    |      0|   0|    2|           1|           1|
    |or_ln111_fu_1995_p2        |    or    |      0|   0|    2|           1|           1|
    |or_ln949_1_fu_1581_p2      |    or    |      0|   0|    2|           1|           1|
    |or_ln949_3_fu_1905_p2      |    or    |      0|   0|    2|           1|           1|
    |or_ln949_fu_1278_p2        |    or    |      0|   0|    2|           1|           1|
    |a1_V_d0                    |  select  |      0|   0|   19|           1|           1|
    |a2_V_d0                    |  select  |      0|   0|   19|           1|           1|
    |a3_V_d0                    |  select  |      0|   0|   19|           1|           1|
    |m_16_fu_1637_p3            |  select  |      0|   0|   56|           1|          64|
    |m_1_fu_1334_p3             |  select  |      0|   0|   56|           1|          64|
    |m_22_fu_2032_p3            |  select  |      0|   0|   56|           1|          64|
    |select_ln111_1_fu_2116_p3  |  select  |      0|   0|   32|           1|          32|
    |select_ln111_fu_2000_p3    |  select  |      0|   0|   32|           1|           1|
    |select_ln935_fu_1418_p3    |  select  |      0|   0|   32|           1|           1|
    |select_ln964_1_fu_1675_p3  |  select  |      0|   0|    7|           1|           7|
    |select_ln964_2_fu_2070_p3  |  select  |      0|   0|    7|           1|           7|
    |select_ln964_fu_1373_p3    |  select  |      0|   0|    7|           1|           7|
    |tmp_V_10_fu_1142_p3        |  select  |      0|   0|   20|           1|          20|
    |tmp_V_12_fu_1442_p3        |  select  |      0|   0|   20|           1|          20|
    |tmp_V_13_fu_1730_p3        |  select  |      0|   0|   20|           1|          20|
    |shl_ln958_1_fu_1631_p2     |    shl   |      0|   0|  179|          64|          64|
    |shl_ln958_2_fu_2026_p2     |    shl   |      0|   0|  179|          64|          64|
    |shl_ln958_fu_1328_p2       |    shl   |      0|   0|  179|          64|          64|
    |xor_ln111_fu_1989_p2       |    xor   |      0|   0|    2|           2|           1|
    |xor_ln949_1_fu_1556_p2     |    xor   |      0|   0|    2|           1|           2|
    |xor_ln949_2_fu_1880_p2     |    xor   |      0|   0|    2|           1|           2|
    |xor_ln949_fu_1254_p2       |    xor   |      0|   0|    2|           1|           2|
    +---------------------------+----------+-------+----+-----+------------+------------+
    |Total                      |          |      0| 120| 3206|        1305|        1612|
    +---------------------------+----------+-------+----+-----+------------+------------+

    * Multiplexer: 
    +-------------------+-----+-----------+-----+-----------+
    |        Name       | LUT | Input Size| Bits| Total Bits|
    +-------------------+-----+-----------+-----+-----------+
    |a1_V_address0      |   15|          3|    3|          9|
    |a2_V_address0      |   15|          3|    3|          9|
    |a3_V_address0      |   15|          3|    3|          9|
    |ap_NS_fsm          |  345|         78|    1|         78|
    |grp_fu_665_opcode  |   15|          3|    2|          6|
    |grp_fu_665_p0      |   15|          3|   32|         96|
    |grp_fu_665_p1      |   15|          3|   32|         96|
    |grp_fu_695_p1      |   15|          3|   20|         60|
    |i_0_i10_reg_519    |    9|          2|    3|          6|
    |i_0_i26_reg_552    |    9|          2|    4|          8|
    |i_0_i42_reg_586    |    9|          2|    4|          8|
    |i_0_i_reg_486      |    9|          2|   10|         20|
    |j4_0_reg_497       |    9|          2|    4|          8|
    |j5_0_reg_530       |    9|          2|    4|          8|
    |j6_0_reg_563       |    9|          2|    4|          8|
    |j7_0_reg_607       |    9|          2|    4|          8|
    |j8_0_reg_643       |    9|          2|    4|          8|
    |j9_0_reg_654       |    9|          2|    4|          8|
    |j_0_reg_453        |    9|          2|    3|          6|
    |logits_address0    |   27|          5|    4|         20|
    |logits_d0          |   21|          4|   32|        128|
    |maxv_0_reg_597     |    9|          2|   32|         64|
    |output_r_address0  |   21|          4|    4|         16|
    |output_r_d0        |   15|          3|   32|         96|
    |p_0202_reg_619     |    9|          2|   32|         64|
    |p_Val2_14_reg_575  |    9|          2|   20|         40|
    |p_Val2_1_reg_476   |    9|          2|   20|         40|
    |p_Val2_4_reg_509   |    9|          2|   20|         40|
    |p_Val2_9_reg_542   |    9|          2|   20|         40|
    |phi_mul_reg_464    |    9|          2|   12|         24|
    |sum_0_reg_631      |    9|          2|   32|         64|
    |z4_V_address0      |   21|          4|    4|         16|
    +-------------------+-----+-----------+-----+-----------+
    |Total              |  726|        157|  408|       1111|
    +-------------------+-----+-----------+-----+-----------+

    * Register: 
    +------------------------+----+----+-----+-----------+
    |          Name          | FF | LUT| Bits| Const Bits|
    +------------------------+----+----+-----+-----------+
    |add_ln1117_reg_2263     |   7|   0|    7|          0|
    |add_ln88_reg_2194       |  12|   0|   12|          0|
    |add_ln958_1_reg_2512    |  32|   0|   32|          0|
    |add_ln958_2_reg_2575    |  32|   0|   32|          0|
    |ap_CS_fsm               |  77|   0|   77|          0|
    |e_reg_2618              |  32|   0|   32|          0|
    |i_0_i10_reg_519         |   3|   0|    3|          0|
    |i_0_i26_reg_552         |   4|   0|    4|          0|
    |i_0_i42_reg_586         |   4|   0|    4|          0|
    |i_0_i_reg_486           |  10|   0|   10|          0|
    |i_1_reg_2276            |   3|   0|    3|          0|
    |i_2_reg_2327            |   4|   0|    4|          0|
    |i_3_reg_2383            |   4|   0|    4|          0|
    |i_reg_2225              |  10|   0|   10|          0|
    |icmp_ln111_1_reg_2560   |   1|   0|    1|          0|
    |icmp_ln111_reg_2555     |   1|   0|    1|          0|
    |icmp_ln935_1_reg_2474   |   1|   0|    1|          0|
    |icmp_ln935_reg_2409     |   1|   0|    1|          0|
    |icmp_ln958_1_reg_2507   |   1|   0|    1|          0|
    |icmp_ln958_2_reg_2570   |   1|   0|    1|          0|
    |j4_0_reg_497            |   4|   0|    4|          0|
    |j5_0_reg_530            |   4|   0|    4|          0|
    |j6_0_reg_563            |   4|   0|    4|          0|
    |j7_0_reg_607            |   4|   0|    4|          0|
    |j8_0_reg_643            |   4|   0|    4|          0|
    |j9_0_reg_654            |   4|   0|    4|          0|
    |j_0_reg_453             |   3|   0|    3|          0|
    |j_1_reg_2248            |   4|   0|    4|          0|
    |j_2_reg_2299            |   4|   0|    4|          0|
    |j_3_reg_2350            |   4|   0|    4|          0|
    |j_4_reg_2593            |   4|   0|    4|          0|
    |j_5_reg_2550            |   4|   0|    4|          0|
    |j_6_reg_2632            |   4|   0|    4|          0|
    |j_reg_2202              |   3|   0|    3|          0|
    |l_1_reg_2492            |  32|   0|   32|          0|
    |l_2_reg_2540            |  32|   0|   32|          0|
    |logits_load_reg_2608    |  32|   0|   32|          0|
    |m_s_reg_2444            |  63|   0|   63|          0|
    |maxv_0_reg_597          |  32|   0|   32|          0|
    |or_ln949_2_reg_2502     |   1|   0|   32|         31|
    |or_ln949_4_reg_2565     |   1|   0|   32|         31|
    |output_addr_1_reg_2637  |   4|   0|    4|          0|
    |output_load_reg_2642    |  32|   0|   32|          0|
    |p_0202_reg_619          |  32|   0|   32|          0|
    |p_Result_21_reg_2403    |   1|   0|    1|          0|
    |p_Result_24_reg_2479    |   1|   0|    1|          0|
    |p_Result_27_reg_2527    |   1|   0|    1|          0|
    |p_Val2_14_reg_575       |  20|   0|   20|          0|
    |p_Val2_1_reg_476        |  20|   0|   20|          0|
    |p_Val2_4_reg_509        |  20|   0|   20|          0|
    |p_Val2_9_reg_542        |  20|   0|   20|          0|
    |phi_mul_reg_464         |  12|   0|   12|          0|
    |reg_701                 |  20|   0|   20|          0|
    |select_ln935_reg_2454   |  32|   0|   32|          0|
    |sub_ln944_reg_2422      |  32|   0|   32|          0|
    |sub_ln958_1_reg_2517    |  32|   0|   32|          0|
    |sub_ln958_2_reg_2580    |  32|   0|   32|          0|
    |sum_0_reg_631           |  32|   0|   32|          0|
    |tmp_15_reg_2449         |   1|   0|    1|          0|
    |tmp_2_reg_2647          |  32|   0|   32|          0|
    |tmp_V_10_reg_2414       |  20|   0|   20|          0|
    |tmp_V_12_reg_2484       |  20|   0|   20|          0|
    |tmp_V_13_reg_2532       |  20|   0|   20|          0|
    |tmp_reg_2613            |  32|   0|   32|          0|
    |trunc_ln943_1_reg_2497  |   8|   0|    8|          0|
    |trunc_ln943_2_reg_2545  |   8|   0|    8|          0|
    |trunc_ln943_reg_2439    |   8|   0|    8|          0|
    |trunc_ln944_reg_2429    |  20|   0|   20|          0|
    |trunc_ln947_reg_2434    |   5|   0|    5|          0|
    |zext_ln104_1_reg_2370   |   4|   0|    8|          4|
    |zext_ln104_reg_2355     |   4|   0|   64|         60|
    |zext_ln110_reg_2463     |   4|   0|   64|         60|
    |zext_ln119_reg_2598     |   4|   0|   64|         60|
    |zext_ln89_reg_2207      |   3|   0|   64|         61|
    |zext_ln94_reg_2253      |   4|   0|   64|         60|
    |zext_ln99_1_reg_2314    |   4|   0|    8|          4|
    |zext_ln99_reg_2304      |   4|   0|   64|         60|
    +------------------------+----+----+-----+-----------+
    |Total                   |1035|   0| 1466|        431|
    +------------------------+----+----+-----+-----------+



================================================================
== Interface
================================================================
* Summary: 
+-------------------+-----+-----+------------+--------------+--------------+
|     RTL Ports     | Dir | Bits|  Protocol  | Source Object|    C Type    |
+-------------------+-----+-----+------------+--------------+--------------+
|ap_clk             |  in |    1| ap_ctrl_hs |      mlp     | return value |
|ap_rst             |  in |    1| ap_ctrl_hs |      mlp     | return value |
|ap_start           |  in |    1| ap_ctrl_hs |      mlp     | return value |
|ap_done            | out |    1| ap_ctrl_hs |      mlp     | return value |
|ap_idle            | out |    1| ap_ctrl_hs |      mlp     | return value |
|ap_ready           | out |    1| ap_ctrl_hs |      mlp     | return value |
|input_V_address0   | out |   10|  ap_memory |    input_V   |     array    |
|input_V_ce0        | out |    1|  ap_memory |    input_V   |     array    |
|input_V_q0         |  in |   20|  ap_memory |    input_V   |     array    |
|output_r_address0  | out |    4|  ap_memory |   output_r   |     array    |
|output_r_ce0       | out |    1|  ap_memory |   output_r   |     array    |
|output_r_we0       | out |    1|  ap_memory |   output_r   |     array    |
|output_r_d0        | out |   32|  ap_memory |   output_r   |     array    |
|output_r_q0        |  in |   32|  ap_memory |   output_r   |     array    |
+-------------------+-----+-----+------------+--------------+--------------+

============================================================
+ Verbose Summary: Synthesis Manager
============================================================
InlineROM: 1
ExposeGlobal: 0
============================================================
+ Verbose Summary: CDFG Model
============================================================
IsTopModel: 1
ResetActiveHigh: 1
IsCombinational: 2
IsDatapathOnly: 2
HasWiredReturn: 1
HasMFsm: 0
HasVarLatency: 1
IsPipeline: 0
IsRtlPipelined: 0
IsInstanceOverlapped: 0
IsDontTouch: 0
HasImplIP: 0
IsGatedGlobalClock: 0


============================================================
+ Verbose Summary: Schedule
============================================================
* Number of FSM states : 77
* Pipeline : 0
* Dataflow Pipeline: 0

* FSM state transitions: 
1 --> 2 
2 --> 3 6 
3 --> 4 
4 --> 5 2 
5 --> 4 
6 --> 7 10 
7 --> 8 
8 --> 9 6 
9 --> 8 
10 --> 11 14 
11 --> 12 
12 --> 13 10 
13 --> 12 
14 --> 15 18 
15 --> 16 
16 --> 17 14 
17 --> 16 
18 --> 19 
19 --> 20 
20 --> 21 
21 --> 22 
22 --> 23 28 
23 --> 24 25 
24 --> 25 
25 --> 26 
26 --> 27 
27 --> 22 
28 --> 29 59 
29 --> 30 
30 --> 31 
31 --> 32 
32 --> 33 
33 --> 34 
34 --> 35 
35 --> 36 
36 --> 37 
37 --> 38 
38 --> 39 
39 --> 40 
40 --> 41 
41 --> 42 
42 --> 43 
43 --> 44 
44 --> 45 
45 --> 46 
46 --> 47 
47 --> 48 
48 --> 49 
49 --> 50 
50 --> 51 
51 --> 52 
52 --> 53 
53 --> 54 
54 --> 55 
55 --> 56 
56 --> 57 
57 --> 58 
58 --> 28 
59 --> 60 
60 --> 61 
61 --> 62 
62 --> 63 
63 --> 64 
64 --> 65 
65 --> 66 
66 --> 67 
67 --> 68 
68 --> 69 
69 --> 70 
70 --> 71 
71 --> 72 
72 --> 73 
73 --> 74 
74 --> 75 
75 --> 76 
76 --> 77 
77 --> 59 

* FSM state operations: 

State 1 <SV = 0> <Delay = 0.79>
ST_1 : Operation 78 [1/1] (0.00ns)   --->   "call void (...)* @_ssdm_op_SpecBitsMap([784 x i20]* %input_V), !map !88"   --->   Operation 78 'specbitsmap' <Predicate = true> <Delay = 0.00>
ST_1 : Operation 79 [1/1] (0.00ns)   --->   "call void (...)* @_ssdm_op_SpecBitsMap([10 x float]* %output_r), !map !94"   --->   Operation 79 'specbitsmap' <Predicate = true> <Delay = 0.00>
ST_1 : Operation 80 [1/1] (0.00ns)   --->   "call void (...)* @_ssdm_op_SpecTopModule([4 x i8]* @mlp_str) nounwind"   --->   Operation 80 'spectopmodule' <Predicate = true> <Delay = 0.00>
ST_1 : Operation 81 [1/1] (0.79ns)   --->   "%a1_V = alloca [5 x i19], align 4" [pruned_mlp/mlp.cpp:81]   --->   Operation 81 'alloca' 'a1_V' <Predicate = true> <Delay = 0.79> <Core = "RAM">   --->   Core 37 'RAM' <Latency = 1> <II = 1> <Delay = 0.79> <Storage> <Opcode : 'load' 'store'> <Ports = 2> <Width = 32> <Depth = 10> <RAM>
ST_1 : Operation 82 [1/1] (0.79ns)   --->   "%a2_V = alloca [8 x i19], align 4" [pruned_mlp/mlp.cpp:82]   --->   Operation 82 'alloca' 'a2_V' <Predicate = true> <Delay = 0.79> <Core = "RAM">   --->   Core 37 'RAM' <Latency = 1> <II = 1> <Delay = 0.79> <Storage> <Opcode : 'load' 'store'> <Ports = 2> <Width = 32> <Depth = 10> <RAM>
ST_1 : Operation 83 [1/1] (0.79ns)   --->   "%a3_V = alloca [8 x i19], align 4" [pruned_mlp/mlp.cpp:83]   --->   Operation 83 'alloca' 'a3_V' <Predicate = true> <Delay = 0.79> <Core = "RAM">   --->   Core 37 'RAM' <Latency = 1> <II = 1> <Delay = 0.79> <Storage> <Opcode : 'load' 'store'> <Ports = 2> <Width = 32> <Depth = 10> <RAM>
ST_1 : Operation 84 [1/1] (0.79ns)   --->   "%z4_V = alloca [10 x i20], align 4" [pruned_mlp/mlp.cpp:84]   --->   Operation 84 'alloca' 'z4_V' <Predicate = true> <Delay = 0.79> <Core = "RAM">   --->   Core 37 'RAM' <Latency = 1> <II = 1> <Delay = 0.79> <Storage> <Opcode : 'load' 'store'> <Ports = 2> <Width = 32> <Depth = 10> <RAM>
ST_1 : Operation 85 [1/1] (0.79ns)   --->   "%logits = alloca [10 x float], align 16" [pruned_mlp/mlp.cpp:107]   --->   Operation 85 'alloca' 'logits' <Predicate = true> <Delay = 0.79> <Core = "RAM">   --->   Core 37 'RAM' <Latency = 1> <II = 1> <Delay = 0.79> <Storage> <Opcode : 'load' 'store'> <Ports = 2> <Width = 32> <Depth = 10> <RAM>
ST_1 : Operation 86 [1/1] (0.75ns)   --->   "br label %.preheader277" [pruned_mlp/mlp.cpp:88]   --->   Operation 86 'br' <Predicate = true> <Delay = 0.75>

State 2 <SV = 1> <Delay = 1.35>
ST_2 : Operation 87 [1/1] (0.00ns)   --->   "%j_0 = phi i3 [ %j, %neuron.2.exit ], [ 0, %arrayctor.loop1.preheader ]"   --->   Operation 87 'phi' 'j_0' <Predicate = true> <Delay = 0.00>
ST_2 : Operation 88 [1/1] (0.00ns)   --->   "%phi_mul = phi i12 [ %add_ln88, %neuron.2.exit ], [ 0, %arrayctor.loop1.preheader ]" [pruned_mlp/mlp.cpp:88]   --->   Operation 88 'phi' 'phi_mul' <Predicate = true> <Delay = 0.00>
ST_2 : Operation 89 [1/1] (0.96ns)   --->   "%add_ln88 = add i12 %phi_mul, 784" [pruned_mlp/mlp.cpp:88]   --->   Operation 89 'add' 'add_ln88' <Predicate = true> <Delay = 0.96> <Core = "AddSub">   --->   Core 14 'AddSub' <Latency = 0> <II = 1> <Delay = 1.06> <FuncUnit> <Opcode : 'add' 'sub'> <InPorts = 2> <OutPorts = 1>
ST_2 : Operation 90 [1/1] (0.69ns)   --->   "%icmp_ln88 = icmp eq i3 %j_0, -3" [pruned_mlp/mlp.cpp:88]   --->   Operation 90 'icmp' 'icmp_ln88' <Predicate = true> <Delay = 0.69> <Core = "Cmp">   --->   Core 25 'Cmp' <Latency = 0> <II = 1> <Delay = 0.87> <FuncUnit> <Opcode : 'icmp'> <InPorts = 2> <OutPorts = 1>
ST_2 : Operation 91 [1/1] (0.00ns)   --->   "%empty = call i32 (...)* @_ssdm_op_SpecLoopTripCount(i64 5, i64 5, i64 5)"   --->   Operation 91 'speclooptripcount' 'empty' <Predicate = true> <Delay = 0.00>
ST_2 : Operation 92 [1/1] (0.74ns)   --->   "%j = add i3 %j_0, 1" [pruned_mlp/mlp.cpp:88]   --->   Operation 92 'add' 'j' <Predicate = true> <Delay = 0.74> <Core = "AddSub">   --->   Core 14 'AddSub' <Latency = 0> <II = 1> <Delay = 1.06> <FuncUnit> <Opcode : 'add' 'sub'> <InPorts = 2> <OutPorts = 1>
ST_2 : Operation 93 [1/1] (0.00ns)   --->   "br i1 %icmp_ln88, label %.preheader276.preheader, label %0" [pruned_mlp/mlp.cpp:88]   --->   Operation 93 'br' <Predicate = true> <Delay = 0.00>
ST_2 : Operation 94 [1/1] (0.00ns)   --->   "%zext_ln89 = zext i3 %j_0 to i64" [pruned_mlp/mlp.cpp:89]   --->   Operation 94 'zext' 'zext_ln89' <Predicate = (!icmp_ln88)> <Delay = 0.00>
ST_2 : Operation 95 [1/1] (0.00ns)   --->   "%B1_V_addr = getelementptr [5 x i13]* @B1_V, i64 0, i64 %zext_ln89" [pruned_mlp/mlp.cpp:89]   --->   Operation 95 'getelementptr' 'B1_V_addr' <Predicate = (!icmp_ln88)> <Delay = 0.00>
ST_2 : Operation 96 [2/2] (1.35ns)   --->   "%acc_V = load i13* %B1_V_addr, align 2" [pruned_mlp/mlp.cpp:89]   --->   Operation 96 'load' 'acc_V' <Predicate = (!icmp_ln88)> <Delay = 1.35> <Core = "ROM_nP">   --->   Core 52 'ROM_nP' <Latency = 1> <II = 1> <Delay = 1.35> <Storage> <Opcode : 'load'> <Ports = 0> <Width = 16> <Depth = 80> <ROM>
ST_2 : Operation 97 [1/1] (0.75ns)   --->   "br label %.preheader276" [pruned_mlp/mlp.cpp:93]   --->   Operation 97 'br' <Predicate = (icmp_ln88)> <Delay = 0.75>

State 3 <SV = 2> <Delay = 1.35>
ST_3 : Operation 98 [1/1] (0.00ns)   --->   "call void (...)* @_ssdm_op_SpecLoopName([7 x i8]* @p_str8) nounwind" [pruned_mlp/mlp.cpp:89]   --->   Operation 98 'specloopname' <Predicate = true> <Delay = 0.00>
ST_3 : Operation 99 [1/2] (1.35ns)   --->   "%acc_V = load i13* %B1_V_addr, align 2" [pruned_mlp/mlp.cpp:89]   --->   Operation 99 'load' 'acc_V' <Predicate = true> <Delay = 1.35> <Core = "ROM_nP">   --->   Core 52 'ROM_nP' <Latency = 1> <II = 1> <Delay = 1.35> <Storage> <Opcode : 'load'> <Ports = 0> <Width = 16> <Depth = 80> <ROM>
ST_3 : Operation 100 [1/1] (0.00ns)   --->   "%zext_ln89_1 = zext i13 %acc_V to i20" [pruned_mlp/mlp.cpp:89]   --->   Operation 100 'zext' 'zext_ln89_1' <Predicate = true> <Delay = 0.00>
ST_3 : Operation 101 [1/1] (0.75ns)   --->   "br label %1" [pruned_mlp/mlp.cpp:68->pruned_mlp/mlp.cpp:89]   --->   Operation 101 'br' <Predicate = true> <Delay = 0.75>

State 4 <SV = 3> <Delay = 2.31>
ST_4 : Operation 102 [1/1] (0.00ns)   --->   "%p_Val2_1 = phi i20 [ %zext_ln89_1, %0 ], [ %acc_V_2, %_ZN13ap_fixed_baseILi41ELi13ELb1EL9ap_q_mode5EL9ap_o_mode3ELi0EEC1ILi20ELi6ELb1ELS0_5ELS1_3ELi0EEERKS_IXT_EXT0_EXT1_EXT2_EXT3_EXT4_EE.exit.i.i.i ]"   --->   Operation 102 'phi' 'p_Val2_1' <Predicate = true> <Delay = 0.00>
ST_4 : Operation 103 [1/1] (0.00ns)   --->   "%i_0_i = phi i10 [ 0, %0 ], [ %i, %_ZN13ap_fixed_baseILi41ELi13ELb1EL9ap_q_mode5EL9ap_o_mode3ELi0EEC1ILi20ELi6ELb1ELS0_5ELS1_3ELi0EEERKS_IXT_EXT0_EXT1_EXT2_EXT3_EXT4_EE.exit.i.i.i ]"   --->   Operation 103 'phi' 'i_0_i' <Predicate = true> <Delay = 0.00>
ST_4 : Operation 104 [1/1] (0.00ns)   --->   "%empty_15 = call i32 (...)* @_ssdm_op_SpecLoopTripCount(i64 784, i64 784, i64 784)"   --->   Operation 104 'speclooptripcount' 'empty_15' <Predicate = true> <Delay = 0.00>
ST_4 : Operation 105 [1/1] (0.85ns)   --->   "%icmp_ln68 = icmp eq i10 %i_0_i, -240" [pruned_mlp/mlp.cpp:68->pruned_mlp/mlp.cpp:89]   --->   Operation 105 'icmp' 'icmp_ln68' <Predicate = true> <Delay = 0.85> <Core = "Cmp">   --->   Core 25 'Cmp' <Latency = 0> <II = 1> <Delay = 0.87> <FuncUnit> <Opcode : 'icmp'> <InPorts = 2> <OutPorts = 1>
ST_4 : Operation 106 [1/1] (0.93ns)   --->   "%i = add i10 %i_0_i, 1" [pruned_mlp/mlp.cpp:68->pruned_mlp/mlp.cpp:89]   --->   Operation 106 'add' 'i' <Predicate = true> <Delay = 0.93> <Core = "AddSub">   --->   Core 14 'AddSub' <Latency = 0> <II = 1> <Delay = 1.06> <FuncUnit> <Opcode : 'add' 'sub'> <InPorts = 2> <OutPorts = 1>
ST_4 : Operation 107 [1/1] (0.00ns)   --->   "br i1 %icmp_ln68, label %neuron.2.exit, label %_ZN13ap_fixed_baseILi41ELi13ELb1EL9ap_q_mode5EL9ap_o_mode3ELi0EEC1ILi20ELi6ELb1ELS0_5ELS1_3ELi0EEERKS_IXT_EXT0_EXT1_EXT2_EXT3_EXT4_EE.exit.i.i.i" [pruned_mlp/mlp.cpp:68->pruned_mlp/mlp.cpp:89]   --->   Operation 107 'br' <Predicate = true> <Delay = 0.00>
ST_4 : Operation 108 [1/1] (0.00ns)   --->   "%zext_ln69 = zext i10 %i_0_i to i64" [pruned_mlp/mlp.cpp:69->pruned_mlp/mlp.cpp:89]   --->   Operation 108 'zext' 'zext_ln69' <Predicate = (!icmp_ln68)> <Delay = 0.00>
ST_4 : Operation 109 [1/1] (0.00ns)   --->   "%zext_ln1117_2 = zext i10 %i_0_i to i12" [pruned_mlp/mlp.cpp:69->pruned_mlp/mlp.cpp:89]   --->   Operation 109 'zext' 'zext_ln1117_2' <Predicate = (!icmp_ln68)> <Delay = 0.00>
ST_4 : Operation 110 [1/1] (0.96ns)   --->   "%add_ln1117_1 = add i12 %zext_ln1117_2, %phi_mul" [pruned_mlp/mlp.cpp:69->pruned_mlp/mlp.cpp:89]   --->   Operation 110 'add' 'add_ln1117_1' <Predicate = (!icmp_ln68)> <Delay = 0.96> <Core = "AddSub">   --->   Core 14 'AddSub' <Latency = 0> <II = 1> <Delay = 1.06> <FuncUnit> <Opcode : 'add' 'sub'> <InPorts = 2> <OutPorts = 1>
ST_4 : Operation 111 [1/1] (0.00ns)   --->   "%zext_ln1117_3 = zext i12 %add_ln1117_1 to i64" [pruned_mlp/mlp.cpp:69->pruned_mlp/mlp.cpp:89]   --->   Operation 111 'zext' 'zext_ln1117_3' <Predicate = (!icmp_ln68)> <Delay = 0.00>
ST_4 : Operation 112 [1/1] (0.00ns)   --->   "%W1_V_addr = getelementptr [3920 x i16]* @W1_V, i64 0, i64 %zext_ln1117_3" [pruned_mlp/mlp.cpp:69->pruned_mlp/mlp.cpp:89]   --->   Operation 112 'getelementptr' 'W1_V_addr' <Predicate = (!icmp_ln68)> <Delay = 0.00>
ST_4 : Operation 113 [1/1] (0.00ns)   --->   "%input_V_addr = getelementptr [784 x i20]* %input_V, i64 0, i64 %zext_ln69" [pruned_mlp/mlp.cpp:69->pruned_mlp/mlp.cpp:89]   --->   Operation 113 'getelementptr' 'input_V_addr' <Predicate = (!icmp_ln68)> <Delay = 0.00>
ST_4 : Operation 114 [2/2] (1.35ns)   --->   "%input_V_load = load i20* %input_V_addr, align 4" [pruned_mlp/mlp.cpp:69->pruned_mlp/mlp.cpp:89]   --->   Operation 114 'load' 'input_V_load' <Predicate = (!icmp_ln68)> <Delay = 1.35> <Core = "RAM">   --->   Core 37 'RAM' <Latency = 1> <II = 1> <Delay = 0.79> <Storage> <Opcode : 'load' 'store'> <Ports = 2> <Width = 32> <Depth = 10> <RAM>
ST_4 : Operation 115 [2/2] (1.35ns)   --->   "%W1_V_load = load i16* %W1_V_addr, align 2" [pruned_mlp/mlp.cpp:69->pruned_mlp/mlp.cpp:89]   --->   Operation 115 'load' 'W1_V_load' <Predicate = (!icmp_ln68)> <Delay = 1.35> <Core = "ROM_nP">   --->   Core 52 'ROM_nP' <Latency = 1> <II = 1> <Delay = 1.35> <Storage> <Opcode : 'load'> <Ports = 0> <Width = 16> <Depth = 80> <ROM>
ST_4 : Operation 116 [1/1] (0.00ns)   --->   "%empty_16 = trunc i20 %p_Val2_1 to i19" [pruned_mlp/mlp.cpp:89]   --->   Operation 116 'trunc' 'empty_16' <Predicate = (icmp_ln68)> <Delay = 0.00>
ST_4 : Operation 117 [1/1] (0.00ns)   --->   "%tmp_10 = call i1 @_ssdm_op_BitSelect.i1.i20.i32(i20 %p_Val2_1, i32 19)" [pruned_mlp/mlp.cpp:72->pruned_mlp/mlp.cpp:89]   --->   Operation 117 'bitselect' 'tmp_10' <Predicate = (icmp_ln68)> <Delay = 0.00>
ST_4 : Operation 118 [1/1] (0.43ns)   --->   "%p_Val2_s = select i1 %tmp_10, i19 0, i19 %empty_16" [pruned_mlp/mlp.cpp:72->pruned_mlp/mlp.cpp:89]   --->   Operation 118 'select' 'p_Val2_s' <Predicate = (icmp_ln68)> <Delay = 0.43> <Core = "Sel">   --->   Core 26 'Sel' <Latency = 0> <II = 1> <Delay = 0.43> <FuncUnit> <Opcode : 'select'> <InPorts = 3> <OutPorts = 1>
ST_4 : Operation 119 [1/1] (0.00ns)   --->   "%a1_V_addr = getelementptr [5 x i19]* %a1_V, i64 0, i64 %zext_ln89" [pruned_mlp/mlp.cpp:89]   --->   Operation 119 'getelementptr' 'a1_V_addr' <Predicate = (icmp_ln68)> <Delay = 0.00>
ST_4 : Operation 120 [1/1] (0.79ns)   --->   "store i19 %p_Val2_s, i19* %a1_V_addr, align 4" [pruned_mlp/mlp.cpp:89]   --->   Operation 120 'store' <Predicate = (icmp_ln68)> <Delay = 0.79> <Core = "RAM">   --->   Core 37 'RAM' <Latency = 1> <II = 1> <Delay = 0.79> <Storage> <Opcode : 'load' 'store'> <Ports = 2> <Width = 32> <Depth = 10> <RAM>
ST_4 : Operation 121 [1/1] (0.00ns)   --->   "br label %.preheader277" [pruned_mlp/mlp.cpp:88]   --->   Operation 121 'br' <Predicate = (icmp_ln68)> <Delay = 0.00>

State 5 <SV = 4> <Delay = 4.19>
ST_5 : Operation 122 [1/1] (0.00ns)   --->   "call void (...)* @_ssdm_op_SpecLoopName([11 x i8]* @p_str) nounwind" [pruned_mlp/mlp.cpp:68->pruned_mlp/mlp.cpp:89]   --->   Operation 122 'specloopname' <Predicate = true> <Delay = 0.00>
ST_5 : Operation 123 [1/2] (1.35ns)   --->   "%input_V_load = load i20* %input_V_addr, align 4" [pruned_mlp/mlp.cpp:69->pruned_mlp/mlp.cpp:89]   --->   Operation 123 'load' 'input_V_load' <Predicate = true> <Delay = 1.35> <Core = "RAM">   --->   Core 37 'RAM' <Latency = 1> <II = 1> <Delay = 0.79> <Storage> <Opcode : 'load' 'store'> <Ports = 2> <Width = 32> <Depth = 10> <RAM>
ST_5 : Operation 124 [1/1] (0.00ns)   --->   "%sext_ln1192 = sext i20 %input_V_load to i34" [pruned_mlp/mlp.cpp:69->pruned_mlp/mlp.cpp:89]   --->   Operation 124 'sext' 'sext_ln1192' <Predicate = true> <Delay = 0.00>
ST_5 : Operation 125 [1/2] (1.35ns)   --->   "%W1_V_load = load i16* %W1_V_addr, align 2" [pruned_mlp/mlp.cpp:69->pruned_mlp/mlp.cpp:89]   --->   Operation 125 'load' 'W1_V_load' <Predicate = true> <Delay = 1.35> <Core = "ROM_nP">   --->   Core 52 'ROM_nP' <Latency = 1> <II = 1> <Delay = 1.35> <Storage> <Opcode : 'load'> <Ports = 0> <Width = 16> <Depth = 80> <ROM>
ST_5 : Operation 126 [1/1] (0.00ns)   --->   "%sext_ln1192_1 = sext i16 %W1_V_load to i34" [pruned_mlp/mlp.cpp:69->pruned_mlp/mlp.cpp:89]   --->   Operation 126 'sext' 'sext_ln1192_1' <Predicate = true> <Delay = 0.00>
ST_5 : Operation 127 [1/1] (0.63ns) (grouped into DSP with root node ret_V)   --->   "%mul_ln1192 = mul i34 %sext_ln1192, %sext_ln1192_1" [pruned_mlp/mlp.cpp:69->pruned_mlp/mlp.cpp:89]   --->   Operation 127 'mul' 'mul_ln1192' <Predicate = true> <Delay = 0.63> <Core = "DSP48">   --->   Core 88 'DSP48' <Latency = 0> <II = 1> <Delay = 2.84> <IPBlock> <Opcode : 'mul' 'add' 'sub' 'select'> <InPorts = 2> <OutPorts = 1> <Sync> <CReg>
ST_5 : Operation 128 [1/1] (0.00ns)   --->   "%lhs_V = call i34 @_ssdm_op_BitConcatenate.i34.i20.i14(i20 %p_Val2_1, i14 0)" [pruned_mlp/mlp.cpp:69->pruned_mlp/mlp.cpp:89]   --->   Operation 128 'bitconcatenate' 'lhs_V' <Predicate = true> <Delay = 0.00>
ST_5 : Operation 129 [1/1] (2.20ns) (root node of the DSP)   --->   "%ret_V = add i34 %lhs_V, %mul_ln1192" [pruned_mlp/mlp.cpp:69->pruned_mlp/mlp.cpp:89]   --->   Operation 129 'add' 'ret_V' <Predicate = true> <Delay = 2.20> <Core = "DSP48">   --->   Core 88 'DSP48' <Latency = 0> <II = 1> <Delay = 2.84> <IPBlock> <Opcode : 'mul' 'add' 'sub' 'select'> <InPorts = 2> <OutPorts = 1> <Sync> <CReg>
ST_5 : Operation 130 [1/1] (0.00ns)   --->   "%acc_V_2 = call i20 @_ssdm_op_PartSelect.i20.i34.i32.i32(i34 %ret_V, i32 14, i32 33)" [pruned_mlp/mlp.cpp:69->pruned_mlp/mlp.cpp:89]   --->   Operation 130 'partselect' 'acc_V_2' <Predicate = true> <Delay = 0.00>
ST_5 : Operation 131 [1/1] (0.00ns)   --->   "br label %1" [pruned_mlp/mlp.cpp:68->pruned_mlp/mlp.cpp:89]   --->   Operation 131 'br' <Predicate = true> <Delay = 0.00>

State 6 <SV = 2> <Delay = 1.35>
ST_6 : Operation 132 [1/1] (0.00ns)   --->   "%j4_0 = phi i4 [ %j_1, %neuron.1.exit ], [ 0, %.preheader276.preheader ]"   --->   Operation 132 'phi' 'j4_0' <Predicate = true> <Delay = 0.00>
ST_6 : Operation 133 [1/1] (0.88ns)   --->   "%icmp_ln93 = icmp eq i4 %j4_0, -8" [pruned_mlp/mlp.cpp:93]   --->   Operation 133 'icmp' 'icmp_ln93' <Predicate = true> <Delay = 0.88> <Core = "Cmp">   --->   Core 25 'Cmp' <Latency = 0> <II = 1> <Delay = 0.87> <FuncUnit> <Opcode : 'icmp'> <InPorts = 2> <OutPorts = 1>
ST_6 : Operation 134 [1/1] (0.00ns)   --->   "%empty_17 = call i32 (...)* @_ssdm_op_SpecLoopTripCount(i64 8, i64 8, i64 8)"   --->   Operation 134 'speclooptripcount' 'empty_17' <Predicate = true> <Delay = 0.00>
ST_6 : Operation 135 [1/1] (0.86ns)   --->   "%j_1 = add i4 %j4_0, 1" [pruned_mlp/mlp.cpp:93]   --->   Operation 135 'add' 'j_1' <Predicate = true> <Delay = 0.86> <Core = "AddSub">   --->   Core 14 'AddSub' <Latency = 0> <II = 1> <Delay = 1.06> <FuncUnit> <Opcode : 'add' 'sub'> <InPorts = 2> <OutPorts = 1>
ST_6 : Operation 136 [1/1] (0.00ns)   --->   "br i1 %icmp_ln93, label %.preheader275.preheader, label %2" [pruned_mlp/mlp.cpp:93]   --->   Operation 136 'br' <Predicate = true> <Delay = 0.00>
ST_6 : Operation 137 [1/1] (0.00ns)   --->   "%zext_ln94 = zext i4 %j4_0 to i64" [pruned_mlp/mlp.cpp:94]   --->   Operation 137 'zext' 'zext_ln94' <Predicate = (!icmp_ln93)> <Delay = 0.00>
ST_6 : Operation 138 [1/1] (0.00ns)   --->   "%B2_V_addr = getelementptr [8 x i15]* @B2_V, i64 0, i64 %zext_ln94" [pruned_mlp/mlp.cpp:94]   --->   Operation 138 'getelementptr' 'B2_V_addr' <Predicate = (!icmp_ln93)> <Delay = 0.00>
ST_6 : Operation 139 [2/2] (1.35ns)   --->   "%acc_V_1 = load i15* %B2_V_addr, align 2" [pruned_mlp/mlp.cpp:94]   --->   Operation 139 'load' 'acc_V_1' <Predicate = (!icmp_ln93)> <Delay = 1.35> <Core = "ROM_nP">   --->   Core 52 'ROM_nP' <Latency = 1> <II = 1> <Delay = 1.35> <Storage> <Opcode : 'load'> <Ports = 0> <Width = 16> <Depth = 80> <ROM>
ST_6 : Operation 140 [1/1] (0.75ns)   --->   "br label %.preheader275" [pruned_mlp/mlp.cpp:98]   --->   Operation 140 'br' <Predicate = (icmp_ln93)> <Delay = 0.75>

State 7 <SV = 3> <Delay = 1.35>
ST_7 : Operation 141 [1/1] (0.00ns)   --->   "call void (...)* @_ssdm_op_SpecLoopName([7 x i8]* @p_str9) nounwind" [pruned_mlp/mlp.cpp:94]   --->   Operation 141 'specloopname' <Predicate = true> <Delay = 0.00>
ST_7 : Operation 142 [1/1] (0.00ns)   --->   "%zext_ln1117 = zext i4 %j4_0 to i7" [pruned_mlp/mlp.cpp:69->pruned_mlp/mlp.cpp:94]   --->   Operation 142 'zext' 'zext_ln1117' <Predicate = true> <Delay = 0.00>
ST_7 : Operation 143 [1/1] (0.00ns)   --->   "%tmp_7 = call i6 @_ssdm_op_BitConcatenate.i6.i4.i2(i4 %j4_0, i2 0)" [pruned_mlp/mlp.cpp:69->pruned_mlp/mlp.cpp:94]   --->   Operation 143 'bitconcatenate' 'tmp_7' <Predicate = true> <Delay = 0.00>
ST_7 : Operation 144 [1/1] (0.00ns)   --->   "%zext_ln1117_1 = zext i6 %tmp_7 to i7" [pruned_mlp/mlp.cpp:69->pruned_mlp/mlp.cpp:94]   --->   Operation 144 'zext' 'zext_ln1117_1' <Predicate = true> <Delay = 0.00>
ST_7 : Operation 145 [1/1] (0.88ns)   --->   "%add_ln1117 = add i7 %zext_ln1117, %zext_ln1117_1" [pruned_mlp/mlp.cpp:69->pruned_mlp/mlp.cpp:94]   --->   Operation 145 'add' 'add_ln1117' <Predicate = true> <Delay = 0.88> <Core = "AddSub">   --->   Core 14 'AddSub' <Latency = 0> <II = 1> <Delay = 1.06> <FuncUnit> <Opcode : 'add' 'sub'> <InPorts = 2> <OutPorts = 1>
ST_7 : Operation 146 [1/2] (1.35ns)   --->   "%acc_V_1 = load i15* %B2_V_addr, align 2" [pruned_mlp/mlp.cpp:94]   --->   Operation 146 'load' 'acc_V_1' <Predicate = true> <Delay = 1.35> <Core = "ROM_nP">   --->   Core 52 'ROM_nP' <Latency = 1> <II = 1> <Delay = 1.35> <Storage> <Opcode : 'load'> <Ports = 0> <Width = 16> <Depth = 80> <ROM>
ST_7 : Operation 147 [1/1] (0.00ns)   --->   "%sext_ln94 = sext i15 %acc_V_1 to i20" [pruned_mlp/mlp.cpp:94]   --->   Operation 147 'sext' 'sext_ln94' <Predicate = true> <Delay = 0.00>
ST_7 : Operation 148 [1/1] (0.75ns)   --->   "br label %3" [pruned_mlp/mlp.cpp:68->pruned_mlp/mlp.cpp:94]   --->   Operation 148 'br' <Predicate = true> <Delay = 0.75>

State 8 <SV = 4> <Delay = 2.24>
ST_8 : Operation 149 [1/1] (0.00ns)   --->   "%p_Val2_4 = phi i20 [ %sext_ln94, %2 ], [ %acc_V_4, %_ZN13ap_fixed_baseILi41ELi13ELb1EL9ap_q_mode5EL9ap_o_mode3ELi0EEC1ILi20ELi6ELb1ELS0_5ELS1_3ELi0EEERKS_IXT_EXT0_EXT1_EXT2_EXT3_EXT4_EE.exit.i.i.i23 ]"   --->   Operation 149 'phi' 'p_Val2_4' <Predicate = true> <Delay = 0.00>
ST_8 : Operation 150 [1/1] (0.00ns)   --->   "%i_0_i10 = phi i3 [ 0, %2 ], [ %i_1, %_ZN13ap_fixed_baseILi41ELi13ELb1EL9ap_q_mode5EL9ap_o_mode3ELi0EEC1ILi20ELi6ELb1ELS0_5ELS1_3ELi0EEERKS_IXT_EXT0_EXT1_EXT2_EXT3_EXT4_EE.exit.i.i.i23 ]"   --->   Operation 150 'phi' 'i_0_i10' <Predicate = true> <Delay = 0.00>
ST_8 : Operation 151 [1/1] (0.00ns)   --->   "%empty_18 = call i32 (...)* @_ssdm_op_SpecLoopTripCount(i64 5, i64 5, i64 5)"   --->   Operation 151 'speclooptripcount' 'empty_18' <Predicate = true> <Delay = 0.00>
ST_8 : Operation 152 [1/1] (0.69ns)   --->   "%icmp_ln68_1 = icmp eq i3 %i_0_i10, -3" [pruned_mlp/mlp.cpp:68->pruned_mlp/mlp.cpp:94]   --->   Operation 152 'icmp' 'icmp_ln68_1' <Predicate = true> <Delay = 0.69> <Core = "Cmp">   --->   Core 25 'Cmp' <Latency = 0> <II = 1> <Delay = 0.87> <FuncUnit> <Opcode : 'icmp'> <InPorts = 2> <OutPorts = 1>
ST_8 : Operation 153 [1/1] (0.74ns)   --->   "%i_1 = add i3 %i_0_i10, 1" [pruned_mlp/mlp.cpp:68->pruned_mlp/mlp.cpp:94]   --->   Operation 153 'add' 'i_1' <Predicate = true> <Delay = 0.74> <Core = "AddSub">   --->   Core 14 'AddSub' <Latency = 0> <II = 1> <Delay = 1.06> <FuncUnit> <Opcode : 'add' 'sub'> <InPorts = 2> <OutPorts = 1>
ST_8 : Operation 154 [1/1] (0.00ns)   --->   "br i1 %icmp_ln68_1, label %neuron.1.exit, label %_ZN13ap_fixed_baseILi41ELi13ELb1EL9ap_q_mode5EL9ap_o_mode3ELi0EEC1ILi20ELi6ELb1ELS0_5ELS1_3ELi0EEERKS_IXT_EXT0_EXT1_EXT2_EXT3_EXT4_EE.exit.i.i.i23" [pruned_mlp/mlp.cpp:68->pruned_mlp/mlp.cpp:94]   --->   Operation 154 'br' <Predicate = true> <Delay = 0.00>
ST_8 : Operation 155 [1/1] (0.00ns)   --->   "%zext_ln69_1 = zext i3 %i_0_i10 to i64" [pruned_mlp/mlp.cpp:69->pruned_mlp/mlp.cpp:94]   --->   Operation 155 'zext' 'zext_ln69_1' <Predicate = (!icmp_ln68_1)> <Delay = 0.00>
ST_8 : Operation 156 [1/1] (0.00ns)   --->   "%zext_ln1117_4 = zext i3 %i_0_i10 to i7" [pruned_mlp/mlp.cpp:69->pruned_mlp/mlp.cpp:94]   --->   Operation 156 'zext' 'zext_ln1117_4' <Predicate = (!icmp_ln68_1)> <Delay = 0.00>
ST_8 : Operation 157 [1/1] (0.89ns)   --->   "%add_ln1117_2 = add i7 %zext_ln1117_4, %add_ln1117" [pruned_mlp/mlp.cpp:69->pruned_mlp/mlp.cpp:94]   --->   Operation 157 'add' 'add_ln1117_2' <Predicate = (!icmp_ln68_1)> <Delay = 0.89> <Core = "AddSub">   --->   Core 14 'AddSub' <Latency = 0> <II = 1> <Delay = 1.06> <FuncUnit> <Opcode : 'add' 'sub'> <InPorts = 2> <OutPorts = 1>
ST_8 : Operation 158 [1/1] (0.00ns)   --->   "%zext_ln1117_5 = zext i7 %add_ln1117_2 to i64" [pruned_mlp/mlp.cpp:69->pruned_mlp/mlp.cpp:94]   --->   Operation 158 'zext' 'zext_ln1117_5' <Predicate = (!icmp_ln68_1)> <Delay = 0.00>
ST_8 : Operation 159 [1/1] (0.00ns)   --->   "%W2_V_addr = getelementptr [40 x i16]* @W2_V, i64 0, i64 %zext_ln1117_5" [pruned_mlp/mlp.cpp:69->pruned_mlp/mlp.cpp:94]   --->   Operation 159 'getelementptr' 'W2_V_addr' <Predicate = (!icmp_ln68_1)> <Delay = 0.00>
ST_8 : Operation 160 [1/1] (0.00ns)   --->   "%a1_V_addr_1 = getelementptr [5 x i19]* %a1_V, i64 0, i64 %zext_ln69_1" [pruned_mlp/mlp.cpp:69->pruned_mlp/mlp.cpp:94]   --->   Operation 160 'getelementptr' 'a1_V_addr_1' <Predicate = (!icmp_ln68_1)> <Delay = 0.00>
ST_8 : Operation 161 [2/2] (0.79ns)   --->   "%a1_V_load = load i19* %a1_V_addr_1, align 4" [pruned_mlp/mlp.cpp:69->pruned_mlp/mlp.cpp:94]   --->   Operation 161 'load' 'a1_V_load' <Predicate = (!icmp_ln68_1)> <Delay = 0.79> <Core = "RAM">   --->   Core 37 'RAM' <Latency = 1> <II = 1> <Delay = 0.79> <Storage> <Opcode : 'load' 'store'> <Ports = 2> <Width = 32> <Depth = 10> <RAM>
ST_8 : Operation 162 [2/2] (1.35ns)   --->   "%W2_V_load = load i16* %W2_V_addr, align 2" [pruned_mlp/mlp.cpp:69->pruned_mlp/mlp.cpp:94]   --->   Operation 162 'load' 'W2_V_load' <Predicate = (!icmp_ln68_1)> <Delay = 1.35> <Core = "ROM_nP">   --->   Core 52 'ROM_nP' <Latency = 1> <II = 1> <Delay = 1.35> <Storage> <Opcode : 'load'> <Ports = 0> <Width = 16> <Depth = 80> <ROM>
ST_8 : Operation 163 [1/1] (0.00ns)   --->   "%empty_19 = trunc i20 %p_Val2_4 to i19" [pruned_mlp/mlp.cpp:94]   --->   Operation 163 'trunc' 'empty_19' <Predicate = (icmp_ln68_1)> <Delay = 0.00>
ST_8 : Operation 164 [1/1] (0.00ns)   --->   "%tmp_11 = call i1 @_ssdm_op_BitSelect.i1.i20.i32(i20 %p_Val2_4, i32 19)" [pruned_mlp/mlp.cpp:72->pruned_mlp/mlp.cpp:94]   --->   Operation 164 'bitselect' 'tmp_11' <Predicate = (icmp_ln68_1)> <Delay = 0.00>
ST_8 : Operation 165 [1/1] (0.43ns)   --->   "%p_Val2_3 = select i1 %tmp_11, i19 0, i19 %empty_19" [pruned_mlp/mlp.cpp:72->pruned_mlp/mlp.cpp:94]   --->   Operation 165 'select' 'p_Val2_3' <Predicate = (icmp_ln68_1)> <Delay = 0.43> <Core = "Sel">   --->   Core 26 'Sel' <Latency = 0> <II = 1> <Delay = 0.43> <FuncUnit> <Opcode : 'select'> <InPorts = 3> <OutPorts = 1>
ST_8 : Operation 166 [1/1] (0.00ns)   --->   "%a2_V_addr = getelementptr [8 x i19]* %a2_V, i64 0, i64 %zext_ln94" [pruned_mlp/mlp.cpp:94]   --->   Operation 166 'getelementptr' 'a2_V_addr' <Predicate = (icmp_ln68_1)> <Delay = 0.00>
ST_8 : Operation 167 [1/1] (0.79ns)   --->   "store i19 %p_Val2_3, i19* %a2_V_addr, align 4" [pruned_mlp/mlp.cpp:94]   --->   Operation 167 'store' <Predicate = (icmp_ln68_1)> <Delay = 0.79> <Core = "RAM">   --->   Core 37 'RAM' <Latency = 1> <II = 1> <Delay = 0.79> <Storage> <Opcode : 'load' 'store'> <Ports = 2> <Width = 32> <Depth = 10> <RAM>
ST_8 : Operation 168 [1/1] (0.00ns)   --->   "br label %.preheader276" [pruned_mlp/mlp.cpp:93]   --->   Operation 168 'br' <Predicate = (icmp_ln68_1)> <Delay = 0.00>

State 9 <SV = 5> <Delay = 4.19>
ST_9 : Operation 169 [1/1] (0.00ns)   --->   "call void (...)* @_ssdm_op_SpecLoopName([11 x i8]* @p_str) nounwind" [pruned_mlp/mlp.cpp:68->pruned_mlp/mlp.cpp:94]   --->   Operation 169 'specloopname' <Predicate = true> <Delay = 0.00>
ST_9 : Operation 170 [1/2] (0.79ns)   --->   "%a1_V_load = load i19* %a1_V_addr_1, align 4" [pruned_mlp/mlp.cpp:69->pruned_mlp/mlp.cpp:94]   --->   Operation 170 'load' 'a1_V_load' <Predicate = true> <Delay = 0.79> <Core = "RAM">   --->   Core 37 'RAM' <Latency = 1> <II = 1> <Delay = 0.79> <Storage> <Opcode : 'load' 'store'> <Ports = 2> <Width = 32> <Depth = 10> <RAM>
ST_9 : Operation 171 [1/1] (0.00ns)   --->   "%zext_ln1192 = zext i19 %a1_V_load to i34" [pruned_mlp/mlp.cpp:69->pruned_mlp/mlp.cpp:94]   --->   Operation 171 'zext' 'zext_ln1192' <Predicate = true> <Delay = 0.00>
ST_9 : Operation 172 [1/2] (1.35ns)   --->   "%W2_V_load = load i16* %W2_V_addr, align 2" [pruned_mlp/mlp.cpp:69->pruned_mlp/mlp.cpp:94]   --->   Operation 172 'load' 'W2_V_load' <Predicate = true> <Delay = 1.35> <Core = "ROM_nP">   --->   Core 52 'ROM_nP' <Latency = 1> <II = 1> <Delay = 1.35> <Storage> <Opcode : 'load'> <Ports = 0> <Width = 16> <Depth = 80> <ROM>
ST_9 : Operation 173 [1/1] (0.00ns)   --->   "%sext_ln1192_2 = sext i16 %W2_V_load to i34" [pruned_mlp/mlp.cpp:69->pruned_mlp/mlp.cpp:94]   --->   Operation 173 'sext' 'sext_ln1192_2' <Predicate = true> <Delay = 0.00>
ST_9 : Operation 174 [1/1] (0.63ns) (grouped into DSP with root node ret_V_1)   --->   "%mul_ln1192_1 = mul i34 %zext_ln1192, %sext_ln1192_2" [pruned_mlp/mlp.cpp:69->pruned_mlp/mlp.cpp:94]   --->   Operation 174 'mul' 'mul_ln1192_1' <Predicate = true> <Delay = 0.63> <Core = "DSP48">   --->   Core 88 'DSP48' <Latency = 0> <II = 1> <Delay = 2.84> <IPBlock> <Opcode : 'mul' 'add' 'sub' 'select'> <InPorts = 2> <OutPorts = 1> <Sync> <CReg>
ST_9 : Operation 175 [1/1] (0.00ns)   --->   "%lhs_V_1 = call i34 @_ssdm_op_BitConcatenate.i34.i20.i14(i20 %p_Val2_4, i14 0)" [pruned_mlp/mlp.cpp:69->pruned_mlp/mlp.cpp:94]   --->   Operation 175 'bitconcatenate' 'lhs_V_1' <Predicate = true> <Delay = 0.00>
ST_9 : Operation 176 [1/1] (2.20ns) (root node of the DSP)   --->   "%ret_V_1 = add i34 %lhs_V_1, %mul_ln1192_1" [pruned_mlp/mlp.cpp:69->pruned_mlp/mlp.cpp:94]   --->   Operation 176 'add' 'ret_V_1' <Predicate = true> <Delay = 2.20> <Core = "DSP48">   --->   Core 88 'DSP48' <Latency = 0> <II = 1> <Delay = 2.84> <IPBlock> <Opcode : 'mul' 'add' 'sub' 'select'> <InPorts = 2> <OutPorts = 1> <Sync> <CReg>
ST_9 : Operation 177 [1/1] (0.00ns)   --->   "%acc_V_4 = call i20 @_ssdm_op_PartSelect.i20.i34.i32.i32(i34 %ret_V_1, i32 14, i32 33)" [pruned_mlp/mlp.cpp:69->pruned_mlp/mlp.cpp:94]   --->   Operation 177 'partselect' 'acc_V_4' <Predicate = true> <Delay = 0.00>
ST_9 : Operation 178 [1/1] (0.00ns)   --->   "br label %3" [pruned_mlp/mlp.cpp:68->pruned_mlp/mlp.cpp:94]   --->   Operation 178 'br' <Predicate = true> <Delay = 0.00>

State 10 <SV = 3> <Delay = 1.35>
ST_10 : Operation 179 [1/1] (0.00ns)   --->   "%j5_0 = phi i4 [ %j_2, %neuron.141.exit ], [ 0, %.preheader275.preheader ]"   --->   Operation 179 'phi' 'j5_0' <Predicate = true> <Delay = 0.00>
ST_10 : Operation 180 [1/1] (0.88ns)   --->   "%icmp_ln98 = icmp eq i4 %j5_0, -8" [pruned_mlp/mlp.cpp:98]   --->   Operation 180 'icmp' 'icmp_ln98' <Predicate = true> <Delay = 0.88> <Core = "Cmp">   --->   Core 25 'Cmp' <Latency = 0> <II = 1> <Delay = 0.87> <FuncUnit> <Opcode : 'icmp'> <InPorts = 2> <OutPorts = 1>
ST_10 : Operation 181 [1/1] (0.00ns)   --->   "%empty_20 = call i32 (...)* @_ssdm_op_SpecLoopTripCount(i64 8, i64 8, i64 8)"   --->   Operation 181 'speclooptripcount' 'empty_20' <Predicate = true> <Delay = 0.00>
ST_10 : Operation 182 [1/1] (0.86ns)   --->   "%j_2 = add i4 %j5_0, 1" [pruned_mlp/mlp.cpp:98]   --->   Operation 182 'add' 'j_2' <Predicate = true> <Delay = 0.86> <Core = "AddSub">   --->   Core 14 'AddSub' <Latency = 0> <II = 1> <Delay = 1.06> <FuncUnit> <Opcode : 'add' 'sub'> <InPorts = 2> <OutPorts = 1>
ST_10 : Operation 183 [1/1] (0.00ns)   --->   "br i1 %icmp_ln98, label %.preheader274.preheader, label %4" [pruned_mlp/mlp.cpp:98]   --->   Operation 183 'br' <Predicate = true> <Delay = 0.00>
ST_10 : Operation 184 [1/1] (0.00ns)   --->   "%zext_ln99 = zext i4 %j5_0 to i64" [pruned_mlp/mlp.cpp:99]   --->   Operation 184 'zext' 'zext_ln99' <Predicate = (!icmp_ln98)> <Delay = 0.00>
ST_10 : Operation 185 [1/1] (0.00ns)   --->   "%B3_V_addr = getelementptr [8 x i16]* @B3_V, i64 0, i64 %zext_ln99" [pruned_mlp/mlp.cpp:99]   --->   Operation 185 'getelementptr' 'B3_V_addr' <Predicate = (!icmp_ln98)> <Delay = 0.00>
ST_10 : Operation 186 [2/2] (1.35ns)   --->   "%acc_V_3 = load i16* %B3_V_addr, align 2" [pruned_mlp/mlp.cpp:99]   --->   Operation 186 'load' 'acc_V_3' <Predicate = (!icmp_ln98)> <Delay = 1.35> <Core = "ROM_nP">   --->   Core 52 'ROM_nP' <Latency = 1> <II = 1> <Delay = 1.35> <Storage> <Opcode : 'load'> <Ports = 0> <Width = 16> <Depth = 80> <ROM>
ST_10 : Operation 187 [1/1] (0.75ns)   --->   "br label %.preheader274" [pruned_mlp/mlp.cpp:103]   --->   Operation 187 'br' <Predicate = (icmp_ln98)> <Delay = 0.75>

State 11 <SV = 4> <Delay = 1.35>
ST_11 : Operation 188 [1/1] (0.00ns)   --->   "call void (...)* @_ssdm_op_SpecLoopName([7 x i8]* @p_str10) nounwind" [pruned_mlp/mlp.cpp:99]   --->   Operation 188 'specloopname' <Predicate = true> <Delay = 0.00>
ST_11 : Operation 189 [1/1] (0.00ns)   --->   "%tmp_8 = call i7 @_ssdm_op_BitConcatenate.i7.i4.i3(i4 %j5_0, i3 0)" [pruned_mlp/mlp.cpp:69->pruned_mlp/mlp.cpp:99]   --->   Operation 189 'bitconcatenate' 'tmp_8' <Predicate = true> <Delay = 0.00>
ST_11 : Operation 190 [1/1] (0.00ns)   --->   "%zext_ln99_1 = zext i7 %tmp_8 to i8" [pruned_mlp/mlp.cpp:99]   --->   Operation 190 'zext' 'zext_ln99_1' <Predicate = true> <Delay = 0.00>
ST_11 : Operation 191 [1/2] (1.35ns)   --->   "%acc_V_3 = load i16* %B3_V_addr, align 2" [pruned_mlp/mlp.cpp:99]   --->   Operation 191 'load' 'acc_V_3' <Predicate = true> <Delay = 1.35> <Core = "ROM_nP">   --->   Core 52 'ROM_nP' <Latency = 1> <II = 1> <Delay = 1.35> <Storage> <Opcode : 'load'> <Ports = 0> <Width = 16> <Depth = 80> <ROM>
ST_11 : Operation 192 [1/1] (0.00ns)   --->   "%sext_ln99 = sext i16 %acc_V_3 to i20" [pruned_mlp/mlp.cpp:99]   --->   Operation 192 'sext' 'sext_ln99' <Predicate = true> <Delay = 0.00>
ST_11 : Operation 193 [1/1] (0.75ns)   --->   "br label %5" [pruned_mlp/mlp.cpp:68->pruned_mlp/mlp.cpp:99]   --->   Operation 193 'br' <Predicate = true> <Delay = 0.75>

State 12 <SV = 5> <Delay = 2.24>
ST_12 : Operation 194 [1/1] (0.00ns)   --->   "%p_Val2_9 = phi i20 [ %sext_ln99, %4 ], [ %acc_V_6, %_ZN13ap_fixed_baseILi41ELi13ELb1EL9ap_q_mode5EL9ap_o_mode3ELi0EEC1ILi20ELi6ELb1ELS0_5ELS1_3ELi0EEERKS_IXT_EXT0_EXT1_EXT2_EXT3_EXT4_EE.exit.i.i.i39 ]"   --->   Operation 194 'phi' 'p_Val2_9' <Predicate = true> <Delay = 0.00>
ST_12 : Operation 195 [1/1] (0.00ns)   --->   "%i_0_i26 = phi i4 [ 0, %4 ], [ %i_2, %_ZN13ap_fixed_baseILi41ELi13ELb1EL9ap_q_mode5EL9ap_o_mode3ELi0EEC1ILi20ELi6ELb1ELS0_5ELS1_3ELi0EEERKS_IXT_EXT0_EXT1_EXT2_EXT3_EXT4_EE.exit.i.i.i39 ]"   --->   Operation 195 'phi' 'i_0_i26' <Predicate = true> <Delay = 0.00>
ST_12 : Operation 196 [1/1] (0.00ns)   --->   "%empty_21 = call i32 (...)* @_ssdm_op_SpecLoopTripCount(i64 8, i64 8, i64 8)"   --->   Operation 196 'speclooptripcount' 'empty_21' <Predicate = true> <Delay = 0.00>
ST_12 : Operation 197 [1/1] (0.88ns)   --->   "%icmp_ln68_2 = icmp eq i4 %i_0_i26, -8" [pruned_mlp/mlp.cpp:68->pruned_mlp/mlp.cpp:99]   --->   Operation 197 'icmp' 'icmp_ln68_2' <Predicate = true> <Delay = 0.88> <Core = "Cmp">   --->   Core 25 'Cmp' <Latency = 0> <II = 1> <Delay = 0.87> <FuncUnit> <Opcode : 'icmp'> <InPorts = 2> <OutPorts = 1>
ST_12 : Operation 198 [1/1] (0.86ns)   --->   "%i_2 = add i4 %i_0_i26, 1" [pruned_mlp/mlp.cpp:68->pruned_mlp/mlp.cpp:99]   --->   Operation 198 'add' 'i_2' <Predicate = true> <Delay = 0.86> <Core = "AddSub">   --->   Core 14 'AddSub' <Latency = 0> <II = 1> <Delay = 1.06> <FuncUnit> <Opcode : 'add' 'sub'> <InPorts = 2> <OutPorts = 1>
ST_12 : Operation 199 [1/1] (0.00ns)   --->   "br i1 %icmp_ln68_2, label %neuron.141.exit, label %_ZN13ap_fixed_baseILi41ELi13ELb1EL9ap_q_mode5EL9ap_o_mode3ELi0EEC1ILi20ELi6ELb1ELS0_5ELS1_3ELi0EEERKS_IXT_EXT0_EXT1_EXT2_EXT3_EXT4_EE.exit.i.i.i39" [pruned_mlp/mlp.cpp:68->pruned_mlp/mlp.cpp:99]   --->   Operation 199 'br' <Predicate = true> <Delay = 0.00>
ST_12 : Operation 200 [1/1] (0.00ns)   --->   "%zext_ln69_2 = zext i4 %i_0_i26 to i64" [pruned_mlp/mlp.cpp:69->pruned_mlp/mlp.cpp:99]   --->   Operation 200 'zext' 'zext_ln69_2' <Predicate = (!icmp_ln68_2)> <Delay = 0.00>
ST_12 : Operation 201 [1/1] (0.00ns)   --->   "%zext_ln1117_6 = zext i4 %i_0_i26 to i8" [pruned_mlp/mlp.cpp:69->pruned_mlp/mlp.cpp:99]   --->   Operation 201 'zext' 'zext_ln1117_6' <Predicate = (!icmp_ln68_2)> <Delay = 0.00>
ST_12 : Operation 202 [1/1] (0.89ns)   --->   "%add_ln1117_3 = add i8 %zext_ln1117_6, %zext_ln99_1" [pruned_mlp/mlp.cpp:69->pruned_mlp/mlp.cpp:99]   --->   Operation 202 'add' 'add_ln1117_3' <Predicate = (!icmp_ln68_2)> <Delay = 0.89> <Core = "AddSub">   --->   Core 14 'AddSub' <Latency = 0> <II = 1> <Delay = 1.06> <FuncUnit> <Opcode : 'add' 'sub'> <InPorts = 2> <OutPorts = 1>
ST_12 : Operation 203 [1/1] (0.00ns)   --->   "%zext_ln1117_7 = zext i8 %add_ln1117_3 to i64" [pruned_mlp/mlp.cpp:69->pruned_mlp/mlp.cpp:99]   --->   Operation 203 'zext' 'zext_ln1117_7' <Predicate = (!icmp_ln68_2)> <Delay = 0.00>
ST_12 : Operation 204 [1/1] (0.00ns)   --->   "%W3_V_addr = getelementptr [64 x i15]* @W3_V, i64 0, i64 %zext_ln1117_7" [pruned_mlp/mlp.cpp:69->pruned_mlp/mlp.cpp:99]   --->   Operation 204 'getelementptr' 'W3_V_addr' <Predicate = (!icmp_ln68_2)> <Delay = 0.00>
ST_12 : Operation 205 [1/1] (0.00ns)   --->   "%a2_V_addr_1 = getelementptr [8 x i19]* %a2_V, i64 0, i64 %zext_ln69_2" [pruned_mlp/mlp.cpp:69->pruned_mlp/mlp.cpp:99]   --->   Operation 205 'getelementptr' 'a2_V_addr_1' <Predicate = (!icmp_ln68_2)> <Delay = 0.00>
ST_12 : Operation 206 [2/2] (0.79ns)   --->   "%a2_V_load = load i19* %a2_V_addr_1, align 4" [pruned_mlp/mlp.cpp:69->pruned_mlp/mlp.cpp:99]   --->   Operation 206 'load' 'a2_V_load' <Predicate = (!icmp_ln68_2)> <Delay = 0.79> <Core = "RAM">   --->   Core 37 'RAM' <Latency = 1> <II = 1> <Delay = 0.79> <Storage> <Opcode : 'load' 'store'> <Ports = 2> <Width = 32> <Depth = 10> <RAM>
ST_12 : Operation 207 [2/2] (1.35ns)   --->   "%W3_V_load = load i15* %W3_V_addr, align 2" [pruned_mlp/mlp.cpp:69->pruned_mlp/mlp.cpp:99]   --->   Operation 207 'load' 'W3_V_load' <Predicate = (!icmp_ln68_2)> <Delay = 1.35> <Core = "ROM_nP">   --->   Core 52 'ROM_nP' <Latency = 1> <II = 1> <Delay = 1.35> <Storage> <Opcode : 'load'> <Ports = 0> <Width = 16> <Depth = 80> <ROM>
ST_12 : Operation 208 [1/1] (0.00ns)   --->   "%empty_22 = trunc i20 %p_Val2_9 to i19" [pruned_mlp/mlp.cpp:99]   --->   Operation 208 'trunc' 'empty_22' <Predicate = (icmp_ln68_2)> <Delay = 0.00>
ST_12 : Operation 209 [1/1] (0.00ns)   --->   "%tmp_16 = call i1 @_ssdm_op_BitSelect.i1.i20.i32(i20 %p_Val2_9, i32 19)" [pruned_mlp/mlp.cpp:72->pruned_mlp/mlp.cpp:99]   --->   Operation 209 'bitselect' 'tmp_16' <Predicate = (icmp_ln68_2)> <Delay = 0.00>
ST_12 : Operation 210 [1/1] (0.43ns)   --->   "%p_Val2_10 = select i1 %tmp_16, i19 0, i19 %empty_22" [pruned_mlp/mlp.cpp:72->pruned_mlp/mlp.cpp:99]   --->   Operation 210 'select' 'p_Val2_10' <Predicate = (icmp_ln68_2)> <Delay = 0.43> <Core = "Sel">   --->   Core 26 'Sel' <Latency = 0> <II = 1> <Delay = 0.43> <FuncUnit> <Opcode : 'select'> <InPorts = 3> <OutPorts = 1>
ST_12 : Operation 211 [1/1] (0.00ns)   --->   "%a3_V_addr = getelementptr [8 x i19]* %a3_V, i64 0, i64 %zext_ln99" [pruned_mlp/mlp.cpp:99]   --->   Operation 211 'getelementptr' 'a3_V_addr' <Predicate = (icmp_ln68_2)> <Delay = 0.00>
ST_12 : Operation 212 [1/1] (0.79ns)   --->   "store i19 %p_Val2_10, i19* %a3_V_addr, align 4" [pruned_mlp/mlp.cpp:99]   --->   Operation 212 'store' <Predicate = (icmp_ln68_2)> <Delay = 0.79> <Core = "RAM">   --->   Core 37 'RAM' <Latency = 1> <II = 1> <Delay = 0.79> <Storage> <Opcode : 'load' 'store'> <Ports = 2> <Width = 32> <Depth = 10> <RAM>
ST_12 : Operation 213 [1/1] (0.00ns)   --->   "br label %.preheader275" [pruned_mlp/mlp.cpp:98]   --->   Operation 213 'br' <Predicate = (icmp_ln68_2)> <Delay = 0.00>

State 13 <SV = 6> <Delay = 4.19>
ST_13 : Operation 214 [1/1] (0.00ns)   --->   "call void (...)* @_ssdm_op_SpecLoopName([11 x i8]* @p_str) nounwind" [pruned_mlp/mlp.cpp:68->pruned_mlp/mlp.cpp:99]   --->   Operation 214 'specloopname' <Predicate = true> <Delay = 0.00>
ST_13 : Operation 215 [1/2] (0.79ns)   --->   "%a2_V_load = load i19* %a2_V_addr_1, align 4" [pruned_mlp/mlp.cpp:69->pruned_mlp/mlp.cpp:99]   --->   Operation 215 'load' 'a2_V_load' <Predicate = true> <Delay = 0.79> <Core = "RAM">   --->   Core 37 'RAM' <Latency = 1> <II = 1> <Delay = 0.79> <Storage> <Opcode : 'load' 'store'> <Ports = 2> <Width = 32> <Depth = 10> <RAM>
ST_13 : Operation 216 [1/1] (0.00ns)   --->   "%zext_ln1192_1 = zext i19 %a2_V_load to i34" [pruned_mlp/mlp.cpp:69->pruned_mlp/mlp.cpp:99]   --->   Operation 216 'zext' 'zext_ln1192_1' <Predicate = true> <Delay = 0.00>
ST_13 : Operation 217 [1/2] (1.35ns)   --->   "%W3_V_load = load i15* %W3_V_addr, align 2" [pruned_mlp/mlp.cpp:69->pruned_mlp/mlp.cpp:99]   --->   Operation 217 'load' 'W3_V_load' <Predicate = true> <Delay = 1.35> <Core = "ROM_nP">   --->   Core 52 'ROM_nP' <Latency = 1> <II = 1> <Delay = 1.35> <Storage> <Opcode : 'load'> <Ports = 0> <Width = 16> <Depth = 80> <ROM>
ST_13 : Operation 218 [1/1] (0.00ns)   --->   "%sext_ln1192_3 = sext i15 %W3_V_load to i34" [pruned_mlp/mlp.cpp:69->pruned_mlp/mlp.cpp:99]   --->   Operation 218 'sext' 'sext_ln1192_3' <Predicate = true> <Delay = 0.00>
ST_13 : Operation 219 [1/1] (0.63ns) (grouped into DSP with root node ret_V_2)   --->   "%mul_ln1192_2 = mul i34 %zext_ln1192_1, %sext_ln1192_3" [pruned_mlp/mlp.cpp:69->pruned_mlp/mlp.cpp:99]   --->   Operation 219 'mul' 'mul_ln1192_2' <Predicate = true> <Delay = 0.63> <Core = "DSP48">   --->   Core 88 'DSP48' <Latency = 0> <II = 1> <Delay = 2.84> <IPBlock> <Opcode : 'mul' 'add' 'sub' 'select'> <InPorts = 2> <OutPorts = 1> <Sync> <CReg>
ST_13 : Operation 220 [1/1] (0.00ns)   --->   "%lhs_V_2 = call i34 @_ssdm_op_BitConcatenate.i34.i20.i14(i20 %p_Val2_9, i14 0)" [pruned_mlp/mlp.cpp:69->pruned_mlp/mlp.cpp:99]   --->   Operation 220 'bitconcatenate' 'lhs_V_2' <Predicate = true> <Delay = 0.00>
ST_13 : Operation 221 [1/1] (2.20ns) (root node of the DSP)   --->   "%ret_V_2 = add i34 %lhs_V_2, %mul_ln1192_2" [pruned_mlp/mlp.cpp:69->pruned_mlp/mlp.cpp:99]   --->   Operation 221 'add' 'ret_V_2' <Predicate = true> <Delay = 2.20> <Core = "DSP48">   --->   Core 88 'DSP48' <Latency = 0> <II = 1> <Delay = 2.84> <IPBlock> <Opcode : 'mul' 'add' 'sub' 'select'> <InPorts = 2> <OutPorts = 1> <Sync> <CReg>
ST_13 : Operation 222 [1/1] (0.00ns)   --->   "%acc_V_6 = call i20 @_ssdm_op_PartSelect.i20.i34.i32.i32(i34 %ret_V_2, i32 14, i32 33)" [pruned_mlp/mlp.cpp:69->pruned_mlp/mlp.cpp:99]   --->   Operation 222 'partselect' 'acc_V_6' <Predicate = true> <Delay = 0.00>
ST_13 : Operation 223 [1/1] (0.00ns)   --->   "br label %5" [pruned_mlp/mlp.cpp:68->pruned_mlp/mlp.cpp:99]   --->   Operation 223 'br' <Predicate = true> <Delay = 0.00>

State 14 <SV = 4> <Delay = 1.35>
ST_14 : Operation 224 [1/1] (0.00ns)   --->   "%j6_0 = phi i4 [ %j_3, %neuron.exit ], [ 0, %.preheader274.preheader ]"   --->   Operation 224 'phi' 'j6_0' <Predicate = true> <Delay = 0.00>
ST_14 : Operation 225 [1/1] (0.88ns)   --->   "%icmp_ln103 = icmp eq i4 %j6_0, -6" [pruned_mlp/mlp.cpp:103]   --->   Operation 225 'icmp' 'icmp_ln103' <Predicate = true> <Delay = 0.88> <Core = "Cmp">   --->   Core 25 'Cmp' <Latency = 0> <II = 1> <Delay = 0.87> <FuncUnit> <Opcode : 'icmp'> <InPorts = 2> <OutPorts = 1>
ST_14 : Operation 226 [1/1] (0.00ns)   --->   "%empty_23 = call i32 (...)* @_ssdm_op_SpecLoopTripCount(i64 10, i64 10, i64 10)"   --->   Operation 226 'speclooptripcount' 'empty_23' <Predicate = true> <Delay = 0.00>
ST_14 : Operation 227 [1/1] (0.86ns)   --->   "%j_3 = add i4 %j6_0, 1" [pruned_mlp/mlp.cpp:103]   --->   Operation 227 'add' 'j_3' <Predicate = true> <Delay = 0.86> <Core = "AddSub">   --->   Core 14 'AddSub' <Latency = 0> <II = 1> <Delay = 1.06> <FuncUnit> <Opcode : 'add' 'sub'> <InPorts = 2> <OutPorts = 1>
ST_14 : Operation 228 [1/1] (0.00ns)   --->   "br i1 %icmp_ln103, label %_ifconv1, label %6" [pruned_mlp/mlp.cpp:103]   --->   Operation 228 'br' <Predicate = true> <Delay = 0.00>
ST_14 : Operation 229 [1/1] (0.00ns)   --->   "%zext_ln104 = zext i4 %j6_0 to i64" [pruned_mlp/mlp.cpp:104]   --->   Operation 229 'zext' 'zext_ln104' <Predicate = (!icmp_ln103)> <Delay = 0.00>
ST_14 : Operation 230 [1/1] (0.00ns)   --->   "%B4_V_addr = getelementptr [10 x i16]* @B4_V, i64 0, i64 %zext_ln104" [pruned_mlp/mlp.cpp:104]   --->   Operation 230 'getelementptr' 'B4_V_addr' <Predicate = (!icmp_ln103)> <Delay = 0.00>
ST_14 : Operation 231 [2/2] (1.35ns)   --->   "%acc_V_5 = load i16* %B4_V_addr, align 2" [pruned_mlp/mlp.cpp:104]   --->   Operation 231 'load' 'acc_V_5' <Predicate = (!icmp_ln103)> <Delay = 1.35> <Core = "ROM_nP">   --->   Core 52 'ROM_nP' <Latency = 1> <II = 1> <Delay = 1.35> <Storage> <Opcode : 'load'> <Ports = 0> <Width = 16> <Depth = 80> <ROM>
ST_14 : Operation 232 [1/1] (0.00ns)   --->   "%z4_V_addr = getelementptr [10 x i20]* %z4_V, i64 0, i64 0" [pruned_mlp/mlp.cpp:108]   --->   Operation 232 'getelementptr' 'z4_V_addr' <Predicate = (icmp_ln103)> <Delay = 0.00>
ST_14 : Operation 233 [2/2] (0.79ns)   --->   "%tmp_V_9 = load i20* %z4_V_addr, align 16" [pruned_mlp/mlp.cpp:108]   --->   Operation 233 'load' 'tmp_V_9' <Predicate = (icmp_ln103)> <Delay = 0.79> <Core = "RAM">   --->   Core 37 'RAM' <Latency = 1> <II = 1> <Delay = 0.79> <Storage> <Opcode : 'load' 'store'> <Ports = 2> <Width = 32> <Depth = 10> <RAM>

State 15 <SV = 5> <Delay = 1.35>
ST_15 : Operation 234 [1/1] (0.00ns)   --->   "call void (...)* @_ssdm_op_SpecLoopName([7 x i8]* @p_str11) nounwind" [pruned_mlp/mlp.cpp:104]   --->   Operation 234 'specloopname' <Predicate = true> <Delay = 0.00>
ST_15 : Operation 235 [1/1] (0.00ns)   --->   "%tmp_9 = call i7 @_ssdm_op_BitConcatenate.i7.i4.i3(i4 %j6_0, i3 0)" [pruned_mlp/mlp.cpp:69->pruned_mlp/mlp.cpp:104]   --->   Operation 235 'bitconcatenate' 'tmp_9' <Predicate = true> <Delay = 0.00>
ST_15 : Operation 236 [1/1] (0.00ns)   --->   "%zext_ln104_1 = zext i7 %tmp_9 to i8" [pruned_mlp/mlp.cpp:104]   --->   Operation 236 'zext' 'zext_ln104_1' <Predicate = true> <Delay = 0.00>
ST_15 : Operation 237 [1/2] (1.35ns)   --->   "%acc_V_5 = load i16* %B4_V_addr, align 2" [pruned_mlp/mlp.cpp:104]   --->   Operation 237 'load' 'acc_V_5' <Predicate = true> <Delay = 1.35> <Core = "ROM_nP">   --->   Core 52 'ROM_nP' <Latency = 1> <II = 1> <Delay = 1.35> <Storage> <Opcode : 'load'> <Ports = 0> <Width = 16> <Depth = 80> <ROM>
ST_15 : Operation 238 [1/1] (0.00ns)   --->   "%sext_ln104 = sext i16 %acc_V_5 to i20" [pruned_mlp/mlp.cpp:104]   --->   Operation 238 'sext' 'sext_ln104' <Predicate = true> <Delay = 0.00>
ST_15 : Operation 239 [1/1] (0.75ns)   --->   "br label %7" [pruned_mlp/mlp.cpp:68->pruned_mlp/mlp.cpp:104]   --->   Operation 239 'br' <Predicate = true> <Delay = 0.75>

State 16 <SV = 6> <Delay = 2.24>
ST_16 : Operation 240 [1/1] (0.00ns)   --->   "%p_Val2_14 = phi i20 [ %sext_ln104, %6 ], [ %acc_V_7, %_ZN13ap_fixed_baseILi41ELi13ELb1EL9ap_q_mode5EL9ap_o_mode3ELi0EEC1ILi20ELi6ELb1ELS0_5ELS1_3ELi0EEERKS_IXT_EXT0_EXT1_EXT2_EXT3_EXT4_EE.exit.i.i.i55 ]"   --->   Operation 240 'phi' 'p_Val2_14' <Predicate = true> <Delay = 0.00>
ST_16 : Operation 241 [1/1] (0.00ns)   --->   "%i_0_i42 = phi i4 [ 0, %6 ], [ %i_3, %_ZN13ap_fixed_baseILi41ELi13ELb1EL9ap_q_mode5EL9ap_o_mode3ELi0EEC1ILi20ELi6ELb1ELS0_5ELS1_3ELi0EEERKS_IXT_EXT0_EXT1_EXT2_EXT3_EXT4_EE.exit.i.i.i55 ]"   --->   Operation 241 'phi' 'i_0_i42' <Predicate = true> <Delay = 0.00>
ST_16 : Operation 242 [1/1] (0.00ns)   --->   "%empty_24 = call i32 (...)* @_ssdm_op_SpecLoopTripCount(i64 8, i64 8, i64 8)"   --->   Operation 242 'speclooptripcount' 'empty_24' <Predicate = true> <Delay = 0.00>
ST_16 : Operation 243 [1/1] (0.88ns)   --->   "%icmp_ln68_3 = icmp eq i4 %i_0_i42, -8" [pruned_mlp/mlp.cpp:68->pruned_mlp/mlp.cpp:104]   --->   Operation 243 'icmp' 'icmp_ln68_3' <Predicate = true> <Delay = 0.88> <Core = "Cmp">   --->   Core 25 'Cmp' <Latency = 0> <II = 1> <Delay = 0.87> <FuncUnit> <Opcode : 'icmp'> <InPorts = 2> <OutPorts = 1>
ST_16 : Operation 244 [1/1] (0.86ns)   --->   "%i_3 = add i4 %i_0_i42, 1" [pruned_mlp/mlp.cpp:68->pruned_mlp/mlp.cpp:104]   --->   Operation 244 'add' 'i_3' <Predicate = true> <Delay = 0.86> <Core = "AddSub">   --->   Core 14 'AddSub' <Latency = 0> <II = 1> <Delay = 1.06> <FuncUnit> <Opcode : 'add' 'sub'> <InPorts = 2> <OutPorts = 1>
ST_16 : Operation 245 [1/1] (0.00ns)   --->   "br i1 %icmp_ln68_3, label %neuron.exit, label %_ZN13ap_fixed_baseILi41ELi13ELb1EL9ap_q_mode5EL9ap_o_mode3ELi0EEC1ILi20ELi6ELb1ELS0_5ELS1_3ELi0EEERKS_IXT_EXT0_EXT1_EXT2_EXT3_EXT4_EE.exit.i.i.i55" [pruned_mlp/mlp.cpp:68->pruned_mlp/mlp.cpp:104]   --->   Operation 245 'br' <Predicate = true> <Delay = 0.00>
ST_16 : Operation 246 [1/1] (0.00ns)   --->   "%zext_ln69_3 = zext i4 %i_0_i42 to i64" [pruned_mlp/mlp.cpp:69->pruned_mlp/mlp.cpp:104]   --->   Operation 246 'zext' 'zext_ln69_3' <Predicate = (!icmp_ln68_3)> <Delay = 0.00>
ST_16 : Operation 247 [1/1] (0.00ns)   --->   "%zext_ln1117_8 = zext i4 %i_0_i42 to i8" [pruned_mlp/mlp.cpp:69->pruned_mlp/mlp.cpp:104]   --->   Operation 247 'zext' 'zext_ln1117_8' <Predicate = (!icmp_ln68_3)> <Delay = 0.00>
ST_16 : Operation 248 [1/1] (0.89ns)   --->   "%add_ln1117_4 = add i8 %zext_ln1117_8, %zext_ln104_1" [pruned_mlp/mlp.cpp:69->pruned_mlp/mlp.cpp:104]   --->   Operation 248 'add' 'add_ln1117_4' <Predicate = (!icmp_ln68_3)> <Delay = 0.89> <Core = "AddSub">   --->   Core 14 'AddSub' <Latency = 0> <II = 1> <Delay = 1.06> <FuncUnit> <Opcode : 'add' 'sub'> <InPorts = 2> <OutPorts = 1>
ST_16 : Operation 249 [1/1] (0.00ns)   --->   "%zext_ln1117_9 = zext i8 %add_ln1117_4 to i64" [pruned_mlp/mlp.cpp:69->pruned_mlp/mlp.cpp:104]   --->   Operation 249 'zext' 'zext_ln1117_9' <Predicate = (!icmp_ln68_3)> <Delay = 0.00>
ST_16 : Operation 250 [1/1] (0.00ns)   --->   "%W4_V_addr = getelementptr [80 x i16]* @W4_V, i64 0, i64 %zext_ln1117_9" [pruned_mlp/mlp.cpp:69->pruned_mlp/mlp.cpp:104]   --->   Operation 250 'getelementptr' 'W4_V_addr' <Predicate = (!icmp_ln68_3)> <Delay = 0.00>
ST_16 : Operation 251 [1/1] (0.00ns)   --->   "%a3_V_addr_1 = getelementptr [8 x i19]* %a3_V, i64 0, i64 %zext_ln69_3" [pruned_mlp/mlp.cpp:69->pruned_mlp/mlp.cpp:104]   --->   Operation 251 'getelementptr' 'a3_V_addr_1' <Predicate = (!icmp_ln68_3)> <Delay = 0.00>
ST_16 : Operation 252 [2/2] (0.79ns)   --->   "%a3_V_load = load i19* %a3_V_addr_1, align 4" [pruned_mlp/mlp.cpp:69->pruned_mlp/mlp.cpp:104]   --->   Operation 252 'load' 'a3_V_load' <Predicate = (!icmp_ln68_3)> <Delay = 0.79> <Core = "RAM">   --->   Core 37 'RAM' <Latency = 1> <II = 1> <Delay = 0.79> <Storage> <Opcode : 'load' 'store'> <Ports = 2> <Width = 32> <Depth = 10> <RAM>
ST_16 : Operation 253 [2/2] (1.35ns)   --->   "%W4_V_load = load i16* %W4_V_addr, align 2" [pruned_mlp/mlp.cpp:69->pruned_mlp/mlp.cpp:104]   --->   Operation 253 'load' 'W4_V_load' <Predicate = (!icmp_ln68_3)> <Delay = 1.35> <Core = "ROM_nP">   --->   Core 52 'ROM_nP' <Latency = 1> <II = 1> <Delay = 1.35> <Storage> <Opcode : 'load'> <Ports = 0> <Width = 16> <Depth = 80> <ROM>
ST_16 : Operation 254 [1/1] (0.00ns)   --->   "%z4_V_addr_1 = getelementptr [10 x i20]* %z4_V, i64 0, i64 %zext_ln104" [pruned_mlp/mlp.cpp:104]   --->   Operation 254 'getelementptr' 'z4_V_addr_1' <Predicate = (icmp_ln68_3)> <Delay = 0.00>
ST_16 : Operation 255 [1/1] (0.79ns)   --->   "store i20 %p_Val2_14, i20* %z4_V_addr_1, align 4" [pruned_mlp/mlp.cpp:104]   --->   Operation 255 'store' <Predicate = (icmp_ln68_3)> <Delay = 0.79> <Core = "RAM">   --->   Core 37 'RAM' <Latency = 1> <II = 1> <Delay = 0.79> <Storage> <Opcode : 'load' 'store'> <Ports = 2> <Width = 32> <Depth = 10> <RAM>
ST_16 : Operation 256 [1/1] (0.00ns)   --->   "br label %.preheader274" [pruned_mlp/mlp.cpp:103]   --->   Operation 256 'br' <Predicate = (icmp_ln68_3)> <Delay = 0.00>

State 17 <SV = 7> <Delay = 4.19>
ST_17 : Operation 257 [1/1] (0.00ns)   --->   "call void (...)* @_ssdm_op_SpecLoopName([11 x i8]* @p_str) nounwind" [pruned_mlp/mlp.cpp:68->pruned_mlp/mlp.cpp:104]   --->   Operation 257 'specloopname' <Predicate = true> <Delay = 0.00>
ST_17 : Operation 258 [1/2] (0.79ns)   --->   "%a3_V_load = load i19* %a3_V_addr_1, align 4" [pruned_mlp/mlp.cpp:69->pruned_mlp/mlp.cpp:104]   --->   Operation 258 'load' 'a3_V_load' <Predicate = true> <Delay = 0.79> <Core = "RAM">   --->   Core 37 'RAM' <Latency = 1> <II = 1> <Delay = 0.79> <Storage> <Opcode : 'load' 'store'> <Ports = 2> <Width = 32> <Depth = 10> <RAM>
ST_17 : Operation 259 [1/1] (0.00ns)   --->   "%zext_ln1192_2 = zext i19 %a3_V_load to i34" [pruned_mlp/mlp.cpp:69->pruned_mlp/mlp.cpp:104]   --->   Operation 259 'zext' 'zext_ln1192_2' <Predicate = true> <Delay = 0.00>
ST_17 : Operation 260 [1/2] (1.35ns)   --->   "%W4_V_load = load i16* %W4_V_addr, align 2" [pruned_mlp/mlp.cpp:69->pruned_mlp/mlp.cpp:104]   --->   Operation 260 'load' 'W4_V_load' <Predicate = true> <Delay = 1.35> <Core = "ROM_nP">   --->   Core 52 'ROM_nP' <Latency = 1> <II = 1> <Delay = 1.35> <Storage> <Opcode : 'load'> <Ports = 0> <Width = 16> <Depth = 80> <ROM>
ST_17 : Operation 261 [1/1] (0.00ns)   --->   "%sext_ln1192_4 = sext i16 %W4_V_load to i34" [pruned_mlp/mlp.cpp:69->pruned_mlp/mlp.cpp:104]   --->   Operation 261 'sext' 'sext_ln1192_4' <Predicate = true> <Delay = 0.00>
ST_17 : Operation 262 [1/1] (0.63ns) (grouped into DSP with root node ret_V_3)   --->   "%mul_ln1192_3 = mul i34 %zext_ln1192_2, %sext_ln1192_4" [pruned_mlp/mlp.cpp:69->pruned_mlp/mlp.cpp:104]   --->   Operation 262 'mul' 'mul_ln1192_3' <Predicate = true> <Delay = 0.63> <Core = "DSP48">   --->   Core 88 'DSP48' <Latency = 0> <II = 1> <Delay = 2.84> <IPBlock> <Opcode : 'mul' 'add' 'sub' 'select'> <InPorts = 2> <OutPorts = 1> <Sync> <CReg>
ST_17 : Operation 263 [1/1] (0.00ns)   --->   "%lhs_V_3 = call i34 @_ssdm_op_BitConcatenate.i34.i20.i14(i20 %p_Val2_14, i14 0)" [pruned_mlp/mlp.cpp:69->pruned_mlp/mlp.cpp:104]   --->   Operation 263 'bitconcatenate' 'lhs_V_3' <Predicate = true> <Delay = 0.00>
ST_17 : Operation 264 [1/1] (2.20ns) (root node of the DSP)   --->   "%ret_V_3 = add i34 %lhs_V_3, %mul_ln1192_3" [pruned_mlp/mlp.cpp:69->pruned_mlp/mlp.cpp:104]   --->   Operation 264 'add' 'ret_V_3' <Predicate = true> <Delay = 2.20> <Core = "DSP48">   --->   Core 88 'DSP48' <Latency = 0> <II = 1> <Delay = 2.84> <IPBlock> <Opcode : 'mul' 'add' 'sub' 'select'> <InPorts = 2> <OutPorts = 1> <Sync> <CReg>
ST_17 : Operation 265 [1/1] (0.00ns)   --->   "%acc_V_7 = call i20 @_ssdm_op_PartSelect.i20.i34.i32.i32(i34 %ret_V_3, i32 14, i32 33)" [pruned_mlp/mlp.cpp:69->pruned_mlp/mlp.cpp:104]   --->   Operation 265 'partselect' 'acc_V_7' <Predicate = true> <Delay = 0.00>
ST_17 : Operation 266 [1/1] (0.00ns)   --->   "br label %7" [pruned_mlp/mlp.cpp:68->pruned_mlp/mlp.cpp:104]   --->   Operation 266 'br' <Predicate = true> <Delay = 0.00>

State 18 <SV = 5> <Delay = 0.79>
ST_18 : Operation 267 [1/2] (0.79ns)   --->   "%tmp_V_9 = load i20* %z4_V_addr, align 16" [pruned_mlp/mlp.cpp:108]   --->   Operation 267 'load' 'tmp_V_9' <Predicate = true> <Delay = 0.79> <Core = "RAM">   --->   Core 37 'RAM' <Latency = 1> <II = 1> <Delay = 0.79> <Storage> <Opcode : 'load' 'store'> <Ports = 2> <Width = 32> <Depth = 10> <RAM>
ST_18 : Operation 268 [1/1] (0.00ns)   --->   "%p_Result_21 = call i1 @_ssdm_op_BitSelect.i1.i20.i32(i20 %tmp_V_9, i32 19)" [pruned_mlp/mlp.cpp:108]   --->   Operation 268 'bitselect' 'p_Result_21' <Predicate = true> <Delay = 0.00>

State 19 <SV = 6> <Delay = 3.99>
ST_19 : Operation 269 [1/1] (0.92ns)   --->   "%icmp_ln935 = icmp eq i20 %tmp_V_9, 0" [pruned_mlp/mlp.cpp:108]   --->   Operation 269 'icmp' 'icmp_ln935' <Predicate = true> <Delay = 0.92> <Core = "Cmp">   --->   Core 25 'Cmp' <Latency = 0> <II = 1> <Delay = 0.87> <FuncUnit> <Opcode : 'icmp'> <InPorts = 2> <OutPorts = 1>
ST_19 : Operation 270 [1/1] (1.06ns)   --->   "%tmp_V = sub i20 0, %tmp_V_9" [pruned_mlp/mlp.cpp:108]   --->   Operation 270 'sub' 'tmp_V' <Predicate = (p_Result_21)> <Delay = 1.06> <Core = "AddSub">   --->   Core 14 'AddSub' <Latency = 0> <II = 1> <Delay = 1.06> <FuncUnit> <Opcode : 'add' 'sub'> <InPorts = 2> <OutPorts = 1>
ST_19 : Operation 271 [1/1] (0.43ns)   --->   "%tmp_V_10 = select i1 %p_Result_21, i20 %tmp_V, i20 %tmp_V_9" [pruned_mlp/mlp.cpp:108]   --->   Operation 271 'select' 'tmp_V_10' <Predicate = true> <Delay = 0.43> <Core = "Sel">   --->   Core 26 'Sel' <Latency = 0> <II = 1> <Delay = 0.43> <FuncUnit> <Opcode : 'select'> <InPorts = 3> <OutPorts = 1>
ST_19 : Operation 272 [1/1] (0.00ns)   --->   "%p_Result_s = call i20 @llvm.part.select.i20(i20 %tmp_V_10, i32 19, i32 0) nounwind" [pruned_mlp/mlp.cpp:108]   --->   Operation 272 'partselect' 'p_Result_s' <Predicate = true> <Delay = 0.00>
ST_19 : Operation 273 [1/1] (0.00ns)   --->   "%p_Result_22 = call i32 @_ssdm_op_BitConcatenate.i32.i12.i20(i12 -1, i20 %p_Result_s)" [pruned_mlp/mlp.cpp:108]   --->   Operation 273 'bitconcatenate' 'p_Result_22' <Predicate = true> <Delay = 0.00>
ST_19 : Operation 274 [1/1] (1.28ns)   --->   "%l = call i32 @llvm.cttz.i32(i32 %p_Result_22, i1 true) nounwind" [pruned_mlp/mlp.cpp:108]   --->   Operation 274 'cttz' 'l' <Predicate = true> <Delay = 1.28> <Core = "CTTZ">   --->   Core 64 'CTTZ' <Latency = 0> <II = 1> <Delay = 1.28> <FuncUnit> <Opcode : 'cttz'> <InPorts = 1> <OutPorts = 1>
ST_19 : Operation 275 [1/1] (1.20ns)   --->   "%sub_ln944 = sub nsw i32 20, %l" [pruned_mlp/mlp.cpp:108]   --->   Operation 275 'sub' 'sub_ln944' <Predicate = true> <Delay = 1.20> <Core = "AddSub">   --->   Core 14 'AddSub' <Latency = 0> <II = 1> <Delay = 1.06> <FuncUnit> <Opcode : 'add' 'sub'> <InPorts = 2> <OutPorts = 1>
ST_19 : Operation 276 [1/1] (0.00ns)   --->   "%trunc_ln944 = trunc i32 %sub_ln944 to i20" [pruned_mlp/mlp.cpp:108]   --->   Operation 276 'trunc' 'trunc_ln944' <Predicate = true> <Delay = 0.00>
ST_19 : Operation 277 [1/1] (0.00ns)   --->   "%trunc_ln947 = trunc i32 %sub_ln944 to i5" [pruned_mlp/mlp.cpp:108]   --->   Operation 277 'trunc' 'trunc_ln947' <Predicate = true> <Delay = 0.00>
ST_19 : Operation 278 [1/1] (0.00ns)   --->   "%trunc_ln943 = trunc i32 %l to i8" [pruned_mlp/mlp.cpp:108]   --->   Operation 278 'trunc' 'trunc_ln943' <Predicate = true> <Delay = 0.00>

State 20 <SV = 7> <Delay = 4.09>
ST_20 : Operation 279 [1/1] (1.20ns)   --->   "%lsb_index = add nsw i32 -24, %sub_ln944" [pruned_mlp/mlp.cpp:108]   --->   Operation 279 'add' 'lsb_index' <Predicate = (!icmp_ln935)> <Delay = 1.20> <Core = "AddSub">   --->   Core 14 'AddSub' <Latency = 0> <II = 1> <Delay = 1.06> <FuncUnit> <Opcode : 'add' 'sub'> <InPorts = 2> <OutPorts = 1>
ST_20 : Operation 280 [1/1] (0.00ns)   --->   "%tmp_13 = call i31 @_ssdm_op_PartSelect.i31.i32.i32.i32(i32 %lsb_index, i32 1, i32 31)" [pruned_mlp/mlp.cpp:108]   --->   Operation 280 'partselect' 'tmp_13' <Predicate = (!icmp_ln935)> <Delay = 0.00>
ST_20 : Operation 281 [1/1] (1.09ns)   --->   "%icmp_ln947 = icmp sgt i31 %tmp_13, 0" [pruned_mlp/mlp.cpp:108]   --->   Operation 281 'icmp' 'icmp_ln947' <Predicate = (!icmp_ln935)> <Delay = 1.09> <Core = "Cmp">   --->   Core 25 'Cmp' <Latency = 0> <II = 1> <Delay = 0.87> <FuncUnit> <Opcode : 'icmp'> <InPorts = 2> <OutPorts = 1>
ST_20 : Operation 282 [1/1] (0.87ns)   --->   "%sub_ln947 = sub i5 13, %trunc_ln947" [pruned_mlp/mlp.cpp:108]   --->   Operation 282 'sub' 'sub_ln947' <Predicate = (!icmp_ln935)> <Delay = 0.87> <Core = "AddSub">   --->   Core 14 'AddSub' <Latency = 0> <II = 1> <Delay = 1.06> <FuncUnit> <Opcode : 'add' 'sub'> <InPorts = 2> <OutPorts = 1>
ST_20 : Operation 283 [1/1] (0.00ns) (grouped into LUT with out node icmp_ln947_1)   --->   "%zext_ln947 = zext i5 %sub_ln947 to i20" [pruned_mlp/mlp.cpp:108]   --->   Operation 283 'zext' 'zext_ln947' <Predicate = (!icmp_ln935)> <Delay = 0.00>
ST_20 : Operation 284 [1/1] (0.00ns) (grouped into LUT with out node icmp_ln947_1)   --->   "%lshr_ln947 = lshr i20 -1, %zext_ln947" [pruned_mlp/mlp.cpp:108]   --->   Operation 284 'lshr' 'lshr_ln947' <Predicate = (!icmp_ln935)> <Delay = 0.00> <Core = "Shift">   --->   Core 28 'Shift' <Latency = 0> <II = 1> <Delay = 1.71> <FuncUnit> <Opcode : 'shl' 'lshr' 'ashr'> <InPorts = 2> <OutPorts = 1>
ST_20 : Operation 285 [1/1] (0.00ns) (grouped into LUT with out node icmp_ln947_1)   --->   "%p_Result_4 = and i20 %tmp_V_10, %lshr_ln947" [pruned_mlp/mlp.cpp:108]   --->   Operation 285 'and' 'p_Result_4' <Predicate = (!icmp_ln935)> <Delay = 0.00> <Core = "LogicGate">   --->   Core 27 'LogicGate' <Latency = 0> <II = 1> <Delay = 0.33> <FuncUnit> <Opcode : 'and' 'or' 'xor'> <InPorts = 2> <OutPorts = 1>
ST_20 : Operation 286 [1/1] (0.92ns) (out node of the LUT)   --->   "%icmp_ln947_1 = icmp ne i20 %p_Result_4, 0" [pruned_mlp/mlp.cpp:108]   --->   Operation 286 'icmp' 'icmp_ln947_1' <Predicate = (!icmp_ln935)> <Delay = 0.92> <Core = "Cmp">   --->   Core 25 'Cmp' <Latency = 0> <II = 1> <Delay = 0.87> <FuncUnit> <Opcode : 'icmp'> <InPorts = 2> <OutPorts = 1>
ST_20 : Operation 287 [1/1] (0.00ns) (grouped into LUT with out node or_ln)   --->   "%a = and i1 %icmp_ln947, %icmp_ln947_1" [pruned_mlp/mlp.cpp:108]   --->   Operation 287 'and' 'a' <Predicate = (!icmp_ln935)> <Delay = 0.00> <Core = "LogicGate">   --->   Core 27 'LogicGate' <Latency = 0> <II = 1> <Delay = 0.33> <FuncUnit> <Opcode : 'and' 'or' 'xor'> <InPorts = 2> <OutPorts = 1>
ST_20 : Operation 288 [1/1] (0.00ns) (grouped into LUT with out node or_ln)   --->   "%tmp_14 = call i1 @_ssdm_op_BitSelect.i1.i32.i32(i32 %lsb_index, i32 31)" [pruned_mlp/mlp.cpp:108]   --->   Operation 288 'bitselect' 'tmp_14' <Predicate = (!icmp_ln935)> <Delay = 0.00>
ST_20 : Operation 289 [1/1] (0.00ns) (grouped into LUT with out node or_ln)   --->   "%xor_ln949 = xor i1 %tmp_14, true" [pruned_mlp/mlp.cpp:108]   --->   Operation 289 'xor' 'xor_ln949' <Predicate = (!icmp_ln935)> <Delay = 0.00> <Core = "LogicGate">   --->   Core 27 'LogicGate' <Latency = 0> <II = 1> <Delay = 0.33> <FuncUnit> <Opcode : 'and' 'or' 'xor'> <InPorts = 2> <OutPorts = 1>
ST_20 : Operation 290 [1/1] (1.06ns)   --->   "%add_ln949 = add i20 -24, %trunc_ln944" [pruned_mlp/mlp.cpp:108]   --->   Operation 290 'add' 'add_ln949' <Predicate = (!icmp_ln935)> <Delay = 1.06> <Core = "AddSub">   --->   Core 14 'AddSub' <Latency = 0> <II = 1> <Delay = 1.06> <FuncUnit> <Opcode : 'add' 'sub'> <InPorts = 2> <OutPorts = 1>
ST_20 : Operation 291 [1/1] (0.00ns) (grouped into LUT with out node or_ln)   --->   "%p_Result_3 = call i1 @_ssdm_op_BitSelect.i1.i20.i20(i20 %tmp_V_10, i20 %add_ln949)" [pruned_mlp/mlp.cpp:108]   --->   Operation 291 'bitselect' 'p_Result_3' <Predicate = (!icmp_ln935)> <Delay = 0.00>
ST_20 : Operation 292 [1/1] (0.00ns) (grouped into LUT with out node or_ln)   --->   "%and_ln949 = and i1 %p_Result_3, %xor_ln949" [pruned_mlp/mlp.cpp:108]   --->   Operation 292 'and' 'and_ln949' <Predicate = (!icmp_ln935)> <Delay = 0.00> <Core = "LogicGate">   --->   Core 27 'LogicGate' <Latency = 0> <II = 1> <Delay = 0.33> <FuncUnit> <Opcode : 'and' 'or' 'xor'> <InPorts = 2> <OutPorts = 1>
ST_20 : Operation 293 [1/1] (0.00ns) (grouped into LUT with out node or_ln)   --->   "%or_ln949 = or i1 %and_ln949, %a" [pruned_mlp/mlp.cpp:108]   --->   Operation 293 'or' 'or_ln949' <Predicate = (!icmp_ln935)> <Delay = 0.00> <Core = "LogicGate">   --->   Core 27 'LogicGate' <Latency = 0> <II = 1> <Delay = 0.33> <FuncUnit> <Opcode : 'and' 'or' 'xor'> <InPorts = 2> <OutPorts = 1>
ST_20 : Operation 294 [1/1] (0.33ns) (out node of the LUT)   --->   "%or_ln = call i32 @_ssdm_op_BitConcatenate.i32.i31.i1(i31 0, i1 %or_ln949)" [pruned_mlp/mlp.cpp:108]   --->   Operation 294 'bitconcatenate' 'or_ln' <Predicate = (!icmp_ln935)> <Delay = 0.33>
ST_20 : Operation 295 [1/1] (0.00ns) (grouped into LUT with out node m_2)   --->   "%m = zext i20 %tmp_V_10 to i64" [pruned_mlp/mlp.cpp:108]   --->   Operation 295 'zext' 'm' <Predicate = (!icmp_ln935)> <Delay = 0.00>
ST_20 : Operation 296 [1/1] (0.00ns) (grouped into LUT with out node m_2)   --->   "%zext_ln957_1 = zext i20 %tmp_V_10 to i32" [pruned_mlp/mlp.cpp:108]   --->   Operation 296 'zext' 'zext_ln957_1' <Predicate = (!icmp_ln935)> <Delay = 0.00>
ST_20 : Operation 297 [1/1] (1.11ns)   --->   "%icmp_ln958 = icmp sgt i32 %lsb_index, 0" [pruned_mlp/mlp.cpp:108]   --->   Operation 297 'icmp' 'icmp_ln958' <Predicate = (!icmp_ln935)> <Delay = 1.11> <Core = "Cmp">   --->   Core 25 'Cmp' <Latency = 0> <II = 1> <Delay = 0.87> <FuncUnit> <Opcode : 'icmp'> <InPorts = 2> <OutPorts = 1>
ST_20 : Operation 298 [1/1] (1.20ns)   --->   "%add_ln958 = add nsw i32 -25, %sub_ln944" [pruned_mlp/mlp.cpp:108]   --->   Operation 298 'add' 'add_ln958' <Predicate = (!icmp_ln935)> <Delay = 1.20> <Core = "AddSub">   --->   Core 14 'AddSub' <Latency = 0> <II = 1> <Delay = 1.06> <FuncUnit> <Opcode : 'add' 'sub'> <InPorts = 2> <OutPorts = 1>
ST_20 : Operation 299 [1/1] (0.00ns) (grouped into LUT with out node m_2)   --->   "%lshr_ln958 = lshr i32 %zext_ln957_1, %add_ln958" [pruned_mlp/mlp.cpp:108]   --->   Operation 299 'lshr' 'lshr_ln958' <Predicate = (!icmp_ln935)> <Delay = 0.00> <Core = "Shift">   --->   Core 28 'Shift' <Latency = 0> <II = 1> <Delay = 1.71> <FuncUnit> <Opcode : 'shl' 'lshr' 'ashr'> <InPorts = 2> <OutPorts = 1>
ST_20 : Operation 300 [1/1] (0.00ns) (grouped into LUT with out node m_2)   --->   "%zext_ln958 = zext i32 %lshr_ln958 to i64" [pruned_mlp/mlp.cpp:108]   --->   Operation 300 'zext' 'zext_ln958' <Predicate = (!icmp_ln935)> <Delay = 0.00>
ST_20 : Operation 301 [1/1] (1.20ns)   --->   "%sub_ln958 = sub i32 25, %sub_ln944" [pruned_mlp/mlp.cpp:108]   --->   Operation 301 'sub' 'sub_ln958' <Predicate = (!icmp_ln935)> <Delay = 1.20> <Core = "AddSub">   --->   Core 14 'AddSub' <Latency = 0> <II = 1> <Delay = 1.06> <FuncUnit> <Opcode : 'add' 'sub'> <InPorts = 2> <OutPorts = 1>
ST_20 : Operation 302 [1/1] (0.00ns) (grouped into LUT with out node m_2)   --->   "%zext_ln958_1 = zext i32 %sub_ln958 to i64" [pruned_mlp/mlp.cpp:108]   --->   Operation 302 'zext' 'zext_ln958_1' <Predicate = (!icmp_ln935)> <Delay = 0.00>
ST_20 : Operation 303 [1/1] (0.00ns) (grouped into LUT with out node m_2)   --->   "%shl_ln958 = shl i64 %m, %zext_ln958_1" [pruned_mlp/mlp.cpp:108]   --->   Operation 303 'shl' 'shl_ln958' <Predicate = (!icmp_ln935)> <Delay = 0.00> <Core = "Shift">   --->   Core 28 'Shift' <Latency = 0> <II = 1> <Delay = 1.71> <FuncUnit> <Opcode : 'shl' 'lshr' 'ashr'> <InPorts = 2> <OutPorts = 1>
ST_20 : Operation 304 [1/1] (0.00ns) (grouped into LUT with out node m_2)   --->   "%m_1 = select i1 %icmp_ln958, i64 %zext_ln958, i64 %shl_ln958" [pruned_mlp/mlp.cpp:108]   --->   Operation 304 'select' 'm_1' <Predicate = (!icmp_ln935)> <Delay = 0.00> <Core = "Sel">   --->   Core 26 'Sel' <Latency = 0> <II = 1> <Delay = 0.43> <FuncUnit> <Opcode : 'select'> <InPorts = 3> <OutPorts = 1>
ST_20 : Operation 305 [1/1] (0.00ns) (grouped into LUT with out node m_2)   --->   "%zext_ln961 = zext i32 %or_ln to i64" [pruned_mlp/mlp.cpp:108]   --->   Operation 305 'zext' 'zext_ln961' <Predicate = (!icmp_ln935)> <Delay = 0.00>
ST_20 : Operation 306 [1/1] (1.47ns) (out node of the LUT)   --->   "%m_2 = add i64 %m_1, %zext_ln961" [pruned_mlp/mlp.cpp:108]   --->   Operation 306 'add' 'm_2' <Predicate = (!icmp_ln935)> <Delay = 1.47> <Core = "AddSub">   --->   Core 14 'AddSub' <Latency = 0> <II = 1> <Delay = 1.06> <FuncUnit> <Opcode : 'add' 'sub'> <InPorts = 2> <OutPorts = 1>
ST_20 : Operation 307 [1/1] (0.00ns)   --->   "%m_s = call i63 @_ssdm_op_PartSelect.i63.i64.i32.i32(i64 %m_2, i32 1, i32 63)" [pruned_mlp/mlp.cpp:108]   --->   Operation 307 'partselect' 'm_s' <Predicate = (!icmp_ln935)> <Delay = 0.00>
ST_20 : Operation 308 [1/1] (0.00ns)   --->   "%tmp_15 = call i1 @_ssdm_op_BitSelect.i1.i64.i32(i64 %m_2, i32 25)" [pruned_mlp/mlp.cpp:108]   --->   Operation 308 'bitselect' 'tmp_15' <Predicate = (!icmp_ln935)> <Delay = 0.00>

State 21 <SV = 8> <Delay = 2.19>
ST_21 : Operation 309 [1/1] (0.00ns)   --->   "%m_26 = zext i63 %m_s to i64" [pruned_mlp/mlp.cpp:108]   --->   Operation 309 'zext' 'm_26' <Predicate = (!icmp_ln935)> <Delay = 0.00>
ST_21 : Operation 310 [1/1] (0.44ns)   --->   "%select_ln964 = select i1 %tmp_15, i8 127, i8 126" [pruned_mlp/mlp.cpp:108]   --->   Operation 310 'select' 'select_ln964' <Predicate = (!icmp_ln935)> <Delay = 0.44> <Core = "Sel">   --->   Core 26 'Sel' <Latency = 0> <II = 1> <Delay = 0.43> <FuncUnit> <Opcode : 'select'> <InPorts = 3> <OutPorts = 1>
ST_21 : Operation 311 [1/1] (0.00ns) (grouped into TernaryAdder)   --->   "%sub_ln964 = sub i8 6, %trunc_ln943" [pruned_mlp/mlp.cpp:108]   --->   Operation 311 'sub' 'sub_ln964' <Predicate = (!icmp_ln935)> <Delay = 0.00> <Core = "TAddSub">   --->   Core 83 'TAddSub' <Latency = 0> <II = 1> <Delay = 0.61> <IPBlock> <Opcode : 'add' 'sub'> <InPorts = 3> <OutPorts = 1> <Sync> <CReg>
ST_21 : Operation 312 [1/1] (1.22ns) (root node of TernaryAdder)   --->   "%add_ln964 = add i8 %select_ln964, %sub_ln964" [pruned_mlp/mlp.cpp:108]   --->   Operation 312 'add' 'add_ln964' <Predicate = (!icmp_ln935)> <Delay = 1.22> <Core = "TAddSub">   --->   Core 83 'TAddSub' <Latency = 0> <II = 1> <Delay = 0.61> <IPBlock> <Opcode : 'add' 'sub'> <InPorts = 3> <OutPorts = 1> <Sync> <CReg>
ST_21 : Operation 313 [1/1] (0.00ns)   --->   "%tmp_s = call i9 @_ssdm_op_BitConcatenate.i9.i1.i8(i1 %p_Result_21, i8 %add_ln964)" [pruned_mlp/mlp.cpp:108]   --->   Operation 313 'bitconcatenate' 'tmp_s' <Predicate = (!icmp_ln935)> <Delay = 0.00>
ST_21 : Operation 314 [1/1] (0.00ns)   --->   "%p_Result_23 = call i64 @_ssdm_op_PartSet.i64.i64.i9.i32.i32(i64 %m_26, i9 %tmp_s, i32 23, i32 31)" [pruned_mlp/mlp.cpp:108]   --->   Operation 314 'partset' 'p_Result_23' <Predicate = (!icmp_ln935)> <Delay = 0.00>
ST_21 : Operation 315 [1/1] (0.00ns)   --->   "%trunc_ln738 = trunc i64 %p_Result_23 to i32" [pruned_mlp/mlp.cpp:108]   --->   Operation 315 'trunc' 'trunc_ln738' <Predicate = (!icmp_ln935)> <Delay = 0.00>
ST_21 : Operation 316 [1/1] (0.00ns)   --->   "%bitcast_ln739 = bitcast i32 %trunc_ln738 to float" [pruned_mlp/mlp.cpp:108]   --->   Operation 316 'bitcast' 'bitcast_ln739' <Predicate = (!icmp_ln935)> <Delay = 0.00>
ST_21 : Operation 317 [1/1] (0.52ns)   --->   "%select_ln935 = select i1 %icmp_ln935, float 0.000000e+00, float %bitcast_ln739" [pruned_mlp/mlp.cpp:108]   --->   Operation 317 'select' 'select_ln935' <Predicate = true> <Delay = 0.52> <Core = "Sel">   --->   Core 26 'Sel' <Latency = 0> <II = 1> <Delay = 0.43> <FuncUnit> <Opcode : 'select'> <InPorts = 3> <OutPorts = 1>
ST_21 : Operation 318 [1/1] (0.75ns)   --->   "br label %_ZNK13ap_fixed_baseILi20ELi6ELb1EL9ap_q_mode5EL9ap_o_mode3ELi0EEcvfEv.exit120" [pruned_mlp/mlp.cpp:109]   --->   Operation 318 'br' <Predicate = true> <Delay = 0.75>

State 22 <SV = 9> <Delay = 0.88>
ST_22 : Operation 319 [1/1] (0.00ns)   --->   "%maxv_0 = phi float [ %select_ln111_1, %_ZNK13ap_fixed_baseILi20ELi6ELb1EL9ap_q_mode5EL9ap_o_mode3ELi0EEcvfEv.exit60_ifconv ], [ %select_ln935, %_ifconv1 ]" [pruned_mlp/mlp.cpp:111]   --->   Operation 319 'phi' 'maxv_0' <Predicate = true> <Delay = 0.00>
ST_22 : Operation 320 [1/1] (0.00ns)   --->   "%j7_0 = phi i4 [ %j_5, %_ZNK13ap_fixed_baseILi20ELi6ELb1EL9ap_q_mode5EL9ap_o_mode3ELi0EEcvfEv.exit60_ifconv ], [ 1, %_ifconv1 ]"   --->   Operation 320 'phi' 'j7_0' <Predicate = true> <Delay = 0.00>
ST_22 : Operation 321 [1/1] (0.88ns)   --->   "%icmp_ln109 = icmp eq i4 %j7_0, -6" [pruned_mlp/mlp.cpp:109]   --->   Operation 321 'icmp' 'icmp_ln109' <Predicate = true> <Delay = 0.88> <Core = "Cmp">   --->   Core 25 'Cmp' <Latency = 0> <II = 1> <Delay = 0.87> <FuncUnit> <Opcode : 'icmp'> <InPorts = 2> <OutPorts = 1>
ST_22 : Operation 322 [1/1] (0.00ns)   --->   "%empty_25 = call i32 (...)* @_ssdm_op_SpecLoopTripCount(i64 9, i64 9, i64 9)"   --->   Operation 322 'speclooptripcount' 'empty_25' <Predicate = true> <Delay = 0.00>
ST_22 : Operation 323 [1/1] (0.00ns)   --->   "br i1 %icmp_ln109, label %_ifconv2, label %8" [pruned_mlp/mlp.cpp:109]   --->   Operation 323 'br' <Predicate = true> <Delay = 0.00>
ST_22 : Operation 324 [1/1] (0.00ns)   --->   "%zext_ln110 = zext i4 %j7_0 to i64" [pruned_mlp/mlp.cpp:110]   --->   Operation 324 'zext' 'zext_ln110' <Predicate = (!icmp_ln109)> <Delay = 0.00>
ST_22 : Operation 325 [1/1] (0.00ns)   --->   "%z4_V_addr_2 = getelementptr [10 x i20]* %z4_V, i64 0, i64 %zext_ln110" [pruned_mlp/mlp.cpp:110]   --->   Operation 325 'getelementptr' 'z4_V_addr_2' <Predicate = (!icmp_ln109)> <Delay = 0.00>
ST_22 : Operation 326 [2/2] (0.79ns)   --->   "%tmp_V_11 = load i20* %z4_V_addr_2, align 4" [pruned_mlp/mlp.cpp:110]   --->   Operation 326 'load' 'tmp_V_11' <Predicate = (!icmp_ln109)> <Delay = 0.79> <Core = "RAM">   --->   Core 37 'RAM' <Latency = 1> <II = 1> <Delay = 0.79> <Storage> <Opcode : 'load' 'store'> <Ports = 2> <Width = 32> <Depth = 10> <RAM>
ST_22 : Operation 327 [1/1] (0.00ns)   --->   "%logits_addr_2 = getelementptr inbounds [10 x float]* %logits, i64 0, i64 0" [pruned_mlp/mlp.cpp:114]   --->   Operation 327 'getelementptr' 'logits_addr_2' <Predicate = (icmp_ln109)> <Delay = 0.00>
ST_22 : Operation 328 [1/1] (0.79ns)   --->   "store float %select_ln935, float* %logits_addr_2, align 16" [pruned_mlp/mlp.cpp:114]   --->   Operation 328 'store' <Predicate = (icmp_ln109)> <Delay = 0.79> <Core = "RAM">   --->   Core 37 'RAM' <Latency = 1> <II = 1> <Delay = 0.79> <Storage> <Opcode : 'load' 'store'> <Ports = 2> <Width = 32> <Depth = 10> <RAM>
ST_22 : Operation 329 [1/1] (0.75ns)   --->   "br label %9" [pruned_mlp/mlp.cpp:118]   --->   Operation 329 'br' <Predicate = (icmp_ln109)> <Delay = 0.75>

State 23 <SV = 10> <Delay = 3.58>
ST_23 : Operation 330 [1/2] (0.79ns)   --->   "%tmp_V_11 = load i20* %z4_V_addr_2, align 4" [pruned_mlp/mlp.cpp:110]   --->   Operation 330 'load' 'tmp_V_11' <Predicate = true> <Delay = 0.79> <Core = "RAM">   --->   Core 37 'RAM' <Latency = 1> <II = 1> <Delay = 0.79> <Storage> <Opcode : 'load' 'store'> <Ports = 2> <Width = 32> <Depth = 10> <RAM>
ST_23 : Operation 331 [1/1] (0.92ns)   --->   "%icmp_ln935_1 = icmp eq i20 %tmp_V_11, 0" [pruned_mlp/mlp.cpp:110]   --->   Operation 331 'icmp' 'icmp_ln935_1' <Predicate = true> <Delay = 0.92> <Core = "Cmp">   --->   Core 25 'Cmp' <Latency = 0> <II = 1> <Delay = 0.87> <FuncUnit> <Opcode : 'icmp'> <InPorts = 2> <OutPorts = 1>
ST_23 : Operation 332 [1/1] (0.00ns)   --->   "br i1 %icmp_ln935_1, label %_ZNK13ap_fixed_baseILi20ELi6ELb1EL9ap_q_mode5EL9ap_o_mode3ELi0EEcvfEv.exit90._ZNK13ap_fixed_baseILi20ELi6ELb1EL9ap_q_mode5EL9ap_o_mode3ELi0EEcvfEv.exit60_crit_edge.critedge, label %_ifconv" [pruned_mlp/mlp.cpp:110]   --->   Operation 332 'br' <Predicate = true> <Delay = 0.00>
ST_23 : Operation 333 [1/1] (0.00ns)   --->   "%p_Result_24 = call i1 @_ssdm_op_BitSelect.i1.i20.i32(i20 %tmp_V_11, i32 19)" [pruned_mlp/mlp.cpp:110]   --->   Operation 333 'bitselect' 'p_Result_24' <Predicate = (!icmp_ln935_1)> <Delay = 0.00>
ST_23 : Operation 334 [1/1] (1.06ns)   --->   "%tmp_V_5 = sub i20 0, %tmp_V_11" [pruned_mlp/mlp.cpp:110]   --->   Operation 334 'sub' 'tmp_V_5' <Predicate = (!icmp_ln935_1)> <Delay = 1.06> <Core = "AddSub">   --->   Core 14 'AddSub' <Latency = 0> <II = 1> <Delay = 1.06> <FuncUnit> <Opcode : 'add' 'sub'> <InPorts = 2> <OutPorts = 1>
ST_23 : Operation 335 [1/1] (0.43ns)   --->   "%tmp_V_12 = select i1 %p_Result_24, i20 %tmp_V_5, i20 %tmp_V_11" [pruned_mlp/mlp.cpp:110]   --->   Operation 335 'select' 'tmp_V_12' <Predicate = (!icmp_ln935_1)> <Delay = 0.43> <Core = "Sel">   --->   Core 26 'Sel' <Latency = 0> <II = 1> <Delay = 0.43> <FuncUnit> <Opcode : 'select'> <InPorts = 3> <OutPorts = 1>
ST_23 : Operation 336 [1/1] (0.00ns)   --->   "%p_Result_10 = call i20 @llvm.part.select.i20(i20 %tmp_V_12, i32 19, i32 0) nounwind" [pruned_mlp/mlp.cpp:110]   --->   Operation 336 'partselect' 'p_Result_10' <Predicate = (!icmp_ln935_1)> <Delay = 0.00>
ST_23 : Operation 337 [1/1] (0.00ns)   --->   "%p_Result_25 = call i32 @_ssdm_op_BitConcatenate.i32.i12.i20(i12 -1, i20 %p_Result_10)" [pruned_mlp/mlp.cpp:110]   --->   Operation 337 'bitconcatenate' 'p_Result_25' <Predicate = (!icmp_ln935_1)> <Delay = 0.00>
ST_23 : Operation 338 [1/1] (1.28ns)   --->   "%l_1 = call i32 @llvm.cttz.i32(i32 %p_Result_25, i1 true) nounwind" [pruned_mlp/mlp.cpp:110]   --->   Operation 338 'cttz' 'l_1' <Predicate = (!icmp_ln935_1)> <Delay = 1.28> <Core = "CTTZ">   --->   Core 64 'CTTZ' <Latency = 0> <II = 1> <Delay = 1.28> <FuncUnit> <Opcode : 'cttz'> <InPorts = 1> <OutPorts = 1>
ST_23 : Operation 339 [1/1] (0.00ns)   --->   "%trunc_ln943_1 = trunc i32 %l_1 to i8" [pruned_mlp/mlp.cpp:110]   --->   Operation 339 'trunc' 'trunc_ln943_1' <Predicate = (!icmp_ln935_1)> <Delay = 0.00>
ST_23 : Operation 340 [1/1] (0.00ns)   --->   "%logits_addr = getelementptr inbounds [10 x float]* %logits, i64 0, i64 %zext_ln110" [pruned_mlp/mlp.cpp:110]   --->   Operation 340 'getelementptr' 'logits_addr' <Predicate = (icmp_ln935_1)> <Delay = 0.00>
ST_23 : Operation 341 [1/1] (0.79ns)   --->   "store float 0.000000e+00, float* %logits_addr, align 4" [pruned_mlp/mlp.cpp:110]   --->   Operation 341 'store' <Predicate = (icmp_ln935_1)> <Delay = 0.79> <Core = "RAM">   --->   Core 37 'RAM' <Latency = 1> <II = 1> <Delay = 0.79> <Storage> <Opcode : 'load' 'store'> <Ports = 2> <Width = 32> <Depth = 10> <RAM>
ST_23 : Operation 342 [1/1] (0.75ns)   --->   "br label %_ZNK13ap_fixed_baseILi20ELi6ELb1EL9ap_q_mode5EL9ap_o_mode3ELi0EEcvfEv.exit60_ifconv" [pruned_mlp/mlp.cpp:111]   --->   Operation 342 'br' <Predicate = (icmp_ln935_1)> <Delay = 0.75>

State 24 <SV = 11> <Delay = 3.83>
ST_24 : Operation 343 [1/1] (1.20ns)   --->   "%sub_ln944_1 = sub nsw i32 20, %l_1" [pruned_mlp/mlp.cpp:110]   --->   Operation 343 'sub' 'sub_ln944_1' <Predicate = true> <Delay = 1.20> <Core = "AddSub">   --->   Core 14 'AddSub' <Latency = 0> <II = 1> <Delay = 1.06> <FuncUnit> <Opcode : 'add' 'sub'> <InPorts = 2> <OutPorts = 1>
ST_24 : Operation 344 [1/1] (0.00ns)   --->   "%trunc_ln944_1 = trunc i32 %sub_ln944_1 to i20" [pruned_mlp/mlp.cpp:110]   --->   Operation 344 'trunc' 'trunc_ln944_1' <Predicate = true> <Delay = 0.00>
ST_24 : Operation 345 [1/1] (1.20ns)   --->   "%lsb_index_1 = add nsw i32 -24, %sub_ln944_1" [pruned_mlp/mlp.cpp:110]   --->   Operation 345 'add' 'lsb_index_1' <Predicate = true> <Delay = 1.20> <Core = "AddSub">   --->   Core 14 'AddSub' <Latency = 0> <II = 1> <Delay = 1.06> <FuncUnit> <Opcode : 'add' 'sub'> <InPorts = 2> <OutPorts = 1>
ST_24 : Operation 346 [1/1] (0.00ns)   --->   "%tmp_18 = call i31 @_ssdm_op_PartSelect.i31.i32.i32.i32(i32 %lsb_index_1, i32 1, i32 31)" [pruned_mlp/mlp.cpp:110]   --->   Operation 346 'partselect' 'tmp_18' <Predicate = true> <Delay = 0.00>
ST_24 : Operation 347 [1/1] (1.09ns)   --->   "%icmp_ln947_2 = icmp sgt i31 %tmp_18, 0" [pruned_mlp/mlp.cpp:110]   --->   Operation 347 'icmp' 'icmp_ln947_2' <Predicate = true> <Delay = 1.09> <Core = "Cmp">   --->   Core 25 'Cmp' <Latency = 0> <II = 1> <Delay = 0.87> <FuncUnit> <Opcode : 'icmp'> <InPorts = 2> <OutPorts = 1>
ST_24 : Operation 348 [1/1] (0.00ns)   --->   "%trunc_ln947_1 = trunc i32 %sub_ln944_1 to i5" [pruned_mlp/mlp.cpp:110]   --->   Operation 348 'trunc' 'trunc_ln947_1' <Predicate = true> <Delay = 0.00>
ST_24 : Operation 349 [1/1] (0.87ns)   --->   "%sub_ln947_1 = sub i5 13, %trunc_ln947_1" [pruned_mlp/mlp.cpp:110]   --->   Operation 349 'sub' 'sub_ln947_1' <Predicate = true> <Delay = 0.87> <Core = "AddSub">   --->   Core 14 'AddSub' <Latency = 0> <II = 1> <Delay = 1.06> <FuncUnit> <Opcode : 'add' 'sub'> <InPorts = 2> <OutPorts = 1>
ST_24 : Operation 350 [1/1] (0.00ns) (grouped into LUT with out node icmp_ln947_3)   --->   "%zext_ln947_1 = zext i5 %sub_ln947_1 to i20" [pruned_mlp/mlp.cpp:110]   --->   Operation 350 'zext' 'zext_ln947_1' <Predicate = true> <Delay = 0.00>
ST_24 : Operation 351 [1/1] (0.00ns) (grouped into LUT with out node icmp_ln947_3)   --->   "%lshr_ln947_1 = lshr i20 -1, %zext_ln947_1" [pruned_mlp/mlp.cpp:110]   --->   Operation 351 'lshr' 'lshr_ln947_1' <Predicate = true> <Delay = 0.00> <Core = "Shift">   --->   Core 28 'Shift' <Latency = 0> <II = 1> <Delay = 1.71> <FuncUnit> <Opcode : 'shl' 'lshr' 'ashr'> <InPorts = 2> <OutPorts = 1>
ST_24 : Operation 352 [1/1] (0.00ns) (grouped into LUT with out node icmp_ln947_3)   --->   "%p_Result_12 = and i20 %tmp_V_12, %lshr_ln947_1" [pruned_mlp/mlp.cpp:110]   --->   Operation 352 'and' 'p_Result_12' <Predicate = true> <Delay = 0.00> <Core = "LogicGate">   --->   Core 27 'LogicGate' <Latency = 0> <II = 1> <Delay = 0.33> <FuncUnit> <Opcode : 'and' 'or' 'xor'> <InPorts = 2> <OutPorts = 1>
ST_24 : Operation 353 [1/1] (0.92ns) (out node of the LUT)   --->   "%icmp_ln947_3 = icmp ne i20 %p_Result_12, 0" [pruned_mlp/mlp.cpp:110]   --->   Operation 353 'icmp' 'icmp_ln947_3' <Predicate = true> <Delay = 0.92> <Core = "Cmp">   --->   Core 25 'Cmp' <Latency = 0> <II = 1> <Delay = 0.87> <FuncUnit> <Opcode : 'icmp'> <InPorts = 2> <OutPorts = 1>
ST_24 : Operation 354 [1/1] (0.00ns) (grouped into LUT with out node or_ln949_2)   --->   "%a_1 = and i1 %icmp_ln947_2, %icmp_ln947_3" [pruned_mlp/mlp.cpp:110]   --->   Operation 354 'and' 'a_1' <Predicate = true> <Delay = 0.00> <Core = "LogicGate">   --->   Core 27 'LogicGate' <Latency = 0> <II = 1> <Delay = 0.33> <FuncUnit> <Opcode : 'and' 'or' 'xor'> <InPorts = 2> <OutPorts = 1>
ST_24 : Operation 355 [1/1] (0.00ns) (grouped into LUT with out node or_ln949_2)   --->   "%tmp_19 = call i1 @_ssdm_op_BitSelect.i1.i32.i32(i32 %lsb_index_1, i32 31)" [pruned_mlp/mlp.cpp:110]   --->   Operation 355 'bitselect' 'tmp_19' <Predicate = true> <Delay = 0.00>
ST_24 : Operation 356 [1/1] (0.00ns) (grouped into LUT with out node or_ln949_2)   --->   "%xor_ln949_1 = xor i1 %tmp_19, true" [pruned_mlp/mlp.cpp:110]   --->   Operation 356 'xor' 'xor_ln949_1' <Predicate = true> <Delay = 0.00> <Core = "LogicGate">   --->   Core 27 'LogicGate' <Latency = 0> <II = 1> <Delay = 0.33> <FuncUnit> <Opcode : 'and' 'or' 'xor'> <InPorts = 2> <OutPorts = 1>
ST_24 : Operation 357 [1/1] (1.06ns)   --->   "%add_ln949_1 = add i20 -24, %trunc_ln944_1" [pruned_mlp/mlp.cpp:110]   --->   Operation 357 'add' 'add_ln949_1' <Predicate = true> <Delay = 1.06> <Core = "AddSub">   --->   Core 14 'AddSub' <Latency = 0> <II = 1> <Delay = 1.06> <FuncUnit> <Opcode : 'add' 'sub'> <InPorts = 2> <OutPorts = 1>
ST_24 : Operation 358 [1/1] (0.00ns) (grouped into LUT with out node or_ln949_2)   --->   "%p_Result_13 = call i1 @_ssdm_op_BitSelect.i1.i20.i20(i20 %tmp_V_12, i20 %add_ln949_1)" [pruned_mlp/mlp.cpp:110]   --->   Operation 358 'bitselect' 'p_Result_13' <Predicate = true> <Delay = 0.00>
ST_24 : Operation 359 [1/1] (0.00ns) (grouped into LUT with out node or_ln949_2)   --->   "%and_ln949_1 = and i1 %p_Result_13, %xor_ln949_1" [pruned_mlp/mlp.cpp:110]   --->   Operation 359 'and' 'and_ln949_1' <Predicate = true> <Delay = 0.00> <Core = "LogicGate">   --->   Core 27 'LogicGate' <Latency = 0> <II = 1> <Delay = 0.33> <FuncUnit> <Opcode : 'and' 'or' 'xor'> <InPorts = 2> <OutPorts = 1>
ST_24 : Operation 360 [1/1] (0.00ns) (grouped into LUT with out node or_ln949_2)   --->   "%or_ln949_1 = or i1 %and_ln949_1, %a_1" [pruned_mlp/mlp.cpp:110]   --->   Operation 360 'or' 'or_ln949_1' <Predicate = true> <Delay = 0.00> <Core = "LogicGate">   --->   Core 27 'LogicGate' <Latency = 0> <II = 1> <Delay = 0.33> <FuncUnit> <Opcode : 'and' 'or' 'xor'> <InPorts = 2> <OutPorts = 1>
ST_24 : Operation 361 [1/1] (0.33ns) (out node of the LUT)   --->   "%or_ln949_2 = call i32 @_ssdm_op_BitConcatenate.i32.i31.i1(i31 0, i1 %or_ln949_1)" [pruned_mlp/mlp.cpp:110]   --->   Operation 361 'bitconcatenate' 'or_ln949_2' <Predicate = true> <Delay = 0.33>
ST_24 : Operation 362 [1/1] (1.11ns)   --->   "%icmp_ln958_1 = icmp sgt i32 %lsb_index_1, 0" [pruned_mlp/mlp.cpp:110]   --->   Operation 362 'icmp' 'icmp_ln958_1' <Predicate = true> <Delay = 1.11> <Core = "Cmp">   --->   Core 25 'Cmp' <Latency = 0> <II = 1> <Delay = 0.87> <FuncUnit> <Opcode : 'icmp'> <InPorts = 2> <OutPorts = 1>
ST_24 : Operation 363 [1/1] (1.20ns)   --->   "%add_ln958_1 = add nsw i32 -25, %sub_ln944_1" [pruned_mlp/mlp.cpp:110]   --->   Operation 363 'add' 'add_ln958_1' <Predicate = true> <Delay = 1.20> <Core = "AddSub">   --->   Core 14 'AddSub' <Latency = 0> <II = 1> <Delay = 1.06> <FuncUnit> <Opcode : 'add' 'sub'> <InPorts = 2> <OutPorts = 1>
ST_24 : Operation 364 [1/1] (1.20ns)   --->   "%sub_ln958_1 = sub i32 25, %sub_ln944_1" [pruned_mlp/mlp.cpp:110]   --->   Operation 364 'sub' 'sub_ln958_1' <Predicate = true> <Delay = 1.20> <Core = "AddSub">   --->   Core 14 'AddSub' <Latency = 0> <II = 1> <Delay = 1.06> <FuncUnit> <Opcode : 'add' 'sub'> <InPorts = 2> <OutPorts = 1>

State 25 <SV = 12> <Delay = 3.92>
ST_25 : Operation 365 [1/1] (0.00ns) (grouped into LUT with out node m_17)   --->   "%m_15 = zext i20 %tmp_V_12 to i64" [pruned_mlp/mlp.cpp:110]   --->   Operation 365 'zext' 'm_15' <Predicate = (!icmp_ln935_1 & !icmp_ln958_1)> <Delay = 0.00>
ST_25 : Operation 366 [1/1] (0.00ns) (grouped into LUT with out node m_17)   --->   "%zext_ln957_2 = zext i20 %tmp_V_12 to i32" [pruned_mlp/mlp.cpp:110]   --->   Operation 366 'zext' 'zext_ln957_2' <Predicate = (!icmp_ln935_1 & icmp_ln958_1)> <Delay = 0.00>
ST_25 : Operation 367 [1/1] (0.00ns) (grouped into LUT with out node m_17)   --->   "%lshr_ln958_1 = lshr i32 %zext_ln957_2, %add_ln958_1" [pruned_mlp/mlp.cpp:110]   --->   Operation 367 'lshr' 'lshr_ln958_1' <Predicate = (!icmp_ln935_1 & icmp_ln958_1)> <Delay = 0.00> <Core = "Shift">   --->   Core 28 'Shift' <Latency = 0> <II = 1> <Delay = 1.71> <FuncUnit> <Opcode : 'shl' 'lshr' 'ashr'> <InPorts = 2> <OutPorts = 1>
ST_25 : Operation 368 [1/1] (0.00ns) (grouped into LUT with out node m_17)   --->   "%zext_ln958_2 = zext i32 %lshr_ln958_1 to i64" [pruned_mlp/mlp.cpp:110]   --->   Operation 368 'zext' 'zext_ln958_2' <Predicate = (!icmp_ln935_1 & icmp_ln958_1)> <Delay = 0.00>
ST_25 : Operation 369 [1/1] (0.00ns) (grouped into LUT with out node m_17)   --->   "%zext_ln958_3 = zext i32 %sub_ln958_1 to i64" [pruned_mlp/mlp.cpp:110]   --->   Operation 369 'zext' 'zext_ln958_3' <Predicate = (!icmp_ln935_1 & !icmp_ln958_1)> <Delay = 0.00>
ST_25 : Operation 370 [1/1] (0.00ns) (grouped into LUT with out node m_17)   --->   "%shl_ln958_1 = shl i64 %m_15, %zext_ln958_3" [pruned_mlp/mlp.cpp:110]   --->   Operation 370 'shl' 'shl_ln958_1' <Predicate = (!icmp_ln935_1 & !icmp_ln958_1)> <Delay = 0.00> <Core = "Shift">   --->   Core 28 'Shift' <Latency = 0> <II = 1> <Delay = 1.71> <FuncUnit> <Opcode : 'shl' 'lshr' 'ashr'> <InPorts = 2> <OutPorts = 1>
ST_25 : Operation 371 [1/1] (0.00ns) (grouped into LUT with out node m_17)   --->   "%m_16 = select i1 %icmp_ln958_1, i64 %zext_ln958_2, i64 %shl_ln958_1" [pruned_mlp/mlp.cpp:110]   --->   Operation 371 'select' 'm_16' <Predicate = (!icmp_ln935_1)> <Delay = 0.00> <Core = "Sel">   --->   Core 26 'Sel' <Latency = 0> <II = 1> <Delay = 0.43> <FuncUnit> <Opcode : 'select'> <InPorts = 3> <OutPorts = 1>
ST_25 : Operation 372 [1/1] (0.00ns) (grouped into LUT with out node m_17)   --->   "%zext_ln961_1 = zext i32 %or_ln949_2 to i64" [pruned_mlp/mlp.cpp:110]   --->   Operation 372 'zext' 'zext_ln961_1' <Predicate = (!icmp_ln935_1)> <Delay = 0.00>
ST_25 : Operation 373 [1/1] (1.47ns) (out node of the LUT)   --->   "%m_17 = add i64 %m_16, %zext_ln961_1" [pruned_mlp/mlp.cpp:110]   --->   Operation 373 'add' 'm_17' <Predicate = (!icmp_ln935_1)> <Delay = 1.47> <Core = "AddSub">   --->   Core 14 'AddSub' <Latency = 0> <II = 1> <Delay = 1.06> <FuncUnit> <Opcode : 'add' 'sub'> <InPorts = 2> <OutPorts = 1>
ST_25 : Operation 374 [1/1] (0.00ns)   --->   "%m_3 = call i63 @_ssdm_op_PartSelect.i63.i64.i32.i32(i64 %m_17, i32 1, i32 63)" [pruned_mlp/mlp.cpp:110]   --->   Operation 374 'partselect' 'm_3' <Predicate = (!icmp_ln935_1)> <Delay = 0.00>
ST_25 : Operation 375 [1/1] (0.00ns)   --->   "%m_27 = zext i63 %m_3 to i64" [pruned_mlp/mlp.cpp:110]   --->   Operation 375 'zext' 'm_27' <Predicate = (!icmp_ln935_1)> <Delay = 0.00>
ST_25 : Operation 376 [1/1] (0.00ns)   --->   "%tmp_20 = call i1 @_ssdm_op_BitSelect.i1.i64.i32(i64 %m_17, i32 25)" [pruned_mlp/mlp.cpp:110]   --->   Operation 376 'bitselect' 'tmp_20' <Predicate = (!icmp_ln935_1)> <Delay = 0.00>
ST_25 : Operation 377 [1/1] (0.44ns)   --->   "%select_ln964_1 = select i1 %tmp_20, i8 127, i8 126" [pruned_mlp/mlp.cpp:110]   --->   Operation 377 'select' 'select_ln964_1' <Predicate = (!icmp_ln935_1)> <Delay = 0.44> <Core = "Sel">   --->   Core 26 'Sel' <Latency = 0> <II = 1> <Delay = 0.43> <FuncUnit> <Opcode : 'select'> <InPorts = 3> <OutPorts = 1>
ST_25 : Operation 378 [1/1] (0.00ns) (grouped into TernaryAdder)   --->   "%sub_ln964_1 = sub i8 6, %trunc_ln943_1" [pruned_mlp/mlp.cpp:110]   --->   Operation 378 'sub' 'sub_ln964_1' <Predicate = (!icmp_ln935_1)> <Delay = 0.00> <Core = "TAddSub">   --->   Core 83 'TAddSub' <Latency = 0> <II = 1> <Delay = 0.61> <IPBlock> <Opcode : 'add' 'sub'> <InPorts = 3> <OutPorts = 1> <Sync> <CReg>
ST_25 : Operation 379 [1/1] (1.22ns) (root node of TernaryAdder)   --->   "%add_ln964_1 = add i8 %select_ln964_1, %sub_ln964_1" [pruned_mlp/mlp.cpp:110]   --->   Operation 379 'add' 'add_ln964_1' <Predicate = (!icmp_ln935_1)> <Delay = 1.22> <Core = "TAddSub">   --->   Core 83 'TAddSub' <Latency = 0> <II = 1> <Delay = 0.61> <IPBlock> <Opcode : 'add' 'sub'> <InPorts = 3> <OutPorts = 1> <Sync> <CReg>
ST_25 : Operation 380 [1/1] (0.00ns)   --->   "%tmp_4 = call i9 @_ssdm_op_BitConcatenate.i9.i1.i8(i1 %p_Result_24, i8 %add_ln964_1)" [pruned_mlp/mlp.cpp:110]   --->   Operation 380 'bitconcatenate' 'tmp_4' <Predicate = (!icmp_ln935_1)> <Delay = 0.00>
ST_25 : Operation 381 [1/1] (0.00ns)   --->   "%p_Result_26 = call i64 @_ssdm_op_PartSet.i64.i64.i9.i32.i32(i64 %m_27, i9 %tmp_4, i32 23, i32 31)" [pruned_mlp/mlp.cpp:110]   --->   Operation 381 'partset' 'p_Result_26' <Predicate = (!icmp_ln935_1)> <Delay = 0.00>
ST_25 : Operation 382 [1/1] (0.00ns)   --->   "%trunc_ln738_1 = trunc i64 %p_Result_26 to i32" [pruned_mlp/mlp.cpp:110]   --->   Operation 382 'trunc' 'trunc_ln738_1' <Predicate = (!icmp_ln935_1)> <Delay = 0.00>
ST_25 : Operation 383 [1/1] (0.00ns)   --->   "%bitcast_ln739_1 = bitcast i32 %trunc_ln738_1 to float" [pruned_mlp/mlp.cpp:110]   --->   Operation 383 'bitcast' 'bitcast_ln739_1' <Predicate = (!icmp_ln935_1)> <Delay = 0.00>
ST_25 : Operation 384 [1/1] (0.00ns)   --->   "%logits_addr_1 = getelementptr inbounds [10 x float]* %logits, i64 0, i64 %zext_ln110" [pruned_mlp/mlp.cpp:110]   --->   Operation 384 'getelementptr' 'logits_addr_1' <Predicate = (!icmp_ln935_1)> <Delay = 0.00>
ST_25 : Operation 385 [1/1] (0.79ns)   --->   "store float %bitcast_ln739_1, float* %logits_addr_1, align 4" [pruned_mlp/mlp.cpp:110]   --->   Operation 385 'store' <Predicate = (!icmp_ln935_1)> <Delay = 0.79> <Core = "RAM">   --->   Core 37 'RAM' <Latency = 1> <II = 1> <Delay = 0.79> <Storage> <Opcode : 'load' 'store'> <Ports = 2> <Width = 32> <Depth = 10> <RAM>
ST_25 : Operation 386 [1/1] (0.75ns)   --->   "br label %_ZNK13ap_fixed_baseILi20ELi6ELb1EL9ap_q_mode5EL9ap_o_mode3ELi0EEcvfEv.exit60_ifconv" [pruned_mlp/mlp.cpp:111]   --->   Operation 386 'br' <Predicate = (!icmp_ln935_1)> <Delay = 0.75>
ST_25 : Operation 387 [1/1] (0.00ns)   --->   "%p_Result_27 = call i1 @_ssdm_op_BitSelect.i1.i20.i32(i20 %tmp_V_11, i32 19)" [pruned_mlp/mlp.cpp:112]   --->   Operation 387 'bitselect' 'p_Result_27' <Predicate = true> <Delay = 0.00>
ST_25 : Operation 388 [1/1] (1.06ns)   --->   "%tmp_V_7 = sub i20 0, %tmp_V_11" [pruned_mlp/mlp.cpp:112]   --->   Operation 388 'sub' 'tmp_V_7' <Predicate = true> <Delay = 1.06> <Core = "AddSub">   --->   Core 14 'AddSub' <Latency = 0> <II = 1> <Delay = 1.06> <FuncUnit> <Opcode : 'add' 'sub'> <InPorts = 2> <OutPorts = 1>
ST_25 : Operation 389 [1/1] (0.43ns)   --->   "%tmp_V_13 = select i1 %p_Result_27, i20 %tmp_V_7, i20 %tmp_V_11" [pruned_mlp/mlp.cpp:112]   --->   Operation 389 'select' 'tmp_V_13' <Predicate = true> <Delay = 0.43> <Core = "Sel">   --->   Core 26 'Sel' <Latency = 0> <II = 1> <Delay = 0.43> <FuncUnit> <Opcode : 'select'> <InPorts = 3> <OutPorts = 1>
ST_25 : Operation 390 [1/1] (0.00ns)   --->   "%p_Result_16 = call i20 @llvm.part.select.i20(i20 %tmp_V_13, i32 19, i32 0) nounwind" [pruned_mlp/mlp.cpp:112]   --->   Operation 390 'partselect' 'p_Result_16' <Predicate = true> <Delay = 0.00>
ST_25 : Operation 391 [1/1] (0.00ns)   --->   "%p_Result_28 = call i32 @_ssdm_op_BitConcatenate.i32.i12.i20(i12 -1, i20 %p_Result_16)" [pruned_mlp/mlp.cpp:112]   --->   Operation 391 'bitconcatenate' 'p_Result_28' <Predicate = true> <Delay = 0.00>
ST_25 : Operation 392 [1/1] (1.28ns)   --->   "%l_2 = call i32 @llvm.cttz.i32(i32 %p_Result_28, i1 true) nounwind" [pruned_mlp/mlp.cpp:112]   --->   Operation 392 'cttz' 'l_2' <Predicate = true> <Delay = 1.28> <Core = "CTTZ">   --->   Core 64 'CTTZ' <Latency = 0> <II = 1> <Delay = 1.28> <FuncUnit> <Opcode : 'cttz'> <InPorts = 1> <OutPorts = 1>
ST_25 : Operation 393 [1/1] (0.00ns)   --->   "%trunc_ln943_2 = trunc i32 %l_2 to i8" [pruned_mlp/mlp.cpp:112]   --->   Operation 393 'trunc' 'trunc_ln943_2' <Predicate = true> <Delay = 0.00>
ST_25 : Operation 394 [1/1] (0.86ns)   --->   "%j_5 = add i4 1, %j7_0" [pruned_mlp/mlp.cpp:109]   --->   Operation 394 'add' 'j_5' <Predicate = true> <Delay = 0.86> <Core = "AddSub">   --->   Core 14 'AddSub' <Latency = 0> <II = 1> <Delay = 1.06> <FuncUnit> <Opcode : 'add' 'sub'> <InPorts = 2> <OutPorts = 1>

State 26 <SV = 13> <Delay = 3.83>
ST_26 : Operation 395 [1/1] (0.00ns)   --->   "%p_0202 = phi float [ %bitcast_ln739_1, %_ifconv ], [ 0.000000e+00, %_ZNK13ap_fixed_baseILi20ELi6ELb1EL9ap_q_mode5EL9ap_o_mode3ELi0EEcvfEv.exit90._ZNK13ap_fixed_baseILi20ELi6ELb1EL9ap_q_mode5EL9ap_o_mode3ELi0EEcvfEv.exit60_crit_edge.critedge ]" [pruned_mlp/mlp.cpp:110]   --->   Operation 395 'phi' 'p_0202' <Predicate = true> <Delay = 0.00>
ST_26 : Operation 396 [1/1] (0.00ns)   --->   "%bitcast_ln111 = bitcast float %p_0202 to i32" [pruned_mlp/mlp.cpp:111]   --->   Operation 396 'bitcast' 'bitcast_ln111' <Predicate = true> <Delay = 0.00>
ST_26 : Operation 397 [1/1] (0.00ns)   --->   "%tmp_1 = call i8 @_ssdm_op_PartSelect.i8.i32.i32.i32(i32 %bitcast_ln111, i32 23, i32 30)" [pruned_mlp/mlp.cpp:111]   --->   Operation 397 'partselect' 'tmp_1' <Predicate = true> <Delay = 0.00>
ST_26 : Operation 398 [1/1] (0.00ns)   --->   "%trunc_ln111 = trunc i32 %bitcast_ln111 to i23" [pruned_mlp/mlp.cpp:111]   --->   Operation 398 'trunc' 'trunc_ln111' <Predicate = true> <Delay = 0.00>
ST_26 : Operation 399 [1/1] (0.85ns)   --->   "%icmp_ln111 = icmp ne i8 %tmp_1, -1" [pruned_mlp/mlp.cpp:111]   --->   Operation 399 'icmp' 'icmp_ln111' <Predicate = true> <Delay = 0.85> <Core = "Cmp">   --->   Core 25 'Cmp' <Latency = 0> <II = 1> <Delay = 0.87> <FuncUnit> <Opcode : 'icmp'> <InPorts = 2> <OutPorts = 1>
ST_26 : Operation 400 [1/1] (0.97ns)   --->   "%icmp_ln111_1 = icmp eq i23 %trunc_ln111, 0" [pruned_mlp/mlp.cpp:111]   --->   Operation 400 'icmp' 'icmp_ln111_1' <Predicate = true> <Delay = 0.97> <Core = "Cmp">   --->   Core 25 'Cmp' <Latency = 0> <II = 1> <Delay = 0.87> <FuncUnit> <Opcode : 'icmp'> <InPorts = 2> <OutPorts = 1>
ST_26 : Operation 401 [2/2] (3.34ns)   --->   "%tmp_5 = fcmp ogt float %p_0202, %maxv_0" [pruned_mlp/mlp.cpp:111]   --->   Operation 401 'fcmp' 'tmp_5' <Predicate = true> <Delay = 3.34> <Core = "FCmp">   --->   Core 111 'FCmp' <Latency = 1> <II = 1> <Delay = 3.34> <FuncUnit> <Opcode : 'fcmp'> <InPorts = 2> <OutPorts = 1>
ST_26 : Operation 402 [1/1] (1.20ns)   --->   "%sub_ln944_2 = sub nsw i32 20, %l_2" [pruned_mlp/mlp.cpp:112]   --->   Operation 402 'sub' 'sub_ln944_2' <Predicate = true> <Delay = 1.20> <Core = "AddSub">   --->   Core 14 'AddSub' <Latency = 0> <II = 1> <Delay = 1.06> <FuncUnit> <Opcode : 'add' 'sub'> <InPorts = 2> <OutPorts = 1>
ST_26 : Operation 403 [1/1] (0.00ns)   --->   "%trunc_ln944_2 = trunc i32 %sub_ln944_2 to i20" [pruned_mlp/mlp.cpp:112]   --->   Operation 403 'trunc' 'trunc_ln944_2' <Predicate = true> <Delay = 0.00>
ST_26 : Operation 404 [1/1] (1.20ns)   --->   "%lsb_index_2 = add nsw i32 -24, %sub_ln944_2" [pruned_mlp/mlp.cpp:112]   --->   Operation 404 'add' 'lsb_index_2' <Predicate = true> <Delay = 1.20> <Core = "AddSub">   --->   Core 14 'AddSub' <Latency = 0> <II = 1> <Delay = 1.06> <FuncUnit> <Opcode : 'add' 'sub'> <InPorts = 2> <OutPorts = 1>
ST_26 : Operation 405 [1/1] (0.00ns)   --->   "%tmp_22 = call i31 @_ssdm_op_PartSelect.i31.i32.i32.i32(i32 %lsb_index_2, i32 1, i32 31)" [pruned_mlp/mlp.cpp:112]   --->   Operation 405 'partselect' 'tmp_22' <Predicate = true> <Delay = 0.00>
ST_26 : Operation 406 [1/1] (1.09ns)   --->   "%icmp_ln947_4 = icmp sgt i31 %tmp_22, 0" [pruned_mlp/mlp.cpp:112]   --->   Operation 406 'icmp' 'icmp_ln947_4' <Predicate = true> <Delay = 1.09> <Core = "Cmp">   --->   Core 25 'Cmp' <Latency = 0> <II = 1> <Delay = 0.87> <FuncUnit> <Opcode : 'icmp'> <InPorts = 2> <OutPorts = 1>
ST_26 : Operation 407 [1/1] (0.00ns)   --->   "%trunc_ln947_2 = trunc i32 %sub_ln944_2 to i5" [pruned_mlp/mlp.cpp:112]   --->   Operation 407 'trunc' 'trunc_ln947_2' <Predicate = true> <Delay = 0.00>
ST_26 : Operation 408 [1/1] (0.87ns)   --->   "%sub_ln947_2 = sub i5 13, %trunc_ln947_2" [pruned_mlp/mlp.cpp:112]   --->   Operation 408 'sub' 'sub_ln947_2' <Predicate = true> <Delay = 0.87> <Core = "AddSub">   --->   Core 14 'AddSub' <Latency = 0> <II = 1> <Delay = 1.06> <FuncUnit> <Opcode : 'add' 'sub'> <InPorts = 2> <OutPorts = 1>
ST_26 : Operation 409 [1/1] (0.00ns) (grouped into LUT with out node icmp_ln947_5)   --->   "%zext_ln947_2 = zext i5 %sub_ln947_2 to i20" [pruned_mlp/mlp.cpp:112]   --->   Operation 409 'zext' 'zext_ln947_2' <Predicate = true> <Delay = 0.00>
ST_26 : Operation 410 [1/1] (0.00ns) (grouped into LUT with out node icmp_ln947_5)   --->   "%lshr_ln947_2 = lshr i20 -1, %zext_ln947_2" [pruned_mlp/mlp.cpp:112]   --->   Operation 410 'lshr' 'lshr_ln947_2' <Predicate = true> <Delay = 0.00> <Core = "Shift">   --->   Core 28 'Shift' <Latency = 0> <II = 1> <Delay = 1.71> <FuncUnit> <Opcode : 'shl' 'lshr' 'ashr'> <InPorts = 2> <OutPorts = 1>
ST_26 : Operation 411 [1/1] (0.00ns) (grouped into LUT with out node icmp_ln947_5)   --->   "%p_Result_18 = and i20 %tmp_V_13, %lshr_ln947_2" [pruned_mlp/mlp.cpp:112]   --->   Operation 411 'and' 'p_Result_18' <Predicate = true> <Delay = 0.00> <Core = "LogicGate">   --->   Core 27 'LogicGate' <Latency = 0> <II = 1> <Delay = 0.33> <FuncUnit> <Opcode : 'and' 'or' 'xor'> <InPorts = 2> <OutPorts = 1>
ST_26 : Operation 412 [1/1] (0.92ns) (out node of the LUT)   --->   "%icmp_ln947_5 = icmp ne i20 %p_Result_18, 0" [pruned_mlp/mlp.cpp:112]   --->   Operation 412 'icmp' 'icmp_ln947_5' <Predicate = true> <Delay = 0.92> <Core = "Cmp">   --->   Core 25 'Cmp' <Latency = 0> <II = 1> <Delay = 0.87> <FuncUnit> <Opcode : 'icmp'> <InPorts = 2> <OutPorts = 1>
ST_26 : Operation 413 [1/1] (0.00ns) (grouped into LUT with out node or_ln949_4)   --->   "%a_2 = and i1 %icmp_ln947_4, %icmp_ln947_5" [pruned_mlp/mlp.cpp:112]   --->   Operation 413 'and' 'a_2' <Predicate = true> <Delay = 0.00> <Core = "LogicGate">   --->   Core 27 'LogicGate' <Latency = 0> <II = 1> <Delay = 0.33> <FuncUnit> <Opcode : 'and' 'or' 'xor'> <InPorts = 2> <OutPorts = 1>
ST_26 : Operation 414 [1/1] (0.00ns) (grouped into LUT with out node or_ln949_4)   --->   "%tmp_23 = call i1 @_ssdm_op_BitSelect.i1.i32.i32(i32 %lsb_index_2, i32 31)" [pruned_mlp/mlp.cpp:112]   --->   Operation 414 'bitselect' 'tmp_23' <Predicate = true> <Delay = 0.00>
ST_26 : Operation 415 [1/1] (0.00ns) (grouped into LUT with out node or_ln949_4)   --->   "%xor_ln949_2 = xor i1 %tmp_23, true" [pruned_mlp/mlp.cpp:112]   --->   Operation 415 'xor' 'xor_ln949_2' <Predicate = true> <Delay = 0.00> <Core = "LogicGate">   --->   Core 27 'LogicGate' <Latency = 0> <II = 1> <Delay = 0.33> <FuncUnit> <Opcode : 'and' 'or' 'xor'> <InPorts = 2> <OutPorts = 1>
ST_26 : Operation 416 [1/1] (1.06ns)   --->   "%add_ln949_2 = add i20 -24, %trunc_ln944_2" [pruned_mlp/mlp.cpp:112]   --->   Operation 416 'add' 'add_ln949_2' <Predicate = true> <Delay = 1.06> <Core = "AddSub">   --->   Core 14 'AddSub' <Latency = 0> <II = 1> <Delay = 1.06> <FuncUnit> <Opcode : 'add' 'sub'> <InPorts = 2> <OutPorts = 1>
ST_26 : Operation 417 [1/1] (0.00ns) (grouped into LUT with out node or_ln949_4)   --->   "%p_Result_19 = call i1 @_ssdm_op_BitSelect.i1.i20.i20(i20 %tmp_V_13, i20 %add_ln949_2)" [pruned_mlp/mlp.cpp:112]   --->   Operation 417 'bitselect' 'p_Result_19' <Predicate = true> <Delay = 0.00>
ST_26 : Operation 418 [1/1] (0.00ns) (grouped into LUT with out node or_ln949_4)   --->   "%and_ln949_2 = and i1 %p_Result_19, %xor_ln949_2" [pruned_mlp/mlp.cpp:112]   --->   Operation 418 'and' 'and_ln949_2' <Predicate = true> <Delay = 0.00> <Core = "LogicGate">   --->   Core 27 'LogicGate' <Latency = 0> <II = 1> <Delay = 0.33> <FuncUnit> <Opcode : 'and' 'or' 'xor'> <InPorts = 2> <OutPorts = 1>
ST_26 : Operation 419 [1/1] (0.00ns) (grouped into LUT with out node or_ln949_4)   --->   "%or_ln949_3 = or i1 %and_ln949_2, %a_2" [pruned_mlp/mlp.cpp:112]   --->   Operation 419 'or' 'or_ln949_3' <Predicate = true> <Delay = 0.00> <Core = "LogicGate">   --->   Core 27 'LogicGate' <Latency = 0> <II = 1> <Delay = 0.33> <FuncUnit> <Opcode : 'and' 'or' 'xor'> <InPorts = 2> <OutPorts = 1>
ST_26 : Operation 420 [1/1] (0.33ns) (out node of the LUT)   --->   "%or_ln949_4 = call i32 @_ssdm_op_BitConcatenate.i32.i31.i1(i31 0, i1 %or_ln949_3)" [pruned_mlp/mlp.cpp:112]   --->   Operation 420 'bitconcatenate' 'or_ln949_4' <Predicate = true> <Delay = 0.33>
ST_26 : Operation 421 [1/1] (1.11ns)   --->   "%icmp_ln958_2 = icmp sgt i32 %lsb_index_2, 0" [pruned_mlp/mlp.cpp:112]   --->   Operation 421 'icmp' 'icmp_ln958_2' <Predicate = true> <Delay = 1.11> <Core = "Cmp">   --->   Core 25 'Cmp' <Latency = 0> <II = 1> <Delay = 0.87> <FuncUnit> <Opcode : 'icmp'> <InPorts = 2> <OutPorts = 1>
ST_26 : Operation 422 [1/1] (1.20ns)   --->   "%add_ln958_2 = add nsw i32 -25, %sub_ln944_2" [pruned_mlp/mlp.cpp:112]   --->   Operation 422 'add' 'add_ln958_2' <Predicate = true> <Delay = 1.20> <Core = "AddSub">   --->   Core 14 'AddSub' <Latency = 0> <II = 1> <Delay = 1.06> <FuncUnit> <Opcode : 'add' 'sub'> <InPorts = 2> <OutPorts = 1>
ST_26 : Operation 423 [1/1] (1.20ns)   --->   "%sub_ln958_2 = sub i32 25, %sub_ln944_2" [pruned_mlp/mlp.cpp:112]   --->   Operation 423 'sub' 'sub_ln958_2' <Predicate = true> <Delay = 1.20> <Core = "AddSub">   --->   Core 14 'AddSub' <Latency = 0> <II = 1> <Delay = 1.06> <FuncUnit> <Opcode : 'add' 'sub'> <InPorts = 2> <OutPorts = 1>

State 27 <SV = 14> <Delay = 4.20>
ST_27 : Operation 424 [1/1] (0.00ns)   --->   "%bitcast_ln111_1 = bitcast float %maxv_0 to i32" [pruned_mlp/mlp.cpp:111]   --->   Operation 424 'bitcast' 'bitcast_ln111_1' <Predicate = true> <Delay = 0.00>
ST_27 : Operation 425 [1/1] (0.00ns)   --->   "%tmp_3 = call i8 @_ssdm_op_PartSelect.i8.i32.i32.i32(i32 %bitcast_ln111_1, i32 23, i32 30)" [pruned_mlp/mlp.cpp:111]   --->   Operation 425 'partselect' 'tmp_3' <Predicate = true> <Delay = 0.00>
ST_27 : Operation 426 [1/1] (0.00ns)   --->   "%trunc_ln111_1 = trunc i32 %bitcast_ln111_1 to i23" [pruned_mlp/mlp.cpp:111]   --->   Operation 426 'trunc' 'trunc_ln111_1' <Predicate = true> <Delay = 0.00>
ST_27 : Operation 427 [1/1] (0.00ns) (grouped into LUT with out node and_ln111_1)   --->   "%or_ln111_1 = or i1 %icmp_ln111_1, %icmp_ln111" [pruned_mlp/mlp.cpp:111]   --->   Operation 427 'or' 'or_ln111_1' <Predicate = true> <Delay = 0.00> <Core = "LogicGate">   --->   Core 27 'LogicGate' <Latency = 0> <II = 1> <Delay = 0.33> <FuncUnit> <Opcode : 'and' 'or' 'xor'> <InPorts = 2> <OutPorts = 1>
ST_27 : Operation 428 [1/1] (0.85ns)   --->   "%icmp_ln111_2 = icmp ne i8 %tmp_3, -1" [pruned_mlp/mlp.cpp:111]   --->   Operation 428 'icmp' 'icmp_ln111_2' <Predicate = true> <Delay = 0.85> <Core = "Cmp">   --->   Core 25 'Cmp' <Latency = 0> <II = 1> <Delay = 0.87> <FuncUnit> <Opcode : 'icmp'> <InPorts = 2> <OutPorts = 1>
ST_27 : Operation 429 [1/1] (0.97ns)   --->   "%icmp_ln111_3 = icmp eq i23 %trunc_ln111_1, 0" [pruned_mlp/mlp.cpp:111]   --->   Operation 429 'icmp' 'icmp_ln111_3' <Predicate = true> <Delay = 0.97> <Core = "Cmp">   --->   Core 25 'Cmp' <Latency = 0> <II = 1> <Delay = 0.87> <FuncUnit> <Opcode : 'icmp'> <InPorts = 2> <OutPorts = 1>
ST_27 : Operation 430 [1/1] (0.00ns) (grouped into LUT with out node and_ln111_1)   --->   "%or_ln111_2 = or i1 %icmp_ln111_3, %icmp_ln111_2" [pruned_mlp/mlp.cpp:111]   --->   Operation 430 'or' 'or_ln111_2' <Predicate = true> <Delay = 0.00> <Core = "LogicGate">   --->   Core 27 'LogicGate' <Latency = 0> <II = 1> <Delay = 0.33> <FuncUnit> <Opcode : 'and' 'or' 'xor'> <InPorts = 2> <OutPorts = 1>
ST_27 : Operation 431 [1/1] (0.00ns) (grouped into LUT with out node and_ln111_1)   --->   "%and_ln111 = and i1 %or_ln111_1, %or_ln111_2" [pruned_mlp/mlp.cpp:111]   --->   Operation 431 'and' 'and_ln111' <Predicate = true> <Delay = 0.00> <Core = "LogicGate">   --->   Core 27 'LogicGate' <Latency = 0> <II = 1> <Delay = 0.33> <FuncUnit> <Opcode : 'and' 'or' 'xor'> <InPorts = 2> <OutPorts = 1>
ST_27 : Operation 432 [1/2] (3.34ns)   --->   "%tmp_5 = fcmp ogt float %p_0202, %maxv_0" [pruned_mlp/mlp.cpp:111]   --->   Operation 432 'fcmp' 'tmp_5' <Predicate = true> <Delay = 3.34> <Core = "FCmp">   --->   Core 111 'FCmp' <Latency = 1> <II = 1> <Delay = 3.34> <FuncUnit> <Opcode : 'fcmp'> <InPorts = 2> <OutPorts = 1>
ST_27 : Operation 433 [1/1] (0.33ns) (out node of the LUT)   --->   "%and_ln111_1 = and i1 %and_ln111, %tmp_5" [pruned_mlp/mlp.cpp:111]   --->   Operation 433 'and' 'and_ln111_1' <Predicate = true> <Delay = 0.33> <Core = "LogicGate">   --->   Core 27 'LogicGate' <Latency = 0> <II = 1> <Delay = 0.33> <FuncUnit> <Opcode : 'and' 'or' 'xor'> <InPorts = 2> <OutPorts = 1>
ST_27 : Operation 434 [1/1] (0.00ns) (grouped into LUT with out node select_ln111_1)   --->   "%xor_ln111 = xor i1 %and_ln111_1, true" [pruned_mlp/mlp.cpp:111]   --->   Operation 434 'xor' 'xor_ln111' <Predicate = true> <Delay = 0.00> <Core = "LogicGate">   --->   Core 27 'LogicGate' <Latency = 0> <II = 1> <Delay = 0.33> <FuncUnit> <Opcode : 'and' 'or' 'xor'> <InPorts = 2> <OutPorts = 1>
ST_27 : Operation 435 [1/1] (0.00ns) (grouped into LUT with out node select_ln111_1)   --->   "%or_ln111 = or i1 %icmp_ln935_1, %xor_ln111" [pruned_mlp/mlp.cpp:111]   --->   Operation 435 'or' 'or_ln111' <Predicate = true> <Delay = 0.00> <Core = "LogicGate">   --->   Core 27 'LogicGate' <Latency = 0> <II = 1> <Delay = 0.33> <FuncUnit> <Opcode : 'and' 'or' 'xor'> <InPorts = 2> <OutPorts = 1>
ST_27 : Operation 436 [1/1] (0.00ns) (grouped into LUT with out node select_ln111_1)   --->   "%select_ln111 = select i1 %and_ln111_1, float 0.000000e+00, float %maxv_0" [pruned_mlp/mlp.cpp:111]   --->   Operation 436 'select' 'select_ln111' <Predicate = true> <Delay = 0.00> <Core = "Sel">   --->   Core 26 'Sel' <Latency = 0> <II = 1> <Delay = 0.43> <FuncUnit> <Opcode : 'select'> <InPorts = 3> <OutPorts = 1>
ST_27 : Operation 437 [1/1] (0.00ns) (grouped into LUT with out node m_23)   --->   "%m_21 = zext i20 %tmp_V_13 to i64" [pruned_mlp/mlp.cpp:112]   --->   Operation 437 'zext' 'm_21' <Predicate = (!icmp_ln958_2)> <Delay = 0.00>
ST_27 : Operation 438 [1/1] (0.00ns) (grouped into LUT with out node m_23)   --->   "%zext_ln957_3 = zext i20 %tmp_V_13 to i32" [pruned_mlp/mlp.cpp:112]   --->   Operation 438 'zext' 'zext_ln957_3' <Predicate = (icmp_ln958_2)> <Delay = 0.00>
ST_27 : Operation 439 [1/1] (0.00ns) (grouped into LUT with out node m_23)   --->   "%lshr_ln958_2 = lshr i32 %zext_ln957_3, %add_ln958_2" [pruned_mlp/mlp.cpp:112]   --->   Operation 439 'lshr' 'lshr_ln958_2' <Predicate = (icmp_ln958_2)> <Delay = 0.00> <Core = "Shift">   --->   Core 28 'Shift' <Latency = 0> <II = 1> <Delay = 1.71> <FuncUnit> <Opcode : 'shl' 'lshr' 'ashr'> <InPorts = 2> <OutPorts = 1>
ST_27 : Operation 440 [1/1] (0.00ns) (grouped into LUT with out node m_23)   --->   "%zext_ln958_4 = zext i32 %lshr_ln958_2 to i64" [pruned_mlp/mlp.cpp:112]   --->   Operation 440 'zext' 'zext_ln958_4' <Predicate = (icmp_ln958_2)> <Delay = 0.00>
ST_27 : Operation 441 [1/1] (0.00ns) (grouped into LUT with out node m_23)   --->   "%zext_ln958_5 = zext i32 %sub_ln958_2 to i64" [pruned_mlp/mlp.cpp:112]   --->   Operation 441 'zext' 'zext_ln958_5' <Predicate = (!icmp_ln958_2)> <Delay = 0.00>
ST_27 : Operation 442 [1/1] (0.00ns) (grouped into LUT with out node m_23)   --->   "%shl_ln958_2 = shl i64 %m_21, %zext_ln958_5" [pruned_mlp/mlp.cpp:112]   --->   Operation 442 'shl' 'shl_ln958_2' <Predicate = (!icmp_ln958_2)> <Delay = 0.00> <Core = "Shift">   --->   Core 28 'Shift' <Latency = 0> <II = 1> <Delay = 1.71> <FuncUnit> <Opcode : 'shl' 'lshr' 'ashr'> <InPorts = 2> <OutPorts = 1>
ST_27 : Operation 443 [1/1] (0.00ns) (grouped into LUT with out node m_23)   --->   "%m_22 = select i1 %icmp_ln958_2, i64 %zext_ln958_4, i64 %shl_ln958_2" [pruned_mlp/mlp.cpp:112]   --->   Operation 443 'select' 'm_22' <Predicate = true> <Delay = 0.00> <Core = "Sel">   --->   Core 26 'Sel' <Latency = 0> <II = 1> <Delay = 0.43> <FuncUnit> <Opcode : 'select'> <InPorts = 3> <OutPorts = 1>
ST_27 : Operation 444 [1/1] (0.00ns) (grouped into LUT with out node m_23)   --->   "%zext_ln961_2 = zext i32 %or_ln949_4 to i64" [pruned_mlp/mlp.cpp:112]   --->   Operation 444 'zext' 'zext_ln961_2' <Predicate = true> <Delay = 0.00>
ST_27 : Operation 445 [1/1] (1.47ns) (out node of the LUT)   --->   "%m_23 = add i64 %m_22, %zext_ln961_2" [pruned_mlp/mlp.cpp:112]   --->   Operation 445 'add' 'm_23' <Predicate = true> <Delay = 1.47> <Core = "AddSub">   --->   Core 14 'AddSub' <Latency = 0> <II = 1> <Delay = 1.06> <FuncUnit> <Opcode : 'add' 'sub'> <InPorts = 2> <OutPorts = 1>
ST_27 : Operation 446 [1/1] (0.00ns) (grouped into LUT with out node select_ln111_1)   --->   "%m_4 = call i63 @_ssdm_op_PartSelect.i63.i64.i32.i32(i64 %m_23, i32 1, i32 63)" [pruned_mlp/mlp.cpp:112]   --->   Operation 446 'partselect' 'm_4' <Predicate = true> <Delay = 0.00>
ST_27 : Operation 447 [1/1] (0.00ns) (grouped into LUT with out node select_ln111_1)   --->   "%m_28 = zext i63 %m_4 to i64" [pruned_mlp/mlp.cpp:112]   --->   Operation 447 'zext' 'm_28' <Predicate = true> <Delay = 0.00>
ST_27 : Operation 448 [1/1] (0.00ns)   --->   "%tmp_24 = call i1 @_ssdm_op_BitSelect.i1.i64.i32(i64 %m_23, i32 25)" [pruned_mlp/mlp.cpp:112]   --->   Operation 448 'bitselect' 'tmp_24' <Predicate = true> <Delay = 0.00>
ST_27 : Operation 449 [1/1] (0.44ns)   --->   "%select_ln964_2 = select i1 %tmp_24, i8 127, i8 126" [pruned_mlp/mlp.cpp:112]   --->   Operation 449 'select' 'select_ln964_2' <Predicate = true> <Delay = 0.44> <Core = "Sel">   --->   Core 26 'Sel' <Latency = 0> <II = 1> <Delay = 0.43> <FuncUnit> <Opcode : 'select'> <InPorts = 3> <OutPorts = 1>
ST_27 : Operation 450 [1/1] (0.00ns) (grouped into TernaryAdder)   --->   "%sub_ln964_2 = sub i8 6, %trunc_ln943_2" [pruned_mlp/mlp.cpp:112]   --->   Operation 450 'sub' 'sub_ln964_2' <Predicate = true> <Delay = 0.00> <Core = "TAddSub">   --->   Core 83 'TAddSub' <Latency = 0> <II = 1> <Delay = 0.61> <IPBlock> <Opcode : 'add' 'sub'> <InPorts = 3> <OutPorts = 1> <Sync> <CReg>
ST_27 : Operation 451 [1/1] (1.22ns) (root node of TernaryAdder)   --->   "%add_ln964_2 = add i8 %select_ln964_2, %sub_ln964_2" [pruned_mlp/mlp.cpp:112]   --->   Operation 451 'add' 'add_ln964_2' <Predicate = true> <Delay = 1.22> <Core = "TAddSub">   --->   Core 83 'TAddSub' <Latency = 0> <II = 1> <Delay = 0.61> <IPBlock> <Opcode : 'add' 'sub'> <InPorts = 3> <OutPorts = 1> <Sync> <CReg>
ST_27 : Operation 452 [1/1] (0.00ns) (grouped into LUT with out node select_ln111_1)   --->   "%tmp_6 = call i9 @_ssdm_op_BitConcatenate.i9.i1.i8(i1 %p_Result_27, i8 %add_ln964_2)" [pruned_mlp/mlp.cpp:112]   --->   Operation 452 'bitconcatenate' 'tmp_6' <Predicate = true> <Delay = 0.00>
ST_27 : Operation 453 [1/1] (0.00ns) (grouped into LUT with out node select_ln111_1)   --->   "%p_Result_29 = call i64 @_ssdm_op_PartSet.i64.i64.i9.i32.i32(i64 %m_28, i9 %tmp_6, i32 23, i32 31)" [pruned_mlp/mlp.cpp:112]   --->   Operation 453 'partset' 'p_Result_29' <Predicate = true> <Delay = 0.00>
ST_27 : Operation 454 [1/1] (0.00ns) (grouped into LUT with out node select_ln111_1)   --->   "%trunc_ln738_2 = trunc i64 %p_Result_29 to i32" [pruned_mlp/mlp.cpp:112]   --->   Operation 454 'trunc' 'trunc_ln738_2' <Predicate = true> <Delay = 0.00>
ST_27 : Operation 455 [1/1] (0.00ns) (grouped into LUT with out node select_ln111_1)   --->   "%bitcast_ln739_2 = bitcast i32 %trunc_ln738_2 to float" [pruned_mlp/mlp.cpp:112]   --->   Operation 455 'bitcast' 'bitcast_ln739_2' <Predicate = true> <Delay = 0.00>
ST_27 : Operation 456 [1/1] (0.52ns) (out node of the LUT)   --->   "%select_ln111_1 = select i1 %or_ln111, float %select_ln111, float %bitcast_ln739_2" [pruned_mlp/mlp.cpp:111]   --->   Operation 456 'select' 'select_ln111_1' <Predicate = true> <Delay = 0.52> <Core = "Sel">   --->   Core 26 'Sel' <Latency = 0> <II = 1> <Delay = 0.43> <FuncUnit> <Opcode : 'select'> <InPorts = 3> <OutPorts = 1>
ST_27 : Operation 457 [1/1] (0.00ns)   --->   "br label %_ZNK13ap_fixed_baseILi20ELi6ELb1EL9ap_q_mode5EL9ap_o_mode3ELi0EEcvfEv.exit120" [pruned_mlp/mlp.cpp:109]   --->   Operation 457 'br' <Predicate = true> <Delay = 0.00>

State 28 <SV = 10> <Delay = 0.88>
ST_28 : Operation 458 [1/1] (0.00ns)   --->   "%sum_0 = phi float [ 0.000000e+00, %_ifconv2 ], [ %sum, %10 ]"   --->   Operation 458 'phi' 'sum_0' <Predicate = true> <Delay = 0.00>
ST_28 : Operation 459 [1/1] (0.00ns)   --->   "%j8_0 = phi i4 [ 0, %_ifconv2 ], [ %j_4, %10 ]"   --->   Operation 459 'phi' 'j8_0' <Predicate = true> <Delay = 0.00>
ST_28 : Operation 460 [1/1] (0.88ns)   --->   "%icmp_ln118 = icmp eq i4 %j8_0, -6" [pruned_mlp/mlp.cpp:118]   --->   Operation 460 'icmp' 'icmp_ln118' <Predicate = true> <Delay = 0.88> <Core = "Cmp">   --->   Core 25 'Cmp' <Latency = 0> <II = 1> <Delay = 0.87> <FuncUnit> <Opcode : 'icmp'> <InPorts = 2> <OutPorts = 1>
ST_28 : Operation 461 [1/1] (0.00ns)   --->   "%empty_26 = call i32 (...)* @_ssdm_op_SpecLoopTripCount(i64 10, i64 10, i64 10)"   --->   Operation 461 'speclooptripcount' 'empty_26' <Predicate = true> <Delay = 0.00>
ST_28 : Operation 462 [1/1] (0.86ns)   --->   "%j_4 = add i4 %j8_0, 1" [pruned_mlp/mlp.cpp:118]   --->   Operation 462 'add' 'j_4' <Predicate = true> <Delay = 0.86> <Core = "AddSub">   --->   Core 14 'AddSub' <Latency = 0> <II = 1> <Delay = 1.06> <FuncUnit> <Opcode : 'add' 'sub'> <InPorts = 2> <OutPorts = 1>
ST_28 : Operation 463 [1/1] (0.00ns)   --->   "br i1 %icmp_ln118, label %.preheader.preheader, label %10" [pruned_mlp/mlp.cpp:118]   --->   Operation 463 'br' <Predicate = true> <Delay = 0.00>
ST_28 : Operation 464 [1/1] (0.00ns)   --->   "%zext_ln119 = zext i4 %j8_0 to i64" [pruned_mlp/mlp.cpp:119]   --->   Operation 464 'zext' 'zext_ln119' <Predicate = (!icmp_ln118)> <Delay = 0.00>
ST_28 : Operation 465 [1/1] (0.00ns)   --->   "%logits_addr_3 = getelementptr inbounds [10 x float]* %logits, i64 0, i64 %zext_ln119" [pruned_mlp/mlp.cpp:119]   --->   Operation 465 'getelementptr' 'logits_addr_3' <Predicate = (!icmp_ln118)> <Delay = 0.00>
ST_28 : Operation 466 [2/2] (0.79ns)   --->   "%logits_load = load float* %logits_addr_3, align 4" [pruned_mlp/mlp.cpp:119]   --->   Operation 466 'load' 'logits_load' <Predicate = (!icmp_ln118)> <Delay = 0.79> <Core = "RAM">   --->   Core 37 'RAM' <Latency = 1> <II = 1> <Delay = 0.79> <Storage> <Opcode : 'load' 'store'> <Ports = 2> <Width = 32> <Depth = 10> <RAM>
ST_28 : Operation 467 [1/1] (0.75ns)   --->   "br label %.preheader" [pruned_mlp/mlp.cpp:124]   --->   Operation 467 'br' <Predicate = (icmp_ln118)> <Delay = 0.75>

State 29 <SV = 11> <Delay = 0.79>
ST_29 : Operation 468 [1/2] (0.79ns)   --->   "%logits_load = load float* %logits_addr_3, align 4" [pruned_mlp/mlp.cpp:119]   --->   Operation 468 'load' 'logits_load' <Predicate = true> <Delay = 0.79> <Core = "RAM">   --->   Core 37 'RAM' <Latency = 1> <II = 1> <Delay = 0.79> <Storage> <Opcode : 'load' 'store'> <Ports = 2> <Width = 32> <Depth = 10> <RAM>

State 30 <SV = 12> <Delay = 4.18>
ST_30 : Operation 469 [8/8] (4.18ns)   --->   "%tmp = fsub float %logits_load, %maxv_0" [pruned_mlp/mlp.cpp:119]   --->   Operation 469 'fsub' 'tmp' <Predicate = true> <Delay = 4.18> <Core = "FAddSub">   --->   Core 105 'FAddSub' <Latency = 7> <II = 1> <Delay = 4.18> <FuncUnit> <Opcode : 'fadd' 'fsub'> <InPorts = 2> <OutPorts = 1>

State 31 <SV = 13> <Delay = 4.18>
ST_31 : Operation 470 [7/8] (4.18ns)   --->   "%tmp = fsub float %logits_load, %maxv_0" [pruned_mlp/mlp.cpp:119]   --->   Operation 470 'fsub' 'tmp' <Predicate = true> <Delay = 4.18> <Core = "FAddSub">   --->   Core 105 'FAddSub' <Latency = 7> <II = 1> <Delay = 4.18> <FuncUnit> <Opcode : 'fadd' 'fsub'> <InPorts = 2> <OutPorts = 1>

State 32 <SV = 14> <Delay = 4.18>
ST_32 : Operation 471 [6/8] (4.18ns)   --->   "%tmp = fsub float %logits_load, %maxv_0" [pruned_mlp/mlp.cpp:119]   --->   Operation 471 'fsub' 'tmp' <Predicate = true> <Delay = 4.18> <Core = "FAddSub">   --->   Core 105 'FAddSub' <Latency = 7> <II = 1> <Delay = 4.18> <FuncUnit> <Opcode : 'fadd' 'fsub'> <InPorts = 2> <OutPorts = 1>

State 33 <SV = 15> <Delay = 4.18>
ST_33 : Operation 472 [5/8] (4.18ns)   --->   "%tmp = fsub float %logits_load, %maxv_0" [pruned_mlp/mlp.cpp:119]   --->   Operation 472 'fsub' 'tmp' <Predicate = true> <Delay = 4.18> <Core = "FAddSub">   --->   Core 105 'FAddSub' <Latency = 7> <II = 1> <Delay = 4.18> <FuncUnit> <Opcode : 'fadd' 'fsub'> <InPorts = 2> <OutPorts = 1>

State 34 <SV = 16> <Delay = 4.18>
ST_34 : Operation 473 [4/8] (4.18ns)   --->   "%tmp = fsub float %logits_load, %maxv_0" [pruned_mlp/mlp.cpp:119]   --->   Operation 473 'fsub' 'tmp' <Predicate = true> <Delay = 4.18> <Core = "FAddSub">   --->   Core 105 'FAddSub' <Latency = 7> <II = 1> <Delay = 4.18> <FuncUnit> <Opcode : 'fadd' 'fsub'> <InPorts = 2> <OutPorts = 1>

State 35 <SV = 17> <Delay = 4.18>
ST_35 : Operation 474 [3/8] (4.18ns)   --->   "%tmp = fsub float %logits_load, %maxv_0" [pruned_mlp/mlp.cpp:119]   --->   Operation 474 'fsub' 'tmp' <Predicate = true> <Delay = 4.18> <Core = "FAddSub">   --->   Core 105 'FAddSub' <Latency = 7> <II = 1> <Delay = 4.18> <FuncUnit> <Opcode : 'fadd' 'fsub'> <InPorts = 2> <OutPorts = 1>

State 36 <SV = 18> <Delay = 4.18>
ST_36 : Operation 475 [2/8] (4.18ns)   --->   "%tmp = fsub float %logits_load, %maxv_0" [pruned_mlp/mlp.cpp:119]   --->   Operation 475 'fsub' 'tmp' <Predicate = true> <Delay = 4.18> <Core = "FAddSub">   --->   Core 105 'FAddSub' <Latency = 7> <II = 1> <Delay = 4.18> <FuncUnit> <Opcode : 'fadd' 'fsub'> <InPorts = 2> <OutPorts = 1>

State 37 <SV = 19> <Delay = 4.18>
ST_37 : Operation 476 [1/8] (4.18ns)   --->   "%tmp = fsub float %logits_load, %maxv_0" [pruned_mlp/mlp.cpp:119]   --->   Operation 476 'fsub' 'tmp' <Predicate = true> <Delay = 4.18> <Core = "FAddSub">   --->   Core 105 'FAddSub' <Latency = 7> <II = 1> <Delay = 4.18> <FuncUnit> <Opcode : 'fadd' 'fsub'> <InPorts = 2> <OutPorts = 1>

State 38 <SV = 20> <Delay = 4.35>
ST_38 : Operation 477 [13/13] (4.35ns)   --->   "%e = call float @llvm.exp.f32(float %tmp)" [pruned_mlp/mlp.cpp:119]   --->   Operation 477 'fexp' 'e' <Predicate = true> <Delay = 4.35> <Core = "FExp">   --->   Core 127 'FExp' <Latency = 12> <II = 1> <Delay = 4.35> <FuncUnit> <Opcode : 'fexp'> <InPorts = 1> <OutPorts = 1>

State 39 <SV = 21> <Delay = 4.35>
ST_39 : Operation 478 [12/13] (4.35ns)   --->   "%e = call float @llvm.exp.f32(float %tmp)" [pruned_mlp/mlp.cpp:119]   --->   Operation 478 'fexp' 'e' <Predicate = true> <Delay = 4.35> <Core = "FExp">   --->   Core 127 'FExp' <Latency = 12> <II = 1> <Delay = 4.35> <FuncUnit> <Opcode : 'fexp'> <InPorts = 1> <OutPorts = 1>

State 40 <SV = 22> <Delay = 4.35>
ST_40 : Operation 479 [11/13] (4.35ns)   --->   "%e = call float @llvm.exp.f32(float %tmp)" [pruned_mlp/mlp.cpp:119]   --->   Operation 479 'fexp' 'e' <Predicate = true> <Delay = 4.35> <Core = "FExp">   --->   Core 127 'FExp' <Latency = 12> <II = 1> <Delay = 4.35> <FuncUnit> <Opcode : 'fexp'> <InPorts = 1> <OutPorts = 1>

State 41 <SV = 23> <Delay = 4.35>
ST_41 : Operation 480 [10/13] (4.35ns)   --->   "%e = call float @llvm.exp.f32(float %tmp)" [pruned_mlp/mlp.cpp:119]   --->   Operation 480 'fexp' 'e' <Predicate = true> <Delay = 4.35> <Core = "FExp">   --->   Core 127 'FExp' <Latency = 12> <II = 1> <Delay = 4.35> <FuncUnit> <Opcode : 'fexp'> <InPorts = 1> <OutPorts = 1>

State 42 <SV = 24> <Delay = 4.35>
ST_42 : Operation 481 [9/13] (4.35ns)   --->   "%e = call float @llvm.exp.f32(float %tmp)" [pruned_mlp/mlp.cpp:119]   --->   Operation 481 'fexp' 'e' <Predicate = true> <Delay = 4.35> <Core = "FExp">   --->   Core 127 'FExp' <Latency = 12> <II = 1> <Delay = 4.35> <FuncUnit> <Opcode : 'fexp'> <InPorts = 1> <OutPorts = 1>

State 43 <SV = 25> <Delay = 4.35>
ST_43 : Operation 482 [8/13] (4.35ns)   --->   "%e = call float @llvm.exp.f32(float %tmp)" [pruned_mlp/mlp.cpp:119]   --->   Operation 482 'fexp' 'e' <Predicate = true> <Delay = 4.35> <Core = "FExp">   --->   Core 127 'FExp' <Latency = 12> <II = 1> <Delay = 4.35> <FuncUnit> <Opcode : 'fexp'> <InPorts = 1> <OutPorts = 1>

State 44 <SV = 26> <Delay = 4.35>
ST_44 : Operation 483 [7/13] (4.35ns)   --->   "%e = call float @llvm.exp.f32(float %tmp)" [pruned_mlp/mlp.cpp:119]   --->   Operation 483 'fexp' 'e' <Predicate = true> <Delay = 4.35> <Core = "FExp">   --->   Core 127 'FExp' <Latency = 12> <II = 1> <Delay = 4.35> <FuncUnit> <Opcode : 'fexp'> <InPorts = 1> <OutPorts = 1>

State 45 <SV = 27> <Delay = 4.35>
ST_45 : Operation 484 [6/13] (4.35ns)   --->   "%e = call float @llvm.exp.f32(float %tmp)" [pruned_mlp/mlp.cpp:119]   --->   Operation 484 'fexp' 'e' <Predicate = true> <Delay = 4.35> <Core = "FExp">   --->   Core 127 'FExp' <Latency = 12> <II = 1> <Delay = 4.35> <FuncUnit> <Opcode : 'fexp'> <InPorts = 1> <OutPorts = 1>

State 46 <SV = 28> <Delay = 4.35>
ST_46 : Operation 485 [5/13] (4.35ns)   --->   "%e = call float @llvm.exp.f32(float %tmp)" [pruned_mlp/mlp.cpp:119]   --->   Operation 485 'fexp' 'e' <Predicate = true> <Delay = 4.35> <Core = "FExp">   --->   Core 127 'FExp' <Latency = 12> <II = 1> <Delay = 4.35> <FuncUnit> <Opcode : 'fexp'> <InPorts = 1> <OutPorts = 1>

State 47 <SV = 29> <Delay = 4.35>
ST_47 : Operation 486 [4/13] (4.35ns)   --->   "%e = call float @llvm.exp.f32(float %tmp)" [pruned_mlp/mlp.cpp:119]   --->   Operation 486 'fexp' 'e' <Predicate = true> <Delay = 4.35> <Core = "FExp">   --->   Core 127 'FExp' <Latency = 12> <II = 1> <Delay = 4.35> <FuncUnit> <Opcode : 'fexp'> <InPorts = 1> <OutPorts = 1>

State 48 <SV = 30> <Delay = 4.35>
ST_48 : Operation 487 [3/13] (4.35ns)   --->   "%e = call float @llvm.exp.f32(float %tmp)" [pruned_mlp/mlp.cpp:119]   --->   Operation 487 'fexp' 'e' <Predicate = true> <Delay = 4.35> <Core = "FExp">   --->   Core 127 'FExp' <Latency = 12> <II = 1> <Delay = 4.35> <FuncUnit> <Opcode : 'fexp'> <InPorts = 1> <OutPorts = 1>

State 49 <SV = 31> <Delay = 4.35>
ST_49 : Operation 488 [2/13] (4.35ns)   --->   "%e = call float @llvm.exp.f32(float %tmp)" [pruned_mlp/mlp.cpp:119]   --->   Operation 488 'fexp' 'e' <Predicate = true> <Delay = 4.35> <Core = "FExp">   --->   Core 127 'FExp' <Latency = 12> <II = 1> <Delay = 4.35> <FuncUnit> <Opcode : 'fexp'> <InPorts = 1> <OutPorts = 1>

State 50 <SV = 32> <Delay = 4.35>
ST_50 : Operation 489 [1/13] (4.35ns)   --->   "%e = call float @llvm.exp.f32(float %tmp)" [pruned_mlp/mlp.cpp:119]   --->   Operation 489 'fexp' 'e' <Predicate = true> <Delay = 4.35> <Core = "FExp">   --->   Core 127 'FExp' <Latency = 12> <II = 1> <Delay = 4.35> <FuncUnit> <Opcode : 'fexp'> <InPorts = 1> <OutPorts = 1>

State 51 <SV = 33> <Delay = 4.18>
ST_51 : Operation 490 [1/1] (0.00ns)   --->   "%output_addr = getelementptr [10 x float]* %output_r, i64 0, i64 %zext_ln119" [pruned_mlp/mlp.cpp:120]   --->   Operation 490 'getelementptr' 'output_addr' <Predicate = true> <Delay = 0.00>
ST_51 : Operation 491 [1/1] (0.79ns)   --->   "store float %e, float* %output_addr, align 4" [pruned_mlp/mlp.cpp:120]   --->   Operation 491 'store' <Predicate = true> <Delay = 0.79> <Core = "RAM">   --->   Core 37 'RAM' <Latency = 1> <II = 1> <Delay = 0.79> <Storage> <Opcode : 'load' 'store'> <Ports = 2> <Width = 32> <Depth = 10> <RAM>
ST_51 : Operation 492 [8/8] (4.18ns)   --->   "%sum = fadd float %sum_0, %e" [pruned_mlp/mlp.cpp:121]   --->   Operation 492 'fadd' 'sum' <Predicate = true> <Delay = 4.18> <Core = "FAddSub">   --->   Core 105 'FAddSub' <Latency = 7> <II = 1> <Delay = 4.18> <FuncUnit> <Opcode : 'fadd' 'fsub'> <InPorts = 2> <OutPorts = 1>

State 52 <SV = 34> <Delay = 4.18>
ST_52 : Operation 493 [7/8] (4.18ns)   --->   "%sum = fadd float %sum_0, %e" [pruned_mlp/mlp.cpp:121]   --->   Operation 493 'fadd' 'sum' <Predicate = true> <Delay = 4.18> <Core = "FAddSub">   --->   Core 105 'FAddSub' <Latency = 7> <II = 1> <Delay = 4.18> <FuncUnit> <Opcode : 'fadd' 'fsub'> <InPorts = 2> <OutPorts = 1>

State 53 <SV = 35> <Delay = 4.18>
ST_53 : Operation 494 [6/8] (4.18ns)   --->   "%sum = fadd float %sum_0, %e" [pruned_mlp/mlp.cpp:121]   --->   Operation 494 'fadd' 'sum' <Predicate = true> <Delay = 4.18> <Core = "FAddSub">   --->   Core 105 'FAddSub' <Latency = 7> <II = 1> <Delay = 4.18> <FuncUnit> <Opcode : 'fadd' 'fsub'> <InPorts = 2> <OutPorts = 1>

State 54 <SV = 36> <Delay = 4.18>
ST_54 : Operation 495 [5/8] (4.18ns)   --->   "%sum = fadd float %sum_0, %e" [pruned_mlp/mlp.cpp:121]   --->   Operation 495 'fadd' 'sum' <Predicate = true> <Delay = 4.18> <Core = "FAddSub">   --->   Core 105 'FAddSub' <Latency = 7> <II = 1> <Delay = 4.18> <FuncUnit> <Opcode : 'fadd' 'fsub'> <InPorts = 2> <OutPorts = 1>

State 55 <SV = 37> <Delay = 4.18>
ST_55 : Operation 496 [4/8] (4.18ns)   --->   "%sum = fadd float %sum_0, %e" [pruned_mlp/mlp.cpp:121]   --->   Operation 496 'fadd' 'sum' <Predicate = true> <Delay = 4.18> <Core = "FAddSub">   --->   Core 105 'FAddSub' <Latency = 7> <II = 1> <Delay = 4.18> <FuncUnit> <Opcode : 'fadd' 'fsub'> <InPorts = 2> <OutPorts = 1>

State 56 <SV = 38> <Delay = 4.18>
ST_56 : Operation 497 [3/8] (4.18ns)   --->   "%sum = fadd float %sum_0, %e" [pruned_mlp/mlp.cpp:121]   --->   Operation 497 'fadd' 'sum' <Predicate = true> <Delay = 4.18> <Core = "FAddSub">   --->   Core 105 'FAddSub' <Latency = 7> <II = 1> <Delay = 4.18> <FuncUnit> <Opcode : 'fadd' 'fsub'> <InPorts = 2> <OutPorts = 1>

State 57 <SV = 39> <Delay = 4.18>
ST_57 : Operation 498 [2/8] (4.18ns)   --->   "%sum = fadd float %sum_0, %e" [pruned_mlp/mlp.cpp:121]   --->   Operation 498 'fadd' 'sum' <Predicate = true> <Delay = 4.18> <Core = "FAddSub">   --->   Core 105 'FAddSub' <Latency = 7> <II = 1> <Delay = 4.18> <FuncUnit> <Opcode : 'fadd' 'fsub'> <InPorts = 2> <OutPorts = 1>

State 58 <SV = 40> <Delay = 4.18>
ST_58 : Operation 499 [1/1] (0.00ns)   --->   "call void (...)* @_ssdm_op_SpecLoopName([12 x i8]* @p_str12) nounwind" [pruned_mlp/mlp.cpp:118]   --->   Operation 499 'specloopname' <Predicate = true> <Delay = 0.00>
ST_58 : Operation 500 [1/8] (4.18ns)   --->   "%sum = fadd float %sum_0, %e" [pruned_mlp/mlp.cpp:121]   --->   Operation 500 'fadd' 'sum' <Predicate = true> <Delay = 4.18> <Core = "FAddSub">   --->   Core 105 'FAddSub' <Latency = 7> <II = 1> <Delay = 4.18> <FuncUnit> <Opcode : 'fadd' 'fsub'> <InPorts = 2> <OutPorts = 1>
ST_58 : Operation 501 [1/1] (0.00ns)   --->   "br label %9" [pruned_mlp/mlp.cpp:118]   --->   Operation 501 'br' <Predicate = true> <Delay = 0.00>

State 59 <SV = 11> <Delay = 0.88>
ST_59 : Operation 502 [1/1] (0.00ns)   --->   "%j9_0 = phi i4 [ %j_6, %11 ], [ 0, %.preheader.preheader ]"   --->   Operation 502 'phi' 'j9_0' <Predicate = true> <Delay = 0.00>
ST_59 : Operation 503 [1/1] (0.88ns)   --->   "%icmp_ln124 = icmp eq i4 %j9_0, -6" [pruned_mlp/mlp.cpp:124]   --->   Operation 503 'icmp' 'icmp_ln124' <Predicate = true> <Delay = 0.88> <Core = "Cmp">   --->   Core 25 'Cmp' <Latency = 0> <II = 1> <Delay = 0.87> <FuncUnit> <Opcode : 'icmp'> <InPorts = 2> <OutPorts = 1>
ST_59 : Operation 504 [1/1] (0.00ns)   --->   "%empty_27 = call i32 (...)* @_ssdm_op_SpecLoopTripCount(i64 10, i64 10, i64 10)"   --->   Operation 504 'speclooptripcount' 'empty_27' <Predicate = true> <Delay = 0.00>
ST_59 : Operation 505 [1/1] (0.86ns)   --->   "%j_6 = add i4 %j9_0, 1" [pruned_mlp/mlp.cpp:124]   --->   Operation 505 'add' 'j_6' <Predicate = true> <Delay = 0.86> <Core = "AddSub">   --->   Core 14 'AddSub' <Latency = 0> <II = 1> <Delay = 1.06> <FuncUnit> <Opcode : 'add' 'sub'> <InPorts = 2> <OutPorts = 1>
ST_59 : Operation 506 [1/1] (0.00ns)   --->   "br i1 %icmp_ln124, label %12, label %11" [pruned_mlp/mlp.cpp:124]   --->   Operation 506 'br' <Predicate = true> <Delay = 0.00>
ST_59 : Operation 507 [1/1] (0.00ns)   --->   "%zext_ln125 = zext i4 %j9_0 to i64" [pruned_mlp/mlp.cpp:125]   --->   Operation 507 'zext' 'zext_ln125' <Predicate = (!icmp_ln124)> <Delay = 0.00>
ST_59 : Operation 508 [1/1] (0.00ns)   --->   "%output_addr_1 = getelementptr [10 x float]* %output_r, i64 0, i64 %zext_ln125" [pruned_mlp/mlp.cpp:125]   --->   Operation 508 'getelementptr' 'output_addr_1' <Predicate = (!icmp_ln124)> <Delay = 0.00>
ST_59 : Operation 509 [2/2] (0.79ns)   --->   "%output_load = load float* %output_addr_1, align 4" [pruned_mlp/mlp.cpp:125]   --->   Operation 509 'load' 'output_load' <Predicate = (!icmp_ln124)> <Delay = 0.79> <Core = "RAM">   --->   Core 37 'RAM' <Latency = 1> <II = 1> <Delay = 0.79> <Storage> <Opcode : 'load' 'store'> <Ports = 2> <Width = 32> <Depth = 10> <RAM>
ST_59 : Operation 510 [1/1] (0.00ns)   --->   "ret void" [pruned_mlp/mlp.cpp:126]   --->   Operation 510 'ret' <Predicate = (icmp_ln124)> <Delay = 0.00>

State 60 <SV = 12> <Delay = 0.79>
ST_60 : Operation 511 [1/2] (0.79ns)   --->   "%output_load = load float* %output_addr_1, align 4" [pruned_mlp/mlp.cpp:125]   --->   Operation 511 'load' 'output_load' <Predicate = true> <Delay = 0.79> <Core = "RAM">   --->   Core 37 'RAM' <Latency = 1> <II = 1> <Delay = 0.79> <Storage> <Opcode : 'load' 'store'> <Ports = 2> <Width = 32> <Depth = 10> <RAM>

State 61 <SV = 13> <Delay = 3.73>
ST_61 : Operation 512 [16/16] (3.73ns)   --->   "%tmp_2 = fdiv float %output_load, %sum_0" [pruned_mlp/mlp.cpp:125]   --->   Operation 512 'fdiv' 'tmp_2' <Predicate = true> <Delay = 3.73> <Core = "FDiv">   --->   Core 107 'FDiv' <Latency = 15> <II = 1> <Delay = 3.73> <FuncUnit> <Opcode : 'fdiv' 'frem'> <InPorts = 2> <OutPorts = 1>

State 62 <SV = 14> <Delay = 3.73>
ST_62 : Operation 513 [15/16] (3.73ns)   --->   "%tmp_2 = fdiv float %output_load, %sum_0" [pruned_mlp/mlp.cpp:125]   --->   Operation 513 'fdiv' 'tmp_2' <Predicate = true> <Delay = 3.73> <Core = "FDiv">   --->   Core 107 'FDiv' <Latency = 15> <II = 1> <Delay = 3.73> <FuncUnit> <Opcode : 'fdiv' 'frem'> <InPorts = 2> <OutPorts = 1>

State 63 <SV = 15> <Delay = 3.73>
ST_63 : Operation 514 [14/16] (3.73ns)   --->   "%tmp_2 = fdiv float %output_load, %sum_0" [pruned_mlp/mlp.cpp:125]   --->   Operation 514 'fdiv' 'tmp_2' <Predicate = true> <Delay = 3.73> <Core = "FDiv">   --->   Core 107 'FDiv' <Latency = 15> <II = 1> <Delay = 3.73> <FuncUnit> <Opcode : 'fdiv' 'frem'> <InPorts = 2> <OutPorts = 1>

State 64 <SV = 16> <Delay = 3.73>
ST_64 : Operation 515 [13/16] (3.73ns)   --->   "%tmp_2 = fdiv float %output_load, %sum_0" [pruned_mlp/mlp.cpp:125]   --->   Operation 515 'fdiv' 'tmp_2' <Predicate = true> <Delay = 3.73> <Core = "FDiv">   --->   Core 107 'FDiv' <Latency = 15> <II = 1> <Delay = 3.73> <FuncUnit> <Opcode : 'fdiv' 'frem'> <InPorts = 2> <OutPorts = 1>

State 65 <SV = 17> <Delay = 3.73>
ST_65 : Operation 516 [12/16] (3.73ns)   --->   "%tmp_2 = fdiv float %output_load, %sum_0" [pruned_mlp/mlp.cpp:125]   --->   Operation 516 'fdiv' 'tmp_2' <Predicate = true> <Delay = 3.73> <Core = "FDiv">   --->   Core 107 'FDiv' <Latency = 15> <II = 1> <Delay = 3.73> <FuncUnit> <Opcode : 'fdiv' 'frem'> <InPorts = 2> <OutPorts = 1>

State 66 <SV = 18> <Delay = 3.73>
ST_66 : Operation 517 [11/16] (3.73ns)   --->   "%tmp_2 = fdiv float %output_load, %sum_0" [pruned_mlp/mlp.cpp:125]   --->   Operation 517 'fdiv' 'tmp_2' <Predicate = true> <Delay = 3.73> <Core = "FDiv">   --->   Core 107 'FDiv' <Latency = 15> <II = 1> <Delay = 3.73> <FuncUnit> <Opcode : 'fdiv' 'frem'> <InPorts = 2> <OutPorts = 1>

State 67 <SV = 19> <Delay = 3.73>
ST_67 : Operation 518 [10/16] (3.73ns)   --->   "%tmp_2 = fdiv float %output_load, %sum_0" [pruned_mlp/mlp.cpp:125]   --->   Operation 518 'fdiv' 'tmp_2' <Predicate = true> <Delay = 3.73> <Core = "FDiv">   --->   Core 107 'FDiv' <Latency = 15> <II = 1> <Delay = 3.73> <FuncUnit> <Opcode : 'fdiv' 'frem'> <InPorts = 2> <OutPorts = 1>

State 68 <SV = 20> <Delay = 3.73>
ST_68 : Operation 519 [9/16] (3.73ns)   --->   "%tmp_2 = fdiv float %output_load, %sum_0" [pruned_mlp/mlp.cpp:125]   --->   Operation 519 'fdiv' 'tmp_2' <Predicate = true> <Delay = 3.73> <Core = "FDiv">   --->   Core 107 'FDiv' <Latency = 15> <II = 1> <Delay = 3.73> <FuncUnit> <Opcode : 'fdiv' 'frem'> <InPorts = 2> <OutPorts = 1>

State 69 <SV = 21> <Delay = 3.73>
ST_69 : Operation 520 [8/16] (3.73ns)   --->   "%tmp_2 = fdiv float %output_load, %sum_0" [pruned_mlp/mlp.cpp:125]   --->   Operation 520 'fdiv' 'tmp_2' <Predicate = true> <Delay = 3.73> <Core = "FDiv">   --->   Core 107 'FDiv' <Latency = 15> <II = 1> <Delay = 3.73> <FuncUnit> <Opcode : 'fdiv' 'frem'> <InPorts = 2> <OutPorts = 1>

State 70 <SV = 22> <Delay = 3.73>
ST_70 : Operation 521 [7/16] (3.73ns)   --->   "%tmp_2 = fdiv float %output_load, %sum_0" [pruned_mlp/mlp.cpp:125]   --->   Operation 521 'fdiv' 'tmp_2' <Predicate = true> <Delay = 3.73> <Core = "FDiv">   --->   Core 107 'FDiv' <Latency = 15> <II = 1> <Delay = 3.73> <FuncUnit> <Opcode : 'fdiv' 'frem'> <InPorts = 2> <OutPorts = 1>

State 71 <SV = 23> <Delay = 3.73>
ST_71 : Operation 522 [6/16] (3.73ns)   --->   "%tmp_2 = fdiv float %output_load, %sum_0" [pruned_mlp/mlp.cpp:125]   --->   Operation 522 'fdiv' 'tmp_2' <Predicate = true> <Delay = 3.73> <Core = "FDiv">   --->   Core 107 'FDiv' <Latency = 15> <II = 1> <Delay = 3.73> <FuncUnit> <Opcode : 'fdiv' 'frem'> <InPorts = 2> <OutPorts = 1>

State 72 <SV = 24> <Delay = 3.73>
ST_72 : Operation 523 [5/16] (3.73ns)   --->   "%tmp_2 = fdiv float %output_load, %sum_0" [pruned_mlp/mlp.cpp:125]   --->   Operation 523 'fdiv' 'tmp_2' <Predicate = true> <Delay = 3.73> <Core = "FDiv">   --->   Core 107 'FDiv' <Latency = 15> <II = 1> <Delay = 3.73> <FuncUnit> <Opcode : 'fdiv' 'frem'> <InPorts = 2> <OutPorts = 1>

State 73 <SV = 25> <Delay = 3.73>
ST_73 : Operation 524 [4/16] (3.73ns)   --->   "%tmp_2 = fdiv float %output_load, %sum_0" [pruned_mlp/mlp.cpp:125]   --->   Operation 524 'fdiv' 'tmp_2' <Predicate = true> <Delay = 3.73> <Core = "FDiv">   --->   Core 107 'FDiv' <Latency = 15> <II = 1> <Delay = 3.73> <FuncUnit> <Opcode : 'fdiv' 'frem'> <InPorts = 2> <OutPorts = 1>

State 74 <SV = 26> <Delay = 3.73>
ST_74 : Operation 525 [3/16] (3.73ns)   --->   "%tmp_2 = fdiv float %output_load, %sum_0" [pruned_mlp/mlp.cpp:125]   --->   Operation 525 'fdiv' 'tmp_2' <Predicate = true> <Delay = 3.73> <Core = "FDiv">   --->   Core 107 'FDiv' <Latency = 15> <II = 1> <Delay = 3.73> <FuncUnit> <Opcode : 'fdiv' 'frem'> <InPorts = 2> <OutPorts = 1>

State 75 <SV = 27> <Delay = 3.73>
ST_75 : Operation 526 [2/16] (3.73ns)   --->   "%tmp_2 = fdiv float %output_load, %sum_0" [pruned_mlp/mlp.cpp:125]   --->   Operation 526 'fdiv' 'tmp_2' <Predicate = true> <Delay = 3.73> <Core = "FDiv">   --->   Core 107 'FDiv' <Latency = 15> <II = 1> <Delay = 3.73> <FuncUnit> <Opcode : 'fdiv' 'frem'> <InPorts = 2> <OutPorts = 1>

State 76 <SV = 28> <Delay = 3.73>
ST_76 : Operation 527 [1/16] (3.73ns)   --->   "%tmp_2 = fdiv float %output_load, %sum_0" [pruned_mlp/mlp.cpp:125]   --->   Operation 527 'fdiv' 'tmp_2' <Predicate = true> <Delay = 3.73> <Core = "FDiv">   --->   Core 107 'FDiv' <Latency = 15> <II = 1> <Delay = 3.73> <FuncUnit> <Opcode : 'fdiv' 'frem'> <InPorts = 2> <OutPorts = 1>

State 77 <SV = 29> <Delay = 0.79>
ST_77 : Operation 528 [1/1] (0.00ns)   --->   "call void (...)* @_ssdm_op_SpecLoopName([13 x i8]* @p_str13) nounwind" [pruned_mlp/mlp.cpp:125]   --->   Operation 528 'specloopname' <Predicate = true> <Delay = 0.00>
ST_77 : Operation 529 [1/1] (0.79ns)   --->   "store float %tmp_2, float* %output_addr_1, align 4" [pruned_mlp/mlp.cpp:125]   --->   Operation 529 'store' <Predicate = true> <Delay = 0.79> <Core = "RAM">   --->   Core 37 'RAM' <Latency = 1> <II = 1> <Delay = 0.79> <Storage> <Opcode : 'load' 'store'> <Ports = 2> <Width = 32> <Depth = 10> <RAM>
ST_77 : Operation 530 [1/1] (0.00ns)   --->   "br label %.preheader" [pruned_mlp/mlp.cpp:124]   --->   Operation 530 'br' <Predicate = true> <Delay = 0.00>


============================================================
+ Verbose Summary: Binding
============================================================
STG Binding: 
---------------- STG Properties BEGIN ----------------
- Is combinational: 0
- Is one-state seq: 0
- Is datapath-only: 0
- Is pipelined: 0
- Is top level: 1
Port [ Return ] is wired: 1; IO mode=ap_ctrl_hs:ce=0
Port [ input_V]:  wired=1; compound=1; hidden=0; nouse=0; global=0; static=0; extern=0; dir=0; type=1; pingpong=0; private_global=0; MemPort=[13]; IO mode=ap_memory:ce=0
Port [ output_r]:  wired=1; compound=1; hidden=0; nouse=0; global=0; static=0; extern=0; dir=2; type=1; pingpong=0; private_global=0; MemPort=[23]; IO mode=ap_memory:ce=0
Port [ B1_V]:  wired=0; compound=1; hidden=1; nouse=0; global=1; static=1; extern=0; dir=0; type=1; pingpong=0; private_global=1; linkage=7; visibility=0; MemPort=[1]; IO mode=ap_memory:ce=0
Port [ W1_V]:  wired=0; compound=1; hidden=1; nouse=0; global=1; static=1; extern=0; dir=0; type=1; pingpong=0; private_global=1; linkage=7; visibility=0; MemPort=[1]; IO mode=ap_memory:ce=0
Port [ B2_V]:  wired=0; compound=1; hidden=1; nouse=0; global=1; static=1; extern=0; dir=0; type=1; pingpong=0; private_global=1; linkage=7; visibility=0; MemPort=[1]; IO mode=ap_memory:ce=0
Port [ W2_V]:  wired=0; compound=1; hidden=1; nouse=0; global=1; static=1; extern=0; dir=0; type=1; pingpong=0; private_global=1; linkage=7; visibility=0; MemPort=[1]; IO mode=ap_memory:ce=0
Port [ B3_V]:  wired=0; compound=1; hidden=1; nouse=0; global=1; static=1; extern=0; dir=0; type=1; pingpong=0; private_global=1; linkage=7; visibility=0; MemPort=[1]; IO mode=ap_memory:ce=0
Port [ W3_V]:  wired=0; compound=1; hidden=1; nouse=0; global=1; static=1; extern=0; dir=0; type=1; pingpong=0; private_global=1; linkage=7; visibility=0; MemPort=[1]; IO mode=ap_memory:ce=0
Port [ B4_V]:  wired=0; compound=1; hidden=1; nouse=0; global=1; static=1; extern=0; dir=0; type=1; pingpong=0; private_global=1; linkage=7; visibility=0; MemPort=[1]; IO mode=ap_memory:ce=0
Port [ W4_V]:  wired=0; compound=1; hidden=1; nouse=0; global=1; static=1; extern=0; dir=0; type=1; pingpong=0; private_global=1; linkage=7; visibility=0; MemPort=[1]; IO mode=ap_memory:ce=0
---------------- STG Properties END ------------------

---------------- Datapath Model BEGIN ----------------

<LifeTime>
<method=bitvector/>
specbitsmap_ln0    (specbitsmap      ) [ 000000000000000000000000000000000000000000000000000000000000000000000000000000]
specbitsmap_ln0    (specbitsmap      ) [ 000000000000000000000000000000000000000000000000000000000000000000000000000000]
spectopmodule_ln0  (spectopmodule    ) [ 000000000000000000000000000000000000000000000000000000000000000000000000000000]
a1_V               (alloca           ) [ 001111111100000000000000000000000000000000000000000000000000000000000000000000]
a2_V               (alloca           ) [ 001111111111110000000000000000000000000000000000000000000000000000000000000000]
a3_V               (alloca           ) [ 001111111111111111000000000000000000000000000000000000000000000000000000000000]
z4_V               (alloca           ) [ 001111111111111111111111111100000000000000000000000000000000000000000000000000]
logits             (alloca           ) [ 001111111111111111111111111111111111111111111111111111111110000000000000000000]
br_ln88            (br               ) [ 011111000000000000000000000000000000000000000000000000000000000000000000000000]
j_0                (phi              ) [ 001000000000000000000000000000000000000000000000000000000000000000000000000000]
phi_mul            (phi              ) [ 001111000000000000000000000000000000000000000000000000000000000000000000000000]
add_ln88           (add              ) [ 011111000000000000000000000000000000000000000000000000000000000000000000000000]
icmp_ln88          (icmp             ) [ 001111000000000000000000000000000000000000000000000000000000000000000000000000]
empty              (speclooptripcount) [ 000000000000000000000000000000000000000000000000000000000000000000000000000000]
j                  (add              ) [ 011111000000000000000000000000000000000000000000000000000000000000000000000000]
br_ln88            (br               ) [ 000000000000000000000000000000000000000000000000000000000000000000000000000000]
zext_ln89          (zext             ) [ 000111000000000000000000000000000000000000000000000000000000000000000000000000]
B1_V_addr          (getelementptr    ) [ 000100000000000000000000000000000000000000000000000000000000000000000000000000]
br_ln93            (br               ) [ 001111111100000000000000000000000000000000000000000000000000000000000000000000]
specloopname_ln89  (specloopname     ) [ 000000000000000000000000000000000000000000000000000000000000000000000000000000]
acc_V              (load             ) [ 000000000000000000000000000000000000000000000000000000000000000000000000000000]
zext_ln89_1        (zext             ) [ 001111000000000000000000000000000000000000000000000000000000000000000000000000]
br_ln68            (br               ) [ 001111000000000000000000000000000000000000000000000000000000000000000000000000]
p_Val2_1           (phi              ) [ 000011000000000000000000000000000000000000000000000000000000000000000000000000]
i_0_i              (phi              ) [ 000010000000000000000000000000000000000000000000000000000000000000000000000000]
empty_15           (speclooptripcount) [ 000000000000000000000000000000000000000000000000000000000000000000000000000000]
icmp_ln68          (icmp             ) [ 001111000000000000000000000000000000000000000000000000000000000000000000000000]
i                  (add              ) [ 001111000000000000000000000000000000000000000000000000000000000000000000000000]
br_ln68            (br               ) [ 000000000000000000000000000000000000000000000000000000000000000000000000000000]
zext_ln69          (zext             ) [ 000000000000000000000000000000000000000000000000000000000000000000000000000000]
zext_ln1117_2      (zext             ) [ 000000000000000000000000000000000000000000000000000000000000000000000000000000]
add_ln1117_1       (add              ) [ 000000000000000000000000000000000000000000000000000000000000000000000000000000]
zext_ln1117_3      (zext             ) [ 000000000000000000000000000000000000000000000000000000000000000000000000000000]
W1_V_addr          (getelementptr    ) [ 000001000000000000000000000000000000000000000000000000000000000000000000000000]
input_V_addr       (getelementptr    ) [ 000001000000000000000000000000000000000000000000000000000000000000000000000000]
empty_16           (trunc            ) [ 000000000000000000000000000000000000000000000000000000000000000000000000000000]
tmp_10             (bitselect        ) [ 000000000000000000000000000000000000000000000000000000000000000000000000000000]
p_Val2_s           (select           ) [ 000000000000000000000000000000000000000000000000000000000000000000000000000000]
a1_V_addr          (getelementptr    ) [ 000000000000000000000000000000000000000000000000000000000000000000000000000000]
store_ln89         (store            ) [ 000000000000000000000000000000000000000000000000000000000000000000000000000000]
br_ln88            (br               ) [ 011111000000000000000000000000000000000000000000000000000000000000000000000000]
specloopname_ln68  (specloopname     ) [ 000000000000000000000000000000000000000000000000000000000000000000000000000000]
input_V_load       (load             ) [ 000000000000000000000000000000000000000000000000000000000000000000000000000000]
sext_ln1192        (sext             ) [ 000000000000000000000000000000000000000000000000000000000000000000000000000000]
W1_V_load          (load             ) [ 000000000000000000000000000000000000000000000000000000000000000000000000000000]
sext_ln1192_1      (sext             ) [ 000000000000000000000000000000000000000000000000000000000000000000000000000000]
mul_ln1192         (mul              ) [ 000000000000000000000000000000000000000000000000000000000000000000000000000000]
lhs_V              (bitconcatenate   ) [ 000000000000000000000000000000000000000000000000000000000000000000000000000000]
ret_V              (add              ) [ 000000000000000000000000000000000000000000000000000000000000000000000000000000]
acc_V_2            (partselect       ) [ 001111000000000000000000000000000000000000000000000000000000000000000000000000]
br_ln68            (br               ) [ 001111000000000000000000000000000000000000000000000000000000000000000000000000]
j4_0               (phi              ) [ 000000110000000000000000000000000000000000000000000000000000000000000000000000]
icmp_ln93          (icmp             ) [ 000000111100000000000000000000000000000000000000000000000000000000000000000000]
empty_17           (speclooptripcount) [ 000000000000000000000000000000000000000000000000000000000000000000000000000000]
j_1                (add              ) [ 001000111100000000000000000000000000000000000000000000000000000000000000000000]
br_ln93            (br               ) [ 000000000000000000000000000000000000000000000000000000000000000000000000000000]
zext_ln94          (zext             ) [ 000000011100000000000000000000000000000000000000000000000000000000000000000000]
B2_V_addr          (getelementptr    ) [ 000000010000000000000000000000000000000000000000000000000000000000000000000000]
br_ln98            (br               ) [ 000000111111110000000000000000000000000000000000000000000000000000000000000000]
specloopname_ln94  (specloopname     ) [ 000000000000000000000000000000000000000000000000000000000000000000000000000000]
zext_ln1117        (zext             ) [ 000000000000000000000000000000000000000000000000000000000000000000000000000000]
tmp_7              (bitconcatenate   ) [ 000000000000000000000000000000000000000000000000000000000000000000000000000000]
zext_ln1117_1      (zext             ) [ 000000000000000000000000000000000000000000000000000000000000000000000000000000]
add_ln1117         (add              ) [ 000000001100000000000000000000000000000000000000000000000000000000000000000000]
acc_V_1            (load             ) [ 000000000000000000000000000000000000000000000000000000000000000000000000000000]
sext_ln94          (sext             ) [ 000000111100000000000000000000000000000000000000000000000000000000000000000000]
br_ln68            (br               ) [ 000000111100000000000000000000000000000000000000000000000000000000000000000000]
p_Val2_4           (phi              ) [ 000000001100000000000000000000000000000000000000000000000000000000000000000000]
i_0_i10            (phi              ) [ 000000001000000000000000000000000000000000000000000000000000000000000000000000]
empty_18           (speclooptripcount) [ 000000000000000000000000000000000000000000000000000000000000000000000000000000]
icmp_ln68_1        (icmp             ) [ 000000111100000000000000000000000000000000000000000000000000000000000000000000]
i_1                (add              ) [ 000000111100000000000000000000000000000000000000000000000000000000000000000000]
br_ln68            (br               ) [ 000000000000000000000000000000000000000000000000000000000000000000000000000000]
zext_ln69_1        (zext             ) [ 000000000000000000000000000000000000000000000000000000000000000000000000000000]
zext_ln1117_4      (zext             ) [ 000000000000000000000000000000000000000000000000000000000000000000000000000000]
add_ln1117_2       (add              ) [ 000000000000000000000000000000000000000000000000000000000000000000000000000000]
zext_ln1117_5      (zext             ) [ 000000000000000000000000000000000000000000000000000000000000000000000000000000]
W2_V_addr          (getelementptr    ) [ 000000000100000000000000000000000000000000000000000000000000000000000000000000]
a1_V_addr_1        (getelementptr    ) [ 000000000100000000000000000000000000000000000000000000000000000000000000000000]
empty_19           (trunc            ) [ 000000000000000000000000000000000000000000000000000000000000000000000000000000]
tmp_11             (bitselect        ) [ 000000000000000000000000000000000000000000000000000000000000000000000000000000]
p_Val2_3           (select           ) [ 000000000000000000000000000000000000000000000000000000000000000000000000000000]
a2_V_addr          (getelementptr    ) [ 000000000000000000000000000000000000000000000000000000000000000000000000000000]
store_ln94         (store            ) [ 000000000000000000000000000000000000000000000000000000000000000000000000000000]
br_ln93            (br               ) [ 001000111100000000000000000000000000000000000000000000000000000000000000000000]
specloopname_ln68  (specloopname     ) [ 000000000000000000000000000000000000000000000000000000000000000000000000000000]
a1_V_load          (load             ) [ 000000000000000000000000000000000000000000000000000000000000000000000000000000]
zext_ln1192        (zext             ) [ 000000000000000000000000000000000000000000000000000000000000000000000000000000]
W2_V_load          (load             ) [ 000000000000000000000000000000000000000000000000000000000000000000000000000000]
sext_ln1192_2      (sext             ) [ 000000000000000000000000000000000000000000000000000000000000000000000000000000]
mul_ln1192_1       (mul              ) [ 000000000000000000000000000000000000000000000000000000000000000000000000000000]
lhs_V_1            (bitconcatenate   ) [ 000000000000000000000000000000000000000000000000000000000000000000000000000000]
ret_V_1            (add              ) [ 000000000000000000000000000000000000000000000000000000000000000000000000000000]
acc_V_4            (partselect       ) [ 000000111100000000000000000000000000000000000000000000000000000000000000000000]
br_ln68            (br               ) [ 000000111100000000000000000000000000000000000000000000000000000000000000000000]
j5_0               (phi              ) [ 000000000011000000000000000000000000000000000000000000000000000000000000000000]
icmp_ln98          (icmp             ) [ 000000000011110000000000000000000000000000000000000000000000000000000000000000]
empty_20           (speclooptripcount) [ 000000000000000000000000000000000000000000000000000000000000000000000000000000]
j_2                (add              ) [ 000000100011110000000000000000000000000000000000000000000000000000000000000000]
br_ln98            (br               ) [ 000000000000000000000000000000000000000000000000000000000000000000000000000000]
zext_ln99          (zext             ) [ 000000000001110000000000000000000000000000000000000000000000000000000000000000]
B3_V_addr          (getelementptr    ) [ 000000000001000000000000000000000000000000000000000000000000000000000000000000]
br_ln103           (br               ) [ 000000000011111111000000000000000000000000000000000000000000000000000000000000]
specloopname_ln99  (specloopname     ) [ 000000000000000000000000000000000000000000000000000000000000000000000000000000]
tmp_8              (bitconcatenate   ) [ 000000000000000000000000000000000000000000000000000000000000000000000000000000]
zext_ln99_1        (zext             ) [ 000000000000110000000000000000000000000000000000000000000000000000000000000000]
acc_V_3            (load             ) [ 000000000000000000000000000000000000000000000000000000000000000000000000000000]
sext_ln99          (sext             ) [ 000000000011110000000000000000000000000000000000000000000000000000000000000000]
br_ln68            (br               ) [ 000000000011110000000000000000000000000000000000000000000000000000000000000000]
p_Val2_9           (phi              ) [ 000000000000110000000000000000000000000000000000000000000000000000000000000000]
i_0_i26            (phi              ) [ 000000000000100000000000000000000000000000000000000000000000000000000000000000]
empty_21           (speclooptripcount) [ 000000000000000000000000000000000000000000000000000000000000000000000000000000]
icmp_ln68_2        (icmp             ) [ 000000000011110000000000000000000000000000000000000000000000000000000000000000]
i_2                (add              ) [ 000000000011110000000000000000000000000000000000000000000000000000000000000000]
br_ln68            (br               ) [ 000000000000000000000000000000000000000000000000000000000000000000000000000000]
zext_ln69_2        (zext             ) [ 000000000000000000000000000000000000000000000000000000000000000000000000000000]
zext_ln1117_6      (zext             ) [ 000000000000000000000000000000000000000000000000000000000000000000000000000000]
add_ln1117_3       (add              ) [ 000000000000000000000000000000000000000000000000000000000000000000000000000000]
zext_ln1117_7      (zext             ) [ 000000000000000000000000000000000000000000000000000000000000000000000000000000]
W3_V_addr          (getelementptr    ) [ 000000000000010000000000000000000000000000000000000000000000000000000000000000]
a2_V_addr_1        (getelementptr    ) [ 000000000000010000000000000000000000000000000000000000000000000000000000000000]
empty_22           (trunc            ) [ 000000000000000000000000000000000000000000000000000000000000000000000000000000]
tmp_16             (bitselect        ) [ 000000000000000000000000000000000000000000000000000000000000000000000000000000]
p_Val2_10          (select           ) [ 000000000000000000000000000000000000000000000000000000000000000000000000000000]
a3_V_addr          (getelementptr    ) [ 000000000000000000000000000000000000000000000000000000000000000000000000000000]
store_ln99         (store            ) [ 000000000000000000000000000000000000000000000000000000000000000000000000000000]
br_ln98            (br               ) [ 000000100011110000000000000000000000000000000000000000000000000000000000000000]
specloopname_ln68  (specloopname     ) [ 000000000000000000000000000000000000000000000000000000000000000000000000000000]
a2_V_load          (load             ) [ 000000000000000000000000000000000000000000000000000000000000000000000000000000]
zext_ln1192_1      (zext             ) [ 000000000000000000000000000000000000000000000000000000000000000000000000000000]
W3_V_load          (load             ) [ 000000000000000000000000000000000000000000000000000000000000000000000000000000]
sext_ln1192_3      (sext             ) [ 000000000000000000000000000000000000000000000000000000000000000000000000000000]
mul_ln1192_2       (mul              ) [ 000000000000000000000000000000000000000000000000000000000000000000000000000000]
lhs_V_2            (bitconcatenate   ) [ 000000000000000000000000000000000000000000000000000000000000000000000000000000]
ret_V_2            (add              ) [ 000000000000000000000000000000000000000000000000000000000000000000000000000000]
acc_V_6            (partselect       ) [ 000000000011110000000000000000000000000000000000000000000000000000000000000000]
br_ln68            (br               ) [ 000000000011110000000000000000000000000000000000000000000000000000000000000000]
j6_0               (phi              ) [ 000000000000001100000000000000000000000000000000000000000000000000000000000000]
icmp_ln103         (icmp             ) [ 000000000000001111000000000000000000000000000000000000000000000000000000000000]
empty_23           (speclooptripcount) [ 000000000000000000000000000000000000000000000000000000000000000000000000000000]
j_3                (add              ) [ 000000000010001111000000000000000000000000000000000000000000000000000000000000]
br_ln103           (br               ) [ 000000000000000000000000000000000000000000000000000000000000000000000000000000]
zext_ln104         (zext             ) [ 000000000000000111000000000000000000000000000000000000000000000000000000000000]
B4_V_addr          (getelementptr    ) [ 000000000000000100000000000000000000000000000000000000000000000000000000000000]
z4_V_addr          (getelementptr    ) [ 000000000000000000100000000000000000000000000000000000000000000000000000000000]
specloopname_ln104 (specloopname     ) [ 000000000000000000000000000000000000000000000000000000000000000000000000000000]
tmp_9              (bitconcatenate   ) [ 000000000000000000000000000000000000000000000000000000000000000000000000000000]
zext_ln104_1       (zext             ) [ 000000000000000011000000000000000000000000000000000000000000000000000000000000]
acc_V_5            (load             ) [ 000000000000000000000000000000000000000000000000000000000000000000000000000000]
sext_ln104         (sext             ) [ 000000000000001111000000000000000000000000000000000000000000000000000000000000]
br_ln68            (br               ) [ 000000000000001111000000000000000000000000000000000000000000000000000000000000]
p_Val2_14          (phi              ) [ 000000000000000011000000000000000000000000000000000000000000000000000000000000]
i_0_i42            (phi              ) [ 000000000000000010000000000000000000000000000000000000000000000000000000000000]
empty_24           (speclooptripcount) [ 000000000000000000000000000000000000000000000000000000000000000000000000000000]
icmp_ln68_3        (icmp             ) [ 000000000000001111000000000000000000000000000000000000000000000000000000000000]
i_3                (add              ) [ 000000000000001111000000000000000000000000000000000000000000000000000000000000]
br_ln68            (br               ) [ 000000000000000000000000000000000000000000000000000000000000000000000000000000]
zext_ln69_3        (zext             ) [ 000000000000000000000000000000000000000000000000000000000000000000000000000000]
zext_ln1117_8      (zext             ) [ 000000000000000000000000000000000000000000000000000000000000000000000000000000]
add_ln1117_4       (add              ) [ 000000000000000000000000000000000000000000000000000000000000000000000000000000]
zext_ln1117_9      (zext             ) [ 000000000000000000000000000000000000000000000000000000000000000000000000000000]
W4_V_addr          (getelementptr    ) [ 000000000000000001000000000000000000000000000000000000000000000000000000000000]
a3_V_addr_1        (getelementptr    ) [ 000000000000000001000000000000000000000000000000000000000000000000000000000000]
z4_V_addr_1        (getelementptr    ) [ 000000000000000000000000000000000000000000000000000000000000000000000000000000]
store_ln104        (store            ) [ 000000000000000000000000000000000000000000000000000000000000000000000000000000]
br_ln103           (br               ) [ 000000000010001111000000000000000000000000000000000000000000000000000000000000]
specloopname_ln68  (specloopname     ) [ 000000000000000000000000000000000000000000000000000000000000000000000000000000]
a3_V_load          (load             ) [ 000000000000000000000000000000000000000000000000000000000000000000000000000000]
zext_ln1192_2      (zext             ) [ 000000000000000000000000000000000000000000000000000000000000000000000000000000]
W4_V_load          (load             ) [ 000000000000000000000000000000000000000000000000000000000000000000000000000000]
sext_ln1192_4      (sext             ) [ 000000000000000000000000000000000000000000000000000000000000000000000000000000]
mul_ln1192_3       (mul              ) [ 000000000000000000000000000000000000000000000000000000000000000000000000000000]
lhs_V_3            (bitconcatenate   ) [ 000000000000000000000000000000000000000000000000000000000000000000000000000000]
ret_V_3            (add              ) [ 000000000000000000000000000000000000000000000000000000000000000000000000000000]
acc_V_7            (partselect       ) [ 000000000000001111000000000000000000000000000000000000000000000000000000000000]
br_ln68            (br               ) [ 000000000000001111000000000000000000000000000000000000000000000000000000000000]
tmp_V_9            (load             ) [ 000000000000000000010000000000000000000000000000000000000000000000000000000000]
p_Result_21        (bitselect        ) [ 000000000000000000011100000000000000000000000000000000000000000000000000000000]
icmp_ln935         (icmp             ) [ 000000000000000000001100000000000000000000000000000000000000000000000000000000]
tmp_V              (sub              ) [ 000000000000000000000000000000000000000000000000000000000000000000000000000000]
tmp_V_10           (select           ) [ 000000000000000000001000000000000000000000000000000000000000000000000000000000]
p_Result_s         (partselect       ) [ 000000000000000000000000000000000000000000000000000000000000000000000000000000]
p_Result_22        (bitconcatenate   ) [ 000000000000000000000000000000000000000000000000000000000000000000000000000000]
l                  (cttz             ) [ 000000000000000000000000000000000000000000000000000000000000000000000000000000]
sub_ln944          (sub              ) [ 000000000000000000001000000000000000000000000000000000000000000000000000000000]
trunc_ln944        (trunc            ) [ 000000000000000000001000000000000000000000000000000000000000000000000000000000]
trunc_ln947        (trunc            ) [ 000000000000000000001000000000000000000000000000000000000000000000000000000000]
trunc_ln943        (trunc            ) [ 000000000000000000001100000000000000000000000000000000000000000000000000000000]
lsb_index          (add              ) [ 000000000000000000000000000000000000000000000000000000000000000000000000000000]
tmp_13             (partselect       ) [ 000000000000000000000000000000000000000000000000000000000000000000000000000000]
icmp_ln947         (icmp             ) [ 000000000000000000000000000000000000000000000000000000000000000000000000000000]
sub_ln947          (sub              ) [ 000000000000000000000000000000000000000000000000000000000000000000000000000000]
zext_ln947         (zext             ) [ 000000000000000000000000000000000000000000000000000000000000000000000000000000]
lshr_ln947         (lshr             ) [ 000000000000000000000000000000000000000000000000000000000000000000000000000000]
p_Result_4         (and              ) [ 000000000000000000000000000000000000000000000000000000000000000000000000000000]
icmp_ln947_1       (icmp             ) [ 000000000000000000000000000000000000000000000000000000000000000000000000000000]
a                  (and              ) [ 000000000000000000000000000000000000000000000000000000000000000000000000000000]
tmp_14             (bitselect        ) [ 000000000000000000000000000000000000000000000000000000000000000000000000000000]
xor_ln949          (xor              ) [ 000000000000000000000000000000000000000000000000000000000000000000000000000000]
add_ln949          (add              ) [ 000000000000000000000000000000000000000000000000000000000000000000000000000000]
p_Result_3         (bitselect        ) [ 000000000000000000000000000000000000000000000000000000000000000000000000000000]
and_ln949          (and              ) [ 000000000000000000000000000000000000000000000000000000000000000000000000000000]
or_ln949           (or               ) [ 000000000000000000000000000000000000000000000000000000000000000000000000000000]
or_ln              (bitconcatenate   ) [ 000000000000000000000000000000000000000000000000000000000000000000000000000000]
m                  (zext             ) [ 000000000000000000000000000000000000000000000000000000000000000000000000000000]
zext_ln957_1       (zext             ) [ 000000000000000000000000000000000000000000000000000000000000000000000000000000]
icmp_ln958         (icmp             ) [ 000000000000000000000000000000000000000000000000000000000000000000000000000000]
add_ln958          (add              ) [ 000000000000000000000000000000000000000000000000000000000000000000000000000000]
lshr_ln958         (lshr             ) [ 000000000000000000000000000000000000000000000000000000000000000000000000000000]
zext_ln958         (zext             ) [ 000000000000000000000000000000000000000000000000000000000000000000000000000000]
sub_ln958          (sub              ) [ 000000000000000000000000000000000000000000000000000000000000000000000000000000]
zext_ln958_1       (zext             ) [ 000000000000000000000000000000000000000000000000000000000000000000000000000000]
shl_ln958          (shl              ) [ 000000000000000000000000000000000000000000000000000000000000000000000000000000]
m_1                (select           ) [ 000000000000000000000000000000000000000000000000000000000000000000000000000000]
zext_ln961         (zext             ) [ 000000000000000000000000000000000000000000000000000000000000000000000000000000]
m_2                (add              ) [ 000000000000000000000000000000000000000000000000000000000000000000000000000000]
m_s                (partselect       ) [ 000000000000000000000100000000000000000000000000000000000000000000000000000000]
tmp_15             (bitselect        ) [ 000000000000000000000100000000000000000000000000000000000000000000000000000000]
m_26               (zext             ) [ 000000000000000000000000000000000000000000000000000000000000000000000000000000]
select_ln964       (select           ) [ 000000000000000000000000000000000000000000000000000000000000000000000000000000]
sub_ln964          (sub              ) [ 000000000000000000000000000000000000000000000000000000000000000000000000000000]
add_ln964          (add              ) [ 000000000000000000000000000000000000000000000000000000000000000000000000000000]
tmp_s              (bitconcatenate   ) [ 000000000000000000000000000000000000000000000000000000000000000000000000000000]
p_Result_23        (partset          ) [ 000000000000000000000000000000000000000000000000000000000000000000000000000000]
trunc_ln738        (trunc            ) [ 000000000000000000000000000000000000000000000000000000000000000000000000000000]
bitcast_ln739      (bitcast          ) [ 000000000000000000000000000000000000000000000000000000000000000000000000000000]
select_ln935       (select           ) [ 000000000000000000000111111100000000000000000000000000000000000000000000000000]
br_ln109           (br               ) [ 000000000000000000000111111100000000000000000000000000000000000000000000000000]
maxv_0             (phi              ) [ 000000000000000000000011111111111111111111111111111111111110000000000000000000]
j7_0               (phi              ) [ 000000000000000000000011110000000000000000000000000000000000000000000000000000]
icmp_ln109         (icmp             ) [ 000000000000000000000011111100000000000000000000000000000000000000000000000000]
empty_25           (speclooptripcount) [ 000000000000000000000000000000000000000000000000000000000000000000000000000000]
br_ln109           (br               ) [ 000000000000000000000000000000000000000000000000000000000000000000000000000000]
zext_ln110         (zext             ) [ 000000000000000000000001110000000000000000000000000000000000000000000000000000]
z4_V_addr_2        (getelementptr    ) [ 000000000000000000000001000000000000000000000000000000000000000000000000000000]
logits_addr_2      (getelementptr    ) [ 000000000000000000000000000000000000000000000000000000000000000000000000000000]
store_ln114        (store            ) [ 000000000000000000000000000000000000000000000000000000000000000000000000000000]
br_ln118           (br               ) [ 000000000000000000000011111111111111111111111111111111111110000000000000000000]
tmp_V_11           (load             ) [ 000000000000000000000000110000000000000000000000000000000000000000000000000000]
icmp_ln935_1       (icmp             ) [ 000000000000000000000011111100000000000000000000000000000000000000000000000000]
br_ln110           (br               ) [ 000000000000000000000000000000000000000000000000000000000000000000000000000000]
p_Result_24        (bitselect        ) [ 000000000000000000000000110000000000000000000000000000000000000000000000000000]
tmp_V_5            (sub              ) [ 000000000000000000000000000000000000000000000000000000000000000000000000000000]
tmp_V_12           (select           ) [ 000000000000000000000000110000000000000000000000000000000000000000000000000000]
p_Result_10        (partselect       ) [ 000000000000000000000000000000000000000000000000000000000000000000000000000000]
p_Result_25        (bitconcatenate   ) [ 000000000000000000000000000000000000000000000000000000000000000000000000000000]
l_1                (cttz             ) [ 000000000000000000000000100000000000000000000000000000000000000000000000000000]
trunc_ln943_1      (trunc            ) [ 000000000000000000000000110000000000000000000000000000000000000000000000000000]
logits_addr        (getelementptr    ) [ 000000000000000000000000000000000000000000000000000000000000000000000000000000]
store_ln110        (store            ) [ 000000000000000000000000000000000000000000000000000000000000000000000000000000]
br_ln111           (br               ) [ 000000000000000000000011111100000000000000000000000000000000000000000000000000]
sub_ln944_1        (sub              ) [ 000000000000000000000000000000000000000000000000000000000000000000000000000000]
trunc_ln944_1      (trunc            ) [ 000000000000000000000000000000000000000000000000000000000000000000000000000000]
lsb_index_1        (add              ) [ 000000000000000000000000000000000000000000000000000000000000000000000000000000]
tmp_18             (partselect       ) [ 000000000000000000000000000000000000000000000000000000000000000000000000000000]
icmp_ln947_2       (icmp             ) [ 000000000000000000000000000000000000000000000000000000000000000000000000000000]
trunc_ln947_1      (trunc            ) [ 000000000000000000000000000000000000000000000000000000000000000000000000000000]
sub_ln947_1        (sub              ) [ 000000000000000000000000000000000000000000000000000000000000000000000000000000]
zext_ln947_1       (zext             ) [ 000000000000000000000000000000000000000000000000000000000000000000000000000000]
lshr_ln947_1       (lshr             ) [ 000000000000000000000000000000000000000000000000000000000000000000000000000000]
p_Result_12        (and              ) [ 000000000000000000000000000000000000000000000000000000000000000000000000000000]
icmp_ln947_3       (icmp             ) [ 000000000000000000000000000000000000000000000000000000000000000000000000000000]
a_1                (and              ) [ 000000000000000000000000000000000000000000000000000000000000000000000000000000]
tmp_19             (bitselect        ) [ 000000000000000000000000000000000000000000000000000000000000000000000000000000]
xor_ln949_1        (xor              ) [ 000000000000000000000000000000000000000000000000000000000000000000000000000000]
add_ln949_1        (add              ) [ 000000000000000000000000000000000000000000000000000000000000000000000000000000]
p_Result_13        (bitselect        ) [ 000000000000000000000000000000000000000000000000000000000000000000000000000000]
and_ln949_1        (and              ) [ 000000000000000000000000000000000000000000000000000000000000000000000000000000]
or_ln949_1         (or               ) [ 000000000000000000000000000000000000000000000000000000000000000000000000000000]
or_ln949_2         (bitconcatenate   ) [ 000000000000000000000011011100000000000000000000000000000000000000000000000000]
icmp_ln958_1       (icmp             ) [ 000000000000000000000011011100000000000000000000000000000000000000000000000000]
add_ln958_1        (add              ) [ 000000000000000000000011011100000000000000000000000000000000000000000000000000]
sub_ln958_1        (sub              ) [ 000000000000000000000011011100000000000000000000000000000000000000000000000000]
m_15               (zext             ) [ 000000000000000000000000000000000000000000000000000000000000000000000000000000]
zext_ln957_2       (zext             ) [ 000000000000000000000000000000000000000000000000000000000000000000000000000000]
lshr_ln958_1       (lshr             ) [ 000000000000000000000000000000000000000000000000000000000000000000000000000000]
zext_ln958_2       (zext             ) [ 000000000000000000000000000000000000000000000000000000000000000000000000000000]
zext_ln958_3       (zext             ) [ 000000000000000000000000000000000000000000000000000000000000000000000000000000]
shl_ln958_1        (shl              ) [ 000000000000000000000000000000000000000000000000000000000000000000000000000000]
m_16               (select           ) [ 000000000000000000000000000000000000000000000000000000000000000000000000000000]
zext_ln961_1       (zext             ) [ 000000000000000000000000000000000000000000000000000000000000000000000000000000]
m_17               (add              ) [ 000000000000000000000000000000000000000000000000000000000000000000000000000000]
m_3                (partselect       ) [ 000000000000000000000000000000000000000000000000000000000000000000000000000000]
m_27               (zext             ) [ 000000000000000000000000000000000000000000000000000000000000000000000000000000]
tmp_20             (bitselect        ) [ 000000000000000000000000000000000000000000000000000000000000000000000000000000]
select_ln964_1     (select           ) [ 000000000000000000000000000000000000000000000000000000000000000000000000000000]
sub_ln964_1        (sub              ) [ 000000000000000000000000000000000000000000000000000000000000000000000000000000]
add_ln964_1        (add              ) [ 000000000000000000000000000000000000000000000000000000000000000000000000000000]
tmp_4              (bitconcatenate   ) [ 000000000000000000000000000000000000000000000000000000000000000000000000000000]
p_Result_26        (partset          ) [ 000000000000000000000000000000000000000000000000000000000000000000000000000000]
trunc_ln738_1      (trunc            ) [ 000000000000000000000000000000000000000000000000000000000000000000000000000000]
bitcast_ln739_1    (bitcast          ) [ 000000000000000000000011111100000000000000000000000000000000000000000000000000]
logits_addr_1      (getelementptr    ) [ 000000000000000000000000000000000000000000000000000000000000000000000000000000]
store_ln110        (store            ) [ 000000000000000000000000000000000000000000000000000000000000000000000000000000]
br_ln111           (br               ) [ 000000000000000000000011111100000000000000000000000000000000000000000000000000]
p_Result_27        (bitselect        ) [ 000000000000000000000000001100000000000000000000000000000000000000000000000000]
tmp_V_7            (sub              ) [ 000000000000000000000000000000000000000000000000000000000000000000000000000000]
tmp_V_13           (select           ) [ 000000000000000000000000001100000000000000000000000000000000000000000000000000]
p_Result_16        (partselect       ) [ 000000000000000000000000000000000000000000000000000000000000000000000000000000]
p_Result_28        (bitconcatenate   ) [ 000000000000000000000000000000000000000000000000000000000000000000000000000000]
l_2                (cttz             ) [ 000000000000000000000000001000000000000000000000000000000000000000000000000000]
trunc_ln943_2      (trunc            ) [ 000000000000000000000000001100000000000000000000000000000000000000000000000000]
j_5                (add              ) [ 000000000000000000000110001100000000000000000000000000000000000000000000000000]
p_0202             (phi              ) [ 000000000000000000000000001100000000000000000000000000000000000000000000000000]
bitcast_ln111      (bitcast          ) [ 000000000000000000000000000000000000000000000000000000000000000000000000000000]
tmp_1              (partselect       ) [ 000000000000000000000000000000000000000000000000000000000000000000000000000000]
trunc_ln111        (trunc            ) [ 000000000000000000000000000000000000000000000000000000000000000000000000000000]
icmp_ln111         (icmp             ) [ 000000000000000000000000000100000000000000000000000000000000000000000000000000]
icmp_ln111_1       (icmp             ) [ 000000000000000000000000000100000000000000000000000000000000000000000000000000]
sub_ln944_2        (sub              ) [ 000000000000000000000000000000000000000000000000000000000000000000000000000000]
trunc_ln944_2      (trunc            ) [ 000000000000000000000000000000000000000000000000000000000000000000000000000000]
lsb_index_2        (add              ) [ 000000000000000000000000000000000000000000000000000000000000000000000000000000]
tmp_22             (partselect       ) [ 000000000000000000000000000000000000000000000000000000000000000000000000000000]
icmp_ln947_4       (icmp             ) [ 000000000000000000000000000000000000000000000000000000000000000000000000000000]
trunc_ln947_2      (trunc            ) [ 000000000000000000000000000000000000000000000000000000000000000000000000000000]
sub_ln947_2        (sub              ) [ 000000000000000000000000000000000000000000000000000000000000000000000000000000]
zext_ln947_2       (zext             ) [ 000000000000000000000000000000000000000000000000000000000000000000000000000000]
lshr_ln947_2       (lshr             ) [ 000000000000000000000000000000000000000000000000000000000000000000000000000000]
p_Result_18        (and              ) [ 000000000000000000000000000000000000000000000000000000000000000000000000000000]
icmp_ln947_5       (icmp             ) [ 000000000000000000000000000000000000000000000000000000000000000000000000000000]
a_2                (and              ) [ 000000000000000000000000000000000000000000000000000000000000000000000000000000]
tmp_23             (bitselect        ) [ 000000000000000000000000000000000000000000000000000000000000000000000000000000]
xor_ln949_2        (xor              ) [ 000000000000000000000000000000000000000000000000000000000000000000000000000000]
add_ln949_2        (add              ) [ 000000000000000000000000000000000000000000000000000000000000000000000000000000]
p_Result_19        (bitselect        ) [ 000000000000000000000000000000000000000000000000000000000000000000000000000000]
and_ln949_2        (and              ) [ 000000000000000000000000000000000000000000000000000000000000000000000000000000]
or_ln949_3         (or               ) [ 000000000000000000000000000000000000000000000000000000000000000000000000000000]
or_ln949_4         (bitconcatenate   ) [ 000000000000000000000000000100000000000000000000000000000000000000000000000000]
icmp_ln958_2       (icmp             ) [ 000000000000000000000000000100000000000000000000000000000000000000000000000000]
add_ln958_2        (add              ) [ 000000000000000000000000000100000000000000000000000000000000000000000000000000]
sub_ln958_2        (sub              ) [ 000000000000000000000000000100000000000000000000000000000000000000000000000000]
bitcast_ln111_1    (bitcast          ) [ 000000000000000000000000000000000000000000000000000000000000000000000000000000]
tmp_3              (partselect       ) [ 000000000000000000000000000000000000000000000000000000000000000000000000000000]
trunc_ln111_1      (trunc            ) [ 000000000000000000000000000000000000000000000000000000000000000000000000000000]
or_ln111_1         (or               ) [ 000000000000000000000000000000000000000000000000000000000000000000000000000000]
icmp_ln111_2       (icmp             ) [ 000000000000000000000000000000000000000000000000000000000000000000000000000000]
icmp_ln111_3       (icmp             ) [ 000000000000000000000000000000000000000000000000000000000000000000000000000000]
or_ln111_2         (or               ) [ 000000000000000000000000000000000000000000000000000000000000000000000000000000]
and_ln111          (and              ) [ 000000000000000000000000000000000000000000000000000000000000000000000000000000]
tmp_5              (fcmp             ) [ 000000000000000000000000000000000000000000000000000000000000000000000000000000]
and_ln111_1        (and              ) [ 000000000000000000000000000000000000000000000000000000000000000000000000000000]
xor_ln111          (xor              ) [ 000000000000000000000000000000000000000000000000000000000000000000000000000000]
or_ln111           (or               ) [ 000000000000000000000000000000000000000000000000000000000000000000000000000000]
select_ln111       (select           ) [ 000000000000000000000000000000000000000000000000000000000000000000000000000000]
m_21               (zext             ) [ 000000000000000000000000000000000000000000000000000000000000000000000000000000]
zext_ln957_3       (zext             ) [ 000000000000000000000000000000000000000000000000000000000000000000000000000000]
lshr_ln958_2       (lshr             ) [ 000000000000000000000000000000000000000000000000000000000000000000000000000000]
zext_ln958_4       (zext             ) [ 000000000000000000000000000000000000000000000000000000000000000000000000000000]
zext_ln958_5       (zext             ) [ 000000000000000000000000000000000000000000000000000000000000000000000000000000]
shl_ln958_2        (shl              ) [ 000000000000000000000000000000000000000000000000000000000000000000000000000000]
m_22               (select           ) [ 000000000000000000000000000000000000000000000000000000000000000000000000000000]
zext_ln961_2       (zext             ) [ 000000000000000000000000000000000000000000000000000000000000000000000000000000]
m_23               (add              ) [ 000000000000000000000000000000000000000000000000000000000000000000000000000000]
m_4                (partselect       ) [ 000000000000000000000000000000000000000000000000000000000000000000000000000000]
m_28               (zext             ) [ 000000000000000000000000000000000000000000000000000000000000000000000000000000]
tmp_24             (bitselect        ) [ 000000000000000000000000000000000000000000000000000000000000000000000000000000]
select_ln964_2     (select           ) [ 000000000000000000000000000000000000000000000000000000000000000000000000000000]
sub_ln964_2        (sub              ) [ 000000000000000000000000000000000000000000000000000000000000000000000000000000]
add_ln964_2        (add              ) [ 000000000000000000000000000000000000000000000000000000000000000000000000000000]
tmp_6              (bitconcatenate   ) [ 000000000000000000000000000000000000000000000000000000000000000000000000000000]
p_Result_29        (partset          ) [ 000000000000000000000000000000000000000000000000000000000000000000000000000000]
trunc_ln738_2      (trunc            ) [ 000000000000000000000000000000000000000000000000000000000000000000000000000000]
bitcast_ln739_2    (bitcast          ) [ 000000000000000000000000000000000000000000000000000000000000000000000000000000]
select_ln111_1     (select           ) [ 000000000000000000000111111100000000000000000000000000000000000000000000000000]
br_ln109           (br               ) [ 000000000000000000000111111100000000000000000000000000000000000000000000000000]
sum_0              (phi              ) [ 000000000000000000000000000011111111111111111111111111111111111111111111111111]
j8_0               (phi              ) [ 000000000000000000000000000010000000000000000000000000000000000000000000000000]
icmp_ln118         (icmp             ) [ 000000000000000000000000000011111111111111111111111111111110000000000000000000]
empty_26           (speclooptripcount) [ 000000000000000000000000000000000000000000000000000000000000000000000000000000]
j_4                (add              ) [ 000000000000000000000010000011111111111111111111111111111110000000000000000000]
br_ln118           (br               ) [ 000000000000000000000000000000000000000000000000000000000000000000000000000000]
zext_ln119         (zext             ) [ 000000000000000000000000000001111111111111111111111100000000000000000000000000]
logits_addr_3      (getelementptr    ) [ 000000000000000000000000000001000000000000000000000000000000000000000000000000]
br_ln124           (br               ) [ 000000000000000000000000000011111111111111111111111111111111111111111111111111]
logits_load        (load             ) [ 000000000000000000000000000000111111110000000000000000000000000000000000000000]
tmp                (fsub             ) [ 000000000000000000000000000000000000001111111111111000000000000000000000000000]
e                  (fexp             ) [ 000000000000000000000000000000000000000000000000000111111110000000000000000000]
output_addr        (getelementptr    ) [ 000000000000000000000000000000000000000000000000000000000000000000000000000000]
store_ln120        (store            ) [ 000000000000000000000000000000000000000000000000000000000000000000000000000000]
specloopname_ln118 (specloopname     ) [ 000000000000000000000000000000000000000000000000000000000000000000000000000000]
sum                (fadd             ) [ 000000000000000000000010000011111111111111111111111111111110000000000000000000]
br_ln118           (br               ) [ 000000000000000000000010000011111111111111111111111111111110000000000000000000]
j9_0               (phi              ) [ 000000000000000000000000000000000000000000000000000000000001000000000000000000]
icmp_ln124         (icmp             ) [ 000000000000000000000000000000000000000000000000000000000001111111111111111111]
empty_27           (speclooptripcount) [ 000000000000000000000000000000000000000000000000000000000000000000000000000000]
j_6                (add              ) [ 000000000000000000000000000010000000000000000000000000000001111111111111111111]
br_ln124           (br               ) [ 000000000000000000000000000000000000000000000000000000000000000000000000000000]
zext_ln125         (zext             ) [ 000000000000000000000000000000000000000000000000000000000000000000000000000000]
output_addr_1      (getelementptr    ) [ 000000000000000000000000000000000000000000000000000000000000111111111111111111]
ret_ln126          (ret              ) [ 000000000000000000000000000000000000000000000000000000000000000000000000000000]
output_load        (load             ) [ 000000000000000000000000000000000000000000000000000000000000011111111111111110]
tmp_2              (fdiv             ) [ 000000000000000000000000000000000000000000000000000000000000000000000000000001]
specloopname_ln125 (specloopname     ) [ 000000000000000000000000000000000000000000000000000000000000000000000000000000]
store_ln125        (store            ) [ 000000000000000000000000000000000000000000000000000000000000000000000000000000]
br_ln124           (br               ) [ 000000000000000000000000000010000000000000000000000000000001111111111111111111]
</LifeTime>

<model>

<comp_list>
<comp id="0" class="1000" name="input_V">
<pin_list>
<pin id="1" dir="1" index="0" bw="1" slack="0"/>
</pin_list>
<bind>
<StgValue><ssdm name="input_V"/><MemPortTyVec>1 3 </MemPortTyVec>
</StgValue>
</bind>
</comp>

<comp id="2" class="1000" name="output_r">
<pin_list>
<pin id="3" dir="1" index="0" bw="1" slack="0"/>
</pin_list>
<bind>
<StgValue><ssdm name="output_r"/><MemPortTyVec>2 3 </MemPortTyVec>
</StgValue>
</bind>
</comp>

<comp id="4" class="1000" name="B1_V">
<pin_list>
<pin id="5" dir="1" index="0" bw="1" slack="0"/>
</pin_list>
<bind>
<StgValue><ssdm name="B1_V"/><MemPortTyVec>1 </MemPortTyVec>
</StgValue>
</bind>
</comp>

<comp id="6" class="1000" name="W1_V">
<pin_list>
<pin id="7" dir="1" index="0" bw="1" slack="0"/>
</pin_list>
<bind>
<StgValue><ssdm name="W1_V"/><MemPortTyVec>1 </MemPortTyVec>
</StgValue>
</bind>
</comp>

<comp id="8" class="1000" name="B2_V">
<pin_list>
<pin id="9" dir="1" index="0" bw="1" slack="0"/>
</pin_list>
<bind>
<StgValue><ssdm name="B2_V"/><MemPortTyVec>1 </MemPortTyVec>
</StgValue>
</bind>
</comp>

<comp id="10" class="1000" name="W2_V">
<pin_list>
<pin id="11" dir="1" index="0" bw="1" slack="0"/>
</pin_list>
<bind>
<StgValue><ssdm name="W2_V"/><MemPortTyVec>1 </MemPortTyVec>
</StgValue>
</bind>
</comp>

<comp id="12" class="1000" name="B3_V">
<pin_list>
<pin id="13" dir="1" index="0" bw="1" slack="0"/>
</pin_list>
<bind>
<StgValue><ssdm name="B3_V"/><MemPortTyVec>1 </MemPortTyVec>
</StgValue>
</bind>
</comp>

<comp id="14" class="1000" name="W3_V">
<pin_list>
<pin id="15" dir="1" index="0" bw="1" slack="0"/>
</pin_list>
<bind>
<StgValue><ssdm name="W3_V"/><MemPortTyVec>1 </MemPortTyVec>
</StgValue>
</bind>
</comp>

<comp id="16" class="1000" name="B4_V">
<pin_list>
<pin id="17" dir="1" index="0" bw="1" slack="0"/>
</pin_list>
<bind>
<StgValue><ssdm name="B4_V"/><MemPortTyVec>1 </MemPortTyVec>
</StgValue>
</bind>
</comp>

<comp id="18" class="1000" name="W4_V">
<pin_list>
<pin id="19" dir="1" index="0" bw="1" slack="0"/>
</pin_list>
<bind>
<StgValue><ssdm name="W4_V"/><MemPortTyVec>1 </MemPortTyVec>
</StgValue>
</bind>
</comp>

<comp id="20" class="1001" name="const_20">
<pin_list>
<pin id="21" dir="1" index="0" bw="1" slack="2147483647"/>
</pin_list>
<bind>
<StgValue><ssdm name="_ssdm_op_SpecBitsMap"/></StgValue>
</bind>
</comp>

<comp id="22" class="1001" name="const_22">
<pin_list>
<pin id="23" dir="1" index="0" bw="1" slack="2147483647"/>
</pin_list>
<bind>
<StgValue><ssdm name="_ssdm_op_SpecTopModule"/></StgValue>
</bind>
</comp>

<comp id="24" class="1001" name="const_24">
<pin_list>
<pin id="25" dir="1" index="0" bw="1" slack="2147483647"/>
</pin_list>
<bind>
<StgValue><ssdm name="mlp_str"/></StgValue>
</bind>
</comp>

<comp id="26" class="1001" name="const_26">
<pin_list>
<pin id="27" dir="1" index="0" bw="1" slack="0"/>
</pin_list>
<bind>
<StgValue><ssdm name=""/></StgValue>
</bind>
</comp>

<comp id="28" class="1001" name="const_28">
<pin_list>
<pin id="29" dir="1" index="0" bw="1" slack="0"/>
</pin_list>
<bind>
<StgValue><ssdm name=""/></StgValue>
</bind>
</comp>

<comp id="30" class="1001" name="const_30">
<pin_list>
<pin id="31" dir="1" index="0" bw="1" slack="1"/>
</pin_list>
<bind>
<StgValue><ssdm name=""/></StgValue>
</bind>
</comp>

<comp id="32" class="1001" name="const_32">
<pin_list>
<pin id="33" dir="1" index="0" bw="1" slack="0"/>
</pin_list>
<bind>
<StgValue><ssdm name=""/></StgValue>
</bind>
</comp>

<comp id="34" class="1001" name="const_34">
<pin_list>
<pin id="35" dir="1" index="0" bw="1" slack="0"/>
</pin_list>
<bind>
<StgValue><ssdm name=""/></StgValue>
</bind>
</comp>

<comp id="36" class="1001" name="const_36">
<pin_list>
<pin id="37" dir="1" index="0" bw="1" slack="2147483647"/>
</pin_list>
<bind>
<StgValue><ssdm name="_ssdm_op_SpecLoopTripCount"/></StgValue>
</bind>
</comp>

<comp id="38" class="1001" name="const_38">
<pin_list>
<pin id="39" dir="1" index="0" bw="1" slack="2147483647"/>
</pin_list>
<bind>
<StgValue><ssdm name=""/></StgValue>
</bind>
</comp>

<comp id="40" class="1001" name="const_40">
<pin_list>
<pin id="41" dir="1" index="0" bw="1" slack="0"/>
</pin_list>
<bind>
<StgValue><ssdm name=""/></StgValue>
</bind>
</comp>

<comp id="42" class="1001" name="const_42">
<pin_list>
<pin id="43" dir="1" index="0" bw="1" slack="0"/>
</pin_list>
<bind>
<StgValue><ssdm name=""/></StgValue>
</bind>
</comp>

<comp id="44" class="1001" name="const_44">
<pin_list>
<pin id="45" dir="1" index="0" bw="1" slack="2147483647"/>
</pin_list>
<bind>
<StgValue><ssdm name="_ssdm_op_SpecLoopName"/></StgValue>
</bind>
</comp>

<comp id="46" class="1001" name="const_46">
<pin_list>
<pin id="47" dir="1" index="0" bw="1" slack="2147483647"/>
</pin_list>
<bind>
<StgValue><ssdm name="p_str8"/></StgValue>
</bind>
</comp>

<comp id="48" class="1001" name="const_48">
<pin_list>
<pin id="49" dir="1" index="0" bw="1" slack="1"/>
</pin_list>
<bind>
<StgValue><ssdm name=""/></StgValue>
</bind>
</comp>

<comp id="50" class="1001" name="const_50">
<pin_list>
<pin id="51" dir="1" index="0" bw="1" slack="2147483647"/>
</pin_list>
<bind>
<StgValue><ssdm name=""/></StgValue>
</bind>
</comp>

<comp id="52" class="1001" name="const_52">
<pin_list>
<pin id="53" dir="1" index="0" bw="1" slack="0"/>
</pin_list>
<bind>
<StgValue><ssdm name=""/></StgValue>
</bind>
</comp>

<comp id="54" class="1001" name="const_54">
<pin_list>
<pin id="55" dir="1" index="0" bw="1" slack="0"/>
</pin_list>
<bind>
<StgValue><ssdm name=""/></StgValue>
</bind>
</comp>

<comp id="56" class="1001" name="const_56">
<pin_list>
<pin id="57" dir="1" index="0" bw="1" slack="0"/>
</pin_list>
<bind>
<StgValue><ssdm name="_ssdm_op_BitSelect.i1.i20.i32"/></StgValue>
</bind>
</comp>

<comp id="58" class="1001" name="const_58">
<pin_list>
<pin id="59" dir="1" index="0" bw="1" slack="0"/>
</pin_list>
<bind>
<StgValue><ssdm name=""/></StgValue>
</bind>
</comp>

<comp id="60" class="1001" name="const_60">
<pin_list>
<pin id="61" dir="1" index="0" bw="1" slack="0"/>
</pin_list>
<bind>
<StgValue><ssdm name=""/></StgValue>
</bind>
</comp>

<comp id="62" class="1001" name="const_62">
<pin_list>
<pin id="63" dir="1" index="0" bw="1" slack="2147483647"/>
</pin_list>
<bind>
<StgValue><ssdm name="p_str"/></StgValue>
</bind>
</comp>

<comp id="64" class="1001" name="const_64">
<pin_list>
<pin id="65" dir="1" index="0" bw="1" slack="0"/>
</pin_list>
<bind>
<StgValue><ssdm name="_ssdm_op_BitConcatenate.i34.i20.i14"/></StgValue>
</bind>
</comp>

<comp id="66" class="1001" name="const_66">
<pin_list>
<pin id="67" dir="1" index="0" bw="1" slack="0"/>
</pin_list>
<bind>
<StgValue><ssdm name=""/></StgValue>
</bind>
</comp>

<comp id="68" class="1001" name="const_68">
<pin_list>
<pin id="69" dir="1" index="0" bw="1" slack="0"/>
</pin_list>
<bind>
<StgValue><ssdm name="_ssdm_op_PartSelect.i20.i34.i32.i32"/></StgValue>
</bind>
</comp>

<comp id="70" class="1001" name="const_70">
<pin_list>
<pin id="71" dir="1" index="0" bw="1" slack="0"/>
</pin_list>
<bind>
<StgValue><ssdm name=""/></StgValue>
</bind>
</comp>

<comp id="72" class="1001" name="const_72">
<pin_list>
<pin id="73" dir="1" index="0" bw="1" slack="0"/>
</pin_list>
<bind>
<StgValue><ssdm name=""/></StgValue>
</bind>
</comp>

<comp id="74" class="1001" name="const_74">
<pin_list>
<pin id="75" dir="1" index="0" bw="1" slack="1"/>
</pin_list>
<bind>
<StgValue><ssdm name=""/></StgValue>
</bind>
</comp>

<comp id="76" class="1001" name="const_76">
<pin_list>
<pin id="77" dir="1" index="0" bw="1" slack="0"/>
</pin_list>
<bind>
<StgValue><ssdm name=""/></StgValue>
</bind>
</comp>

<comp id="78" class="1001" name="const_78">
<pin_list>
<pin id="79" dir="1" index="0" bw="1" slack="2147483647"/>
</pin_list>
<bind>
<StgValue><ssdm name=""/></StgValue>
</bind>
</comp>

<comp id="80" class="1001" name="const_80">
<pin_list>
<pin id="81" dir="1" index="0" bw="1" slack="0"/>
</pin_list>
<bind>
<StgValue><ssdm name=""/></StgValue>
</bind>
</comp>

<comp id="82" class="1001" name="const_82">
<pin_list>
<pin id="83" dir="1" index="0" bw="1" slack="2147483647"/>
</pin_list>
<bind>
<StgValue><ssdm name="p_str9"/></StgValue>
</bind>
</comp>

<comp id="84" class="1001" name="const_84">
<pin_list>
<pin id="85" dir="1" index="0" bw="1" slack="0"/>
</pin_list>
<bind>
<StgValue><ssdm name="_ssdm_op_BitConcatenate.i6.i4.i2"/></StgValue>
</bind>
</comp>

<comp id="86" class="1001" name="const_86">
<pin_list>
<pin id="87" dir="1" index="0" bw="1" slack="0"/>
</pin_list>
<bind>
<StgValue><ssdm name=""/></StgValue>
</bind>
</comp>

<comp id="88" class="1001" name="const_88">
<pin_list>
<pin id="89" dir="1" index="0" bw="1" slack="2147483647"/>
</pin_list>
<bind>
<StgValue><ssdm name="p_str10"/></StgValue>
</bind>
</comp>

<comp id="90" class="1001" name="const_90">
<pin_list>
<pin id="91" dir="1" index="0" bw="1" slack="0"/>
</pin_list>
<bind>
<StgValue><ssdm name="_ssdm_op_BitConcatenate.i7.i4.i3"/></StgValue>
</bind>
</comp>

<comp id="92" class="1001" name="const_92">
<pin_list>
<pin id="93" dir="1" index="0" bw="1" slack="0"/>
</pin_list>
<bind>
<StgValue><ssdm name=""/></StgValue>
</bind>
</comp>

<comp id="94" class="1001" name="const_94">
<pin_list>
<pin id="95" dir="1" index="0" bw="1" slack="2147483647"/>
</pin_list>
<bind>
<StgValue><ssdm name=""/></StgValue>
</bind>
</comp>

<comp id="96" class="1001" name="const_96">
<pin_list>
<pin id="97" dir="1" index="0" bw="1" slack="2147483647"/>
</pin_list>
<bind>
<StgValue><ssdm name="p_str11"/></StgValue>
</bind>
</comp>

<comp id="98" class="1001" name="const_98">
<pin_list>
<pin id="99" dir="1" index="0" bw="1" slack="0"/>
</pin_list>
<bind>
<StgValue><ssdm name=""/></StgValue>
</bind>
</comp>

<comp id="100" class="1001" name="const_100">
<pin_list>
<pin id="101" dir="1" index="0" bw="1" slack="0"/>
</pin_list>
<bind>
<StgValue><ssdm name="llvm.part.select.i20"/></StgValue>
</bind>
</comp>

<comp id="102" class="1001" name="const_102">
<pin_list>
<pin id="103" dir="1" index="0" bw="1" slack="0"/>
</pin_list>
<bind>
<StgValue><ssdm name=""/></StgValue>
</bind>
</comp>

<comp id="104" class="1001" name="const_104">
<pin_list>
<pin id="105" dir="1" index="0" bw="1" slack="0"/>
</pin_list>
<bind>
<StgValue><ssdm name="_ssdm_op_BitConcatenate.i32.i12.i20"/></StgValue>
</bind>
</comp>

<comp id="106" class="1001" name="const_106">
<pin_list>
<pin id="107" dir="1" index="0" bw="1" slack="0"/>
</pin_list>
<bind>
<StgValue><ssdm name=""/></StgValue>
</bind>
</comp>

<comp id="108" class="1001" name="const_108">
<pin_list>
<pin id="109" dir="1" index="0" bw="1" slack="0"/>
</pin_list>
<bind>
<StgValue><ssdm name="llvm.cttz.i32"/></StgValue>
</bind>
</comp>

<comp id="110" class="1001" name="const_110">
<pin_list>
<pin id="111" dir="1" index="0" bw="1" slack="0"/>
</pin_list>
<bind>
<StgValue><ssdm name=""/></StgValue>
</bind>
</comp>

<comp id="112" class="1001" name="const_112">
<pin_list>
<pin id="113" dir="1" index="0" bw="1" slack="0"/>
</pin_list>
<bind>
<StgValue><ssdm name=""/></StgValue>
</bind>
</comp>

<comp id="114" class="1001" name="const_114">
<pin_list>
<pin id="115" dir="1" index="0" bw="1" slack="0"/>
</pin_list>
<bind>
<StgValue><ssdm name=""/></StgValue>
</bind>
</comp>

<comp id="116" class="1001" name="const_116">
<pin_list>
<pin id="117" dir="1" index="0" bw="1" slack="0"/>
</pin_list>
<bind>
<StgValue><ssdm name="_ssdm_op_PartSelect.i31.i32.i32.i32"/></StgValue>
</bind>
</comp>

<comp id="118" class="1001" name="const_118">
<pin_list>
<pin id="119" dir="1" index="0" bw="1" slack="0"/>
</pin_list>
<bind>
<StgValue><ssdm name=""/></StgValue>
</bind>
</comp>

<comp id="120" class="1001" name="const_120">
<pin_list>
<pin id="121" dir="1" index="0" bw="1" slack="0"/>
</pin_list>
<bind>
<StgValue><ssdm name=""/></StgValue>
</bind>
</comp>

<comp id="122" class="1001" name="const_122">
<pin_list>
<pin id="123" dir="1" index="0" bw="1" slack="0"/>
</pin_list>
<bind>
<StgValue><ssdm name=""/></StgValue>
</bind>
</comp>

<comp id="124" class="1001" name="const_124">
<pin_list>
<pin id="125" dir="1" index="0" bw="1" slack="0"/>
</pin_list>
<bind>
<StgValue><ssdm name=""/></StgValue>
</bind>
</comp>

<comp id="126" class="1001" name="const_126">
<pin_list>
<pin id="127" dir="1" index="0" bw="1" slack="0"/>
</pin_list>
<bind>
<StgValue><ssdm name=""/></StgValue>
</bind>
</comp>

<comp id="128" class="1001" name="const_128">
<pin_list>
<pin id="129" dir="1" index="0" bw="1" slack="0"/>
</pin_list>
<bind>
<StgValue><ssdm name="_ssdm_op_BitSelect.i1.i32.i32"/></StgValue>
</bind>
</comp>

<comp id="130" class="1001" name="const_130">
<pin_list>
<pin id="131" dir="1" index="0" bw="1" slack="0"/>
</pin_list>
<bind>
<StgValue><ssdm name=""/></StgValue>
</bind>
</comp>

<comp id="132" class="1001" name="const_132">
<pin_list>
<pin id="133" dir="1" index="0" bw="1" slack="0"/>
</pin_list>
<bind>
<StgValue><ssdm name="_ssdm_op_BitSelect.i1.i20.i20"/></StgValue>
</bind>
</comp>

<comp id="134" class="1001" name="const_134">
<pin_list>
<pin id="135" dir="1" index="0" bw="1" slack="0"/>
</pin_list>
<bind>
<StgValue><ssdm name="_ssdm_op_BitConcatenate.i32.i31.i1"/></StgValue>
</bind>
</comp>

<comp id="136" class="1001" name="const_136">
<pin_list>
<pin id="137" dir="1" index="0" bw="1" slack="0"/>
</pin_list>
<bind>
<StgValue><ssdm name=""/></StgValue>
</bind>
</comp>

<comp id="138" class="1001" name="const_138">
<pin_list>
<pin id="139" dir="1" index="0" bw="1" slack="0"/>
</pin_list>
<bind>
<StgValue><ssdm name=""/></StgValue>
</bind>
</comp>

<comp id="140" class="1001" name="const_140">
<pin_list>
<pin id="141" dir="1" index="0" bw="1" slack="0"/>
</pin_list>
<bind>
<StgValue><ssdm name="_ssdm_op_PartSelect.i63.i64.i32.i32"/></StgValue>
</bind>
</comp>

<comp id="142" class="1001" name="const_142">
<pin_list>
<pin id="143" dir="1" index="0" bw="1" slack="0"/>
</pin_list>
<bind>
<StgValue><ssdm name=""/></StgValue>
</bind>
</comp>

<comp id="144" class="1001" name="const_144">
<pin_list>
<pin id="145" dir="1" index="0" bw="1" slack="0"/>
</pin_list>
<bind>
<StgValue><ssdm name="_ssdm_op_BitSelect.i1.i64.i32"/></StgValue>
</bind>
</comp>

<comp id="146" class="1001" name="const_146">
<pin_list>
<pin id="147" dir="1" index="0" bw="1" slack="0"/>
</pin_list>
<bind>
<StgValue><ssdm name=""/></StgValue>
</bind>
</comp>

<comp id="148" class="1001" name="const_148">
<pin_list>
<pin id="149" dir="1" index="0" bw="1" slack="0"/>
</pin_list>
<bind>
<StgValue><ssdm name=""/></StgValue>
</bind>
</comp>

<comp id="150" class="1001" name="const_150">
<pin_list>
<pin id="151" dir="1" index="0" bw="1" slack="0"/>
</pin_list>
<bind>
<StgValue><ssdm name=""/></StgValue>
</bind>
</comp>

<comp id="152" class="1001" name="const_152">
<pin_list>
<pin id="153" dir="1" index="0" bw="1" slack="0"/>
</pin_list>
<bind>
<StgValue><ssdm name="_ssdm_op_BitConcatenate.i9.i1.i8"/></StgValue>
</bind>
</comp>

<comp id="154" class="1001" name="const_154">
<pin_list>
<pin id="155" dir="1" index="0" bw="1" slack="0"/>
</pin_list>
<bind>
<StgValue><ssdm name="_ssdm_op_PartSet.i64.i64.i9.i32.i32"/></StgValue>
</bind>
</comp>

<comp id="156" class="1001" name="const_156">
<pin_list>
<pin id="157" dir="1" index="0" bw="1" slack="0"/>
</pin_list>
<bind>
<StgValue><ssdm name=""/></StgValue>
</bind>
</comp>

<comp id="158" class="1001" name="const_158">
<pin_list>
<pin id="159" dir="1" index="0" bw="1" slack="0"/>
</pin_list>
<bind>
<StgValue><ssdm name=""/></StgValue>
</bind>
</comp>

<comp id="160" class="1001" name="const_160">
<pin_list>
<pin id="161" dir="1" index="0" bw="1" slack="2147483647"/>
</pin_list>
<bind>
<StgValue><ssdm name=""/></StgValue>
</bind>
</comp>

<comp id="162" class="1001" name="const_162">
<pin_list>
<pin id="163" dir="1" index="0" bw="1" slack="0"/>
</pin_list>
<bind>
<StgValue><ssdm name="_ssdm_op_PartSelect.i8.i32.i32.i32"/></StgValue>
</bind>
</comp>

<comp id="164" class="1001" name="const_164">
<pin_list>
<pin id="165" dir="1" index="0" bw="1" slack="0"/>
</pin_list>
<bind>
<StgValue><ssdm name=""/></StgValue>
</bind>
</comp>

<comp id="166" class="1001" name="const_166">
<pin_list>
<pin id="167" dir="1" index="0" bw="1" slack="0"/>
</pin_list>
<bind>
<StgValue><ssdm name=""/></StgValue>
</bind>
</comp>

<comp id="168" class="1001" name="const_168">
<pin_list>
<pin id="169" dir="1" index="0" bw="1" slack="0"/>
</pin_list>
<bind>
<StgValue><ssdm name=""/></StgValue>
</bind>
</comp>

<comp id="170" class="1001" name="const_170">
<pin_list>
<pin id="171" dir="1" index="0" bw="1" slack="0"/>
</pin_list>
<bind>
<StgValue><ssdm name="llvm.exp.f32"/></StgValue>
</bind>
</comp>

<comp id="172" class="1001" name="const_172">
<pin_list>
<pin id="173" dir="1" index="0" bw="1" slack="2147483647"/>
</pin_list>
<bind>
<StgValue><ssdm name="p_str12"/></StgValue>
</bind>
</comp>

<comp id="174" class="1001" name="const_174">
<pin_list>
<pin id="175" dir="1" index="0" bw="1" slack="2147483647"/>
</pin_list>
<bind>
<StgValue><ssdm name="p_str13"/></StgValue>
</bind>
</comp>

<comp id="176" class="1004" name="a1_V_alloca_fu_176">
<pin_list>
<pin id="177" dir="0" index="0" bw="1" slack="0"/>
<pin id="178" dir="1" index="1" bw="19" slack="2147483647"/>
</pin_list>
<bind>
<opcode="alloca(26) " fcode="alloca"/>
<opset="a1_V/1 "/>
</bind>
</comp>

<comp id="180" class="1004" name="a2_V_alloca_fu_180">
<pin_list>
<pin id="181" dir="0" index="0" bw="1" slack="0"/>
<pin id="182" dir="1" index="1" bw="19" slack="2147483647"/>
</pin_list>
<bind>
<opcode="alloca(26) " fcode="alloca"/>
<opset="a2_V/1 "/>
</bind>
</comp>

<comp id="184" class="1004" name="a3_V_alloca_fu_184">
<pin_list>
<pin id="185" dir="0" index="0" bw="1" slack="0"/>
<pin id="186" dir="1" index="1" bw="19" slack="2147483647"/>
</pin_list>
<bind>
<opcode="alloca(26) " fcode="alloca"/>
<opset="a3_V/1 "/>
</bind>
</comp>

<comp id="188" class="1004" name="z4_V_alloca_fu_188">
<pin_list>
<pin id="189" dir="0" index="0" bw="1" slack="0"/>
<pin id="190" dir="1" index="1" bw="20" slack="2147483647"/>
</pin_list>
<bind>
<opcode="alloca(26) " fcode="alloca"/>
<opset="z4_V/1 "/>
</bind>
</comp>

<comp id="192" class="1004" name="logits_alloca_fu_192">
<pin_list>
<pin id="193" dir="0" index="0" bw="1" slack="0"/>
<pin id="194" dir="1" index="1" bw="32" slack="2147483647"/>
</pin_list>
<bind>
<opcode="alloca(26) " fcode="alloca"/>
<opset="logits/1 "/>
</bind>
</comp>

<comp id="196" class="1004" name="B1_V_addr_gep_fu_196">
<pin_list>
<pin id="197" dir="0" index="0" bw="13" slack="0"/>
<pin id="198" dir="0" index="1" bw="1" slack="0"/>
<pin id="199" dir="0" index="2" bw="3" slack="0"/>
<pin id="200" dir="1" index="3" bw="3" slack="0"/>
</pin_list>
<bind>
<opcode="getelementptr(29) " fcode="getelementptr"/>
<opset="B1_V_addr/2 "/>
</bind>
</comp>

<comp id="203" class="1004" name="grp_access_fu_203">
<pin_list>
<pin id="204" dir="0" index="0" bw="3" slack="0"/>
<pin id="205" dir="0" index="1" bw="13" slack="2147483647"/>
<pin id="206" dir="0" index="2" bw="0" slack="2147483647"/>
<pin id="207" dir="1" index="3" bw="13" slack="0"/>
</pin_list>
<bind>
<opcode="load(27) " fcode="load"/>
<opset="acc_V/2 "/>
</bind>
</comp>

<comp id="209" class="1004" name="W1_V_addr_gep_fu_209">
<pin_list>
<pin id="210" dir="0" index="0" bw="16" slack="0"/>
<pin id="211" dir="0" index="1" bw="1" slack="0"/>
<pin id="212" dir="0" index="2" bw="12" slack="0"/>
<pin id="213" dir="1" index="3" bw="12" slack="0"/>
</pin_list>
<bind>
<opcode="getelementptr(29) " fcode="getelementptr"/>
<opset="W1_V_addr/4 "/>
</bind>
</comp>

<comp id="216" class="1004" name="input_V_addr_gep_fu_216">
<pin_list>
<pin id="217" dir="0" index="0" bw="20" slack="0"/>
<pin id="218" dir="0" index="1" bw="1" slack="0"/>
<pin id="219" dir="0" index="2" bw="10" slack="0"/>
<pin id="220" dir="1" index="3" bw="10" slack="0"/>
</pin_list>
<bind>
<opcode="getelementptr(29) " fcode="getelementptr"/>
<opset="input_V_addr/4 "/>
</bind>
</comp>

<comp id="223" class="1004" name="grp_access_fu_223">
<pin_list>
<pin id="224" dir="0" index="0" bw="10" slack="0"/>
<pin id="225" dir="0" index="1" bw="20" slack="2147483647"/>
<pin id="226" dir="0" index="2" bw="0" slack="2147483647"/>
<pin id="227" dir="1" index="3" bw="20" slack="0"/>
</pin_list>
<bind>
<opcode="load(27) " fcode="load"/>
<opset="input_V_load/4 "/>
</bind>
</comp>

<comp id="229" class="1004" name="grp_access_fu_229">
<pin_list>
<pin id="230" dir="0" index="0" bw="12" slack="0"/>
<pin id="231" dir="0" index="1" bw="16" slack="2147483647"/>
<pin id="232" dir="0" index="2" bw="0" slack="2147483647"/>
<pin id="233" dir="1" index="3" bw="16" slack="0"/>
</pin_list>
<bind>
<opcode="load(27) " fcode="load"/>
<opset="W1_V_load/4 "/>
</bind>
</comp>

<comp id="235" class="1004" name="a1_V_addr_gep_fu_235">
<pin_list>
<pin id="236" dir="0" index="0" bw="19" slack="2147483647"/>
<pin id="237" dir="0" index="1" bw="1" slack="0"/>
<pin id="238" dir="0" index="2" bw="3" slack="2"/>
<pin id="239" dir="1" index="3" bw="3" slack="0"/>
</pin_list>
<bind>
<opcode="getelementptr(29) " fcode="getelementptr"/>
<opset="a1_V_addr/4 "/>
</bind>
</comp>

<comp id="241" class="1004" name="grp_access_fu_241">
<pin_list>
<pin id="242" dir="0" index="0" bw="3" slack="0"/>
<pin id="243" dir="0" index="1" bw="19" slack="0"/>
<pin id="244" dir="0" index="2" bw="0" slack="2147483647"/>
<pin id="245" dir="1" index="3" bw="19" slack="0"/>
</pin_list>
<bind>
<opcode="load(27) store(28) " fcode="load"/>
<opset="store_ln89/4 a1_V_load/8 "/>
</bind>
</comp>

<comp id="247" class="1004" name="B2_V_addr_gep_fu_247">
<pin_list>
<pin id="248" dir="0" index="0" bw="15" slack="0"/>
<pin id="249" dir="0" index="1" bw="1" slack="0"/>
<pin id="250" dir="0" index="2" bw="4" slack="0"/>
<pin id="251" dir="1" index="3" bw="3" slack="0"/>
</pin_list>
<bind>
<opcode="getelementptr(29) " fcode="getelementptr"/>
<opset="B2_V_addr/6 "/>
</bind>
</comp>

<comp id="254" class="1004" name="grp_access_fu_254">
<pin_list>
<pin id="255" dir="0" index="0" bw="3" slack="0"/>
<pin id="256" dir="0" index="1" bw="15" slack="2147483647"/>
<pin id="257" dir="0" index="2" bw="0" slack="2147483647"/>
<pin id="258" dir="1" index="3" bw="15" slack="0"/>
</pin_list>
<bind>
<opcode="load(27) " fcode="load"/>
<opset="acc_V_1/6 "/>
</bind>
</comp>

<comp id="260" class="1004" name="W2_V_addr_gep_fu_260">
<pin_list>
<pin id="261" dir="0" index="0" bw="16" slack="0"/>
<pin id="262" dir="0" index="1" bw="1" slack="0"/>
<pin id="263" dir="0" index="2" bw="7" slack="0"/>
<pin id="264" dir="1" index="3" bw="6" slack="0"/>
</pin_list>
<bind>
<opcode="getelementptr(29) " fcode="getelementptr"/>
<opset="W2_V_addr/8 "/>
</bind>
</comp>

<comp id="267" class="1004" name="a1_V_addr_1_gep_fu_267">
<pin_list>
<pin id="268" dir="0" index="0" bw="19" slack="2147483647"/>
<pin id="269" dir="0" index="1" bw="1" slack="0"/>
<pin id="270" dir="0" index="2" bw="3" slack="0"/>
<pin id="271" dir="1" index="3" bw="3" slack="0"/>
</pin_list>
<bind>
<opcode="getelementptr(29) " fcode="getelementptr"/>
<opset="a1_V_addr_1/8 "/>
</bind>
</comp>

<comp id="274" class="1004" name="grp_access_fu_274">
<pin_list>
<pin id="275" dir="0" index="0" bw="6" slack="0"/>
<pin id="276" dir="0" index="1" bw="16" slack="2147483647"/>
<pin id="277" dir="0" index="2" bw="0" slack="2147483647"/>
<pin id="278" dir="1" index="3" bw="16" slack="0"/>
</pin_list>
<bind>
<opcode="load(27) " fcode="load"/>
<opset="W2_V_load/8 "/>
</bind>
</comp>

<comp id="280" class="1004" name="a2_V_addr_gep_fu_280">
<pin_list>
<pin id="281" dir="0" index="0" bw="19" slack="2147483647"/>
<pin id="282" dir="0" index="1" bw="1" slack="0"/>
<pin id="283" dir="0" index="2" bw="4" slack="2"/>
<pin id="284" dir="1" index="3" bw="3" slack="0"/>
</pin_list>
<bind>
<opcode="getelementptr(29) " fcode="getelementptr"/>
<opset="a2_V_addr/8 "/>
</bind>
</comp>

<comp id="286" class="1004" name="grp_access_fu_286">
<pin_list>
<pin id="287" dir="0" index="0" bw="3" slack="0"/>
<pin id="288" dir="0" index="1" bw="19" slack="0"/>
<pin id="289" dir="0" index="2" bw="0" slack="2147483647"/>
<pin id="290" dir="1" index="3" bw="19" slack="0"/>
</pin_list>
<bind>
<opcode="load(27) store(28) " fcode="load"/>
<opset="store_ln94/8 a2_V_load/12 "/>
</bind>
</comp>

<comp id="292" class="1004" name="B3_V_addr_gep_fu_292">
<pin_list>
<pin id="293" dir="0" index="0" bw="16" slack="0"/>
<pin id="294" dir="0" index="1" bw="1" slack="0"/>
<pin id="295" dir="0" index="2" bw="4" slack="0"/>
<pin id="296" dir="1" index="3" bw="3" slack="0"/>
</pin_list>
<bind>
<opcode="getelementptr(29) " fcode="getelementptr"/>
<opset="B3_V_addr/10 "/>
</bind>
</comp>

<comp id="299" class="1004" name="grp_access_fu_299">
<pin_list>
<pin id="300" dir="0" index="0" bw="3" slack="0"/>
<pin id="301" dir="0" index="1" bw="16" slack="2147483647"/>
<pin id="302" dir="0" index="2" bw="0" slack="2147483647"/>
<pin id="303" dir="1" index="3" bw="16" slack="0"/>
</pin_list>
<bind>
<opcode="load(27) " fcode="load"/>
<opset="acc_V_3/10 "/>
</bind>
</comp>

<comp id="305" class="1004" name="W3_V_addr_gep_fu_305">
<pin_list>
<pin id="306" dir="0" index="0" bw="15" slack="0"/>
<pin id="307" dir="0" index="1" bw="1" slack="0"/>
<pin id="308" dir="0" index="2" bw="8" slack="0"/>
<pin id="309" dir="1" index="3" bw="6" slack="0"/>
</pin_list>
<bind>
<opcode="getelementptr(29) " fcode="getelementptr"/>
<opset="W3_V_addr/12 "/>
</bind>
</comp>

<comp id="312" class="1004" name="a2_V_addr_1_gep_fu_312">
<pin_list>
<pin id="313" dir="0" index="0" bw="19" slack="2147483647"/>
<pin id="314" dir="0" index="1" bw="1" slack="0"/>
<pin id="315" dir="0" index="2" bw="4" slack="0"/>
<pin id="316" dir="1" index="3" bw="3" slack="0"/>
</pin_list>
<bind>
<opcode="getelementptr(29) " fcode="getelementptr"/>
<opset="a2_V_addr_1/12 "/>
</bind>
</comp>

<comp id="319" class="1004" name="grp_access_fu_319">
<pin_list>
<pin id="320" dir="0" index="0" bw="6" slack="0"/>
<pin id="321" dir="0" index="1" bw="15" slack="2147483647"/>
<pin id="322" dir="0" index="2" bw="0" slack="2147483647"/>
<pin id="323" dir="1" index="3" bw="15" slack="0"/>
</pin_list>
<bind>
<opcode="load(27) " fcode="load"/>
<opset="W3_V_load/12 "/>
</bind>
</comp>

<comp id="325" class="1004" name="a3_V_addr_gep_fu_325">
<pin_list>
<pin id="326" dir="0" index="0" bw="19" slack="2147483647"/>
<pin id="327" dir="0" index="1" bw="1" slack="0"/>
<pin id="328" dir="0" index="2" bw="4" slack="2"/>
<pin id="329" dir="1" index="3" bw="3" slack="0"/>
</pin_list>
<bind>
<opcode="getelementptr(29) " fcode="getelementptr"/>
<opset="a3_V_addr/12 "/>
</bind>
</comp>

<comp id="331" class="1004" name="grp_access_fu_331">
<pin_list>
<pin id="332" dir="0" index="0" bw="3" slack="0"/>
<pin id="333" dir="0" index="1" bw="19" slack="0"/>
<pin id="334" dir="0" index="2" bw="0" slack="2147483647"/>
<pin id="335" dir="1" index="3" bw="19" slack="0"/>
</pin_list>
<bind>
<opcode="load(27) store(28) " fcode="load"/>
<opset="store_ln99/12 a3_V_load/16 "/>
</bind>
</comp>

<comp id="337" class="1004" name="B4_V_addr_gep_fu_337">
<pin_list>
<pin id="338" dir="0" index="0" bw="16" slack="0"/>
<pin id="339" dir="0" index="1" bw="1" slack="0"/>
<pin id="340" dir="0" index="2" bw="4" slack="0"/>
<pin id="341" dir="1" index="3" bw="4" slack="0"/>
</pin_list>
<bind>
<opcode="getelementptr(29) " fcode="getelementptr"/>
<opset="B4_V_addr/14 "/>
</bind>
</comp>

<comp id="344" class="1004" name="grp_access_fu_344">
<pin_list>
<pin id="345" dir="0" index="0" bw="4" slack="0"/>
<pin id="346" dir="0" index="1" bw="16" slack="2147483647"/>
<pin id="347" dir="0" index="2" bw="0" slack="2147483647"/>
<pin id="348" dir="1" index="3" bw="16" slack="0"/>
</pin_list>
<bind>
<opcode="load(27) " fcode="load"/>
<opset="acc_V_5/14 "/>
</bind>
</comp>

<comp id="350" class="1004" name="z4_V_addr_gep_fu_350">
<pin_list>
<pin id="351" dir="0" index="0" bw="20" slack="2147483647"/>
<pin id="352" dir="0" index="1" bw="1" slack="0"/>
<pin id="353" dir="0" index="2" bw="1" slack="0"/>
<pin id="354" dir="1" index="3" bw="4" slack="0"/>
</pin_list>
<bind>
<opcode="getelementptr(29) " fcode="getelementptr"/>
<opset="z4_V_addr/14 "/>
</bind>
</comp>

<comp id="357" class="1004" name="grp_access_fu_357">
<pin_list>
<pin id="358" dir="0" index="0" bw="4" slack="0"/>
<pin id="359" dir="0" index="1" bw="20" slack="0"/>
<pin id="360" dir="0" index="2" bw="0" slack="2147483647"/>
<pin id="361" dir="1" index="3" bw="20" slack="0"/>
</pin_list>
<bind>
<opcode="load(27) store(28) " fcode="load"/>
<opset="tmp_V_9/14 store_ln104/16 tmp_V_11/22 "/>
</bind>
</comp>

<comp id="363" class="1004" name="W4_V_addr_gep_fu_363">
<pin_list>
<pin id="364" dir="0" index="0" bw="16" slack="0"/>
<pin id="365" dir="0" index="1" bw="1" slack="0"/>
<pin id="366" dir="0" index="2" bw="8" slack="0"/>
<pin id="367" dir="1" index="3" bw="7" slack="0"/>
</pin_list>
<bind>
<opcode="getelementptr(29) " fcode="getelementptr"/>
<opset="W4_V_addr/16 "/>
</bind>
</comp>

<comp id="370" class="1004" name="a3_V_addr_1_gep_fu_370">
<pin_list>
<pin id="371" dir="0" index="0" bw="19" slack="2147483647"/>
<pin id="372" dir="0" index="1" bw="1" slack="0"/>
<pin id="373" dir="0" index="2" bw="4" slack="0"/>
<pin id="374" dir="1" index="3" bw="3" slack="0"/>
</pin_list>
<bind>
<opcode="getelementptr(29) " fcode="getelementptr"/>
<opset="a3_V_addr_1/16 "/>
</bind>
</comp>

<comp id="377" class="1004" name="grp_access_fu_377">
<pin_list>
<pin id="378" dir="0" index="0" bw="7" slack="0"/>
<pin id="379" dir="0" index="1" bw="16" slack="2147483647"/>
<pin id="380" dir="0" index="2" bw="0" slack="2147483647"/>
<pin id="381" dir="1" index="3" bw="16" slack="0"/>
</pin_list>
<bind>
<opcode="load(27) " fcode="load"/>
<opset="W4_V_load/16 "/>
</bind>
</comp>

<comp id="383" class="1004" name="z4_V_addr_1_gep_fu_383">
<pin_list>
<pin id="384" dir="0" index="0" bw="20" slack="2147483647"/>
<pin id="385" dir="0" index="1" bw="1" slack="0"/>
<pin id="386" dir="0" index="2" bw="4" slack="2"/>
<pin id="387" dir="1" index="3" bw="4" slack="0"/>
</pin_list>
<bind>
<opcode="getelementptr(29) " fcode="getelementptr"/>
<opset="z4_V_addr_1/16 "/>
</bind>
</comp>

<comp id="390" class="1004" name="z4_V_addr_2_gep_fu_390">
<pin_list>
<pin id="391" dir="0" index="0" bw="20" slack="2147483647"/>
<pin id="392" dir="0" index="1" bw="1" slack="0"/>
<pin id="393" dir="0" index="2" bw="4" slack="0"/>
<pin id="394" dir="1" index="3" bw="4" slack="0"/>
</pin_list>
<bind>
<opcode="getelementptr(29) " fcode="getelementptr"/>
<opset="z4_V_addr_2/22 "/>
</bind>
</comp>

<comp id="397" class="1004" name="logits_addr_2_gep_fu_397">
<pin_list>
<pin id="398" dir="0" index="0" bw="32" slack="2147483647"/>
<pin id="399" dir="0" index="1" bw="1" slack="0"/>
<pin id="400" dir="0" index="2" bw="1" slack="0"/>
<pin id="401" dir="1" index="3" bw="4" slack="0"/>
</pin_list>
<bind>
<opcode="getelementptr(29) " fcode="getelementptr"/>
<opset="logits_addr_2/22 "/>
</bind>
</comp>

<comp id="404" class="1004" name="grp_access_fu_404">
<pin_list>
<pin id="405" dir="0" index="0" bw="4" slack="0"/>
<pin id="406" dir="0" index="1" bw="32" slack="0"/>
<pin id="407" dir="0" index="2" bw="0" slack="2147483647"/>
<pin id="408" dir="1" index="3" bw="32" slack="1"/>
</pin_list>
<bind>
<opcode="load(27) store(28) " fcode="load"/>
<opset="store_ln114/22 store_ln110/23 store_ln110/25 logits_load/28 "/>
</bind>
</comp>

<comp id="410" class="1004" name="logits_addr_gep_fu_410">
<pin_list>
<pin id="411" dir="0" index="0" bw="32" slack="2147483647"/>
<pin id="412" dir="0" index="1" bw="1" slack="0"/>
<pin id="413" dir="0" index="2" bw="4" slack="1"/>
<pin id="414" dir="1" index="3" bw="4" slack="0"/>
</pin_list>
<bind>
<opcode="getelementptr(29) " fcode="getelementptr"/>
<opset="logits_addr/23 "/>
</bind>
</comp>

<comp id="418" class="1004" name="logits_addr_1_gep_fu_418">
<pin_list>
<pin id="419" dir="0" index="0" bw="32" slack="2147483647"/>
<pin id="420" dir="0" index="1" bw="1" slack="0"/>
<pin id="421" dir="0" index="2" bw="4" slack="3"/>
<pin id="422" dir="1" index="3" bw="4" slack="0"/>
</pin_list>
<bind>
<opcode="getelementptr(29) " fcode="getelementptr"/>
<opset="logits_addr_1/25 "/>
</bind>
</comp>

<comp id="425" class="1004" name="logits_addr_3_gep_fu_425">
<pin_list>
<pin id="426" dir="0" index="0" bw="32" slack="2147483647"/>
<pin id="427" dir="0" index="1" bw="1" slack="0"/>
<pin id="428" dir="0" index="2" bw="4" slack="0"/>
<pin id="429" dir="1" index="3" bw="4" slack="0"/>
</pin_list>
<bind>
<opcode="getelementptr(29) " fcode="getelementptr"/>
<opset="logits_addr_3/28 "/>
</bind>
</comp>

<comp id="432" class="1004" name="output_addr_gep_fu_432">
<pin_list>
<pin id="433" dir="0" index="0" bw="32" slack="0"/>
<pin id="434" dir="0" index="1" bw="1" slack="0"/>
<pin id="435" dir="0" index="2" bw="4" slack="23"/>
<pin id="436" dir="1" index="3" bw="4" slack="0"/>
</pin_list>
<bind>
<opcode="getelementptr(29) " fcode="getelementptr"/>
<opset="output_addr/51 "/>
</bind>
</comp>

<comp id="439" class="1004" name="grp_access_fu_439">
<pin_list>
<pin id="440" dir="0" index="0" bw="4" slack="0"/>
<pin id="441" dir="0" index="1" bw="32" slack="1"/>
<pin id="442" dir="0" index="2" bw="0" slack="2147483647"/>
<pin id="443" dir="1" index="3" bw="32" slack="1"/>
</pin_list>
<bind>
<opcode="load(27) store(28) " fcode="store"/>
<opset="store_ln120/51 output_load/59 store_ln125/77 "/>
</bind>
</comp>

<comp id="445" class="1004" name="output_addr_1_gep_fu_445">
<pin_list>
<pin id="446" dir="0" index="0" bw="32" slack="0"/>
<pin id="447" dir="0" index="1" bw="1" slack="0"/>
<pin id="448" dir="0" index="2" bw="4" slack="0"/>
<pin id="449" dir="1" index="3" bw="4" slack="0"/>
</pin_list>
<bind>
<opcode="getelementptr(29) " fcode="getelementptr"/>
<opset="output_addr_1/59 "/>
</bind>
</comp>

<comp id="453" class="1005" name="j_0_reg_453">
<pin_list>
<pin id="454" dir="0" index="0" bw="3" slack="1"/>
<pin id="455" dir="1" index="1" bw="3" slack="1"/>
</pin_list>
<bind>
<opset="j_0 (phireg) "/>
</bind>
</comp>

<comp id="457" class="1004" name="j_0_phi_fu_457">
<pin_list>
<pin id="458" dir="0" index="0" bw="3" slack="0"/>
<pin id="459" dir="0" index="1" bw="0" slack="2147483647"/>
<pin id="460" dir="0" index="2" bw="1" slack="1"/>
<pin id="461" dir="0" index="3" bw="0" slack="2147483647"/>
<pin id="462" dir="1" index="4" bw="3" slack="0"/>
</pin_list>
<bind>
<opcode="phi(47) " fcode="phi"/>
<opset="j_0/2 "/>
</bind>
</comp>

<comp id="464" class="1005" name="phi_mul_reg_464">
<pin_list>
<pin id="465" dir="0" index="0" bw="12" slack="1"/>
<pin id="466" dir="1" index="1" bw="12" slack="1"/>
</pin_list>
<bind>
<opset="phi_mul (phireg) "/>
</bind>
</comp>

<comp id="468" class="1004" name="phi_mul_phi_fu_468">
<pin_list>
<pin id="469" dir="0" index="0" bw="12" slack="0"/>
<pin id="470" dir="0" index="1" bw="0" slack="2147483647"/>
<pin id="471" dir="0" index="2" bw="1" slack="1"/>
<pin id="472" dir="0" index="3" bw="0" slack="2147483647"/>
<pin id="473" dir="1" index="4" bw="12" slack="0"/>
</pin_list>
<bind>
<opcode="phi(47) " fcode="phi"/>
<opset="phi_mul/2 "/>
</bind>
</comp>

<comp id="476" class="1005" name="p_Val2_1_reg_476">
<pin_list>
<pin id="477" dir="0" index="0" bw="20" slack="1"/>
<pin id="478" dir="1" index="1" bw="20" slack="1"/>
</pin_list>
<bind>
<opset="p_Val2_1 (phireg) "/>
</bind>
</comp>

<comp id="479" class="1004" name="p_Val2_1_phi_fu_479">
<pin_list>
<pin id="480" dir="0" index="0" bw="13" slack="1"/>
<pin id="481" dir="0" index="1" bw="0" slack="2147483647"/>
<pin id="482" dir="0" index="2" bw="20" slack="1"/>
<pin id="483" dir="0" index="3" bw="0" slack="2147483647"/>
<pin id="484" dir="1" index="4" bw="20" slack="0"/>
</pin_list>
<bind>
<opcode="phi(47) " fcode="phi"/>
<opset="p_Val2_1/4 "/>
</bind>
</comp>

<comp id="486" class="1005" name="i_0_i_reg_486">
<pin_list>
<pin id="487" dir="0" index="0" bw="10" slack="1"/>
<pin id="488" dir="1" index="1" bw="10" slack="1"/>
</pin_list>
<bind>
<opset="i_0_i (phireg) "/>
</bind>
</comp>

<comp id="490" class="1004" name="i_0_i_phi_fu_490">
<pin_list>
<pin id="491" dir="0" index="0" bw="1" slack="1"/>
<pin id="492" dir="0" index="1" bw="0" slack="2147483647"/>
<pin id="493" dir="0" index="2" bw="10" slack="0"/>
<pin id="494" dir="0" index="3" bw="0" slack="2147483647"/>
<pin id="495" dir="1" index="4" bw="10" slack="0"/>
</pin_list>
<bind>
<opcode="phi(47) " fcode="phi"/>
<opset="i_0_i/4 "/>
</bind>
</comp>

<comp id="497" class="1005" name="j4_0_reg_497">
<pin_list>
<pin id="498" dir="0" index="0" bw="4" slack="1"/>
<pin id="499" dir="1" index="1" bw="4" slack="1"/>
</pin_list>
<bind>
<opset="j4_0 (phireg) "/>
</bind>
</comp>

<comp id="501" class="1004" name="j4_0_phi_fu_501">
<pin_list>
<pin id="502" dir="0" index="0" bw="4" slack="0"/>
<pin id="503" dir="0" index="1" bw="0" slack="2147483647"/>
<pin id="504" dir="0" index="2" bw="1" slack="1"/>
<pin id="505" dir="0" index="3" bw="0" slack="2147483647"/>
<pin id="506" dir="1" index="4" bw="4" slack="0"/>
</pin_list>
<bind>
<opcode="phi(47) " fcode="phi"/>
<opset="j4_0/6 "/>
</bind>
</comp>

<comp id="509" class="1005" name="p_Val2_4_reg_509">
<pin_list>
<pin id="510" dir="0" index="0" bw="20" slack="1"/>
<pin id="511" dir="1" index="1" bw="20" slack="1"/>
</pin_list>
<bind>
<opset="p_Val2_4 (phireg) "/>
</bind>
</comp>

<comp id="512" class="1004" name="p_Val2_4_phi_fu_512">
<pin_list>
<pin id="513" dir="0" index="0" bw="15" slack="1"/>
<pin id="514" dir="0" index="1" bw="0" slack="2147483647"/>
<pin id="515" dir="0" index="2" bw="20" slack="1"/>
<pin id="516" dir="0" index="3" bw="0" slack="2147483647"/>
<pin id="517" dir="1" index="4" bw="20" slack="0"/>
</pin_list>
<bind>
<opcode="phi(47) " fcode="phi"/>
<opset="p_Val2_4/8 "/>
</bind>
</comp>

<comp id="519" class="1005" name="i_0_i10_reg_519">
<pin_list>
<pin id="520" dir="0" index="0" bw="3" slack="1"/>
<pin id="521" dir="1" index="1" bw="3" slack="1"/>
</pin_list>
<bind>
<opset="i_0_i10 (phireg) "/>
</bind>
</comp>

<comp id="523" class="1004" name="i_0_i10_phi_fu_523">
<pin_list>
<pin id="524" dir="0" index="0" bw="1" slack="1"/>
<pin id="525" dir="0" index="1" bw="0" slack="2147483647"/>
<pin id="526" dir="0" index="2" bw="3" slack="0"/>
<pin id="527" dir="0" index="3" bw="0" slack="2147483647"/>
<pin id="528" dir="1" index="4" bw="3" slack="0"/>
</pin_list>
<bind>
<opcode="phi(47) " fcode="phi"/>
<opset="i_0_i10/8 "/>
</bind>
</comp>

<comp id="530" class="1005" name="j5_0_reg_530">
<pin_list>
<pin id="531" dir="0" index="0" bw="4" slack="1"/>
<pin id="532" dir="1" index="1" bw="4" slack="1"/>
</pin_list>
<bind>
<opset="j5_0 (phireg) "/>
</bind>
</comp>

<comp id="534" class="1004" name="j5_0_phi_fu_534">
<pin_list>
<pin id="535" dir="0" index="0" bw="4" slack="0"/>
<pin id="536" dir="0" index="1" bw="0" slack="2147483647"/>
<pin id="537" dir="0" index="2" bw="1" slack="1"/>
<pin id="538" dir="0" index="3" bw="0" slack="2147483647"/>
<pin id="539" dir="1" index="4" bw="4" slack="0"/>
</pin_list>
<bind>
<opcode="phi(47) " fcode="phi"/>
<opset="j5_0/10 "/>
</bind>
</comp>

<comp id="542" class="1005" name="p_Val2_9_reg_542">
<pin_list>
<pin id="543" dir="0" index="0" bw="20" slack="1"/>
<pin id="544" dir="1" index="1" bw="20" slack="1"/>
</pin_list>
<bind>
<opset="p_Val2_9 (phireg) "/>
</bind>
</comp>

<comp id="545" class="1004" name="p_Val2_9_phi_fu_545">
<pin_list>
<pin id="546" dir="0" index="0" bw="16" slack="1"/>
<pin id="547" dir="0" index="1" bw="0" slack="2147483647"/>
<pin id="548" dir="0" index="2" bw="20" slack="1"/>
<pin id="549" dir="0" index="3" bw="0" slack="2147483647"/>
<pin id="550" dir="1" index="4" bw="20" slack="0"/>
</pin_list>
<bind>
<opcode="phi(47) " fcode="phi"/>
<opset="p_Val2_9/12 "/>
</bind>
</comp>

<comp id="552" class="1005" name="i_0_i26_reg_552">
<pin_list>
<pin id="553" dir="0" index="0" bw="4" slack="1"/>
<pin id="554" dir="1" index="1" bw="4" slack="1"/>
</pin_list>
<bind>
<opset="i_0_i26 (phireg) "/>
</bind>
</comp>

<comp id="556" class="1004" name="i_0_i26_phi_fu_556">
<pin_list>
<pin id="557" dir="0" index="0" bw="1" slack="1"/>
<pin id="558" dir="0" index="1" bw="0" slack="2147483647"/>
<pin id="559" dir="0" index="2" bw="4" slack="0"/>
<pin id="560" dir="0" index="3" bw="0" slack="2147483647"/>
<pin id="561" dir="1" index="4" bw="4" slack="0"/>
</pin_list>
<bind>
<opcode="phi(47) " fcode="phi"/>
<opset="i_0_i26/12 "/>
</bind>
</comp>

<comp id="563" class="1005" name="j6_0_reg_563">
<pin_list>
<pin id="564" dir="0" index="0" bw="4" slack="1"/>
<pin id="565" dir="1" index="1" bw="4" slack="1"/>
</pin_list>
<bind>
<opset="j6_0 (phireg) "/>
</bind>
</comp>

<comp id="567" class="1004" name="j6_0_phi_fu_567">
<pin_list>
<pin id="568" dir="0" index="0" bw="4" slack="0"/>
<pin id="569" dir="0" index="1" bw="0" slack="2147483647"/>
<pin id="570" dir="0" index="2" bw="1" slack="1"/>
<pin id="571" dir="0" index="3" bw="0" slack="2147483647"/>
<pin id="572" dir="1" index="4" bw="4" slack="0"/>
</pin_list>
<bind>
<opcode="phi(47) " fcode="phi"/>
<opset="j6_0/14 "/>
</bind>
</comp>

<comp id="575" class="1005" name="p_Val2_14_reg_575">
<pin_list>
<pin id="576" dir="0" index="0" bw="20" slack="1"/>
<pin id="577" dir="1" index="1" bw="20" slack="1"/>
</pin_list>
<bind>
<opset="p_Val2_14 (phireg) "/>
</bind>
</comp>

<comp id="578" class="1004" name="p_Val2_14_phi_fu_578">
<pin_list>
<pin id="579" dir="0" index="0" bw="16" slack="1"/>
<pin id="580" dir="0" index="1" bw="0" slack="2147483647"/>
<pin id="581" dir="0" index="2" bw="20" slack="1"/>
<pin id="582" dir="0" index="3" bw="0" slack="2147483647"/>
<pin id="583" dir="1" index="4" bw="20" slack="0"/>
</pin_list>
<bind>
<opcode="phi(47) " fcode="phi"/>
<opset="p_Val2_14/16 "/>
</bind>
</comp>

<comp id="586" class="1005" name="i_0_i42_reg_586">
<pin_list>
<pin id="587" dir="0" index="0" bw="4" slack="1"/>
<pin id="588" dir="1" index="1" bw="4" slack="1"/>
</pin_list>
<bind>
<opset="i_0_i42 (phireg) "/>
</bind>
</comp>

<comp id="590" class="1004" name="i_0_i42_phi_fu_590">
<pin_list>
<pin id="591" dir="0" index="0" bw="1" slack="1"/>
<pin id="592" dir="0" index="1" bw="0" slack="2147483647"/>
<pin id="593" dir="0" index="2" bw="4" slack="0"/>
<pin id="594" dir="0" index="3" bw="0" slack="2147483647"/>
<pin id="595" dir="1" index="4" bw="4" slack="0"/>
</pin_list>
<bind>
<opcode="phi(47) " fcode="phi"/>
<opset="i_0_i42/16 "/>
</bind>
</comp>

<comp id="597" class="1005" name="maxv_0_reg_597">
<pin_list>
<pin id="598" dir="0" index="0" bw="32" slack="3"/>
<pin id="599" dir="1" index="1" bw="32" slack="3"/>
</pin_list>
<bind>
<opset="maxv_0 (phireg) "/>
</bind>
</comp>

<comp id="600" class="1004" name="maxv_0_phi_fu_600">
<pin_list>
<pin id="601" dir="0" index="0" bw="32" slack="1"/>
<pin id="602" dir="0" index="1" bw="0" slack="2147483647"/>
<pin id="603" dir="0" index="2" bw="32" slack="1"/>
<pin id="604" dir="0" index="3" bw="0" slack="2147483647"/>
<pin id="605" dir="1" index="4" bw="32" slack="3"/>
</pin_list>
<bind>
<opcode="phi(47) " fcode="phi"/>
<opset="maxv_0/22 "/>
</bind>
</comp>

<comp id="607" class="1005" name="j7_0_reg_607">
<pin_list>
<pin id="608" dir="0" index="0" bw="4" slack="1"/>
<pin id="609" dir="1" index="1" bw="4" slack="1"/>
</pin_list>
<bind>
<opset="j7_0 (phireg) "/>
</bind>
</comp>

<comp id="611" class="1004" name="j7_0_phi_fu_611">
<pin_list>
<pin id="612" dir="0" index="0" bw="4" slack="1"/>
<pin id="613" dir="0" index="1" bw="0" slack="2147483647"/>
<pin id="614" dir="0" index="2" bw="1" slack="1"/>
<pin id="615" dir="0" index="3" bw="0" slack="2147483647"/>
<pin id="616" dir="1" index="4" bw="4" slack="0"/>
</pin_list>
<bind>
<opcode="phi(47) " fcode="phi"/>
<opset="j7_0/22 "/>
</bind>
</comp>

<comp id="619" class="1005" name="p_0202_reg_619">
<pin_list>
<pin id="620" dir="0" index="0" bw="32" slack="1"/>
<pin id="621" dir="1" index="1" bw="32" slack="3"/>
</pin_list>
<bind>
<opset="p_0202 (phireg) "/>
</bind>
</comp>

<comp id="623" class="1004" name="p_0202_phi_fu_623">
<pin_list>
<pin id="624" dir="0" index="0" bw="32" slack="1"/>
<pin id="625" dir="0" index="1" bw="0" slack="2147483647"/>
<pin id="626" dir="0" index="2" bw="32" slack="3"/>
<pin id="627" dir="0" index="3" bw="0" slack="2147483647"/>
<pin id="628" dir="1" index="4" bw="32" slack="0"/>
</pin_list>
<bind>
<opcode="phi(47) " fcode="phi"/>
<opset="p_0202/26 "/>
</bind>
</comp>

<comp id="631" class="1005" name="sum_0_reg_631">
<pin_list>
<pin id="632" dir="0" index="0" bw="32" slack="1"/>
<pin id="633" dir="1" index="1" bw="32" slack="1"/>
</pin_list>
<bind>
<opset="sum_0 (phireg) "/>
</bind>
</comp>

<comp id="635" class="1004" name="sum_0_phi_fu_635">
<pin_list>
<pin id="636" dir="0" index="0" bw="32" slack="1"/>
<pin id="637" dir="0" index="1" bw="0" slack="2147483647"/>
<pin id="638" dir="0" index="2" bw="32" slack="1"/>
<pin id="639" dir="0" index="3" bw="0" slack="2147483647"/>
<pin id="640" dir="1" index="4" bw="32" slack="3"/>
</pin_list>
<bind>
<opcode="phi(47) " fcode="phi"/>
<opset="sum_0/28 "/>
</bind>
</comp>

<comp id="643" class="1005" name="j8_0_reg_643">
<pin_list>
<pin id="644" dir="0" index="0" bw="4" slack="1"/>
<pin id="645" dir="1" index="1" bw="4" slack="1"/>
</pin_list>
<bind>
<opset="j8_0 (phireg) "/>
</bind>
</comp>

<comp id="647" class="1004" name="j8_0_phi_fu_647">
<pin_list>
<pin id="648" dir="0" index="0" bw="1" slack="1"/>
<pin id="649" dir="0" index="1" bw="0" slack="2147483647"/>
<pin id="650" dir="0" index="2" bw="4" slack="0"/>
<pin id="651" dir="0" index="3" bw="0" slack="2147483647"/>
<pin id="652" dir="1" index="4" bw="4" slack="0"/>
</pin_list>
<bind>
<opcode="phi(47) " fcode="phi"/>
<opset="j8_0/28 "/>
</bind>
</comp>

<comp id="654" class="1005" name="j9_0_reg_654">
<pin_list>
<pin id="655" dir="0" index="0" bw="4" slack="1"/>
<pin id="656" dir="1" index="1" bw="4" slack="1"/>
</pin_list>
<bind>
<opset="j9_0 (phireg) "/>
</bind>
</comp>

<comp id="658" class="1004" name="j9_0_phi_fu_658">
<pin_list>
<pin id="659" dir="0" index="0" bw="4" slack="0"/>
<pin id="660" dir="0" index="1" bw="0" slack="2147483647"/>
<pin id="661" dir="0" index="2" bw="1" slack="1"/>
<pin id="662" dir="0" index="3" bw="0" slack="2147483647"/>
<pin id="663" dir="1" index="4" bw="4" slack="0"/>
</pin_list>
<bind>
<opcode="phi(47) " fcode="phi"/>
<opset="j9_0/59 "/>
</bind>
</comp>

<comp id="665" class="1004" name="grp_fu_665">
<pin_list>
<pin id="666" dir="0" index="0" bw="32" slack="1"/>
<pin id="667" dir="0" index="1" bw="32" slack="1"/>
<pin id="668" dir="1" index="2" bw="32" slack="1"/>
</pin_list>
<bind>
<opcode="fadd(9) fsub(11) " fcode="fadd"/>
<opset="tmp/30 sum/51 "/>
</bind>
</comp>

<comp id="671" class="1004" name="grp_fu_671">
<pin_list>
<pin id="672" dir="0" index="0" bw="32" slack="1"/>
<pin id="673" dir="0" index="1" bw="32" slack="3"/>
<pin id="674" dir="1" index="2" bw="32" slack="1"/>
</pin_list>
<bind>
<opcode="fdiv(16) " fcode="fdiv"/>
<opset="tmp_2/61 "/>
</bind>
</comp>

<comp id="676" class="1004" name="grp_fu_676">
<pin_list>
<pin id="677" dir="0" index="0" bw="32" slack="0"/>
<pin id="678" dir="0" index="1" bw="32" slack="4"/>
<pin id="679" dir="1" index="2" bw="1" slack="0"/>
</pin_list>
<bind>
<opcode="fcmp(46) " fcode="fcmp"/>
<opset="tmp_5/26 "/>
</bind>
</comp>

<comp id="682" class="1004" name="grp_fu_682">
<pin_list>
<pin id="683" dir="0" index="0" bw="32" slack="0"/>
<pin id="684" dir="0" index="1" bw="32" slack="1"/>
<pin id="685" dir="1" index="2" bw="32" slack="1"/>
</pin_list>
<bind>
<opcode="fexp(507) " fcode="fexp"/>
<opset="e/38 "/>
</bind>
</comp>

<comp id="687" class="1004" name="grp_fu_687">
<pin_list>
<pin id="688" dir="0" index="0" bw="1" slack="0"/>
<pin id="689" dir="0" index="1" bw="20" slack="0"/>
<pin id="690" dir="0" index="2" bw="6" slack="0"/>
<pin id="691" dir="1" index="3" bw="1" slack="0"/>
</pin_list>
<bind>
<opcode="bitselect(1000) " fcode="bitselect"/>
<opset="p_Result_21/18 p_Result_24/23 "/>
</bind>
</comp>

<comp id="695" class="1004" name="grp_fu_695">
<pin_list>
<pin id="696" dir="0" index="0" bw="1" slack="0"/>
<pin id="697" dir="0" index="1" bw="20" slack="0"/>
<pin id="698" dir="1" index="2" bw="20" slack="0"/>
</pin_list>
<bind>
<opcode="sub(10) " fcode="sub"/>
<opset="tmp_V_5/23 tmp_V_7/25 "/>
</bind>
</comp>

<comp id="701" class="1005" name="reg_701">
<pin_list>
<pin id="702" dir="0" index="0" bw="20" slack="1"/>
<pin id="703" dir="1" index="1" bw="20" slack="1"/>
</pin_list>
<bind>
<opset="tmp_V_9 tmp_V_11 "/>
</bind>
</comp>

<comp id="706" class="1004" name="add_ln88_fu_706">
<pin_list>
<pin id="707" dir="0" index="0" bw="12" slack="0"/>
<pin id="708" dir="0" index="1" bw="11" slack="0"/>
<pin id="709" dir="1" index="2" bw="12" slack="0"/>
</pin_list>
<bind>
<opcode="add(8) " fcode="add"/>
<opset="add_ln88/2 "/>
</bind>
</comp>

<comp id="712" class="1004" name="icmp_ln88_fu_712">
<pin_list>
<pin id="713" dir="0" index="0" bw="3" slack="0"/>
<pin id="714" dir="0" index="1" bw="3" slack="0"/>
<pin id="715" dir="1" index="2" bw="1" slack="2147483647"/>
</pin_list>
<bind>
<opcode="icmp(45) " fcode="icmp"/>
<opset="icmp_ln88/2 "/>
</bind>
</comp>

<comp id="718" class="1004" name="j_fu_718">
<pin_list>
<pin id="719" dir="0" index="0" bw="3" slack="0"/>
<pin id="720" dir="0" index="1" bw="1" slack="0"/>
<pin id="721" dir="1" index="2" bw="3" slack="0"/>
</pin_list>
<bind>
<opcode="add(8) " fcode="add"/>
<opset="j/2 "/>
</bind>
</comp>

<comp id="724" class="1004" name="zext_ln89_fu_724">
<pin_list>
<pin id="725" dir="0" index="0" bw="3" slack="0"/>
<pin id="726" dir="1" index="1" bw="64" slack="0"/>
</pin_list>
<bind>
<opcode="zext(34) " fcode="zext"/>
<opset="zext_ln89/2 "/>
</bind>
</comp>

<comp id="729" class="1004" name="zext_ln89_1_fu_729">
<pin_list>
<pin id="730" dir="0" index="0" bw="13" slack="0"/>
<pin id="731" dir="1" index="1" bw="20" slack="1"/>
</pin_list>
<bind>
<opcode="zext(34) " fcode="zext"/>
<opset="zext_ln89_1/3 "/>
</bind>
</comp>

<comp id="733" class="1004" name="icmp_ln68_fu_733">
<pin_list>
<pin id="734" dir="0" index="0" bw="10" slack="0"/>
<pin id="735" dir="0" index="1" bw="10" slack="0"/>
<pin id="736" dir="1" index="2" bw="1" slack="2147483647"/>
</pin_list>
<bind>
<opcode="icmp(45) " fcode="icmp"/>
<opset="icmp_ln68/4 "/>
</bind>
</comp>

<comp id="739" class="1004" name="i_fu_739">
<pin_list>
<pin id="740" dir="0" index="0" bw="10" slack="0"/>
<pin id="741" dir="0" index="1" bw="1" slack="0"/>
<pin id="742" dir="1" index="2" bw="10" slack="0"/>
</pin_list>
<bind>
<opcode="add(8) " fcode="add"/>
<opset="i/4 "/>
</bind>
</comp>

<comp id="745" class="1004" name="zext_ln69_fu_745">
<pin_list>
<pin id="746" dir="0" index="0" bw="10" slack="0"/>
<pin id="747" dir="1" index="1" bw="64" slack="0"/>
</pin_list>
<bind>
<opcode="zext(34) " fcode="zext"/>
<opset="zext_ln69/4 "/>
</bind>
</comp>

<comp id="750" class="1004" name="zext_ln1117_2_fu_750">
<pin_list>
<pin id="751" dir="0" index="0" bw="10" slack="0"/>
<pin id="752" dir="1" index="1" bw="12" slack="0"/>
</pin_list>
<bind>
<opcode="zext(34) " fcode="zext"/>
<opset="zext_ln1117_2/4 "/>
</bind>
</comp>

<comp id="754" class="1004" name="add_ln1117_1_fu_754">
<pin_list>
<pin id="755" dir="0" index="0" bw="10" slack="0"/>
<pin id="756" dir="0" index="1" bw="12" slack="2"/>
<pin id="757" dir="1" index="2" bw="12" slack="0"/>
</pin_list>
<bind>
<opcode="add(8) " fcode="add"/>
<opset="add_ln1117_1/4 "/>
</bind>
</comp>

<comp id="760" class="1004" name="zext_ln1117_3_fu_760">
<pin_list>
<pin id="761" dir="0" index="0" bw="12" slack="0"/>
<pin id="762" dir="1" index="1" bw="64" slack="0"/>
</pin_list>
<bind>
<opcode="zext(34) " fcode="zext"/>
<opset="zext_ln1117_3/4 "/>
</bind>
</comp>

<comp id="765" class="1004" name="empty_16_fu_765">
<pin_list>
<pin id="766" dir="0" index="0" bw="20" slack="0"/>
<pin id="767" dir="1" index="1" bw="19" slack="0"/>
</pin_list>
<bind>
<opcode="trunc(33) " fcode="trunc"/>
<opset="empty_16/4 "/>
</bind>
</comp>

<comp id="769" class="1004" name="tmp_10_fu_769">
<pin_list>
<pin id="770" dir="0" index="0" bw="1" slack="0"/>
<pin id="771" dir="0" index="1" bw="20" slack="0"/>
<pin id="772" dir="0" index="2" bw="6" slack="0"/>
<pin id="773" dir="1" index="3" bw="1" slack="0"/>
</pin_list>
<bind>
<opcode="bitselect(1000) " fcode="bitselect"/>
<opset="tmp_10/4 "/>
</bind>
</comp>

<comp id="777" class="1004" name="p_Val2_s_fu_777">
<pin_list>
<pin id="778" dir="0" index="0" bw="1" slack="0"/>
<pin id="779" dir="0" index="1" bw="19" slack="0"/>
<pin id="780" dir="0" index="2" bw="19" slack="0"/>
<pin id="781" dir="1" index="3" bw="19" slack="0"/>
</pin_list>
<bind>
<opcode="select(49) " fcode="select"/>
<opset="p_Val2_s/4 "/>
</bind>
</comp>

<comp id="786" class="1004" name="sext_ln1192_fu_786">
<pin_list>
<pin id="787" dir="0" index="0" bw="20" slack="0"/>
<pin id="788" dir="1" index="1" bw="34" slack="0"/>
</pin_list>
<bind>
<opcode="sext(35) " fcode="sext"/>
<opset="sext_ln1192/5 "/>
</bind>
</comp>

<comp id="790" class="1004" name="sext_ln1192_1_fu_790">
<pin_list>
<pin id="791" dir="0" index="0" bw="16" slack="0"/>
<pin id="792" dir="1" index="1" bw="34" slack="0"/>
</pin_list>
<bind>
<opcode="sext(35) " fcode="sext"/>
<opset="sext_ln1192_1/5 "/>
</bind>
</comp>

<comp id="794" class="1004" name="lhs_V_fu_794">
<pin_list>
<pin id="795" dir="0" index="0" bw="34" slack="0"/>
<pin id="796" dir="0" index="1" bw="20" slack="1"/>
<pin id="797" dir="0" index="2" bw="1" slack="0"/>
<pin id="798" dir="1" index="3" bw="34" slack="0"/>
</pin_list>
<bind>
<opcode="bitconcatenate(1004) " fcode="bitconcatenate"/>
<opset="lhs_V/5 "/>
</bind>
</comp>

<comp id="802" class="1004" name="acc_V_2_fu_802">
<pin_list>
<pin id="803" dir="0" index="0" bw="20" slack="0"/>
<pin id="804" dir="0" index="1" bw="34" slack="0"/>
<pin id="805" dir="0" index="2" bw="5" slack="0"/>
<pin id="806" dir="0" index="3" bw="7" slack="0"/>
<pin id="807" dir="1" index="4" bw="20" slack="1"/>
</pin_list>
<bind>
<opcode="partselect(1002) " fcode="partselect"/>
<opset="acc_V_2/5 "/>
</bind>
</comp>

<comp id="811" class="1004" name="icmp_ln93_fu_811">
<pin_list>
<pin id="812" dir="0" index="0" bw="4" slack="0"/>
<pin id="813" dir="0" index="1" bw="4" slack="0"/>
<pin id="814" dir="1" index="2" bw="1" slack="2147483647"/>
</pin_list>
<bind>
<opcode="icmp(45) " fcode="icmp"/>
<opset="icmp_ln93/6 "/>
</bind>
</comp>

<comp id="817" class="1004" name="j_1_fu_817">
<pin_list>
<pin id="818" dir="0" index="0" bw="4" slack="0"/>
<pin id="819" dir="0" index="1" bw="1" slack="0"/>
<pin id="820" dir="1" index="2" bw="4" slack="0"/>
</pin_list>
<bind>
<opcode="add(8) " fcode="add"/>
<opset="j_1/6 "/>
</bind>
</comp>

<comp id="823" class="1004" name="zext_ln94_fu_823">
<pin_list>
<pin id="824" dir="0" index="0" bw="4" slack="0"/>
<pin id="825" dir="1" index="1" bw="64" slack="0"/>
</pin_list>
<bind>
<opcode="zext(34) " fcode="zext"/>
<opset="zext_ln94/6 "/>
</bind>
</comp>

<comp id="828" class="1004" name="zext_ln1117_fu_828">
<pin_list>
<pin id="829" dir="0" index="0" bw="4" slack="1"/>
<pin id="830" dir="1" index="1" bw="7" slack="0"/>
</pin_list>
<bind>
<opcode="zext(34) " fcode="zext"/>
<opset="zext_ln1117/7 "/>
</bind>
</comp>

<comp id="832" class="1004" name="tmp_7_fu_832">
<pin_list>
<pin id="833" dir="0" index="0" bw="6" slack="0"/>
<pin id="834" dir="0" index="1" bw="4" slack="1"/>
<pin id="835" dir="0" index="2" bw="1" slack="0"/>
<pin id="836" dir="1" index="3" bw="6" slack="0"/>
</pin_list>
<bind>
<opcode="bitconcatenate(1004) " fcode="bitconcatenate"/>
<opset="tmp_7/7 "/>
</bind>
</comp>

<comp id="840" class="1004" name="zext_ln1117_1_fu_840">
<pin_list>
<pin id="841" dir="0" index="0" bw="6" slack="0"/>
<pin id="842" dir="1" index="1" bw="7" slack="0"/>
</pin_list>
<bind>
<opcode="zext(34) " fcode="zext"/>
<opset="zext_ln1117_1/7 "/>
</bind>
</comp>

<comp id="844" class="1004" name="add_ln1117_fu_844">
<pin_list>
<pin id="845" dir="0" index="0" bw="4" slack="0"/>
<pin id="846" dir="0" index="1" bw="6" slack="0"/>
<pin id="847" dir="1" index="2" bw="7" slack="1"/>
</pin_list>
<bind>
<opcode="add(8) " fcode="add"/>
<opset="add_ln1117/7 "/>
</bind>
</comp>

<comp id="850" class="1004" name="sext_ln94_fu_850">
<pin_list>
<pin id="851" dir="0" index="0" bw="15" slack="0"/>
<pin id="852" dir="1" index="1" bw="20" slack="1"/>
</pin_list>
<bind>
<opcode="sext(35) " fcode="sext"/>
<opset="sext_ln94/7 "/>
</bind>
</comp>

<comp id="854" class="1004" name="icmp_ln68_1_fu_854">
<pin_list>
<pin id="855" dir="0" index="0" bw="3" slack="0"/>
<pin id="856" dir="0" index="1" bw="3" slack="0"/>
<pin id="857" dir="1" index="2" bw="1" slack="2147483647"/>
</pin_list>
<bind>
<opcode="icmp(45) " fcode="icmp"/>
<opset="icmp_ln68_1/8 "/>
</bind>
</comp>

<comp id="860" class="1004" name="i_1_fu_860">
<pin_list>
<pin id="861" dir="0" index="0" bw="3" slack="0"/>
<pin id="862" dir="0" index="1" bw="1" slack="0"/>
<pin id="863" dir="1" index="2" bw="3" slack="0"/>
</pin_list>
<bind>
<opcode="add(8) " fcode="add"/>
<opset="i_1/8 "/>
</bind>
</comp>

<comp id="866" class="1004" name="zext_ln69_1_fu_866">
<pin_list>
<pin id="867" dir="0" index="0" bw="3" slack="0"/>
<pin id="868" dir="1" index="1" bw="64" slack="0"/>
</pin_list>
<bind>
<opcode="zext(34) " fcode="zext"/>
<opset="zext_ln69_1/8 "/>
</bind>
</comp>

<comp id="871" class="1004" name="zext_ln1117_4_fu_871">
<pin_list>
<pin id="872" dir="0" index="0" bw="3" slack="0"/>
<pin id="873" dir="1" index="1" bw="7" slack="0"/>
</pin_list>
<bind>
<opcode="zext(34) " fcode="zext"/>
<opset="zext_ln1117_4/8 "/>
</bind>
</comp>

<comp id="875" class="1004" name="add_ln1117_2_fu_875">
<pin_list>
<pin id="876" dir="0" index="0" bw="3" slack="0"/>
<pin id="877" dir="0" index="1" bw="7" slack="1"/>
<pin id="878" dir="1" index="2" bw="7" slack="0"/>
</pin_list>
<bind>
<opcode="add(8) " fcode="add"/>
<opset="add_ln1117_2/8 "/>
</bind>
</comp>

<comp id="880" class="1004" name="zext_ln1117_5_fu_880">
<pin_list>
<pin id="881" dir="0" index="0" bw="7" slack="0"/>
<pin id="882" dir="1" index="1" bw="64" slack="0"/>
</pin_list>
<bind>
<opcode="zext(34) " fcode="zext"/>
<opset="zext_ln1117_5/8 "/>
</bind>
</comp>

<comp id="885" class="1004" name="empty_19_fu_885">
<pin_list>
<pin id="886" dir="0" index="0" bw="20" slack="0"/>
<pin id="887" dir="1" index="1" bw="19" slack="0"/>
</pin_list>
<bind>
<opcode="trunc(33) " fcode="trunc"/>
<opset="empty_19/8 "/>
</bind>
</comp>

<comp id="889" class="1004" name="tmp_11_fu_889">
<pin_list>
<pin id="890" dir="0" index="0" bw="1" slack="0"/>
<pin id="891" dir="0" index="1" bw="20" slack="0"/>
<pin id="892" dir="0" index="2" bw="6" slack="0"/>
<pin id="893" dir="1" index="3" bw="1" slack="0"/>
</pin_list>
<bind>
<opcode="bitselect(1000) " fcode="bitselect"/>
<opset="tmp_11/8 "/>
</bind>
</comp>

<comp id="897" class="1004" name="p_Val2_3_fu_897">
<pin_list>
<pin id="898" dir="0" index="0" bw="1" slack="0"/>
<pin id="899" dir="0" index="1" bw="19" slack="0"/>
<pin id="900" dir="0" index="2" bw="19" slack="0"/>
<pin id="901" dir="1" index="3" bw="19" slack="0"/>
</pin_list>
<bind>
<opcode="select(49) " fcode="select"/>
<opset="p_Val2_3/8 "/>
</bind>
</comp>

<comp id="906" class="1004" name="zext_ln1192_fu_906">
<pin_list>
<pin id="907" dir="0" index="0" bw="19" slack="0"/>
<pin id="908" dir="1" index="1" bw="34" slack="0"/>
</pin_list>
<bind>
<opcode="zext(34) " fcode="zext"/>
<opset="zext_ln1192/9 "/>
</bind>
</comp>

<comp id="910" class="1004" name="sext_ln1192_2_fu_910">
<pin_list>
<pin id="911" dir="0" index="0" bw="16" slack="0"/>
<pin id="912" dir="1" index="1" bw="34" slack="0"/>
</pin_list>
<bind>
<opcode="sext(35) " fcode="sext"/>
<opset="sext_ln1192_2/9 "/>
</bind>
</comp>

<comp id="914" class="1004" name="lhs_V_1_fu_914">
<pin_list>
<pin id="915" dir="0" index="0" bw="34" slack="0"/>
<pin id="916" dir="0" index="1" bw="20" slack="1"/>
<pin id="917" dir="0" index="2" bw="1" slack="0"/>
<pin id="918" dir="1" index="3" bw="34" slack="0"/>
</pin_list>
<bind>
<opcode="bitconcatenate(1004) " fcode="bitconcatenate"/>
<opset="lhs_V_1/9 "/>
</bind>
</comp>

<comp id="922" class="1004" name="acc_V_4_fu_922">
<pin_list>
<pin id="923" dir="0" index="0" bw="20" slack="0"/>
<pin id="924" dir="0" index="1" bw="34" slack="0"/>
<pin id="925" dir="0" index="2" bw="5" slack="0"/>
<pin id="926" dir="0" index="3" bw="7" slack="0"/>
<pin id="927" dir="1" index="4" bw="20" slack="1"/>
</pin_list>
<bind>
<opcode="partselect(1002) " fcode="partselect"/>
<opset="acc_V_4/9 "/>
</bind>
</comp>

<comp id="931" class="1004" name="icmp_ln98_fu_931">
<pin_list>
<pin id="932" dir="0" index="0" bw="4" slack="0"/>
<pin id="933" dir="0" index="1" bw="4" slack="0"/>
<pin id="934" dir="1" index="2" bw="1" slack="2147483647"/>
</pin_list>
<bind>
<opcode="icmp(45) " fcode="icmp"/>
<opset="icmp_ln98/10 "/>
</bind>
</comp>

<comp id="937" class="1004" name="j_2_fu_937">
<pin_list>
<pin id="938" dir="0" index="0" bw="4" slack="0"/>
<pin id="939" dir="0" index="1" bw="1" slack="0"/>
<pin id="940" dir="1" index="2" bw="4" slack="0"/>
</pin_list>
<bind>
<opcode="add(8) " fcode="add"/>
<opset="j_2/10 "/>
</bind>
</comp>

<comp id="943" class="1004" name="zext_ln99_fu_943">
<pin_list>
<pin id="944" dir="0" index="0" bw="4" slack="0"/>
<pin id="945" dir="1" index="1" bw="64" slack="0"/>
</pin_list>
<bind>
<opcode="zext(34) " fcode="zext"/>
<opset="zext_ln99/10 "/>
</bind>
</comp>

<comp id="948" class="1004" name="tmp_8_fu_948">
<pin_list>
<pin id="949" dir="0" index="0" bw="7" slack="0"/>
<pin id="950" dir="0" index="1" bw="4" slack="1"/>
<pin id="951" dir="0" index="2" bw="1" slack="0"/>
<pin id="952" dir="1" index="3" bw="7" slack="0"/>
</pin_list>
<bind>
<opcode="bitconcatenate(1004) " fcode="bitconcatenate"/>
<opset="tmp_8/11 "/>
</bind>
</comp>

<comp id="956" class="1004" name="zext_ln99_1_fu_956">
<pin_list>
<pin id="957" dir="0" index="0" bw="7" slack="0"/>
<pin id="958" dir="1" index="1" bw="8" slack="1"/>
</pin_list>
<bind>
<opcode="zext(34) " fcode="zext"/>
<opset="zext_ln99_1/11 "/>
</bind>
</comp>

<comp id="960" class="1004" name="sext_ln99_fu_960">
<pin_list>
<pin id="961" dir="0" index="0" bw="16" slack="0"/>
<pin id="962" dir="1" index="1" bw="20" slack="1"/>
</pin_list>
<bind>
<opcode="sext(35) " fcode="sext"/>
<opset="sext_ln99/11 "/>
</bind>
</comp>

<comp id="964" class="1004" name="icmp_ln68_2_fu_964">
<pin_list>
<pin id="965" dir="0" index="0" bw="4" slack="0"/>
<pin id="966" dir="0" index="1" bw="4" slack="0"/>
<pin id="967" dir="1" index="2" bw="1" slack="2147483647"/>
</pin_list>
<bind>
<opcode="icmp(45) " fcode="icmp"/>
<opset="icmp_ln68_2/12 "/>
</bind>
</comp>

<comp id="970" class="1004" name="i_2_fu_970">
<pin_list>
<pin id="971" dir="0" index="0" bw="4" slack="0"/>
<pin id="972" dir="0" index="1" bw="1" slack="0"/>
<pin id="973" dir="1" index="2" bw="4" slack="0"/>
</pin_list>
<bind>
<opcode="add(8) " fcode="add"/>
<opset="i_2/12 "/>
</bind>
</comp>

<comp id="976" class="1004" name="zext_ln69_2_fu_976">
<pin_list>
<pin id="977" dir="0" index="0" bw="4" slack="0"/>
<pin id="978" dir="1" index="1" bw="64" slack="0"/>
</pin_list>
<bind>
<opcode="zext(34) " fcode="zext"/>
<opset="zext_ln69_2/12 "/>
</bind>
</comp>

<comp id="981" class="1004" name="zext_ln1117_6_fu_981">
<pin_list>
<pin id="982" dir="0" index="0" bw="4" slack="0"/>
<pin id="983" dir="1" index="1" bw="8" slack="0"/>
</pin_list>
<bind>
<opcode="zext(34) " fcode="zext"/>
<opset="zext_ln1117_6/12 "/>
</bind>
</comp>

<comp id="985" class="1004" name="add_ln1117_3_fu_985">
<pin_list>
<pin id="986" dir="0" index="0" bw="4" slack="0"/>
<pin id="987" dir="0" index="1" bw="7" slack="1"/>
<pin id="988" dir="1" index="2" bw="8" slack="0"/>
</pin_list>
<bind>
<opcode="add(8) " fcode="add"/>
<opset="add_ln1117_3/12 "/>
</bind>
</comp>

<comp id="990" class="1004" name="zext_ln1117_7_fu_990">
<pin_list>
<pin id="991" dir="0" index="0" bw="8" slack="0"/>
<pin id="992" dir="1" index="1" bw="64" slack="0"/>
</pin_list>
<bind>
<opcode="zext(34) " fcode="zext"/>
<opset="zext_ln1117_7/12 "/>
</bind>
</comp>

<comp id="995" class="1004" name="empty_22_fu_995">
<pin_list>
<pin id="996" dir="0" index="0" bw="20" slack="0"/>
<pin id="997" dir="1" index="1" bw="19" slack="0"/>
</pin_list>
<bind>
<opcode="trunc(33) " fcode="trunc"/>
<opset="empty_22/12 "/>
</bind>
</comp>

<comp id="999" class="1004" name="tmp_16_fu_999">
<pin_list>
<pin id="1000" dir="0" index="0" bw="1" slack="0"/>
<pin id="1001" dir="0" index="1" bw="20" slack="0"/>
<pin id="1002" dir="0" index="2" bw="6" slack="0"/>
<pin id="1003" dir="1" index="3" bw="1" slack="0"/>
</pin_list>
<bind>
<opcode="bitselect(1000) " fcode="bitselect"/>
<opset="tmp_16/12 "/>
</bind>
</comp>

<comp id="1007" class="1004" name="p_Val2_10_fu_1007">
<pin_list>
<pin id="1008" dir="0" index="0" bw="1" slack="0"/>
<pin id="1009" dir="0" index="1" bw="19" slack="0"/>
<pin id="1010" dir="0" index="2" bw="19" slack="0"/>
<pin id="1011" dir="1" index="3" bw="19" slack="0"/>
</pin_list>
<bind>
<opcode="select(49) " fcode="select"/>
<opset="p_Val2_10/12 "/>
</bind>
</comp>

<comp id="1016" class="1004" name="zext_ln1192_1_fu_1016">
<pin_list>
<pin id="1017" dir="0" index="0" bw="19" slack="0"/>
<pin id="1018" dir="1" index="1" bw="34" slack="0"/>
</pin_list>
<bind>
<opcode="zext(34) " fcode="zext"/>
<opset="zext_ln1192_1/13 "/>
</bind>
</comp>

<comp id="1020" class="1004" name="sext_ln1192_3_fu_1020">
<pin_list>
<pin id="1021" dir="0" index="0" bw="15" slack="0"/>
<pin id="1022" dir="1" index="1" bw="34" slack="0"/>
</pin_list>
<bind>
<opcode="sext(35) " fcode="sext"/>
<opset="sext_ln1192_3/13 "/>
</bind>
</comp>

<comp id="1024" class="1004" name="lhs_V_2_fu_1024">
<pin_list>
<pin id="1025" dir="0" index="0" bw="34" slack="0"/>
<pin id="1026" dir="0" index="1" bw="20" slack="1"/>
<pin id="1027" dir="0" index="2" bw="1" slack="0"/>
<pin id="1028" dir="1" index="3" bw="34" slack="0"/>
</pin_list>
<bind>
<opcode="bitconcatenate(1004) " fcode="bitconcatenate"/>
<opset="lhs_V_2/13 "/>
</bind>
</comp>

<comp id="1032" class="1004" name="acc_V_6_fu_1032">
<pin_list>
<pin id="1033" dir="0" index="0" bw="20" slack="0"/>
<pin id="1034" dir="0" index="1" bw="34" slack="0"/>
<pin id="1035" dir="0" index="2" bw="5" slack="0"/>
<pin id="1036" dir="0" index="3" bw="7" slack="0"/>
<pin id="1037" dir="1" index="4" bw="20" slack="1"/>
</pin_list>
<bind>
<opcode="partselect(1002) " fcode="partselect"/>
<opset="acc_V_6/13 "/>
</bind>
</comp>

<comp id="1041" class="1004" name="icmp_ln103_fu_1041">
<pin_list>
<pin id="1042" dir="0" index="0" bw="4" slack="0"/>
<pin id="1043" dir="0" index="1" bw="4" slack="0"/>
<pin id="1044" dir="1" index="2" bw="1" slack="2147483647"/>
</pin_list>
<bind>
<opcode="icmp(45) " fcode="icmp"/>
<opset="icmp_ln103/14 "/>
</bind>
</comp>

<comp id="1047" class="1004" name="j_3_fu_1047">
<pin_list>
<pin id="1048" dir="0" index="0" bw="4" slack="0"/>
<pin id="1049" dir="0" index="1" bw="1" slack="0"/>
<pin id="1050" dir="1" index="2" bw="4" slack="0"/>
</pin_list>
<bind>
<opcode="add(8) " fcode="add"/>
<opset="j_3/14 "/>
</bind>
</comp>

<comp id="1053" class="1004" name="zext_ln104_fu_1053">
<pin_list>
<pin id="1054" dir="0" index="0" bw="4" slack="0"/>
<pin id="1055" dir="1" index="1" bw="64" slack="0"/>
</pin_list>
<bind>
<opcode="zext(34) " fcode="zext"/>
<opset="zext_ln104/14 "/>
</bind>
</comp>

<comp id="1058" class="1004" name="tmp_9_fu_1058">
<pin_list>
<pin id="1059" dir="0" index="0" bw="7" slack="0"/>
<pin id="1060" dir="0" index="1" bw="4" slack="1"/>
<pin id="1061" dir="0" index="2" bw="1" slack="0"/>
<pin id="1062" dir="1" index="3" bw="7" slack="0"/>
</pin_list>
<bind>
<opcode="bitconcatenate(1004) " fcode="bitconcatenate"/>
<opset="tmp_9/15 "/>
</bind>
</comp>

<comp id="1066" class="1004" name="zext_ln104_1_fu_1066">
<pin_list>
<pin id="1067" dir="0" index="0" bw="7" slack="0"/>
<pin id="1068" dir="1" index="1" bw="8" slack="1"/>
</pin_list>
<bind>
<opcode="zext(34) " fcode="zext"/>
<opset="zext_ln104_1/15 "/>
</bind>
</comp>

<comp id="1070" class="1004" name="sext_ln104_fu_1070">
<pin_list>
<pin id="1071" dir="0" index="0" bw="16" slack="0"/>
<pin id="1072" dir="1" index="1" bw="20" slack="1"/>
</pin_list>
<bind>
<opcode="sext(35) " fcode="sext"/>
<opset="sext_ln104/15 "/>
</bind>
</comp>

<comp id="1074" class="1004" name="icmp_ln68_3_fu_1074">
<pin_list>
<pin id="1075" dir="0" index="0" bw="4" slack="0"/>
<pin id="1076" dir="0" index="1" bw="4" slack="0"/>
<pin id="1077" dir="1" index="2" bw="1" slack="2147483647"/>
</pin_list>
<bind>
<opcode="icmp(45) " fcode="icmp"/>
<opset="icmp_ln68_3/16 "/>
</bind>
</comp>

<comp id="1080" class="1004" name="i_3_fu_1080">
<pin_list>
<pin id="1081" dir="0" index="0" bw="4" slack="0"/>
<pin id="1082" dir="0" index="1" bw="1" slack="0"/>
<pin id="1083" dir="1" index="2" bw="4" slack="0"/>
</pin_list>
<bind>
<opcode="add(8) " fcode="add"/>
<opset="i_3/16 "/>
</bind>
</comp>

<comp id="1086" class="1004" name="zext_ln69_3_fu_1086">
<pin_list>
<pin id="1087" dir="0" index="0" bw="4" slack="0"/>
<pin id="1088" dir="1" index="1" bw="64" slack="0"/>
</pin_list>
<bind>
<opcode="zext(34) " fcode="zext"/>
<opset="zext_ln69_3/16 "/>
</bind>
</comp>

<comp id="1091" class="1004" name="zext_ln1117_8_fu_1091">
<pin_list>
<pin id="1092" dir="0" index="0" bw="4" slack="0"/>
<pin id="1093" dir="1" index="1" bw="8" slack="0"/>
</pin_list>
<bind>
<opcode="zext(34) " fcode="zext"/>
<opset="zext_ln1117_8/16 "/>
</bind>
</comp>

<comp id="1095" class="1004" name="add_ln1117_4_fu_1095">
<pin_list>
<pin id="1096" dir="0" index="0" bw="4" slack="0"/>
<pin id="1097" dir="0" index="1" bw="7" slack="1"/>
<pin id="1098" dir="1" index="2" bw="8" slack="0"/>
</pin_list>
<bind>
<opcode="add(8) " fcode="add"/>
<opset="add_ln1117_4/16 "/>
</bind>
</comp>

<comp id="1100" class="1004" name="zext_ln1117_9_fu_1100">
<pin_list>
<pin id="1101" dir="0" index="0" bw="8" slack="0"/>
<pin id="1102" dir="1" index="1" bw="64" slack="0"/>
</pin_list>
<bind>
<opcode="zext(34) " fcode="zext"/>
<opset="zext_ln1117_9/16 "/>
</bind>
</comp>

<comp id="1105" class="1004" name="zext_ln1192_2_fu_1105">
<pin_list>
<pin id="1106" dir="0" index="0" bw="19" slack="0"/>
<pin id="1107" dir="1" index="1" bw="34" slack="0"/>
</pin_list>
<bind>
<opcode="zext(34) " fcode="zext"/>
<opset="zext_ln1192_2/17 "/>
</bind>
</comp>

<comp id="1109" class="1004" name="sext_ln1192_4_fu_1109">
<pin_list>
<pin id="1110" dir="0" index="0" bw="16" slack="0"/>
<pin id="1111" dir="1" index="1" bw="34" slack="0"/>
</pin_list>
<bind>
<opcode="sext(35) " fcode="sext"/>
<opset="sext_ln1192_4/17 "/>
</bind>
</comp>

<comp id="1113" class="1004" name="lhs_V_3_fu_1113">
<pin_list>
<pin id="1114" dir="0" index="0" bw="34" slack="0"/>
<pin id="1115" dir="0" index="1" bw="20" slack="1"/>
<pin id="1116" dir="0" index="2" bw="1" slack="0"/>
<pin id="1117" dir="1" index="3" bw="34" slack="0"/>
</pin_list>
<bind>
<opcode="bitconcatenate(1004) " fcode="bitconcatenate"/>
<opset="lhs_V_3/17 "/>
</bind>
</comp>

<comp id="1121" class="1004" name="acc_V_7_fu_1121">
<pin_list>
<pin id="1122" dir="0" index="0" bw="20" slack="0"/>
<pin id="1123" dir="0" index="1" bw="34" slack="0"/>
<pin id="1124" dir="0" index="2" bw="5" slack="0"/>
<pin id="1125" dir="0" index="3" bw="7" slack="0"/>
<pin id="1126" dir="1" index="4" bw="20" slack="1"/>
</pin_list>
<bind>
<opcode="partselect(1002) " fcode="partselect"/>
<opset="acc_V_7/17 "/>
</bind>
</comp>

<comp id="1130" class="1004" name="icmp_ln935_fu_1130">
<pin_list>
<pin id="1131" dir="0" index="0" bw="20" slack="1"/>
<pin id="1132" dir="0" index="1" bw="20" slack="0"/>
<pin id="1133" dir="1" index="2" bw="1" slack="1"/>
</pin_list>
<bind>
<opcode="icmp(45) " fcode="icmp"/>
<opset="icmp_ln935/19 "/>
</bind>
</comp>

<comp id="1136" class="1004" name="tmp_V_fu_1136">
<pin_list>
<pin id="1137" dir="0" index="0" bw="1" slack="0"/>
<pin id="1138" dir="0" index="1" bw="20" slack="1"/>
<pin id="1139" dir="1" index="2" bw="20" slack="0"/>
</pin_list>
<bind>
<opcode="sub(10) " fcode="sub"/>
<opset="tmp_V/19 "/>
</bind>
</comp>

<comp id="1142" class="1004" name="tmp_V_10_fu_1142">
<pin_list>
<pin id="1143" dir="0" index="0" bw="1" slack="1"/>
<pin id="1144" dir="0" index="1" bw="20" slack="0"/>
<pin id="1145" dir="0" index="2" bw="20" slack="1"/>
<pin id="1146" dir="1" index="3" bw="20" slack="0"/>
</pin_list>
<bind>
<opcode="select(49) " fcode="select"/>
<opset="tmp_V_10/19 "/>
</bind>
</comp>

<comp id="1149" class="1004" name="p_Result_s_fu_1149">
<pin_list>
<pin id="1150" dir="0" index="0" bw="20" slack="0"/>
<pin id="1151" dir="0" index="1" bw="20" slack="0"/>
<pin id="1152" dir="0" index="2" bw="6" slack="0"/>
<pin id="1153" dir="0" index="3" bw="1" slack="0"/>
<pin id="1154" dir="1" index="4" bw="20" slack="0"/>
</pin_list>
<bind>
<opcode="partselect(1002) " fcode="partselect"/>
<opset="p_Result_s/19 "/>
</bind>
</comp>

<comp id="1159" class="1004" name="p_Result_22_fu_1159">
<pin_list>
<pin id="1160" dir="0" index="0" bw="32" slack="0"/>
<pin id="1161" dir="0" index="1" bw="1" slack="0"/>
<pin id="1162" dir="0" index="2" bw="20" slack="0"/>
<pin id="1163" dir="1" index="3" bw="32" slack="0"/>
</pin_list>
<bind>
<opcode="bitconcatenate(1004) " fcode="bitconcatenate"/>
<opset="p_Result_22/19 "/>
</bind>
</comp>

<comp id="1167" class="1004" name="l_fu_1167">
<pin_list>
<pin id="1168" dir="0" index="0" bw="32" slack="0"/>
<pin id="1169" dir="0" index="1" bw="32" slack="0"/>
<pin id="1170" dir="0" index="2" bw="1" slack="0"/>
<pin id="1171" dir="1" index="3" bw="32" slack="0"/>
</pin_list>
<bind>
<opcode="cttz(524) " fcode="cttz"/>
<opset="l/19 "/>
</bind>
</comp>

<comp id="1175" class="1004" name="sub_ln944_fu_1175">
<pin_list>
<pin id="1176" dir="0" index="0" bw="6" slack="0"/>
<pin id="1177" dir="0" index="1" bw="32" slack="0"/>
<pin id="1178" dir="1" index="2" bw="32" slack="0"/>
</pin_list>
<bind>
<opcode="sub(10) " fcode="sub"/>
<opset="sub_ln944/19 "/>
</bind>
</comp>

<comp id="1181" class="1004" name="trunc_ln944_fu_1181">
<pin_list>
<pin id="1182" dir="0" index="0" bw="32" slack="0"/>
<pin id="1183" dir="1" index="1" bw="20" slack="1"/>
</pin_list>
<bind>
<opcode="trunc(33) " fcode="trunc"/>
<opset="trunc_ln944/19 "/>
</bind>
</comp>

<comp id="1185" class="1004" name="trunc_ln947_fu_1185">
<pin_list>
<pin id="1186" dir="0" index="0" bw="32" slack="0"/>
<pin id="1187" dir="1" index="1" bw="5" slack="1"/>
</pin_list>
<bind>
<opcode="trunc(33) " fcode="trunc"/>
<opset="trunc_ln947/19 "/>
</bind>
</comp>

<comp id="1189" class="1004" name="trunc_ln943_fu_1189">
<pin_list>
<pin id="1190" dir="0" index="0" bw="32" slack="0"/>
<pin id="1191" dir="1" index="1" bw="8" slack="2"/>
</pin_list>
<bind>
<opcode="trunc(33) " fcode="trunc"/>
<opset="trunc_ln943/19 "/>
</bind>
</comp>

<comp id="1193" class="1004" name="lsb_index_fu_1193">
<pin_list>
<pin id="1194" dir="0" index="0" bw="6" slack="0"/>
<pin id="1195" dir="0" index="1" bw="32" slack="1"/>
<pin id="1196" dir="1" index="2" bw="32" slack="0"/>
</pin_list>
<bind>
<opcode="add(8) " fcode="add"/>
<opset="lsb_index/20 "/>
</bind>
</comp>

<comp id="1198" class="1004" name="tmp_13_fu_1198">
<pin_list>
<pin id="1199" dir="0" index="0" bw="31" slack="0"/>
<pin id="1200" dir="0" index="1" bw="32" slack="0"/>
<pin id="1201" dir="0" index="2" bw="1" slack="0"/>
<pin id="1202" dir="0" index="3" bw="6" slack="0"/>
<pin id="1203" dir="1" index="4" bw="31" slack="0"/>
</pin_list>
<bind>
<opcode="partselect(1002) " fcode="partselect"/>
<opset="tmp_13/20 "/>
</bind>
</comp>

<comp id="1208" class="1004" name="icmp_ln947_fu_1208">
<pin_list>
<pin id="1209" dir="0" index="0" bw="31" slack="0"/>
<pin id="1210" dir="0" index="1" bw="31" slack="0"/>
<pin id="1211" dir="1" index="2" bw="1" slack="0"/>
</pin_list>
<bind>
<opcode="icmp(45) " fcode="icmp"/>
<opset="icmp_ln947/20 "/>
</bind>
</comp>

<comp id="1214" class="1004" name="sub_ln947_fu_1214">
<pin_list>
<pin id="1215" dir="0" index="0" bw="5" slack="0"/>
<pin id="1216" dir="0" index="1" bw="5" slack="1"/>
<pin id="1217" dir="1" index="2" bw="5" slack="0"/>
</pin_list>
<bind>
<opcode="sub(10) " fcode="sub"/>
<opset="sub_ln947/20 "/>
</bind>
</comp>

<comp id="1219" class="1004" name="zext_ln947_fu_1219">
<pin_list>
<pin id="1220" dir="0" index="0" bw="5" slack="0"/>
<pin id="1221" dir="1" index="1" bw="20" slack="0"/>
</pin_list>
<bind>
<opcode="zext(34) " fcode="zext"/>
<opset="zext_ln947/20 "/>
</bind>
</comp>

<comp id="1223" class="1004" name="lshr_ln947_fu_1223">
<pin_list>
<pin id="1224" dir="0" index="0" bw="1" slack="0"/>
<pin id="1225" dir="0" index="1" bw="5" slack="0"/>
<pin id="1226" dir="1" index="2" bw="20" slack="0"/>
</pin_list>
<bind>
<opcode="lshr(21) " fcode="lshr"/>
<opset="lshr_ln947/20 "/>
</bind>
</comp>

<comp id="1229" class="1004" name="p_Result_4_fu_1229">
<pin_list>
<pin id="1230" dir="0" index="0" bw="20" slack="1"/>
<pin id="1231" dir="0" index="1" bw="20" slack="0"/>
<pin id="1232" dir="1" index="2" bw="20" slack="0"/>
</pin_list>
<bind>
<opcode="and(23) " fcode="and"/>
<opset="p_Result_4/20 "/>
</bind>
</comp>

<comp id="1234" class="1004" name="icmp_ln947_1_fu_1234">
<pin_list>
<pin id="1235" dir="0" index="0" bw="20" slack="0"/>
<pin id="1236" dir="0" index="1" bw="20" slack="0"/>
<pin id="1237" dir="1" index="2" bw="1" slack="0"/>
</pin_list>
<bind>
<opcode="icmp(45) " fcode="icmp"/>
<opset="icmp_ln947_1/20 "/>
</bind>
</comp>

<comp id="1240" class="1004" name="a_fu_1240">
<pin_list>
<pin id="1241" dir="0" index="0" bw="1" slack="0"/>
<pin id="1242" dir="0" index="1" bw="1" slack="0"/>
<pin id="1243" dir="1" index="2" bw="1" slack="0"/>
</pin_list>
<bind>
<opcode="and(23) " fcode="and"/>
<opset="a/20 "/>
</bind>
</comp>

<comp id="1246" class="1004" name="tmp_14_fu_1246">
<pin_list>
<pin id="1247" dir="0" index="0" bw="1" slack="0"/>
<pin id="1248" dir="0" index="1" bw="32" slack="0"/>
<pin id="1249" dir="0" index="2" bw="6" slack="0"/>
<pin id="1250" dir="1" index="3" bw="1" slack="0"/>
</pin_list>
<bind>
<opcode="bitselect(1000) " fcode="bitselect"/>
<opset="tmp_14/20 "/>
</bind>
</comp>

<comp id="1254" class="1004" name="xor_ln949_fu_1254">
<pin_list>
<pin id="1255" dir="0" index="0" bw="1" slack="0"/>
<pin id="1256" dir="0" index="1" bw="1" slack="0"/>
<pin id="1257" dir="1" index="2" bw="1" slack="0"/>
</pin_list>
<bind>
<opcode="xor(25) " fcode="xor"/>
<opset="xor_ln949/20 "/>
</bind>
</comp>

<comp id="1260" class="1004" name="add_ln949_fu_1260">
<pin_list>
<pin id="1261" dir="0" index="0" bw="6" slack="0"/>
<pin id="1262" dir="0" index="1" bw="20" slack="1"/>
<pin id="1263" dir="1" index="2" bw="20" slack="0"/>
</pin_list>
<bind>
<opcode="add(8) " fcode="add"/>
<opset="add_ln949/20 "/>
</bind>
</comp>

<comp id="1265" class="1004" name="p_Result_3_fu_1265">
<pin_list>
<pin id="1266" dir="0" index="0" bw="1" slack="0"/>
<pin id="1267" dir="0" index="1" bw="20" slack="1"/>
<pin id="1268" dir="0" index="2" bw="20" slack="0"/>
<pin id="1269" dir="1" index="3" bw="1" slack="0"/>
</pin_list>
<bind>
<opcode="bitselect(1000) " fcode="bitselect"/>
<opset="p_Result_3/20 "/>
</bind>
</comp>

<comp id="1272" class="1004" name="and_ln949_fu_1272">
<pin_list>
<pin id="1273" dir="0" index="0" bw="1" slack="0"/>
<pin id="1274" dir="0" index="1" bw="1" slack="0"/>
<pin id="1275" dir="1" index="2" bw="1" slack="0"/>
</pin_list>
<bind>
<opcode="and(23) " fcode="and"/>
<opset="and_ln949/20 "/>
</bind>
</comp>

<comp id="1278" class="1004" name="or_ln949_fu_1278">
<pin_list>
<pin id="1279" dir="0" index="0" bw="1" slack="0"/>
<pin id="1280" dir="0" index="1" bw="1" slack="0"/>
<pin id="1281" dir="1" index="2" bw="1" slack="0"/>
</pin_list>
<bind>
<opcode="or(24) " fcode="or"/>
<opset="or_ln949/20 "/>
</bind>
</comp>

<comp id="1284" class="1004" name="or_ln_fu_1284">
<pin_list>
<pin id="1285" dir="0" index="0" bw="32" slack="0"/>
<pin id="1286" dir="0" index="1" bw="1" slack="0"/>
<pin id="1287" dir="0" index="2" bw="1" slack="0"/>
<pin id="1288" dir="1" index="3" bw="32" slack="0"/>
</pin_list>
<bind>
<opcode="bitconcatenate(1004) " fcode="bitconcatenate"/>
<opset="or_ln/20 "/>
</bind>
</comp>

<comp id="1292" class="1004" name="m_fu_1292">
<pin_list>
<pin id="1293" dir="0" index="0" bw="20" slack="1"/>
<pin id="1294" dir="1" index="1" bw="64" slack="0"/>
</pin_list>
<bind>
<opcode="zext(34) " fcode="zext"/>
<opset="m/20 "/>
</bind>
</comp>

<comp id="1295" class="1004" name="zext_ln957_1_fu_1295">
<pin_list>
<pin id="1296" dir="0" index="0" bw="20" slack="1"/>
<pin id="1297" dir="1" index="1" bw="32" slack="0"/>
</pin_list>
<bind>
<opcode="zext(34) " fcode="zext"/>
<opset="zext_ln957_1/20 "/>
</bind>
</comp>

<comp id="1298" class="1004" name="icmp_ln958_fu_1298">
<pin_list>
<pin id="1299" dir="0" index="0" bw="32" slack="0"/>
<pin id="1300" dir="0" index="1" bw="32" slack="0"/>
<pin id="1301" dir="1" index="2" bw="1" slack="0"/>
</pin_list>
<bind>
<opcode="icmp(45) " fcode="icmp"/>
<opset="icmp_ln958/20 "/>
</bind>
</comp>

<comp id="1304" class="1004" name="add_ln958_fu_1304">
<pin_list>
<pin id="1305" dir="0" index="0" bw="6" slack="0"/>
<pin id="1306" dir="0" index="1" bw="32" slack="1"/>
<pin id="1307" dir="1" index="2" bw="32" slack="0"/>
</pin_list>
<bind>
<opcode="add(8) " fcode="add"/>
<opset="add_ln958/20 "/>
</bind>
</comp>

<comp id="1309" class="1004" name="lshr_ln958_fu_1309">
<pin_list>
<pin id="1310" dir="0" index="0" bw="20" slack="0"/>
<pin id="1311" dir="0" index="1" bw="32" slack="0"/>
<pin id="1312" dir="1" index="2" bw="32" slack="0"/>
</pin_list>
<bind>
<opcode="lshr(21) " fcode="lshr"/>
<opset="lshr_ln958/20 "/>
</bind>
</comp>

<comp id="1315" class="1004" name="zext_ln958_fu_1315">
<pin_list>
<pin id="1316" dir="0" index="0" bw="32" slack="0"/>
<pin id="1317" dir="1" index="1" bw="64" slack="0"/>
</pin_list>
<bind>
<opcode="zext(34) " fcode="zext"/>
<opset="zext_ln958/20 "/>
</bind>
</comp>

<comp id="1319" class="1004" name="sub_ln958_fu_1319">
<pin_list>
<pin id="1320" dir="0" index="0" bw="6" slack="0"/>
<pin id="1321" dir="0" index="1" bw="32" slack="1"/>
<pin id="1322" dir="1" index="2" bw="32" slack="0"/>
</pin_list>
<bind>
<opcode="sub(10) " fcode="sub"/>
<opset="sub_ln958/20 "/>
</bind>
</comp>

<comp id="1324" class="1004" name="zext_ln958_1_fu_1324">
<pin_list>
<pin id="1325" dir="0" index="0" bw="32" slack="0"/>
<pin id="1326" dir="1" index="1" bw="64" slack="0"/>
</pin_list>
<bind>
<opcode="zext(34) " fcode="zext"/>
<opset="zext_ln958_1/20 "/>
</bind>
</comp>

<comp id="1328" class="1004" name="shl_ln958_fu_1328">
<pin_list>
<pin id="1329" dir="0" index="0" bw="20" slack="0"/>
<pin id="1330" dir="0" index="1" bw="32" slack="0"/>
<pin id="1331" dir="1" index="2" bw="64" slack="0"/>
</pin_list>
<bind>
<opcode="shl(20) " fcode="shl"/>
<opset="shl_ln958/20 "/>
</bind>
</comp>

<comp id="1334" class="1004" name="m_1_fu_1334">
<pin_list>
<pin id="1335" dir="0" index="0" bw="1" slack="0"/>
<pin id="1336" dir="0" index="1" bw="64" slack="0"/>
<pin id="1337" dir="0" index="2" bw="64" slack="0"/>
<pin id="1338" dir="1" index="3" bw="64" slack="0"/>
</pin_list>
<bind>
<opcode="select(49) " fcode="select"/>
<opset="m_1/20 "/>
</bind>
</comp>

<comp id="1342" class="1004" name="zext_ln961_fu_1342">
<pin_list>
<pin id="1343" dir="0" index="0" bw="32" slack="0"/>
<pin id="1344" dir="1" index="1" bw="64" slack="0"/>
</pin_list>
<bind>
<opcode="zext(34) " fcode="zext"/>
<opset="zext_ln961/20 "/>
</bind>
</comp>

<comp id="1346" class="1004" name="m_2_fu_1346">
<pin_list>
<pin id="1347" dir="0" index="0" bw="64" slack="0"/>
<pin id="1348" dir="0" index="1" bw="32" slack="0"/>
<pin id="1349" dir="1" index="2" bw="64" slack="0"/>
</pin_list>
<bind>
<opcode="add(8) " fcode="add"/>
<opset="m_2/20 "/>
</bind>
</comp>

<comp id="1352" class="1004" name="m_s_fu_1352">
<pin_list>
<pin id="1353" dir="0" index="0" bw="63" slack="0"/>
<pin id="1354" dir="0" index="1" bw="64" slack="0"/>
<pin id="1355" dir="0" index="2" bw="1" slack="0"/>
<pin id="1356" dir="0" index="3" bw="7" slack="0"/>
<pin id="1357" dir="1" index="4" bw="63" slack="1"/>
</pin_list>
<bind>
<opcode="partselect(1002) " fcode="partselect"/>
<opset="m_s/20 "/>
</bind>
</comp>

<comp id="1362" class="1004" name="tmp_15_fu_1362">
<pin_list>
<pin id="1363" dir="0" index="0" bw="1" slack="0"/>
<pin id="1364" dir="0" index="1" bw="64" slack="0"/>
<pin id="1365" dir="0" index="2" bw="6" slack="0"/>
<pin id="1366" dir="1" index="3" bw="1" slack="1"/>
</pin_list>
<bind>
<opcode="bitselect(1000) " fcode="bitselect"/>
<opset="tmp_15/20 "/>
</bind>
</comp>

<comp id="1370" class="1004" name="m_26_fu_1370">
<pin_list>
<pin id="1371" dir="0" index="0" bw="63" slack="1"/>
<pin id="1372" dir="1" index="1" bw="64" slack="0"/>
</pin_list>
<bind>
<opcode="zext(34) " fcode="zext"/>
<opset="m_26/21 "/>
</bind>
</comp>

<comp id="1373" class="1004" name="select_ln964_fu_1373">
<pin_list>
<pin id="1374" dir="0" index="0" bw="1" slack="1"/>
<pin id="1375" dir="0" index="1" bw="8" slack="0"/>
<pin id="1376" dir="0" index="2" bw="8" slack="0"/>
<pin id="1377" dir="1" index="3" bw="8" slack="0"/>
</pin_list>
<bind>
<opcode="select(49) " fcode="select"/>
<opset="select_ln964/21 "/>
</bind>
</comp>

<comp id="1380" class="1004" name="sub_ln964_fu_1380">
<pin_list>
<pin id="1381" dir="0" index="0" bw="4" slack="0"/>
<pin id="1382" dir="0" index="1" bw="8" slack="2"/>
<pin id="1383" dir="1" index="2" bw="8" slack="0"/>
</pin_list>
<bind>
<opcode="sub(10) " fcode="sub"/>
<opset="sub_ln964/21 "/>
</bind>
</comp>

<comp id="1385" class="1004" name="add_ln964_fu_1385">
<pin_list>
<pin id="1386" dir="0" index="0" bw="8" slack="0"/>
<pin id="1387" dir="0" index="1" bw="8" slack="0"/>
<pin id="1388" dir="1" index="2" bw="8" slack="0"/>
</pin_list>
<bind>
<opcode="add(8) " fcode="add"/>
<opset="add_ln964/21 "/>
</bind>
</comp>

<comp id="1391" class="1004" name="tmp_s_fu_1391">
<pin_list>
<pin id="1392" dir="0" index="0" bw="9" slack="0"/>
<pin id="1393" dir="0" index="1" bw="1" slack="3"/>
<pin id="1394" dir="0" index="2" bw="8" slack="0"/>
<pin id="1395" dir="1" index="3" bw="9" slack="0"/>
</pin_list>
<bind>
<opcode="bitconcatenate(1004) " fcode="bitconcatenate"/>
<opset="tmp_s/21 "/>
</bind>
</comp>

<comp id="1398" class="1004" name="p_Result_23_fu_1398">
<pin_list>
<pin id="1399" dir="0" index="0" bw="64" slack="0"/>
<pin id="1400" dir="0" index="1" bw="63" slack="0"/>
<pin id="1401" dir="0" index="2" bw="9" slack="0"/>
<pin id="1402" dir="0" index="3" bw="6" slack="0"/>
<pin id="1403" dir="0" index="4" bw="6" slack="0"/>
<pin id="1404" dir="1" index="5" bw="64" slack="0"/>
</pin_list>
<bind>
<opcode="partset(1003) " fcode="partset"/>
<opset="p_Result_23/21 "/>
</bind>
</comp>

<comp id="1410" class="1004" name="trunc_ln738_fu_1410">
<pin_list>
<pin id="1411" dir="0" index="0" bw="64" slack="0"/>
<pin id="1412" dir="1" index="1" bw="32" slack="0"/>
</pin_list>
<bind>
<opcode="trunc(33) " fcode="trunc"/>
<opset="trunc_ln738/21 "/>
</bind>
</comp>

<comp id="1414" class="1004" name="bitcast_ln739_fu_1414">
<pin_list>
<pin id="1415" dir="0" index="0" bw="32" slack="0"/>
<pin id="1416" dir="1" index="1" bw="32" slack="0"/>
</pin_list>
<bind>
<opcode="bitcast(44) " fcode="bitcast"/>
<opset="bitcast_ln739/21 "/>
</bind>
</comp>

<comp id="1418" class="1004" name="select_ln935_fu_1418">
<pin_list>
<pin id="1419" dir="0" index="0" bw="1" slack="2"/>
<pin id="1420" dir="0" index="1" bw="32" slack="0"/>
<pin id="1421" dir="0" index="2" bw="32" slack="0"/>
<pin id="1422" dir="1" index="3" bw="32" slack="1"/>
</pin_list>
<bind>
<opcode="select(49) " fcode="select"/>
<opset="select_ln935/21 "/>
</bind>
</comp>

<comp id="1425" class="1004" name="icmp_ln109_fu_1425">
<pin_list>
<pin id="1426" dir="0" index="0" bw="4" slack="0"/>
<pin id="1427" dir="0" index="1" bw="4" slack="0"/>
<pin id="1428" dir="1" index="2" bw="1" slack="2147483647"/>
</pin_list>
<bind>
<opcode="icmp(45) " fcode="icmp"/>
<opset="icmp_ln109/22 "/>
</bind>
</comp>

<comp id="1431" class="1004" name="zext_ln110_fu_1431">
<pin_list>
<pin id="1432" dir="0" index="0" bw="4" slack="0"/>
<pin id="1433" dir="1" index="1" bw="64" slack="0"/>
</pin_list>
<bind>
<opcode="zext(34) " fcode="zext"/>
<opset="zext_ln110/22 "/>
</bind>
</comp>

<comp id="1436" class="1004" name="icmp_ln935_1_fu_1436">
<pin_list>
<pin id="1437" dir="0" index="0" bw="20" slack="0"/>
<pin id="1438" dir="0" index="1" bw="20" slack="0"/>
<pin id="1439" dir="1" index="2" bw="1" slack="2"/>
</pin_list>
<bind>
<opcode="icmp(45) " fcode="icmp"/>
<opset="icmp_ln935_1/23 "/>
</bind>
</comp>

<comp id="1442" class="1004" name="tmp_V_12_fu_1442">
<pin_list>
<pin id="1443" dir="0" index="0" bw="1" slack="0"/>
<pin id="1444" dir="0" index="1" bw="20" slack="0"/>
<pin id="1445" dir="0" index="2" bw="20" slack="0"/>
<pin id="1446" dir="1" index="3" bw="20" slack="0"/>
</pin_list>
<bind>
<opcode="select(49) " fcode="select"/>
<opset="tmp_V_12/23 "/>
</bind>
</comp>

<comp id="1450" class="1004" name="p_Result_10_fu_1450">
<pin_list>
<pin id="1451" dir="0" index="0" bw="20" slack="0"/>
<pin id="1452" dir="0" index="1" bw="20" slack="0"/>
<pin id="1453" dir="0" index="2" bw="6" slack="0"/>
<pin id="1454" dir="0" index="3" bw="1" slack="0"/>
<pin id="1455" dir="1" index="4" bw="20" slack="0"/>
</pin_list>
<bind>
<opcode="partselect(1002) " fcode="partselect"/>
<opset="p_Result_10/23 "/>
</bind>
</comp>

<comp id="1460" class="1004" name="p_Result_25_fu_1460">
<pin_list>
<pin id="1461" dir="0" index="0" bw="32" slack="0"/>
<pin id="1462" dir="0" index="1" bw="1" slack="0"/>
<pin id="1463" dir="0" index="2" bw="20" slack="0"/>
<pin id="1464" dir="1" index="3" bw="32" slack="0"/>
</pin_list>
<bind>
<opcode="bitconcatenate(1004) " fcode="bitconcatenate"/>
<opset="p_Result_25/23 "/>
</bind>
</comp>

<comp id="1468" class="1004" name="l_1_fu_1468">
<pin_list>
<pin id="1469" dir="0" index="0" bw="32" slack="0"/>
<pin id="1470" dir="0" index="1" bw="32" slack="0"/>
<pin id="1471" dir="0" index="2" bw="1" slack="0"/>
<pin id="1472" dir="1" index="3" bw="32" slack="0"/>
</pin_list>
<bind>
<opcode="cttz(524) " fcode="cttz"/>
<opset="l_1/23 "/>
</bind>
</comp>

<comp id="1476" class="1004" name="trunc_ln943_1_fu_1476">
<pin_list>
<pin id="1477" dir="0" index="0" bw="32" slack="0"/>
<pin id="1478" dir="1" index="1" bw="8" slack="2"/>
</pin_list>
<bind>
<opcode="trunc(33) " fcode="trunc"/>
<opset="trunc_ln943_1/23 "/>
</bind>
</comp>

<comp id="1480" class="1004" name="sub_ln944_1_fu_1480">
<pin_list>
<pin id="1481" dir="0" index="0" bw="6" slack="0"/>
<pin id="1482" dir="0" index="1" bw="32" slack="1"/>
<pin id="1483" dir="1" index="2" bw="32" slack="0"/>
</pin_list>
<bind>
<opcode="sub(10) " fcode="sub"/>
<opset="sub_ln944_1/24 "/>
</bind>
</comp>

<comp id="1485" class="1004" name="trunc_ln944_1_fu_1485">
<pin_list>
<pin id="1486" dir="0" index="0" bw="32" slack="0"/>
<pin id="1487" dir="1" index="1" bw="20" slack="0"/>
</pin_list>
<bind>
<opcode="trunc(33) " fcode="trunc"/>
<opset="trunc_ln944_1/24 "/>
</bind>
</comp>

<comp id="1489" class="1004" name="lsb_index_1_fu_1489">
<pin_list>
<pin id="1490" dir="0" index="0" bw="6" slack="0"/>
<pin id="1491" dir="0" index="1" bw="32" slack="0"/>
<pin id="1492" dir="1" index="2" bw="32" slack="0"/>
</pin_list>
<bind>
<opcode="add(8) " fcode="add"/>
<opset="lsb_index_1/24 "/>
</bind>
</comp>

<comp id="1495" class="1004" name="tmp_18_fu_1495">
<pin_list>
<pin id="1496" dir="0" index="0" bw="31" slack="0"/>
<pin id="1497" dir="0" index="1" bw="32" slack="0"/>
<pin id="1498" dir="0" index="2" bw="1" slack="0"/>
<pin id="1499" dir="0" index="3" bw="6" slack="0"/>
<pin id="1500" dir="1" index="4" bw="31" slack="0"/>
</pin_list>
<bind>
<opcode="partselect(1002) " fcode="partselect"/>
<opset="tmp_18/24 "/>
</bind>
</comp>

<comp id="1505" class="1004" name="icmp_ln947_2_fu_1505">
<pin_list>
<pin id="1506" dir="0" index="0" bw="31" slack="0"/>
<pin id="1507" dir="0" index="1" bw="31" slack="0"/>
<pin id="1508" dir="1" index="2" bw="1" slack="0"/>
</pin_list>
<bind>
<opcode="icmp(45) " fcode="icmp"/>
<opset="icmp_ln947_2/24 "/>
</bind>
</comp>

<comp id="1511" class="1004" name="trunc_ln947_1_fu_1511">
<pin_list>
<pin id="1512" dir="0" index="0" bw="32" slack="0"/>
<pin id="1513" dir="1" index="1" bw="5" slack="0"/>
</pin_list>
<bind>
<opcode="trunc(33) " fcode="trunc"/>
<opset="trunc_ln947_1/24 "/>
</bind>
</comp>

<comp id="1515" class="1004" name="sub_ln947_1_fu_1515">
<pin_list>
<pin id="1516" dir="0" index="0" bw="5" slack="0"/>
<pin id="1517" dir="0" index="1" bw="5" slack="0"/>
<pin id="1518" dir="1" index="2" bw="5" slack="0"/>
</pin_list>
<bind>
<opcode="sub(10) " fcode="sub"/>
<opset="sub_ln947_1/24 "/>
</bind>
</comp>

<comp id="1521" class="1004" name="zext_ln947_1_fu_1521">
<pin_list>
<pin id="1522" dir="0" index="0" bw="5" slack="0"/>
<pin id="1523" dir="1" index="1" bw="20" slack="0"/>
</pin_list>
<bind>
<opcode="zext(34) " fcode="zext"/>
<opset="zext_ln947_1/24 "/>
</bind>
</comp>

<comp id="1525" class="1004" name="lshr_ln947_1_fu_1525">
<pin_list>
<pin id="1526" dir="0" index="0" bw="1" slack="0"/>
<pin id="1527" dir="0" index="1" bw="5" slack="0"/>
<pin id="1528" dir="1" index="2" bw="20" slack="0"/>
</pin_list>
<bind>
<opcode="lshr(21) " fcode="lshr"/>
<opset="lshr_ln947_1/24 "/>
</bind>
</comp>

<comp id="1531" class="1004" name="p_Result_12_fu_1531">
<pin_list>
<pin id="1532" dir="0" index="0" bw="20" slack="1"/>
<pin id="1533" dir="0" index="1" bw="20" slack="0"/>
<pin id="1534" dir="1" index="2" bw="20" slack="0"/>
</pin_list>
<bind>
<opcode="and(23) " fcode="and"/>
<opset="p_Result_12/24 "/>
</bind>
</comp>

<comp id="1536" class="1004" name="icmp_ln947_3_fu_1536">
<pin_list>
<pin id="1537" dir="0" index="0" bw="20" slack="0"/>
<pin id="1538" dir="0" index="1" bw="20" slack="0"/>
<pin id="1539" dir="1" index="2" bw="1" slack="0"/>
</pin_list>
<bind>
<opcode="icmp(45) " fcode="icmp"/>
<opset="icmp_ln947_3/24 "/>
</bind>
</comp>

<comp id="1542" class="1004" name="a_1_fu_1542">
<pin_list>
<pin id="1543" dir="0" index="0" bw="1" slack="0"/>
<pin id="1544" dir="0" index="1" bw="1" slack="0"/>
<pin id="1545" dir="1" index="2" bw="1" slack="0"/>
</pin_list>
<bind>
<opcode="and(23) " fcode="and"/>
<opset="a_1/24 "/>
</bind>
</comp>

<comp id="1548" class="1004" name="tmp_19_fu_1548">
<pin_list>
<pin id="1549" dir="0" index="0" bw="1" slack="0"/>
<pin id="1550" dir="0" index="1" bw="32" slack="0"/>
<pin id="1551" dir="0" index="2" bw="6" slack="0"/>
<pin id="1552" dir="1" index="3" bw="1" slack="0"/>
</pin_list>
<bind>
<opcode="bitselect(1000) " fcode="bitselect"/>
<opset="tmp_19/24 "/>
</bind>
</comp>

<comp id="1556" class="1004" name="xor_ln949_1_fu_1556">
<pin_list>
<pin id="1557" dir="0" index="0" bw="1" slack="0"/>
<pin id="1558" dir="0" index="1" bw="1" slack="0"/>
<pin id="1559" dir="1" index="2" bw="1" slack="0"/>
</pin_list>
<bind>
<opcode="xor(25) " fcode="xor"/>
<opset="xor_ln949_1/24 "/>
</bind>
</comp>

<comp id="1562" class="1004" name="add_ln949_1_fu_1562">
<pin_list>
<pin id="1563" dir="0" index="0" bw="6" slack="0"/>
<pin id="1564" dir="0" index="1" bw="20" slack="0"/>
<pin id="1565" dir="1" index="2" bw="20" slack="0"/>
</pin_list>
<bind>
<opcode="add(8) " fcode="add"/>
<opset="add_ln949_1/24 "/>
</bind>
</comp>

<comp id="1568" class="1004" name="p_Result_13_fu_1568">
<pin_list>
<pin id="1569" dir="0" index="0" bw="1" slack="0"/>
<pin id="1570" dir="0" index="1" bw="20" slack="1"/>
<pin id="1571" dir="0" index="2" bw="20" slack="0"/>
<pin id="1572" dir="1" index="3" bw="1" slack="0"/>
</pin_list>
<bind>
<opcode="bitselect(1000) " fcode="bitselect"/>
<opset="p_Result_13/24 "/>
</bind>
</comp>

<comp id="1575" class="1004" name="and_ln949_1_fu_1575">
<pin_list>
<pin id="1576" dir="0" index="0" bw="1" slack="0"/>
<pin id="1577" dir="0" index="1" bw="1" slack="0"/>
<pin id="1578" dir="1" index="2" bw="1" slack="0"/>
</pin_list>
<bind>
<opcode="and(23) " fcode="and"/>
<opset="and_ln949_1/24 "/>
</bind>
</comp>

<comp id="1581" class="1004" name="or_ln949_1_fu_1581">
<pin_list>
<pin id="1582" dir="0" index="0" bw="1" slack="0"/>
<pin id="1583" dir="0" index="1" bw="1" slack="0"/>
<pin id="1584" dir="1" index="2" bw="1" slack="0"/>
</pin_list>
<bind>
<opcode="or(24) " fcode="or"/>
<opset="or_ln949_1/24 "/>
</bind>
</comp>

<comp id="1587" class="1004" name="or_ln949_2_fu_1587">
<pin_list>
<pin id="1588" dir="0" index="0" bw="32" slack="0"/>
<pin id="1589" dir="0" index="1" bw="1" slack="0"/>
<pin id="1590" dir="0" index="2" bw="1" slack="0"/>
<pin id="1591" dir="1" index="3" bw="32" slack="1"/>
</pin_list>
<bind>
<opcode="bitconcatenate(1004) " fcode="bitconcatenate"/>
<opset="or_ln949_2/24 "/>
</bind>
</comp>

<comp id="1595" class="1004" name="icmp_ln958_1_fu_1595">
<pin_list>
<pin id="1596" dir="0" index="0" bw="32" slack="0"/>
<pin id="1597" dir="0" index="1" bw="32" slack="0"/>
<pin id="1598" dir="1" index="2" bw="1" slack="1"/>
</pin_list>
<bind>
<opcode="icmp(45) " fcode="icmp"/>
<opset="icmp_ln958_1/24 "/>
</bind>
</comp>

<comp id="1601" class="1004" name="add_ln958_1_fu_1601">
<pin_list>
<pin id="1602" dir="0" index="0" bw="6" slack="0"/>
<pin id="1603" dir="0" index="1" bw="32" slack="0"/>
<pin id="1604" dir="1" index="2" bw="32" slack="1"/>
</pin_list>
<bind>
<opcode="add(8) " fcode="add"/>
<opset="add_ln958_1/24 "/>
</bind>
</comp>

<comp id="1607" class="1004" name="sub_ln958_1_fu_1607">
<pin_list>
<pin id="1608" dir="0" index="0" bw="6" slack="0"/>
<pin id="1609" dir="0" index="1" bw="32" slack="0"/>
<pin id="1610" dir="1" index="2" bw="32" slack="1"/>
</pin_list>
<bind>
<opcode="sub(10) " fcode="sub"/>
<opset="sub_ln958_1/24 "/>
</bind>
</comp>

<comp id="1613" class="1004" name="m_15_fu_1613">
<pin_list>
<pin id="1614" dir="0" index="0" bw="20" slack="2"/>
<pin id="1615" dir="1" index="1" bw="64" slack="0"/>
</pin_list>
<bind>
<opcode="zext(34) " fcode="zext"/>
<opset="m_15/25 "/>
</bind>
</comp>

<comp id="1616" class="1004" name="zext_ln957_2_fu_1616">
<pin_list>
<pin id="1617" dir="0" index="0" bw="20" slack="2"/>
<pin id="1618" dir="1" index="1" bw="32" slack="0"/>
</pin_list>
<bind>
<opcode="zext(34) " fcode="zext"/>
<opset="zext_ln957_2/25 "/>
</bind>
</comp>

<comp id="1619" class="1004" name="lshr_ln958_1_fu_1619">
<pin_list>
<pin id="1620" dir="0" index="0" bw="20" slack="0"/>
<pin id="1621" dir="0" index="1" bw="32" slack="1"/>
<pin id="1622" dir="1" index="2" bw="32" slack="0"/>
</pin_list>
<bind>
<opcode="lshr(21) " fcode="lshr"/>
<opset="lshr_ln958_1/25 "/>
</bind>
</comp>

<comp id="1624" class="1004" name="zext_ln958_2_fu_1624">
<pin_list>
<pin id="1625" dir="0" index="0" bw="32" slack="0"/>
<pin id="1626" dir="1" index="1" bw="64" slack="0"/>
</pin_list>
<bind>
<opcode="zext(34) " fcode="zext"/>
<opset="zext_ln958_2/25 "/>
</bind>
</comp>

<comp id="1628" class="1004" name="zext_ln958_3_fu_1628">
<pin_list>
<pin id="1629" dir="0" index="0" bw="32" slack="1"/>
<pin id="1630" dir="1" index="1" bw="64" slack="0"/>
</pin_list>
<bind>
<opcode="zext(34) " fcode="zext"/>
<opset="zext_ln958_3/25 "/>
</bind>
</comp>

<comp id="1631" class="1004" name="shl_ln958_1_fu_1631">
<pin_list>
<pin id="1632" dir="0" index="0" bw="20" slack="0"/>
<pin id="1633" dir="0" index="1" bw="32" slack="0"/>
<pin id="1634" dir="1" index="2" bw="64" slack="0"/>
</pin_list>
<bind>
<opcode="shl(20) " fcode="shl"/>
<opset="shl_ln958_1/25 "/>
</bind>
</comp>

<comp id="1637" class="1004" name="m_16_fu_1637">
<pin_list>
<pin id="1638" dir="0" index="0" bw="1" slack="1"/>
<pin id="1639" dir="0" index="1" bw="64" slack="0"/>
<pin id="1640" dir="0" index="2" bw="64" slack="0"/>
<pin id="1641" dir="1" index="3" bw="64" slack="0"/>
</pin_list>
<bind>
<opcode="select(49) " fcode="select"/>
<opset="m_16/25 "/>
</bind>
</comp>

<comp id="1644" class="1004" name="zext_ln961_1_fu_1644">
<pin_list>
<pin id="1645" dir="0" index="0" bw="32" slack="1"/>
<pin id="1646" dir="1" index="1" bw="64" slack="0"/>
</pin_list>
<bind>
<opcode="zext(34) " fcode="zext"/>
<opset="zext_ln961_1/25 "/>
</bind>
</comp>

<comp id="1647" class="1004" name="m_17_fu_1647">
<pin_list>
<pin id="1648" dir="0" index="0" bw="64" slack="0"/>
<pin id="1649" dir="0" index="1" bw="32" slack="0"/>
<pin id="1650" dir="1" index="2" bw="64" slack="0"/>
</pin_list>
<bind>
<opcode="add(8) " fcode="add"/>
<opset="m_17/25 "/>
</bind>
</comp>

<comp id="1653" class="1004" name="m_3_fu_1653">
<pin_list>
<pin id="1654" dir="0" index="0" bw="63" slack="0"/>
<pin id="1655" dir="0" index="1" bw="64" slack="0"/>
<pin id="1656" dir="0" index="2" bw="1" slack="0"/>
<pin id="1657" dir="0" index="3" bw="7" slack="0"/>
<pin id="1658" dir="1" index="4" bw="63" slack="0"/>
</pin_list>
<bind>
<opcode="partselect(1002) " fcode="partselect"/>
<opset="m_3/25 "/>
</bind>
</comp>

<comp id="1663" class="1004" name="m_27_fu_1663">
<pin_list>
<pin id="1664" dir="0" index="0" bw="63" slack="0"/>
<pin id="1665" dir="1" index="1" bw="64" slack="0"/>
</pin_list>
<bind>
<opcode="zext(34) " fcode="zext"/>
<opset="m_27/25 "/>
</bind>
</comp>

<comp id="1667" class="1004" name="tmp_20_fu_1667">
<pin_list>
<pin id="1668" dir="0" index="0" bw="1" slack="0"/>
<pin id="1669" dir="0" index="1" bw="64" slack="0"/>
<pin id="1670" dir="0" index="2" bw="6" slack="0"/>
<pin id="1671" dir="1" index="3" bw="1" slack="0"/>
</pin_list>
<bind>
<opcode="bitselect(1000) " fcode="bitselect"/>
<opset="tmp_20/25 "/>
</bind>
</comp>

<comp id="1675" class="1004" name="select_ln964_1_fu_1675">
<pin_list>
<pin id="1676" dir="0" index="0" bw="1" slack="0"/>
<pin id="1677" dir="0" index="1" bw="8" slack="0"/>
<pin id="1678" dir="0" index="2" bw="8" slack="0"/>
<pin id="1679" dir="1" index="3" bw="8" slack="0"/>
</pin_list>
<bind>
<opcode="select(49) " fcode="select"/>
<opset="select_ln964_1/25 "/>
</bind>
</comp>

<comp id="1683" class="1004" name="sub_ln964_1_fu_1683">
<pin_list>
<pin id="1684" dir="0" index="0" bw="4" slack="0"/>
<pin id="1685" dir="0" index="1" bw="8" slack="2"/>
<pin id="1686" dir="1" index="2" bw="8" slack="0"/>
</pin_list>
<bind>
<opcode="sub(10) " fcode="sub"/>
<opset="sub_ln964_1/25 "/>
</bind>
</comp>

<comp id="1688" class="1004" name="add_ln964_1_fu_1688">
<pin_list>
<pin id="1689" dir="0" index="0" bw="8" slack="0"/>
<pin id="1690" dir="0" index="1" bw="8" slack="0"/>
<pin id="1691" dir="1" index="2" bw="8" slack="0"/>
</pin_list>
<bind>
<opcode="add(8) " fcode="add"/>
<opset="add_ln964_1/25 "/>
</bind>
</comp>

<comp id="1694" class="1004" name="tmp_4_fu_1694">
<pin_list>
<pin id="1695" dir="0" index="0" bw="9" slack="0"/>
<pin id="1696" dir="0" index="1" bw="1" slack="2"/>
<pin id="1697" dir="0" index="2" bw="8" slack="0"/>
<pin id="1698" dir="1" index="3" bw="9" slack="0"/>
</pin_list>
<bind>
<opcode="bitconcatenate(1004) " fcode="bitconcatenate"/>
<opset="tmp_4/25 "/>
</bind>
</comp>

<comp id="1701" class="1004" name="p_Result_26_fu_1701">
<pin_list>
<pin id="1702" dir="0" index="0" bw="64" slack="0"/>
<pin id="1703" dir="0" index="1" bw="63" slack="0"/>
<pin id="1704" dir="0" index="2" bw="9" slack="0"/>
<pin id="1705" dir="0" index="3" bw="6" slack="0"/>
<pin id="1706" dir="0" index="4" bw="6" slack="0"/>
<pin id="1707" dir="1" index="5" bw="64" slack="0"/>
</pin_list>
<bind>
<opcode="partset(1003) " fcode="partset"/>
<opset="p_Result_26/25 "/>
</bind>
</comp>

<comp id="1713" class="1004" name="trunc_ln738_1_fu_1713">
<pin_list>
<pin id="1714" dir="0" index="0" bw="64" slack="0"/>
<pin id="1715" dir="1" index="1" bw="32" slack="0"/>
</pin_list>
<bind>
<opcode="trunc(33) " fcode="trunc"/>
<opset="trunc_ln738_1/25 "/>
</bind>
</comp>

<comp id="1717" class="1004" name="bitcast_ln739_1_fu_1717">
<pin_list>
<pin id="1718" dir="0" index="0" bw="32" slack="0"/>
<pin id="1719" dir="1" index="1" bw="32" slack="0"/>
</pin_list>
<bind>
<opcode="bitcast(44) " fcode="bitcast"/>
<opset="bitcast_ln739_1/25 "/>
</bind>
</comp>

<comp id="1722" class="1004" name="p_Result_27_fu_1722">
<pin_list>
<pin id="1723" dir="0" index="0" bw="1" slack="0"/>
<pin id="1724" dir="0" index="1" bw="20" slack="2"/>
<pin id="1725" dir="0" index="2" bw="6" slack="0"/>
<pin id="1726" dir="1" index="3" bw="1" slack="0"/>
</pin_list>
<bind>
<opcode="bitselect(1000) " fcode="bitselect"/>
<opset="p_Result_27/25 "/>
</bind>
</comp>

<comp id="1730" class="1004" name="tmp_V_13_fu_1730">
<pin_list>
<pin id="1731" dir="0" index="0" bw="1" slack="0"/>
<pin id="1732" dir="0" index="1" bw="20" slack="0"/>
<pin id="1733" dir="0" index="2" bw="20" slack="2"/>
<pin id="1734" dir="1" index="3" bw="20" slack="0"/>
</pin_list>
<bind>
<opcode="select(49) " fcode="select"/>
<opset="tmp_V_13/25 "/>
</bind>
</comp>

<comp id="1738" class="1004" name="p_Result_16_fu_1738">
<pin_list>
<pin id="1739" dir="0" index="0" bw="20" slack="0"/>
<pin id="1740" dir="0" index="1" bw="20" slack="0"/>
<pin id="1741" dir="0" index="2" bw="6" slack="0"/>
<pin id="1742" dir="0" index="3" bw="1" slack="0"/>
<pin id="1743" dir="1" index="4" bw="20" slack="0"/>
</pin_list>
<bind>
<opcode="partselect(1002) " fcode="partselect"/>
<opset="p_Result_16/25 "/>
</bind>
</comp>

<comp id="1748" class="1004" name="p_Result_28_fu_1748">
<pin_list>
<pin id="1749" dir="0" index="0" bw="32" slack="0"/>
<pin id="1750" dir="0" index="1" bw="1" slack="0"/>
<pin id="1751" dir="0" index="2" bw="20" slack="0"/>
<pin id="1752" dir="1" index="3" bw="32" slack="0"/>
</pin_list>
<bind>
<opcode="bitconcatenate(1004) " fcode="bitconcatenate"/>
<opset="p_Result_28/25 "/>
</bind>
</comp>

<comp id="1756" class="1004" name="l_2_fu_1756">
<pin_list>
<pin id="1757" dir="0" index="0" bw="32" slack="0"/>
<pin id="1758" dir="0" index="1" bw="32" slack="0"/>
<pin id="1759" dir="0" index="2" bw="1" slack="0"/>
<pin id="1760" dir="1" index="3" bw="32" slack="0"/>
</pin_list>
<bind>
<opcode="cttz(524) " fcode="cttz"/>
<opset="l_2/25 "/>
</bind>
</comp>

<comp id="1764" class="1004" name="trunc_ln943_2_fu_1764">
<pin_list>
<pin id="1765" dir="0" index="0" bw="32" slack="0"/>
<pin id="1766" dir="1" index="1" bw="8" slack="2"/>
</pin_list>
<bind>
<opcode="trunc(33) " fcode="trunc"/>
<opset="trunc_ln943_2/25 "/>
</bind>
</comp>

<comp id="1768" class="1004" name="j_5_fu_1768">
<pin_list>
<pin id="1769" dir="0" index="0" bw="1" slack="0"/>
<pin id="1770" dir="0" index="1" bw="4" slack="3"/>
<pin id="1771" dir="1" index="2" bw="4" slack="1"/>
</pin_list>
<bind>
<opcode="add(8) " fcode="add"/>
<opset="j_5/25 "/>
</bind>
</comp>

<comp id="1774" class="1004" name="bitcast_ln111_fu_1774">
<pin_list>
<pin id="1775" dir="0" index="0" bw="32" slack="0"/>
<pin id="1776" dir="1" index="1" bw="32" slack="0"/>
</pin_list>
<bind>
<opcode="bitcast(44) " fcode="bitcast"/>
<opset="bitcast_ln111/26 "/>
</bind>
</comp>

<comp id="1778" class="1004" name="tmp_1_fu_1778">
<pin_list>
<pin id="1779" dir="0" index="0" bw="8" slack="0"/>
<pin id="1780" dir="0" index="1" bw="32" slack="0"/>
<pin id="1781" dir="0" index="2" bw="6" slack="0"/>
<pin id="1782" dir="0" index="3" bw="6" slack="0"/>
<pin id="1783" dir="1" index="4" bw="8" slack="0"/>
</pin_list>
<bind>
<opcode="partselect(1002) " fcode="partselect"/>
<opset="tmp_1/26 "/>
</bind>
</comp>

<comp id="1788" class="1004" name="trunc_ln111_fu_1788">
<pin_list>
<pin id="1789" dir="0" index="0" bw="32" slack="0"/>
<pin id="1790" dir="1" index="1" bw="23" slack="0"/>
</pin_list>
<bind>
<opcode="trunc(33) " fcode="trunc"/>
<opset="trunc_ln111/26 "/>
</bind>
</comp>

<comp id="1792" class="1004" name="icmp_ln111_fu_1792">
<pin_list>
<pin id="1793" dir="0" index="0" bw="8" slack="0"/>
<pin id="1794" dir="0" index="1" bw="8" slack="0"/>
<pin id="1795" dir="1" index="2" bw="1" slack="1"/>
</pin_list>
<bind>
<opcode="icmp(45) " fcode="icmp"/>
<opset="icmp_ln111/26 "/>
</bind>
</comp>

<comp id="1798" class="1004" name="icmp_ln111_1_fu_1798">
<pin_list>
<pin id="1799" dir="0" index="0" bw="23" slack="0"/>
<pin id="1800" dir="0" index="1" bw="23" slack="0"/>
<pin id="1801" dir="1" index="2" bw="1" slack="1"/>
</pin_list>
<bind>
<opcode="icmp(45) " fcode="icmp"/>
<opset="icmp_ln111_1/26 "/>
</bind>
</comp>

<comp id="1804" class="1004" name="sub_ln944_2_fu_1804">
<pin_list>
<pin id="1805" dir="0" index="0" bw="6" slack="0"/>
<pin id="1806" dir="0" index="1" bw="32" slack="1"/>
<pin id="1807" dir="1" index="2" bw="32" slack="0"/>
</pin_list>
<bind>
<opcode="sub(10) " fcode="sub"/>
<opset="sub_ln944_2/26 "/>
</bind>
</comp>

<comp id="1809" class="1004" name="trunc_ln944_2_fu_1809">
<pin_list>
<pin id="1810" dir="0" index="0" bw="32" slack="0"/>
<pin id="1811" dir="1" index="1" bw="20" slack="0"/>
</pin_list>
<bind>
<opcode="trunc(33) " fcode="trunc"/>
<opset="trunc_ln944_2/26 "/>
</bind>
</comp>

<comp id="1813" class="1004" name="lsb_index_2_fu_1813">
<pin_list>
<pin id="1814" dir="0" index="0" bw="6" slack="0"/>
<pin id="1815" dir="0" index="1" bw="32" slack="0"/>
<pin id="1816" dir="1" index="2" bw="32" slack="0"/>
</pin_list>
<bind>
<opcode="add(8) " fcode="add"/>
<opset="lsb_index_2/26 "/>
</bind>
</comp>

<comp id="1819" class="1004" name="tmp_22_fu_1819">
<pin_list>
<pin id="1820" dir="0" index="0" bw="31" slack="0"/>
<pin id="1821" dir="0" index="1" bw="32" slack="0"/>
<pin id="1822" dir="0" index="2" bw="1" slack="0"/>
<pin id="1823" dir="0" index="3" bw="6" slack="0"/>
<pin id="1824" dir="1" index="4" bw="31" slack="0"/>
</pin_list>
<bind>
<opcode="partselect(1002) " fcode="partselect"/>
<opset="tmp_22/26 "/>
</bind>
</comp>

<comp id="1829" class="1004" name="icmp_ln947_4_fu_1829">
<pin_list>
<pin id="1830" dir="0" index="0" bw="31" slack="0"/>
<pin id="1831" dir="0" index="1" bw="31" slack="0"/>
<pin id="1832" dir="1" index="2" bw="1" slack="0"/>
</pin_list>
<bind>
<opcode="icmp(45) " fcode="icmp"/>
<opset="icmp_ln947_4/26 "/>
</bind>
</comp>

<comp id="1835" class="1004" name="trunc_ln947_2_fu_1835">
<pin_list>
<pin id="1836" dir="0" index="0" bw="32" slack="0"/>
<pin id="1837" dir="1" index="1" bw="5" slack="0"/>
</pin_list>
<bind>
<opcode="trunc(33) " fcode="trunc"/>
<opset="trunc_ln947_2/26 "/>
</bind>
</comp>

<comp id="1839" class="1004" name="sub_ln947_2_fu_1839">
<pin_list>
<pin id="1840" dir="0" index="0" bw="5" slack="0"/>
<pin id="1841" dir="0" index="1" bw="5" slack="0"/>
<pin id="1842" dir="1" index="2" bw="5" slack="0"/>
</pin_list>
<bind>
<opcode="sub(10) " fcode="sub"/>
<opset="sub_ln947_2/26 "/>
</bind>
</comp>

<comp id="1845" class="1004" name="zext_ln947_2_fu_1845">
<pin_list>
<pin id="1846" dir="0" index="0" bw="5" slack="0"/>
<pin id="1847" dir="1" index="1" bw="20" slack="0"/>
</pin_list>
<bind>
<opcode="zext(34) " fcode="zext"/>
<opset="zext_ln947_2/26 "/>
</bind>
</comp>

<comp id="1849" class="1004" name="lshr_ln947_2_fu_1849">
<pin_list>
<pin id="1850" dir="0" index="0" bw="1" slack="0"/>
<pin id="1851" dir="0" index="1" bw="5" slack="0"/>
<pin id="1852" dir="1" index="2" bw="20" slack="0"/>
</pin_list>
<bind>
<opcode="lshr(21) " fcode="lshr"/>
<opset="lshr_ln947_2/26 "/>
</bind>
</comp>

<comp id="1855" class="1004" name="p_Result_18_fu_1855">
<pin_list>
<pin id="1856" dir="0" index="0" bw="20" slack="1"/>
<pin id="1857" dir="0" index="1" bw="20" slack="0"/>
<pin id="1858" dir="1" index="2" bw="20" slack="0"/>
</pin_list>
<bind>
<opcode="and(23) " fcode="and"/>
<opset="p_Result_18/26 "/>
</bind>
</comp>

<comp id="1860" class="1004" name="icmp_ln947_5_fu_1860">
<pin_list>
<pin id="1861" dir="0" index="0" bw="20" slack="0"/>
<pin id="1862" dir="0" index="1" bw="20" slack="0"/>
<pin id="1863" dir="1" index="2" bw="1" slack="0"/>
</pin_list>
<bind>
<opcode="icmp(45) " fcode="icmp"/>
<opset="icmp_ln947_5/26 "/>
</bind>
</comp>

<comp id="1866" class="1004" name="a_2_fu_1866">
<pin_list>
<pin id="1867" dir="0" index="0" bw="1" slack="0"/>
<pin id="1868" dir="0" index="1" bw="1" slack="0"/>
<pin id="1869" dir="1" index="2" bw="1" slack="0"/>
</pin_list>
<bind>
<opcode="and(23) " fcode="and"/>
<opset="a_2/26 "/>
</bind>
</comp>

<comp id="1872" class="1004" name="tmp_23_fu_1872">
<pin_list>
<pin id="1873" dir="0" index="0" bw="1" slack="0"/>
<pin id="1874" dir="0" index="1" bw="32" slack="0"/>
<pin id="1875" dir="0" index="2" bw="6" slack="0"/>
<pin id="1876" dir="1" index="3" bw="1" slack="0"/>
</pin_list>
<bind>
<opcode="bitselect(1000) " fcode="bitselect"/>
<opset="tmp_23/26 "/>
</bind>
</comp>

<comp id="1880" class="1004" name="xor_ln949_2_fu_1880">
<pin_list>
<pin id="1881" dir="0" index="0" bw="1" slack="0"/>
<pin id="1882" dir="0" index="1" bw="1" slack="0"/>
<pin id="1883" dir="1" index="2" bw="1" slack="0"/>
</pin_list>
<bind>
<opcode="xor(25) " fcode="xor"/>
<opset="xor_ln949_2/26 "/>
</bind>
</comp>

<comp id="1886" class="1004" name="add_ln949_2_fu_1886">
<pin_list>
<pin id="1887" dir="0" index="0" bw="6" slack="0"/>
<pin id="1888" dir="0" index="1" bw="20" slack="0"/>
<pin id="1889" dir="1" index="2" bw="20" slack="0"/>
</pin_list>
<bind>
<opcode="add(8) " fcode="add"/>
<opset="add_ln949_2/26 "/>
</bind>
</comp>

<comp id="1892" class="1004" name="p_Result_19_fu_1892">
<pin_list>
<pin id="1893" dir="0" index="0" bw="1" slack="0"/>
<pin id="1894" dir="0" index="1" bw="20" slack="1"/>
<pin id="1895" dir="0" index="2" bw="20" slack="0"/>
<pin id="1896" dir="1" index="3" bw="1" slack="0"/>
</pin_list>
<bind>
<opcode="bitselect(1000) " fcode="bitselect"/>
<opset="p_Result_19/26 "/>
</bind>
</comp>

<comp id="1899" class="1004" name="and_ln949_2_fu_1899">
<pin_list>
<pin id="1900" dir="0" index="0" bw="1" slack="0"/>
<pin id="1901" dir="0" index="1" bw="1" slack="0"/>
<pin id="1902" dir="1" index="2" bw="1" slack="0"/>
</pin_list>
<bind>
<opcode="and(23) " fcode="and"/>
<opset="and_ln949_2/26 "/>
</bind>
</comp>

<comp id="1905" class="1004" name="or_ln949_3_fu_1905">
<pin_list>
<pin id="1906" dir="0" index="0" bw="1" slack="0"/>
<pin id="1907" dir="0" index="1" bw="1" slack="0"/>
<pin id="1908" dir="1" index="2" bw="1" slack="0"/>
</pin_list>
<bind>
<opcode="or(24) " fcode="or"/>
<opset="or_ln949_3/26 "/>
</bind>
</comp>

<comp id="1911" class="1004" name="or_ln949_4_fu_1911">
<pin_list>
<pin id="1912" dir="0" index="0" bw="32" slack="0"/>
<pin id="1913" dir="0" index="1" bw="1" slack="0"/>
<pin id="1914" dir="0" index="2" bw="1" slack="0"/>
<pin id="1915" dir="1" index="3" bw="32" slack="1"/>
</pin_list>
<bind>
<opcode="bitconcatenate(1004) " fcode="bitconcatenate"/>
<opset="or_ln949_4/26 "/>
</bind>
</comp>

<comp id="1919" class="1004" name="icmp_ln958_2_fu_1919">
<pin_list>
<pin id="1920" dir="0" index="0" bw="32" slack="0"/>
<pin id="1921" dir="0" index="1" bw="32" slack="0"/>
<pin id="1922" dir="1" index="2" bw="1" slack="1"/>
</pin_list>
<bind>
<opcode="icmp(45) " fcode="icmp"/>
<opset="icmp_ln958_2/26 "/>
</bind>
</comp>

<comp id="1925" class="1004" name="add_ln958_2_fu_1925">
<pin_list>
<pin id="1926" dir="0" index="0" bw="6" slack="0"/>
<pin id="1927" dir="0" index="1" bw="32" slack="0"/>
<pin id="1928" dir="1" index="2" bw="32" slack="1"/>
</pin_list>
<bind>
<opcode="add(8) " fcode="add"/>
<opset="add_ln958_2/26 "/>
</bind>
</comp>

<comp id="1931" class="1004" name="sub_ln958_2_fu_1931">
<pin_list>
<pin id="1932" dir="0" index="0" bw="6" slack="0"/>
<pin id="1933" dir="0" index="1" bw="32" slack="0"/>
<pin id="1934" dir="1" index="2" bw="32" slack="1"/>
</pin_list>
<bind>
<opcode="sub(10) " fcode="sub"/>
<opset="sub_ln958_2/26 "/>
</bind>
</comp>

<comp id="1937" class="1004" name="bitcast_ln111_1_fu_1937">
<pin_list>
<pin id="1938" dir="0" index="0" bw="32" slack="5"/>
<pin id="1939" dir="1" index="1" bw="32" slack="0"/>
</pin_list>
<bind>
<opcode="bitcast(44) " fcode="bitcast"/>
<opset="bitcast_ln111_1/27 "/>
</bind>
</comp>

<comp id="1941" class="1004" name="tmp_3_fu_1941">
<pin_list>
<pin id="1942" dir="0" index="0" bw="8" slack="0"/>
<pin id="1943" dir="0" index="1" bw="32" slack="0"/>
<pin id="1944" dir="0" index="2" bw="6" slack="0"/>
<pin id="1945" dir="0" index="3" bw="6" slack="0"/>
<pin id="1946" dir="1" index="4" bw="8" slack="0"/>
</pin_list>
<bind>
<opcode="partselect(1002) " fcode="partselect"/>
<opset="tmp_3/27 "/>
</bind>
</comp>

<comp id="1951" class="1004" name="trunc_ln111_1_fu_1951">
<pin_list>
<pin id="1952" dir="0" index="0" bw="32" slack="0"/>
<pin id="1953" dir="1" index="1" bw="23" slack="0"/>
</pin_list>
<bind>
<opcode="trunc(33) " fcode="trunc"/>
<opset="trunc_ln111_1/27 "/>
</bind>
</comp>

<comp id="1955" class="1004" name="or_ln111_1_fu_1955">
<pin_list>
<pin id="1956" dir="0" index="0" bw="1" slack="1"/>
<pin id="1957" dir="0" index="1" bw="1" slack="1"/>
<pin id="1958" dir="1" index="2" bw="1" slack="0"/>
</pin_list>
<bind>
<opcode="or(24) " fcode="or"/>
<opset="or_ln111_1/27 "/>
</bind>
</comp>

<comp id="1959" class="1004" name="icmp_ln111_2_fu_1959">
<pin_list>
<pin id="1960" dir="0" index="0" bw="8" slack="0"/>
<pin id="1961" dir="0" index="1" bw="8" slack="0"/>
<pin id="1962" dir="1" index="2" bw="1" slack="0"/>
</pin_list>
<bind>
<opcode="icmp(45) " fcode="icmp"/>
<opset="icmp_ln111_2/27 "/>
</bind>
</comp>

<comp id="1965" class="1004" name="icmp_ln111_3_fu_1965">
<pin_list>
<pin id="1966" dir="0" index="0" bw="23" slack="0"/>
<pin id="1967" dir="0" index="1" bw="23" slack="0"/>
<pin id="1968" dir="1" index="2" bw="1" slack="0"/>
</pin_list>
<bind>
<opcode="icmp(45) " fcode="icmp"/>
<opset="icmp_ln111_3/27 "/>
</bind>
</comp>

<comp id="1971" class="1004" name="or_ln111_2_fu_1971">
<pin_list>
<pin id="1972" dir="0" index="0" bw="1" slack="0"/>
<pin id="1973" dir="0" index="1" bw="1" slack="0"/>
<pin id="1974" dir="1" index="2" bw="1" slack="0"/>
</pin_list>
<bind>
<opcode="or(24) " fcode="or"/>
<opset="or_ln111_2/27 "/>
</bind>
</comp>

<comp id="1977" class="1004" name="and_ln111_fu_1977">
<pin_list>
<pin id="1978" dir="0" index="0" bw="1" slack="0"/>
<pin id="1979" dir="0" index="1" bw="1" slack="0"/>
<pin id="1980" dir="1" index="2" bw="1" slack="0"/>
</pin_list>
<bind>
<opcode="and(23) " fcode="and"/>
<opset="and_ln111/27 "/>
</bind>
</comp>

<comp id="1983" class="1004" name="and_ln111_1_fu_1983">
<pin_list>
<pin id="1984" dir="0" index="0" bw="1" slack="0"/>
<pin id="1985" dir="0" index="1" bw="1" slack="0"/>
<pin id="1986" dir="1" index="2" bw="1" slack="0"/>
</pin_list>
<bind>
<opcode="and(23) " fcode="and"/>
<opset="and_ln111_1/27 "/>
</bind>
</comp>

<comp id="1989" class="1004" name="xor_ln111_fu_1989">
<pin_list>
<pin id="1990" dir="0" index="0" bw="1" slack="0"/>
<pin id="1991" dir="0" index="1" bw="1" slack="0"/>
<pin id="1992" dir="1" index="2" bw="1" slack="0"/>
</pin_list>
<bind>
<opcode="xor(25) " fcode="xor"/>
<opset="xor_ln111/27 "/>
</bind>
</comp>

<comp id="1995" class="1004" name="or_ln111_fu_1995">
<pin_list>
<pin id="1996" dir="0" index="0" bw="1" slack="4"/>
<pin id="1997" dir="0" index="1" bw="1" slack="0"/>
<pin id="1998" dir="1" index="2" bw="1" slack="0"/>
</pin_list>
<bind>
<opcode="or(24) " fcode="or"/>
<opset="or_ln111/27 "/>
</bind>
</comp>

<comp id="2000" class="1004" name="select_ln111_fu_2000">
<pin_list>
<pin id="2001" dir="0" index="0" bw="1" slack="0"/>
<pin id="2002" dir="0" index="1" bw="32" slack="0"/>
<pin id="2003" dir="0" index="2" bw="32" slack="5"/>
<pin id="2004" dir="1" index="3" bw="32" slack="0"/>
</pin_list>
<bind>
<opcode="select(49) " fcode="select"/>
<opset="select_ln111/27 "/>
</bind>
</comp>

<comp id="2008" class="1004" name="m_21_fu_2008">
<pin_list>
<pin id="2009" dir="0" index="0" bw="20" slack="2"/>
<pin id="2010" dir="1" index="1" bw="64" slack="0"/>
</pin_list>
<bind>
<opcode="zext(34) " fcode="zext"/>
<opset="m_21/27 "/>
</bind>
</comp>

<comp id="2011" class="1004" name="zext_ln957_3_fu_2011">
<pin_list>
<pin id="2012" dir="0" index="0" bw="20" slack="2"/>
<pin id="2013" dir="1" index="1" bw="32" slack="0"/>
</pin_list>
<bind>
<opcode="zext(34) " fcode="zext"/>
<opset="zext_ln957_3/27 "/>
</bind>
</comp>

<comp id="2014" class="1004" name="lshr_ln958_2_fu_2014">
<pin_list>
<pin id="2015" dir="0" index="0" bw="20" slack="0"/>
<pin id="2016" dir="0" index="1" bw="32" slack="1"/>
<pin id="2017" dir="1" index="2" bw="32" slack="0"/>
</pin_list>
<bind>
<opcode="lshr(21) " fcode="lshr"/>
<opset="lshr_ln958_2/27 "/>
</bind>
</comp>

<comp id="2019" class="1004" name="zext_ln958_4_fu_2019">
<pin_list>
<pin id="2020" dir="0" index="0" bw="32" slack="0"/>
<pin id="2021" dir="1" index="1" bw="64" slack="0"/>
</pin_list>
<bind>
<opcode="zext(34) " fcode="zext"/>
<opset="zext_ln958_4/27 "/>
</bind>
</comp>

<comp id="2023" class="1004" name="zext_ln958_5_fu_2023">
<pin_list>
<pin id="2024" dir="0" index="0" bw="32" slack="1"/>
<pin id="2025" dir="1" index="1" bw="64" slack="0"/>
</pin_list>
<bind>
<opcode="zext(34) " fcode="zext"/>
<opset="zext_ln958_5/27 "/>
</bind>
</comp>

<comp id="2026" class="1004" name="shl_ln958_2_fu_2026">
<pin_list>
<pin id="2027" dir="0" index="0" bw="20" slack="0"/>
<pin id="2028" dir="0" index="1" bw="32" slack="0"/>
<pin id="2029" dir="1" index="2" bw="64" slack="0"/>
</pin_list>
<bind>
<opcode="shl(20) " fcode="shl"/>
<opset="shl_ln958_2/27 "/>
</bind>
</comp>

<comp id="2032" class="1004" name="m_22_fu_2032">
<pin_list>
<pin id="2033" dir="0" index="0" bw="1" slack="1"/>
<pin id="2034" dir="0" index="1" bw="64" slack="0"/>
<pin id="2035" dir="0" index="2" bw="64" slack="0"/>
<pin id="2036" dir="1" index="3" bw="64" slack="0"/>
</pin_list>
<bind>
<opcode="select(49) " fcode="select"/>
<opset="m_22/27 "/>
</bind>
</comp>

<comp id="2039" class="1004" name="zext_ln961_2_fu_2039">
<pin_list>
<pin id="2040" dir="0" index="0" bw="32" slack="1"/>
<pin id="2041" dir="1" index="1" bw="64" slack="0"/>
</pin_list>
<bind>
<opcode="zext(34) " fcode="zext"/>
<opset="zext_ln961_2/27 "/>
</bind>
</comp>

<comp id="2042" class="1004" name="m_23_fu_2042">
<pin_list>
<pin id="2043" dir="0" index="0" bw="64" slack="0"/>
<pin id="2044" dir="0" index="1" bw="32" slack="0"/>
<pin id="2045" dir="1" index="2" bw="64" slack="0"/>
</pin_list>
<bind>
<opcode="add(8) " fcode="add"/>
<opset="m_23/27 "/>
</bind>
</comp>

<comp id="2048" class="1004" name="m_4_fu_2048">
<pin_list>
<pin id="2049" dir="0" index="0" bw="63" slack="0"/>
<pin id="2050" dir="0" index="1" bw="64" slack="0"/>
<pin id="2051" dir="0" index="2" bw="1" slack="0"/>
<pin id="2052" dir="0" index="3" bw="7" slack="0"/>
<pin id="2053" dir="1" index="4" bw="63" slack="0"/>
</pin_list>
<bind>
<opcode="partselect(1002) " fcode="partselect"/>
<opset="m_4/27 "/>
</bind>
</comp>

<comp id="2058" class="1004" name="m_28_fu_2058">
<pin_list>
<pin id="2059" dir="0" index="0" bw="63" slack="0"/>
<pin id="2060" dir="1" index="1" bw="64" slack="0"/>
</pin_list>
<bind>
<opcode="zext(34) " fcode="zext"/>
<opset="m_28/27 "/>
</bind>
</comp>

<comp id="2062" class="1004" name="tmp_24_fu_2062">
<pin_list>
<pin id="2063" dir="0" index="0" bw="1" slack="0"/>
<pin id="2064" dir="0" index="1" bw="64" slack="0"/>
<pin id="2065" dir="0" index="2" bw="6" slack="0"/>
<pin id="2066" dir="1" index="3" bw="1" slack="0"/>
</pin_list>
<bind>
<opcode="bitselect(1000) " fcode="bitselect"/>
<opset="tmp_24/27 "/>
</bind>
</comp>

<comp id="2070" class="1004" name="select_ln964_2_fu_2070">
<pin_list>
<pin id="2071" dir="0" index="0" bw="1" slack="0"/>
<pin id="2072" dir="0" index="1" bw="8" slack="0"/>
<pin id="2073" dir="0" index="2" bw="8" slack="0"/>
<pin id="2074" dir="1" index="3" bw="8" slack="0"/>
</pin_list>
<bind>
<opcode="select(49) " fcode="select"/>
<opset="select_ln964_2/27 "/>
</bind>
</comp>

<comp id="2078" class="1004" name="sub_ln964_2_fu_2078">
<pin_list>
<pin id="2079" dir="0" index="0" bw="4" slack="0"/>
<pin id="2080" dir="0" index="1" bw="8" slack="2"/>
<pin id="2081" dir="1" index="2" bw="8" slack="0"/>
</pin_list>
<bind>
<opcode="sub(10) " fcode="sub"/>
<opset="sub_ln964_2/27 "/>
</bind>
</comp>

<comp id="2083" class="1004" name="add_ln964_2_fu_2083">
<pin_list>
<pin id="2084" dir="0" index="0" bw="8" slack="0"/>
<pin id="2085" dir="0" index="1" bw="8" slack="0"/>
<pin id="2086" dir="1" index="2" bw="8" slack="0"/>
</pin_list>
<bind>
<opcode="add(8) " fcode="add"/>
<opset="add_ln964_2/27 "/>
</bind>
</comp>

<comp id="2089" class="1004" name="tmp_6_fu_2089">
<pin_list>
<pin id="2090" dir="0" index="0" bw="9" slack="0"/>
<pin id="2091" dir="0" index="1" bw="1" slack="2"/>
<pin id="2092" dir="0" index="2" bw="8" slack="0"/>
<pin id="2093" dir="1" index="3" bw="9" slack="0"/>
</pin_list>
<bind>
<opcode="bitconcatenate(1004) " fcode="bitconcatenate"/>
<opset="tmp_6/27 "/>
</bind>
</comp>

<comp id="2096" class="1004" name="p_Result_29_fu_2096">
<pin_list>
<pin id="2097" dir="0" index="0" bw="64" slack="0"/>
<pin id="2098" dir="0" index="1" bw="63" slack="0"/>
<pin id="2099" dir="0" index="2" bw="9" slack="0"/>
<pin id="2100" dir="0" index="3" bw="6" slack="0"/>
<pin id="2101" dir="0" index="4" bw="6" slack="0"/>
<pin id="2102" dir="1" index="5" bw="64" slack="0"/>
</pin_list>
<bind>
<opcode="partset(1003) " fcode="partset"/>
<opset="p_Result_29/27 "/>
</bind>
</comp>

<comp id="2108" class="1004" name="trunc_ln738_2_fu_2108">
<pin_list>
<pin id="2109" dir="0" index="0" bw="64" slack="0"/>
<pin id="2110" dir="1" index="1" bw="32" slack="0"/>
</pin_list>
<bind>
<opcode="trunc(33) " fcode="trunc"/>
<opset="trunc_ln738_2/27 "/>
</bind>
</comp>

<comp id="2112" class="1004" name="bitcast_ln739_2_fu_2112">
<pin_list>
<pin id="2113" dir="0" index="0" bw="32" slack="0"/>
<pin id="2114" dir="1" index="1" bw="32" slack="0"/>
</pin_list>
<bind>
<opcode="bitcast(44) " fcode="bitcast"/>
<opset="bitcast_ln739_2/27 "/>
</bind>
</comp>

<comp id="2116" class="1004" name="select_ln111_1_fu_2116">
<pin_list>
<pin id="2117" dir="0" index="0" bw="1" slack="0"/>
<pin id="2118" dir="0" index="1" bw="32" slack="0"/>
<pin id="2119" dir="0" index="2" bw="32" slack="0"/>
<pin id="2120" dir="1" index="3" bw="32" slack="1"/>
</pin_list>
<bind>
<opcode="select(49) " fcode="select"/>
<opset="select_ln111_1/27 "/>
</bind>
</comp>

<comp id="2124" class="1004" name="icmp_ln118_fu_2124">
<pin_list>
<pin id="2125" dir="0" index="0" bw="4" slack="0"/>
<pin id="2126" dir="0" index="1" bw="4" slack="0"/>
<pin id="2127" dir="1" index="2" bw="1" slack="2147483647"/>
</pin_list>
<bind>
<opcode="icmp(45) " fcode="icmp"/>
<opset="icmp_ln118/28 "/>
</bind>
</comp>

<comp id="2130" class="1004" name="j_4_fu_2130">
<pin_list>
<pin id="2131" dir="0" index="0" bw="4" slack="0"/>
<pin id="2132" dir="0" index="1" bw="1" slack="0"/>
<pin id="2133" dir="1" index="2" bw="4" slack="0"/>
</pin_list>
<bind>
<opcode="add(8) " fcode="add"/>
<opset="j_4/28 "/>
</bind>
</comp>

<comp id="2136" class="1004" name="zext_ln119_fu_2136">
<pin_list>
<pin id="2137" dir="0" index="0" bw="4" slack="0"/>
<pin id="2138" dir="1" index="1" bw="64" slack="0"/>
</pin_list>
<bind>
<opcode="zext(34) " fcode="zext"/>
<opset="zext_ln119/28 "/>
</bind>
</comp>

<comp id="2141" class="1004" name="icmp_ln124_fu_2141">
<pin_list>
<pin id="2142" dir="0" index="0" bw="4" slack="0"/>
<pin id="2143" dir="0" index="1" bw="4" slack="0"/>
<pin id="2144" dir="1" index="2" bw="1" slack="2147483647"/>
</pin_list>
<bind>
<opcode="icmp(45) " fcode="icmp"/>
<opset="icmp_ln124/59 "/>
</bind>
</comp>

<comp id="2147" class="1004" name="j_6_fu_2147">
<pin_list>
<pin id="2148" dir="0" index="0" bw="4" slack="0"/>
<pin id="2149" dir="0" index="1" bw="1" slack="0"/>
<pin id="2150" dir="1" index="2" bw="4" slack="0"/>
</pin_list>
<bind>
<opcode="add(8) " fcode="add"/>
<opset="j_6/59 "/>
</bind>
</comp>

<comp id="2153" class="1004" name="zext_ln125_fu_2153">
<pin_list>
<pin id="2154" dir="0" index="0" bw="4" slack="0"/>
<pin id="2155" dir="1" index="1" bw="64" slack="0"/>
</pin_list>
<bind>
<opcode="zext(34) " fcode="zext"/>
<opset="zext_ln125/59 "/>
</bind>
</comp>

<comp id="2158" class="1007" name="grp_fu_2158">
<pin_list>
<pin id="2159" dir="0" index="0" bw="20" slack="0"/>
<pin id="2160" dir="0" index="1" bw="16" slack="0"/>
<pin id="2161" dir="0" index="2" bw="34" slack="0"/>
<pin id="2162" dir="1" index="3" bw="34" slack="0"/>
</pin_list>
<bind>
<opcode="muladd(1172) " fcode="muladd"/>
<opset="mul_ln1192/5 ret_V/5 "/>
</bind>
</comp>

<comp id="2167" class="1007" name="grp_fu_2167">
<pin_list>
<pin id="2168" dir="0" index="0" bw="19" slack="0"/>
<pin id="2169" dir="0" index="1" bw="16" slack="0"/>
<pin id="2170" dir="0" index="2" bw="34" slack="0"/>
<pin id="2171" dir="1" index="3" bw="34" slack="0"/>
</pin_list>
<bind>
<opcode="muladd(1172) " fcode="muladd"/>
<opset="mul_ln1192_1/9 ret_V_1/9 "/>
</bind>
</comp>

<comp id="2176" class="1007" name="grp_fu_2176">
<pin_list>
<pin id="2177" dir="0" index="0" bw="19" slack="0"/>
<pin id="2178" dir="0" index="1" bw="15" slack="0"/>
<pin id="2179" dir="0" index="2" bw="34" slack="0"/>
<pin id="2180" dir="1" index="3" bw="34" slack="0"/>
</pin_list>
<bind>
<opcode="muladd(1172) " fcode="muladd"/>
<opset="mul_ln1192_2/13 ret_V_2/13 "/>
</bind>
</comp>

<comp id="2185" class="1007" name="grp_fu_2185">
<pin_list>
<pin id="2186" dir="0" index="0" bw="19" slack="0"/>
<pin id="2187" dir="0" index="1" bw="16" slack="0"/>
<pin id="2188" dir="0" index="2" bw="34" slack="0"/>
<pin id="2189" dir="1" index="3" bw="34" slack="0"/>
</pin_list>
<bind>
<opcode="muladd(1172) " fcode="muladd"/>
<opset="mul_ln1192_3/17 ret_V_3/17 "/>
</bind>
</comp>

<comp id="2194" class="1005" name="add_ln88_reg_2194">
<pin_list>
<pin id="2195" dir="0" index="0" bw="12" slack="0"/>
<pin id="2196" dir="1" index="1" bw="12" slack="0"/>
</pin_list>
<bind>
<opset="add_ln88 "/>
</bind>
</comp>

<comp id="2202" class="1005" name="j_reg_2202">
<pin_list>
<pin id="2203" dir="0" index="0" bw="3" slack="0"/>
<pin id="2204" dir="1" index="1" bw="3" slack="0"/>
</pin_list>
<bind>
<opset="j "/>
</bind>
</comp>

<comp id="2207" class="1005" name="zext_ln89_reg_2207">
<pin_list>
<pin id="2208" dir="0" index="0" bw="64" slack="2"/>
<pin id="2209" dir="1" index="1" bw="64" slack="2"/>
</pin_list>
<bind>
<opset="zext_ln89 "/>
</bind>
</comp>

<comp id="2212" class="1005" name="B1_V_addr_reg_2212">
<pin_list>
<pin id="2213" dir="0" index="0" bw="3" slack="1"/>
<pin id="2214" dir="1" index="1" bw="3" slack="1"/>
</pin_list>
<bind>
<opset="B1_V_addr "/>
</bind>
</comp>

<comp id="2217" class="1005" name="zext_ln89_1_reg_2217">
<pin_list>
<pin id="2218" dir="0" index="0" bw="20" slack="1"/>
<pin id="2219" dir="1" index="1" bw="20" slack="1"/>
</pin_list>
<bind>
<opset="zext_ln89_1 "/>
</bind>
</comp>

<comp id="2225" class="1005" name="i_reg_2225">
<pin_list>
<pin id="2226" dir="0" index="0" bw="10" slack="0"/>
<pin id="2227" dir="1" index="1" bw="10" slack="0"/>
</pin_list>
<bind>
<opset="i "/>
</bind>
</comp>

<comp id="2230" class="1005" name="W1_V_addr_reg_2230">
<pin_list>
<pin id="2231" dir="0" index="0" bw="12" slack="1"/>
<pin id="2232" dir="1" index="1" bw="12" slack="1"/>
</pin_list>
<bind>
<opset="W1_V_addr "/>
</bind>
</comp>

<comp id="2235" class="1005" name="input_V_addr_reg_2235">
<pin_list>
<pin id="2236" dir="0" index="0" bw="10" slack="1"/>
<pin id="2237" dir="1" index="1" bw="10" slack="1"/>
</pin_list>
<bind>
<opset="input_V_addr "/>
</bind>
</comp>

<comp id="2240" class="1005" name="acc_V_2_reg_2240">
<pin_list>
<pin id="2241" dir="0" index="0" bw="20" slack="1"/>
<pin id="2242" dir="1" index="1" bw="20" slack="1"/>
</pin_list>
<bind>
<opset="acc_V_2 "/>
</bind>
</comp>

<comp id="2248" class="1005" name="j_1_reg_2248">
<pin_list>
<pin id="2249" dir="0" index="0" bw="4" slack="0"/>
<pin id="2250" dir="1" index="1" bw="4" slack="0"/>
</pin_list>
<bind>
<opset="j_1 "/>
</bind>
</comp>

<comp id="2253" class="1005" name="zext_ln94_reg_2253">
<pin_list>
<pin id="2254" dir="0" index="0" bw="64" slack="2"/>
<pin id="2255" dir="1" index="1" bw="64" slack="2"/>
</pin_list>
<bind>
<opset="zext_ln94 "/>
</bind>
</comp>

<comp id="2258" class="1005" name="B2_V_addr_reg_2258">
<pin_list>
<pin id="2259" dir="0" index="0" bw="3" slack="1"/>
<pin id="2260" dir="1" index="1" bw="3" slack="1"/>
</pin_list>
<bind>
<opset="B2_V_addr "/>
</bind>
</comp>

<comp id="2263" class="1005" name="add_ln1117_reg_2263">
<pin_list>
<pin id="2264" dir="0" index="0" bw="7" slack="1"/>
<pin id="2265" dir="1" index="1" bw="7" slack="1"/>
</pin_list>
<bind>
<opset="add_ln1117 "/>
</bind>
</comp>

<comp id="2268" class="1005" name="sext_ln94_reg_2268">
<pin_list>
<pin id="2269" dir="0" index="0" bw="20" slack="1"/>
<pin id="2270" dir="1" index="1" bw="20" slack="1"/>
</pin_list>
<bind>
<opset="sext_ln94 "/>
</bind>
</comp>

<comp id="2276" class="1005" name="i_1_reg_2276">
<pin_list>
<pin id="2277" dir="0" index="0" bw="3" slack="0"/>
<pin id="2278" dir="1" index="1" bw="3" slack="0"/>
</pin_list>
<bind>
<opset="i_1 "/>
</bind>
</comp>

<comp id="2281" class="1005" name="W2_V_addr_reg_2281">
<pin_list>
<pin id="2282" dir="0" index="0" bw="6" slack="1"/>
<pin id="2283" dir="1" index="1" bw="6" slack="1"/>
</pin_list>
<bind>
<opset="W2_V_addr "/>
</bind>
</comp>

<comp id="2286" class="1005" name="a1_V_addr_1_reg_2286">
<pin_list>
<pin id="2287" dir="0" index="0" bw="3" slack="1"/>
<pin id="2288" dir="1" index="1" bw="3" slack="1"/>
</pin_list>
<bind>
<opset="a1_V_addr_1 "/>
</bind>
</comp>

<comp id="2291" class="1005" name="acc_V_4_reg_2291">
<pin_list>
<pin id="2292" dir="0" index="0" bw="20" slack="1"/>
<pin id="2293" dir="1" index="1" bw="20" slack="1"/>
</pin_list>
<bind>
<opset="acc_V_4 "/>
</bind>
</comp>

<comp id="2299" class="1005" name="j_2_reg_2299">
<pin_list>
<pin id="2300" dir="0" index="0" bw="4" slack="0"/>
<pin id="2301" dir="1" index="1" bw="4" slack="0"/>
</pin_list>
<bind>
<opset="j_2 "/>
</bind>
</comp>

<comp id="2304" class="1005" name="zext_ln99_reg_2304">
<pin_list>
<pin id="2305" dir="0" index="0" bw="64" slack="2"/>
<pin id="2306" dir="1" index="1" bw="64" slack="2"/>
</pin_list>
<bind>
<opset="zext_ln99 "/>
</bind>
</comp>

<comp id="2309" class="1005" name="B3_V_addr_reg_2309">
<pin_list>
<pin id="2310" dir="0" index="0" bw="3" slack="1"/>
<pin id="2311" dir="1" index="1" bw="3" slack="1"/>
</pin_list>
<bind>
<opset="B3_V_addr "/>
</bind>
</comp>

<comp id="2314" class="1005" name="zext_ln99_1_reg_2314">
<pin_list>
<pin id="2315" dir="0" index="0" bw="8" slack="1"/>
<pin id="2316" dir="1" index="1" bw="8" slack="1"/>
</pin_list>
<bind>
<opset="zext_ln99_1 "/>
</bind>
</comp>

<comp id="2319" class="1005" name="sext_ln99_reg_2319">
<pin_list>
<pin id="2320" dir="0" index="0" bw="20" slack="1"/>
<pin id="2321" dir="1" index="1" bw="20" slack="1"/>
</pin_list>
<bind>
<opset="sext_ln99 "/>
</bind>
</comp>

<comp id="2327" class="1005" name="i_2_reg_2327">
<pin_list>
<pin id="2328" dir="0" index="0" bw="4" slack="0"/>
<pin id="2329" dir="1" index="1" bw="4" slack="0"/>
</pin_list>
<bind>
<opset="i_2 "/>
</bind>
</comp>

<comp id="2332" class="1005" name="W3_V_addr_reg_2332">
<pin_list>
<pin id="2333" dir="0" index="0" bw="6" slack="1"/>
<pin id="2334" dir="1" index="1" bw="6" slack="1"/>
</pin_list>
<bind>
<opset="W3_V_addr "/>
</bind>
</comp>

<comp id="2337" class="1005" name="a2_V_addr_1_reg_2337">
<pin_list>
<pin id="2338" dir="0" index="0" bw="3" slack="1"/>
<pin id="2339" dir="1" index="1" bw="3" slack="1"/>
</pin_list>
<bind>
<opset="a2_V_addr_1 "/>
</bind>
</comp>

<comp id="2342" class="1005" name="acc_V_6_reg_2342">
<pin_list>
<pin id="2343" dir="0" index="0" bw="20" slack="1"/>
<pin id="2344" dir="1" index="1" bw="20" slack="1"/>
</pin_list>
<bind>
<opset="acc_V_6 "/>
</bind>
</comp>

<comp id="2350" class="1005" name="j_3_reg_2350">
<pin_list>
<pin id="2351" dir="0" index="0" bw="4" slack="0"/>
<pin id="2352" dir="1" index="1" bw="4" slack="0"/>
</pin_list>
<bind>
<opset="j_3 "/>
</bind>
</comp>

<comp id="2355" class="1005" name="zext_ln104_reg_2355">
<pin_list>
<pin id="2356" dir="0" index="0" bw="64" slack="2"/>
<pin id="2357" dir="1" index="1" bw="64" slack="2"/>
</pin_list>
<bind>
<opset="zext_ln104 "/>
</bind>
</comp>

<comp id="2360" class="1005" name="B4_V_addr_reg_2360">
<pin_list>
<pin id="2361" dir="0" index="0" bw="4" slack="1"/>
<pin id="2362" dir="1" index="1" bw="4" slack="1"/>
</pin_list>
<bind>
<opset="B4_V_addr "/>
</bind>
</comp>

<comp id="2365" class="1005" name="z4_V_addr_reg_2365">
<pin_list>
<pin id="2366" dir="0" index="0" bw="4" slack="1"/>
<pin id="2367" dir="1" index="1" bw="4" slack="1"/>
</pin_list>
<bind>
<opset="z4_V_addr "/>
</bind>
</comp>

<comp id="2370" class="1005" name="zext_ln104_1_reg_2370">
<pin_list>
<pin id="2371" dir="0" index="0" bw="8" slack="1"/>
<pin id="2372" dir="1" index="1" bw="8" slack="1"/>
</pin_list>
<bind>
<opset="zext_ln104_1 "/>
</bind>
</comp>

<comp id="2375" class="1005" name="sext_ln104_reg_2375">
<pin_list>
<pin id="2376" dir="0" index="0" bw="20" slack="1"/>
<pin id="2377" dir="1" index="1" bw="20" slack="1"/>
</pin_list>
<bind>
<opset="sext_ln104 "/>
</bind>
</comp>

<comp id="2383" class="1005" name="i_3_reg_2383">
<pin_list>
<pin id="2384" dir="0" index="0" bw="4" slack="0"/>
<pin id="2385" dir="1" index="1" bw="4" slack="0"/>
</pin_list>
<bind>
<opset="i_3 "/>
</bind>
</comp>

<comp id="2388" class="1005" name="W4_V_addr_reg_2388">
<pin_list>
<pin id="2389" dir="0" index="0" bw="7" slack="1"/>
<pin id="2390" dir="1" index="1" bw="7" slack="1"/>
</pin_list>
<bind>
<opset="W4_V_addr "/>
</bind>
</comp>

<comp id="2393" class="1005" name="a3_V_addr_1_reg_2393">
<pin_list>
<pin id="2394" dir="0" index="0" bw="3" slack="1"/>
<pin id="2395" dir="1" index="1" bw="3" slack="1"/>
</pin_list>
<bind>
<opset="a3_V_addr_1 "/>
</bind>
</comp>

<comp id="2398" class="1005" name="acc_V_7_reg_2398">
<pin_list>
<pin id="2399" dir="0" index="0" bw="20" slack="1"/>
<pin id="2400" dir="1" index="1" bw="20" slack="1"/>
</pin_list>
<bind>
<opset="acc_V_7 "/>
</bind>
</comp>

<comp id="2403" class="1005" name="p_Result_21_reg_2403">
<pin_list>
<pin id="2404" dir="0" index="0" bw="1" slack="1"/>
<pin id="2405" dir="1" index="1" bw="1" slack="1"/>
</pin_list>
<bind>
<opset="p_Result_21 "/>
</bind>
</comp>

<comp id="2409" class="1005" name="icmp_ln935_reg_2409">
<pin_list>
<pin id="2410" dir="0" index="0" bw="1" slack="1"/>
<pin id="2411" dir="1" index="1" bw="1" slack="2"/>
</pin_list>
<bind>
<opset="icmp_ln935 "/>
</bind>
</comp>

<comp id="2414" class="1005" name="tmp_V_10_reg_2414">
<pin_list>
<pin id="2415" dir="0" index="0" bw="20" slack="1"/>
<pin id="2416" dir="1" index="1" bw="20" slack="1"/>
</pin_list>
<bind>
<opset="tmp_V_10 "/>
</bind>
</comp>

<comp id="2422" class="1005" name="sub_ln944_reg_2422">
<pin_list>
<pin id="2423" dir="0" index="0" bw="32" slack="1"/>
<pin id="2424" dir="1" index="1" bw="32" slack="1"/>
</pin_list>
<bind>
<opset="sub_ln944 "/>
</bind>
</comp>

<comp id="2429" class="1005" name="trunc_ln944_reg_2429">
<pin_list>
<pin id="2430" dir="0" index="0" bw="20" slack="1"/>
<pin id="2431" dir="1" index="1" bw="20" slack="1"/>
</pin_list>
<bind>
<opset="trunc_ln944 "/>
</bind>
</comp>

<comp id="2434" class="1005" name="trunc_ln947_reg_2434">
<pin_list>
<pin id="2435" dir="0" index="0" bw="5" slack="1"/>
<pin id="2436" dir="1" index="1" bw="5" slack="1"/>
</pin_list>
<bind>
<opset="trunc_ln947 "/>
</bind>
</comp>

<comp id="2439" class="1005" name="trunc_ln943_reg_2439">
<pin_list>
<pin id="2440" dir="0" index="0" bw="8" slack="2"/>
<pin id="2441" dir="1" index="1" bw="8" slack="2"/>
</pin_list>
<bind>
<opset="trunc_ln943 "/>
</bind>
</comp>

<comp id="2444" class="1005" name="m_s_reg_2444">
<pin_list>
<pin id="2445" dir="0" index="0" bw="63" slack="1"/>
<pin id="2446" dir="1" index="1" bw="63" slack="1"/>
</pin_list>
<bind>
<opset="m_s "/>
</bind>
</comp>

<comp id="2449" class="1005" name="tmp_15_reg_2449">
<pin_list>
<pin id="2450" dir="0" index="0" bw="1" slack="1"/>
<pin id="2451" dir="1" index="1" bw="1" slack="1"/>
</pin_list>
<bind>
<opset="tmp_15 "/>
</bind>
</comp>

<comp id="2454" class="1005" name="select_ln935_reg_2454">
<pin_list>
<pin id="2455" dir="0" index="0" bw="32" slack="1"/>
<pin id="2456" dir="1" index="1" bw="32" slack="1"/>
</pin_list>
<bind>
<opset="select_ln935 "/>
</bind>
</comp>

<comp id="2463" class="1005" name="zext_ln110_reg_2463">
<pin_list>
<pin id="2464" dir="0" index="0" bw="64" slack="1"/>
<pin id="2465" dir="1" index="1" bw="64" slack="1"/>
</pin_list>
<bind>
<opset="zext_ln110 "/>
</bind>
</comp>

<comp id="2469" class="1005" name="z4_V_addr_2_reg_2469">
<pin_list>
<pin id="2470" dir="0" index="0" bw="4" slack="1"/>
<pin id="2471" dir="1" index="1" bw="4" slack="1"/>
</pin_list>
<bind>
<opset="z4_V_addr_2 "/>
</bind>
</comp>

<comp id="2474" class="1005" name="icmp_ln935_1_reg_2474">
<pin_list>
<pin id="2475" dir="0" index="0" bw="1" slack="2"/>
<pin id="2476" dir="1" index="1" bw="1" slack="4"/>
</pin_list>
<bind>
<opset="icmp_ln935_1 "/>
</bind>
</comp>

<comp id="2479" class="1005" name="p_Result_24_reg_2479">
<pin_list>
<pin id="2480" dir="0" index="0" bw="1" slack="2"/>
<pin id="2481" dir="1" index="1" bw="1" slack="2"/>
</pin_list>
<bind>
<opset="p_Result_24 "/>
</bind>
</comp>

<comp id="2484" class="1005" name="tmp_V_12_reg_2484">
<pin_list>
<pin id="2485" dir="0" index="0" bw="20" slack="1"/>
<pin id="2486" dir="1" index="1" bw="20" slack="1"/>
</pin_list>
<bind>
<opset="tmp_V_12 "/>
</bind>
</comp>

<comp id="2492" class="1005" name="l_1_reg_2492">
<pin_list>
<pin id="2493" dir="0" index="0" bw="32" slack="1"/>
<pin id="2494" dir="1" index="1" bw="32" slack="1"/>
</pin_list>
<bind>
<opset="l_1 "/>
</bind>
</comp>

<comp id="2497" class="1005" name="trunc_ln943_1_reg_2497">
<pin_list>
<pin id="2498" dir="0" index="0" bw="8" slack="2"/>
<pin id="2499" dir="1" index="1" bw="8" slack="2"/>
</pin_list>
<bind>
<opset="trunc_ln943_1 "/>
</bind>
</comp>

<comp id="2502" class="1005" name="or_ln949_2_reg_2502">
<pin_list>
<pin id="2503" dir="0" index="0" bw="32" slack="1"/>
<pin id="2504" dir="1" index="1" bw="32" slack="1"/>
</pin_list>
<bind>
<opset="or_ln949_2 "/>
</bind>
</comp>

<comp id="2507" class="1005" name="icmp_ln958_1_reg_2507">
<pin_list>
<pin id="2508" dir="0" index="0" bw="1" slack="1"/>
<pin id="2509" dir="1" index="1" bw="1" slack="1"/>
</pin_list>
<bind>
<opset="icmp_ln958_1 "/>
</bind>
</comp>

<comp id="2512" class="1005" name="add_ln958_1_reg_2512">
<pin_list>
<pin id="2513" dir="0" index="0" bw="32" slack="1"/>
<pin id="2514" dir="1" index="1" bw="32" slack="1"/>
</pin_list>
<bind>
<opset="add_ln958_1 "/>
</bind>
</comp>

<comp id="2517" class="1005" name="sub_ln958_1_reg_2517">
<pin_list>
<pin id="2518" dir="0" index="0" bw="32" slack="1"/>
<pin id="2519" dir="1" index="1" bw="32" slack="1"/>
</pin_list>
<bind>
<opset="sub_ln958_1 "/>
</bind>
</comp>

<comp id="2522" class="1005" name="bitcast_ln739_1_reg_2522">
<pin_list>
<pin id="2523" dir="0" index="0" bw="32" slack="1"/>
<pin id="2524" dir="1" index="1" bw="32" slack="1"/>
</pin_list>
<bind>
<opset="bitcast_ln739_1 "/>
</bind>
</comp>

<comp id="2527" class="1005" name="p_Result_27_reg_2527">
<pin_list>
<pin id="2528" dir="0" index="0" bw="1" slack="2"/>
<pin id="2529" dir="1" index="1" bw="1" slack="2"/>
</pin_list>
<bind>
<opset="p_Result_27 "/>
</bind>
</comp>

<comp id="2532" class="1005" name="tmp_V_13_reg_2532">
<pin_list>
<pin id="2533" dir="0" index="0" bw="20" slack="1"/>
<pin id="2534" dir="1" index="1" bw="20" slack="1"/>
</pin_list>
<bind>
<opset="tmp_V_13 "/>
</bind>
</comp>

<comp id="2540" class="1005" name="l_2_reg_2540">
<pin_list>
<pin id="2541" dir="0" index="0" bw="32" slack="1"/>
<pin id="2542" dir="1" index="1" bw="32" slack="1"/>
</pin_list>
<bind>
<opset="l_2 "/>
</bind>
</comp>

<comp id="2545" class="1005" name="trunc_ln943_2_reg_2545">
<pin_list>
<pin id="2546" dir="0" index="0" bw="8" slack="2"/>
<pin id="2547" dir="1" index="1" bw="8" slack="2"/>
</pin_list>
<bind>
<opset="trunc_ln943_2 "/>
</bind>
</comp>

<comp id="2550" class="1005" name="j_5_reg_2550">
<pin_list>
<pin id="2551" dir="0" index="0" bw="4" slack="1"/>
<pin id="2552" dir="1" index="1" bw="4" slack="1"/>
</pin_list>
<bind>
<opset="j_5 "/>
</bind>
</comp>

<comp id="2555" class="1005" name="icmp_ln111_reg_2555">
<pin_list>
<pin id="2556" dir="0" index="0" bw="1" slack="1"/>
<pin id="2557" dir="1" index="1" bw="1" slack="1"/>
</pin_list>
<bind>
<opset="icmp_ln111 "/>
</bind>
</comp>

<comp id="2560" class="1005" name="icmp_ln111_1_reg_2560">
<pin_list>
<pin id="2561" dir="0" index="0" bw="1" slack="1"/>
<pin id="2562" dir="1" index="1" bw="1" slack="1"/>
</pin_list>
<bind>
<opset="icmp_ln111_1 "/>
</bind>
</comp>

<comp id="2565" class="1005" name="or_ln949_4_reg_2565">
<pin_list>
<pin id="2566" dir="0" index="0" bw="32" slack="1"/>
<pin id="2567" dir="1" index="1" bw="32" slack="1"/>
</pin_list>
<bind>
<opset="or_ln949_4 "/>
</bind>
</comp>

<comp id="2570" class="1005" name="icmp_ln958_2_reg_2570">
<pin_list>
<pin id="2571" dir="0" index="0" bw="1" slack="1"/>
<pin id="2572" dir="1" index="1" bw="1" slack="1"/>
</pin_list>
<bind>
<opset="icmp_ln958_2 "/>
</bind>
</comp>

<comp id="2575" class="1005" name="add_ln958_2_reg_2575">
<pin_list>
<pin id="2576" dir="0" index="0" bw="32" slack="1"/>
<pin id="2577" dir="1" index="1" bw="32" slack="1"/>
</pin_list>
<bind>
<opset="add_ln958_2 "/>
</bind>
</comp>

<comp id="2580" class="1005" name="sub_ln958_2_reg_2580">
<pin_list>
<pin id="2581" dir="0" index="0" bw="32" slack="1"/>
<pin id="2582" dir="1" index="1" bw="32" slack="1"/>
</pin_list>
<bind>
<opset="sub_ln958_2 "/>
</bind>
</comp>

<comp id="2585" class="1005" name="select_ln111_1_reg_2585">
<pin_list>
<pin id="2586" dir="0" index="0" bw="32" slack="1"/>
<pin id="2587" dir="1" index="1" bw="32" slack="1"/>
</pin_list>
<bind>
<opset="select_ln111_1 "/>
</bind>
</comp>

<comp id="2593" class="1005" name="j_4_reg_2593">
<pin_list>
<pin id="2594" dir="0" index="0" bw="4" slack="0"/>
<pin id="2595" dir="1" index="1" bw="4" slack="0"/>
</pin_list>
<bind>
<opset="j_4 "/>
</bind>
</comp>

<comp id="2598" class="1005" name="zext_ln119_reg_2598">
<pin_list>
<pin id="2599" dir="0" index="0" bw="64" slack="23"/>
<pin id="2600" dir="1" index="1" bw="64" slack="23"/>
</pin_list>
<bind>
<opset="zext_ln119 "/>
</bind>
</comp>

<comp id="2603" class="1005" name="logits_addr_3_reg_2603">
<pin_list>
<pin id="2604" dir="0" index="0" bw="4" slack="1"/>
<pin id="2605" dir="1" index="1" bw="4" slack="1"/>
</pin_list>
<bind>
<opset="logits_addr_3 "/>
</bind>
</comp>

<comp id="2608" class="1005" name="logits_load_reg_2608">
<pin_list>
<pin id="2609" dir="0" index="0" bw="32" slack="1"/>
<pin id="2610" dir="1" index="1" bw="32" slack="1"/>
</pin_list>
<bind>
<opset="logits_load "/>
</bind>
</comp>

<comp id="2613" class="1005" name="tmp_reg_2613">
<pin_list>
<pin id="2614" dir="0" index="0" bw="32" slack="1"/>
<pin id="2615" dir="1" index="1" bw="32" slack="1"/>
</pin_list>
<bind>
<opset="tmp "/>
</bind>
</comp>

<comp id="2618" class="1005" name="e_reg_2618">
<pin_list>
<pin id="2619" dir="0" index="0" bw="32" slack="1"/>
<pin id="2620" dir="1" index="1" bw="32" slack="1"/>
</pin_list>
<bind>
<opset="e "/>
</bind>
</comp>

<comp id="2624" class="1005" name="sum_reg_2624">
<pin_list>
<pin id="2625" dir="0" index="0" bw="32" slack="1"/>
<pin id="2626" dir="1" index="1" bw="32" slack="1"/>
</pin_list>
<bind>
<opset="sum "/>
</bind>
</comp>

<comp id="2632" class="1005" name="j_6_reg_2632">
<pin_list>
<pin id="2633" dir="0" index="0" bw="4" slack="0"/>
<pin id="2634" dir="1" index="1" bw="4" slack="0"/>
</pin_list>
<bind>
<opset="j_6 "/>
</bind>
</comp>

<comp id="2637" class="1005" name="output_addr_1_reg_2637">
<pin_list>
<pin id="2638" dir="0" index="0" bw="4" slack="1"/>
<pin id="2639" dir="1" index="1" bw="4" slack="1"/>
</pin_list>
<bind>
<opset="output_addr_1 "/>
</bind>
</comp>

<comp id="2642" class="1005" name="output_load_reg_2642">
<pin_list>
<pin id="2643" dir="0" index="0" bw="32" slack="1"/>
<pin id="2644" dir="1" index="1" bw="32" slack="1"/>
</pin_list>
<bind>
<opset="output_load "/>
</bind>
</comp>

<comp id="2647" class="1005" name="tmp_2_reg_2647">
<pin_list>
<pin id="2648" dir="0" index="0" bw="32" slack="1"/>
<pin id="2649" dir="1" index="1" bw="32" slack="1"/>
</pin_list>
<bind>
<opset="tmp_2 "/>
</bind>
</comp>

</comp_list>

<net_list>
<net id="179"><net_src comp="26" pin="0"/><net_sink comp="176" pin=0"/></net>

<net id="183"><net_src comp="26" pin="0"/><net_sink comp="180" pin=0"/></net>

<net id="187"><net_src comp="26" pin="0"/><net_sink comp="184" pin=0"/></net>

<net id="191"><net_src comp="26" pin="0"/><net_sink comp="188" pin=0"/></net>

<net id="195"><net_src comp="26" pin="0"/><net_sink comp="192" pin=0"/></net>

<net id="201"><net_src comp="4" pin="0"/><net_sink comp="196" pin=0"/></net>

<net id="202"><net_src comp="42" pin="0"/><net_sink comp="196" pin=1"/></net>

<net id="208"><net_src comp="196" pin="3"/><net_sink comp="203" pin=0"/></net>

<net id="214"><net_src comp="6" pin="0"/><net_sink comp="209" pin=0"/></net>

<net id="215"><net_src comp="42" pin="0"/><net_sink comp="209" pin=1"/></net>

<net id="221"><net_src comp="0" pin="0"/><net_sink comp="216" pin=0"/></net>

<net id="222"><net_src comp="42" pin="0"/><net_sink comp="216" pin=1"/></net>

<net id="228"><net_src comp="216" pin="3"/><net_sink comp="223" pin=0"/></net>

<net id="234"><net_src comp="209" pin="3"/><net_sink comp="229" pin=0"/></net>

<net id="240"><net_src comp="42" pin="0"/><net_sink comp="235" pin=1"/></net>

<net id="246"><net_src comp="235" pin="3"/><net_sink comp="241" pin=0"/></net>

<net id="252"><net_src comp="8" pin="0"/><net_sink comp="247" pin=0"/></net>

<net id="253"><net_src comp="42" pin="0"/><net_sink comp="247" pin=1"/></net>

<net id="259"><net_src comp="247" pin="3"/><net_sink comp="254" pin=0"/></net>

<net id="265"><net_src comp="10" pin="0"/><net_sink comp="260" pin=0"/></net>

<net id="266"><net_src comp="42" pin="0"/><net_sink comp="260" pin=1"/></net>

<net id="272"><net_src comp="42" pin="0"/><net_sink comp="267" pin=1"/></net>

<net id="273"><net_src comp="267" pin="3"/><net_sink comp="241" pin=0"/></net>

<net id="279"><net_src comp="260" pin="3"/><net_sink comp="274" pin=0"/></net>

<net id="285"><net_src comp="42" pin="0"/><net_sink comp="280" pin=1"/></net>

<net id="291"><net_src comp="280" pin="3"/><net_sink comp="286" pin=0"/></net>

<net id="297"><net_src comp="12" pin="0"/><net_sink comp="292" pin=0"/></net>

<net id="298"><net_src comp="42" pin="0"/><net_sink comp="292" pin=1"/></net>

<net id="304"><net_src comp="292" pin="3"/><net_sink comp="299" pin=0"/></net>

<net id="310"><net_src comp="14" pin="0"/><net_sink comp="305" pin=0"/></net>

<net id="311"><net_src comp="42" pin="0"/><net_sink comp="305" pin=1"/></net>

<net id="317"><net_src comp="42" pin="0"/><net_sink comp="312" pin=1"/></net>

<net id="318"><net_src comp="312" pin="3"/><net_sink comp="286" pin=0"/></net>

<net id="324"><net_src comp="305" pin="3"/><net_sink comp="319" pin=0"/></net>

<net id="330"><net_src comp="42" pin="0"/><net_sink comp="325" pin=1"/></net>

<net id="336"><net_src comp="325" pin="3"/><net_sink comp="331" pin=0"/></net>

<net id="342"><net_src comp="16" pin="0"/><net_sink comp="337" pin=0"/></net>

<net id="343"><net_src comp="42" pin="0"/><net_sink comp="337" pin=1"/></net>

<net id="349"><net_src comp="337" pin="3"/><net_sink comp="344" pin=0"/></net>

<net id="355"><net_src comp="42" pin="0"/><net_sink comp="350" pin=1"/></net>

<net id="356"><net_src comp="42" pin="0"/><net_sink comp="350" pin=2"/></net>

<net id="362"><net_src comp="350" pin="3"/><net_sink comp="357" pin=0"/></net>

<net id="368"><net_src comp="18" pin="0"/><net_sink comp="363" pin=0"/></net>

<net id="369"><net_src comp="42" pin="0"/><net_sink comp="363" pin=1"/></net>

<net id="375"><net_src comp="42" pin="0"/><net_sink comp="370" pin=1"/></net>

<net id="376"><net_src comp="370" pin="3"/><net_sink comp="331" pin=0"/></net>

<net id="382"><net_src comp="363" pin="3"/><net_sink comp="377" pin=0"/></net>

<net id="388"><net_src comp="42" pin="0"/><net_sink comp="383" pin=1"/></net>

<net id="389"><net_src comp="383" pin="3"/><net_sink comp="357" pin=0"/></net>

<net id="395"><net_src comp="42" pin="0"/><net_sink comp="390" pin=1"/></net>

<net id="396"><net_src comp="390" pin="3"/><net_sink comp="357" pin=0"/></net>

<net id="402"><net_src comp="42" pin="0"/><net_sink comp="397" pin=1"/></net>

<net id="403"><net_src comp="42" pin="0"/><net_sink comp="397" pin=2"/></net>

<net id="409"><net_src comp="397" pin="3"/><net_sink comp="404" pin=0"/></net>

<net id="415"><net_src comp="42" pin="0"/><net_sink comp="410" pin=1"/></net>

<net id="416"><net_src comp="158" pin="0"/><net_sink comp="404" pin=1"/></net>

<net id="417"><net_src comp="410" pin="3"/><net_sink comp="404" pin=0"/></net>

<net id="423"><net_src comp="42" pin="0"/><net_sink comp="418" pin=1"/></net>

<net id="424"><net_src comp="418" pin="3"/><net_sink comp="404" pin=0"/></net>

<net id="430"><net_src comp="42" pin="0"/><net_sink comp="425" pin=1"/></net>

<net id="431"><net_src comp="425" pin="3"/><net_sink comp="404" pin=0"/></net>

<net id="437"><net_src comp="2" pin="0"/><net_sink comp="432" pin=0"/></net>

<net id="438"><net_src comp="42" pin="0"/><net_sink comp="432" pin=1"/></net>

<net id="444"><net_src comp="432" pin="3"/><net_sink comp="439" pin=0"/></net>

<net id="450"><net_src comp="2" pin="0"/><net_sink comp="445" pin=0"/></net>

<net id="451"><net_src comp="42" pin="0"/><net_sink comp="445" pin=1"/></net>

<net id="452"><net_src comp="445" pin="3"/><net_sink comp="439" pin=0"/></net>

<net id="456"><net_src comp="28" pin="0"/><net_sink comp="453" pin=0"/></net>

<net id="463"><net_src comp="453" pin="1"/><net_sink comp="457" pin=2"/></net>

<net id="467"><net_src comp="30" pin="0"/><net_sink comp="464" pin=0"/></net>

<net id="474"><net_src comp="464" pin="1"/><net_sink comp="468" pin=2"/></net>

<net id="475"><net_src comp="468" pin="4"/><net_sink comp="464" pin=0"/></net>

<net id="485"><net_src comp="479" pin="4"/><net_sink comp="476" pin=0"/></net>

<net id="489"><net_src comp="48" pin="0"/><net_sink comp="486" pin=0"/></net>

<net id="496"><net_src comp="486" pin="1"/><net_sink comp="490" pin=0"/></net>

<net id="500"><net_src comp="74" pin="0"/><net_sink comp="497" pin=0"/></net>

<net id="507"><net_src comp="497" pin="1"/><net_sink comp="501" pin=2"/></net>

<net id="508"><net_src comp="501" pin="4"/><net_sink comp="497" pin=0"/></net>

<net id="518"><net_src comp="512" pin="4"/><net_sink comp="509" pin=0"/></net>

<net id="522"><net_src comp="28" pin="0"/><net_sink comp="519" pin=0"/></net>

<net id="529"><net_src comp="519" pin="1"/><net_sink comp="523" pin=0"/></net>

<net id="533"><net_src comp="74" pin="0"/><net_sink comp="530" pin=0"/></net>

<net id="540"><net_src comp="530" pin="1"/><net_sink comp="534" pin=2"/></net>

<net id="541"><net_src comp="534" pin="4"/><net_sink comp="530" pin=0"/></net>

<net id="551"><net_src comp="545" pin="4"/><net_sink comp="542" pin=0"/></net>

<net id="555"><net_src comp="74" pin="0"/><net_sink comp="552" pin=0"/></net>

<net id="562"><net_src comp="552" pin="1"/><net_sink comp="556" pin=0"/></net>

<net id="566"><net_src comp="74" pin="0"/><net_sink comp="563" pin=0"/></net>

<net id="573"><net_src comp="563" pin="1"/><net_sink comp="567" pin=2"/></net>

<net id="574"><net_src comp="567" pin="4"/><net_sink comp="563" pin=0"/></net>

<net id="584"><net_src comp="578" pin="4"/><net_sink comp="357" pin=1"/></net>

<net id="585"><net_src comp="578" pin="4"/><net_sink comp="575" pin=0"/></net>

<net id="589"><net_src comp="74" pin="0"/><net_sink comp="586" pin=0"/></net>

<net id="596"><net_src comp="586" pin="1"/><net_sink comp="590" pin=0"/></net>

<net id="606"><net_src comp="600" pin="4"/><net_sink comp="597" pin=0"/></net>

<net id="610"><net_src comp="80" pin="0"/><net_sink comp="607" pin=0"/></net>

<net id="617"><net_src comp="607" pin="1"/><net_sink comp="611" pin=2"/></net>

<net id="618"><net_src comp="611" pin="4"/><net_sink comp="607" pin=0"/></net>

<net id="622"><net_src comp="158" pin="0"/><net_sink comp="619" pin=0"/></net>

<net id="629"><net_src comp="619" pin="1"/><net_sink comp="623" pin=2"/></net>

<net id="630"><net_src comp="623" pin="4"/><net_sink comp="619" pin=0"/></net>

<net id="634"><net_src comp="158" pin="0"/><net_sink comp="631" pin=0"/></net>

<net id="641"><net_src comp="631" pin="1"/><net_sink comp="635" pin=0"/></net>

<net id="642"><net_src comp="635" pin="4"/><net_sink comp="631" pin=0"/></net>

<net id="646"><net_src comp="74" pin="0"/><net_sink comp="643" pin=0"/></net>

<net id="653"><net_src comp="643" pin="1"/><net_sink comp="647" pin=0"/></net>

<net id="657"><net_src comp="74" pin="0"/><net_sink comp="654" pin=0"/></net>

<net id="664"><net_src comp="654" pin="1"/><net_sink comp="658" pin=2"/></net>

<net id="669"><net_src comp="597" pin="1"/><net_sink comp="665" pin=1"/></net>

<net id="670"><net_src comp="631" pin="1"/><net_sink comp="665" pin=0"/></net>

<net id="675"><net_src comp="631" pin="1"/><net_sink comp="671" pin=1"/></net>

<net id="680"><net_src comp="623" pin="4"/><net_sink comp="676" pin=0"/></net>

<net id="681"><net_src comp="597" pin="1"/><net_sink comp="676" pin=1"/></net>

<net id="686"><net_src comp="170" pin="0"/><net_sink comp="682" pin=0"/></net>

<net id="692"><net_src comp="56" pin="0"/><net_sink comp="687" pin=0"/></net>

<net id="693"><net_src comp="357" pin="3"/><net_sink comp="687" pin=1"/></net>

<net id="694"><net_src comp="58" pin="0"/><net_sink comp="687" pin=2"/></net>

<net id="699"><net_src comp="98" pin="0"/><net_sink comp="695" pin=0"/></net>

<net id="700"><net_src comp="357" pin="3"/><net_sink comp="695" pin=1"/></net>

<net id="704"><net_src comp="357" pin="3"/><net_sink comp="701" pin=0"/></net>

<net id="705"><net_src comp="701" pin="1"/><net_sink comp="695" pin=1"/></net>

<net id="710"><net_src comp="468" pin="4"/><net_sink comp="706" pin=0"/></net>

<net id="711"><net_src comp="32" pin="0"/><net_sink comp="706" pin=1"/></net>

<net id="716"><net_src comp="457" pin="4"/><net_sink comp="712" pin=0"/></net>

<net id="717"><net_src comp="34" pin="0"/><net_sink comp="712" pin=1"/></net>

<net id="722"><net_src comp="457" pin="4"/><net_sink comp="718" pin=0"/></net>

<net id="723"><net_src comp="40" pin="0"/><net_sink comp="718" pin=1"/></net>

<net id="727"><net_src comp="457" pin="4"/><net_sink comp="724" pin=0"/></net>

<net id="728"><net_src comp="724" pin="1"/><net_sink comp="196" pin=2"/></net>

<net id="732"><net_src comp="203" pin="3"/><net_sink comp="729" pin=0"/></net>

<net id="737"><net_src comp="490" pin="4"/><net_sink comp="733" pin=0"/></net>

<net id="738"><net_src comp="52" pin="0"/><net_sink comp="733" pin=1"/></net>

<net id="743"><net_src comp="490" pin="4"/><net_sink comp="739" pin=0"/></net>

<net id="744"><net_src comp="54" pin="0"/><net_sink comp="739" pin=1"/></net>

<net id="748"><net_src comp="490" pin="4"/><net_sink comp="745" pin=0"/></net>

<net id="749"><net_src comp="745" pin="1"/><net_sink comp="216" pin=2"/></net>

<net id="753"><net_src comp="490" pin="4"/><net_sink comp="750" pin=0"/></net>

<net id="758"><net_src comp="750" pin="1"/><net_sink comp="754" pin=0"/></net>

<net id="759"><net_src comp="464" pin="1"/><net_sink comp="754" pin=1"/></net>

<net id="763"><net_src comp="754" pin="2"/><net_sink comp="760" pin=0"/></net>

<net id="764"><net_src comp="760" pin="1"/><net_sink comp="209" pin=2"/></net>

<net id="768"><net_src comp="479" pin="4"/><net_sink comp="765" pin=0"/></net>

<net id="774"><net_src comp="56" pin="0"/><net_sink comp="769" pin=0"/></net>

<net id="775"><net_src comp="479" pin="4"/><net_sink comp="769" pin=1"/></net>

<net id="776"><net_src comp="58" pin="0"/><net_sink comp="769" pin=2"/></net>

<net id="782"><net_src comp="769" pin="3"/><net_sink comp="777" pin=0"/></net>

<net id="783"><net_src comp="60" pin="0"/><net_sink comp="777" pin=1"/></net>

<net id="784"><net_src comp="765" pin="1"/><net_sink comp="777" pin=2"/></net>

<net id="785"><net_src comp="777" pin="3"/><net_sink comp="241" pin=1"/></net>

<net id="789"><net_src comp="223" pin="3"/><net_sink comp="786" pin=0"/></net>

<net id="793"><net_src comp="229" pin="3"/><net_sink comp="790" pin=0"/></net>

<net id="799"><net_src comp="64" pin="0"/><net_sink comp="794" pin=0"/></net>

<net id="800"><net_src comp="476" pin="1"/><net_sink comp="794" pin=1"/></net>

<net id="801"><net_src comp="66" pin="0"/><net_sink comp="794" pin=2"/></net>

<net id="808"><net_src comp="68" pin="0"/><net_sink comp="802" pin=0"/></net>

<net id="809"><net_src comp="70" pin="0"/><net_sink comp="802" pin=2"/></net>

<net id="810"><net_src comp="72" pin="0"/><net_sink comp="802" pin=3"/></net>

<net id="815"><net_src comp="501" pin="4"/><net_sink comp="811" pin=0"/></net>

<net id="816"><net_src comp="76" pin="0"/><net_sink comp="811" pin=1"/></net>

<net id="821"><net_src comp="501" pin="4"/><net_sink comp="817" pin=0"/></net>

<net id="822"><net_src comp="80" pin="0"/><net_sink comp="817" pin=1"/></net>

<net id="826"><net_src comp="501" pin="4"/><net_sink comp="823" pin=0"/></net>

<net id="827"><net_src comp="823" pin="1"/><net_sink comp="247" pin=2"/></net>

<net id="831"><net_src comp="497" pin="1"/><net_sink comp="828" pin=0"/></net>

<net id="837"><net_src comp="84" pin="0"/><net_sink comp="832" pin=0"/></net>

<net id="838"><net_src comp="497" pin="1"/><net_sink comp="832" pin=1"/></net>

<net id="839"><net_src comp="86" pin="0"/><net_sink comp="832" pin=2"/></net>

<net id="843"><net_src comp="832" pin="3"/><net_sink comp="840" pin=0"/></net>

<net id="848"><net_src comp="828" pin="1"/><net_sink comp="844" pin=0"/></net>

<net id="849"><net_src comp="840" pin="1"/><net_sink comp="844" pin=1"/></net>

<net id="853"><net_src comp="254" pin="3"/><net_sink comp="850" pin=0"/></net>

<net id="858"><net_src comp="523" pin="4"/><net_sink comp="854" pin=0"/></net>

<net id="859"><net_src comp="34" pin="0"/><net_sink comp="854" pin=1"/></net>

<net id="864"><net_src comp="523" pin="4"/><net_sink comp="860" pin=0"/></net>

<net id="865"><net_src comp="40" pin="0"/><net_sink comp="860" pin=1"/></net>

<net id="869"><net_src comp="523" pin="4"/><net_sink comp="866" pin=0"/></net>

<net id="870"><net_src comp="866" pin="1"/><net_sink comp="267" pin=2"/></net>

<net id="874"><net_src comp="523" pin="4"/><net_sink comp="871" pin=0"/></net>

<net id="879"><net_src comp="871" pin="1"/><net_sink comp="875" pin=0"/></net>

<net id="883"><net_src comp="875" pin="2"/><net_sink comp="880" pin=0"/></net>

<net id="884"><net_src comp="880" pin="1"/><net_sink comp="260" pin=2"/></net>

<net id="888"><net_src comp="512" pin="4"/><net_sink comp="885" pin=0"/></net>

<net id="894"><net_src comp="56" pin="0"/><net_sink comp="889" pin=0"/></net>

<net id="895"><net_src comp="512" pin="4"/><net_sink comp="889" pin=1"/></net>

<net id="896"><net_src comp="58" pin="0"/><net_sink comp="889" pin=2"/></net>

<net id="902"><net_src comp="889" pin="3"/><net_sink comp="897" pin=0"/></net>

<net id="903"><net_src comp="60" pin="0"/><net_sink comp="897" pin=1"/></net>

<net id="904"><net_src comp="885" pin="1"/><net_sink comp="897" pin=2"/></net>

<net id="905"><net_src comp="897" pin="3"/><net_sink comp="286" pin=1"/></net>

<net id="909"><net_src comp="241" pin="3"/><net_sink comp="906" pin=0"/></net>

<net id="913"><net_src comp="274" pin="3"/><net_sink comp="910" pin=0"/></net>

<net id="919"><net_src comp="64" pin="0"/><net_sink comp="914" pin=0"/></net>

<net id="920"><net_src comp="509" pin="1"/><net_sink comp="914" pin=1"/></net>

<net id="921"><net_src comp="66" pin="0"/><net_sink comp="914" pin=2"/></net>

<net id="928"><net_src comp="68" pin="0"/><net_sink comp="922" pin=0"/></net>

<net id="929"><net_src comp="70" pin="0"/><net_sink comp="922" pin=2"/></net>

<net id="930"><net_src comp="72" pin="0"/><net_sink comp="922" pin=3"/></net>

<net id="935"><net_src comp="534" pin="4"/><net_sink comp="931" pin=0"/></net>

<net id="936"><net_src comp="76" pin="0"/><net_sink comp="931" pin=1"/></net>

<net id="941"><net_src comp="534" pin="4"/><net_sink comp="937" pin=0"/></net>

<net id="942"><net_src comp="80" pin="0"/><net_sink comp="937" pin=1"/></net>

<net id="946"><net_src comp="534" pin="4"/><net_sink comp="943" pin=0"/></net>

<net id="947"><net_src comp="943" pin="1"/><net_sink comp="292" pin=2"/></net>

<net id="953"><net_src comp="90" pin="0"/><net_sink comp="948" pin=0"/></net>

<net id="954"><net_src comp="530" pin="1"/><net_sink comp="948" pin=1"/></net>

<net id="955"><net_src comp="28" pin="0"/><net_sink comp="948" pin=2"/></net>

<net id="959"><net_src comp="948" pin="3"/><net_sink comp="956" pin=0"/></net>

<net id="963"><net_src comp="299" pin="3"/><net_sink comp="960" pin=0"/></net>

<net id="968"><net_src comp="556" pin="4"/><net_sink comp="964" pin=0"/></net>

<net id="969"><net_src comp="76" pin="0"/><net_sink comp="964" pin=1"/></net>

<net id="974"><net_src comp="556" pin="4"/><net_sink comp="970" pin=0"/></net>

<net id="975"><net_src comp="80" pin="0"/><net_sink comp="970" pin=1"/></net>

<net id="979"><net_src comp="556" pin="4"/><net_sink comp="976" pin=0"/></net>

<net id="980"><net_src comp="976" pin="1"/><net_sink comp="312" pin=2"/></net>

<net id="984"><net_src comp="556" pin="4"/><net_sink comp="981" pin=0"/></net>

<net id="989"><net_src comp="981" pin="1"/><net_sink comp="985" pin=0"/></net>

<net id="993"><net_src comp="985" pin="2"/><net_sink comp="990" pin=0"/></net>

<net id="994"><net_src comp="990" pin="1"/><net_sink comp="305" pin=2"/></net>

<net id="998"><net_src comp="545" pin="4"/><net_sink comp="995" pin=0"/></net>

<net id="1004"><net_src comp="56" pin="0"/><net_sink comp="999" pin=0"/></net>

<net id="1005"><net_src comp="545" pin="4"/><net_sink comp="999" pin=1"/></net>

<net id="1006"><net_src comp="58" pin="0"/><net_sink comp="999" pin=2"/></net>

<net id="1012"><net_src comp="999" pin="3"/><net_sink comp="1007" pin=0"/></net>

<net id="1013"><net_src comp="60" pin="0"/><net_sink comp="1007" pin=1"/></net>

<net id="1014"><net_src comp="995" pin="1"/><net_sink comp="1007" pin=2"/></net>

<net id="1015"><net_src comp="1007" pin="3"/><net_sink comp="331" pin=1"/></net>

<net id="1019"><net_src comp="286" pin="3"/><net_sink comp="1016" pin=0"/></net>

<net id="1023"><net_src comp="319" pin="3"/><net_sink comp="1020" pin=0"/></net>

<net id="1029"><net_src comp="64" pin="0"/><net_sink comp="1024" pin=0"/></net>

<net id="1030"><net_src comp="542" pin="1"/><net_sink comp="1024" pin=1"/></net>

<net id="1031"><net_src comp="66" pin="0"/><net_sink comp="1024" pin=2"/></net>

<net id="1038"><net_src comp="68" pin="0"/><net_sink comp="1032" pin=0"/></net>

<net id="1039"><net_src comp="70" pin="0"/><net_sink comp="1032" pin=2"/></net>

<net id="1040"><net_src comp="72" pin="0"/><net_sink comp="1032" pin=3"/></net>

<net id="1045"><net_src comp="567" pin="4"/><net_sink comp="1041" pin=0"/></net>

<net id="1046"><net_src comp="92" pin="0"/><net_sink comp="1041" pin=1"/></net>

<net id="1051"><net_src comp="567" pin="4"/><net_sink comp="1047" pin=0"/></net>

<net id="1052"><net_src comp="80" pin="0"/><net_sink comp="1047" pin=1"/></net>

<net id="1056"><net_src comp="567" pin="4"/><net_sink comp="1053" pin=0"/></net>

<net id="1057"><net_src comp="1053" pin="1"/><net_sink comp="337" pin=2"/></net>

<net id="1063"><net_src comp="90" pin="0"/><net_sink comp="1058" pin=0"/></net>

<net id="1064"><net_src comp="563" pin="1"/><net_sink comp="1058" pin=1"/></net>

<net id="1065"><net_src comp="28" pin="0"/><net_sink comp="1058" pin=2"/></net>

<net id="1069"><net_src comp="1058" pin="3"/><net_sink comp="1066" pin=0"/></net>

<net id="1073"><net_src comp="344" pin="3"/><net_sink comp="1070" pin=0"/></net>

<net id="1078"><net_src comp="590" pin="4"/><net_sink comp="1074" pin=0"/></net>

<net id="1079"><net_src comp="76" pin="0"/><net_sink comp="1074" pin=1"/></net>

<net id="1084"><net_src comp="590" pin="4"/><net_sink comp="1080" pin=0"/></net>

<net id="1085"><net_src comp="80" pin="0"/><net_sink comp="1080" pin=1"/></net>

<net id="1089"><net_src comp="590" pin="4"/><net_sink comp="1086" pin=0"/></net>

<net id="1090"><net_src comp="1086" pin="1"/><net_sink comp="370" pin=2"/></net>

<net id="1094"><net_src comp="590" pin="4"/><net_sink comp="1091" pin=0"/></net>

<net id="1099"><net_src comp="1091" pin="1"/><net_sink comp="1095" pin=0"/></net>

<net id="1103"><net_src comp="1095" pin="2"/><net_sink comp="1100" pin=0"/></net>

<net id="1104"><net_src comp="1100" pin="1"/><net_sink comp="363" pin=2"/></net>

<net id="1108"><net_src comp="331" pin="3"/><net_sink comp="1105" pin=0"/></net>

<net id="1112"><net_src comp="377" pin="3"/><net_sink comp="1109" pin=0"/></net>

<net id="1118"><net_src comp="64" pin="0"/><net_sink comp="1113" pin=0"/></net>

<net id="1119"><net_src comp="575" pin="1"/><net_sink comp="1113" pin=1"/></net>

<net id="1120"><net_src comp="66" pin="0"/><net_sink comp="1113" pin=2"/></net>

<net id="1127"><net_src comp="68" pin="0"/><net_sink comp="1121" pin=0"/></net>

<net id="1128"><net_src comp="70" pin="0"/><net_sink comp="1121" pin=2"/></net>

<net id="1129"><net_src comp="72" pin="0"/><net_sink comp="1121" pin=3"/></net>

<net id="1134"><net_src comp="701" pin="1"/><net_sink comp="1130" pin=0"/></net>

<net id="1135"><net_src comp="98" pin="0"/><net_sink comp="1130" pin=1"/></net>

<net id="1140"><net_src comp="98" pin="0"/><net_sink comp="1136" pin=0"/></net>

<net id="1141"><net_src comp="701" pin="1"/><net_sink comp="1136" pin=1"/></net>

<net id="1147"><net_src comp="1136" pin="2"/><net_sink comp="1142" pin=1"/></net>

<net id="1148"><net_src comp="701" pin="1"/><net_sink comp="1142" pin=2"/></net>

<net id="1155"><net_src comp="100" pin="0"/><net_sink comp="1149" pin=0"/></net>

<net id="1156"><net_src comp="1142" pin="3"/><net_sink comp="1149" pin=1"/></net>

<net id="1157"><net_src comp="58" pin="0"/><net_sink comp="1149" pin=2"/></net>

<net id="1158"><net_src comp="102" pin="0"/><net_sink comp="1149" pin=3"/></net>

<net id="1164"><net_src comp="104" pin="0"/><net_sink comp="1159" pin=0"/></net>

<net id="1165"><net_src comp="106" pin="0"/><net_sink comp="1159" pin=1"/></net>

<net id="1166"><net_src comp="1149" pin="4"/><net_sink comp="1159" pin=2"/></net>

<net id="1172"><net_src comp="108" pin="0"/><net_sink comp="1167" pin=0"/></net>

<net id="1173"><net_src comp="1159" pin="3"/><net_sink comp="1167" pin=1"/></net>

<net id="1174"><net_src comp="110" pin="0"/><net_sink comp="1167" pin=2"/></net>

<net id="1179"><net_src comp="112" pin="0"/><net_sink comp="1175" pin=0"/></net>

<net id="1180"><net_src comp="1167" pin="3"/><net_sink comp="1175" pin=1"/></net>

<net id="1184"><net_src comp="1175" pin="2"/><net_sink comp="1181" pin=0"/></net>

<net id="1188"><net_src comp="1175" pin="2"/><net_sink comp="1185" pin=0"/></net>

<net id="1192"><net_src comp="1167" pin="3"/><net_sink comp="1189" pin=0"/></net>

<net id="1197"><net_src comp="114" pin="0"/><net_sink comp="1193" pin=0"/></net>

<net id="1204"><net_src comp="116" pin="0"/><net_sink comp="1198" pin=0"/></net>

<net id="1205"><net_src comp="1193" pin="2"/><net_sink comp="1198" pin=1"/></net>

<net id="1206"><net_src comp="118" pin="0"/><net_sink comp="1198" pin=2"/></net>

<net id="1207"><net_src comp="120" pin="0"/><net_sink comp="1198" pin=3"/></net>

<net id="1212"><net_src comp="1198" pin="4"/><net_sink comp="1208" pin=0"/></net>

<net id="1213"><net_src comp="122" pin="0"/><net_sink comp="1208" pin=1"/></net>

<net id="1218"><net_src comp="124" pin="0"/><net_sink comp="1214" pin=0"/></net>

<net id="1222"><net_src comp="1214" pin="2"/><net_sink comp="1219" pin=0"/></net>

<net id="1227"><net_src comp="126" pin="0"/><net_sink comp="1223" pin=0"/></net>

<net id="1228"><net_src comp="1219" pin="1"/><net_sink comp="1223" pin=1"/></net>

<net id="1233"><net_src comp="1223" pin="2"/><net_sink comp="1229" pin=1"/></net>

<net id="1238"><net_src comp="1229" pin="2"/><net_sink comp="1234" pin=0"/></net>

<net id="1239"><net_src comp="98" pin="0"/><net_sink comp="1234" pin=1"/></net>

<net id="1244"><net_src comp="1208" pin="2"/><net_sink comp="1240" pin=0"/></net>

<net id="1245"><net_src comp="1234" pin="2"/><net_sink comp="1240" pin=1"/></net>

<net id="1251"><net_src comp="128" pin="0"/><net_sink comp="1246" pin=0"/></net>

<net id="1252"><net_src comp="1193" pin="2"/><net_sink comp="1246" pin=1"/></net>

<net id="1253"><net_src comp="120" pin="0"/><net_sink comp="1246" pin=2"/></net>

<net id="1258"><net_src comp="1246" pin="3"/><net_sink comp="1254" pin=0"/></net>

<net id="1259"><net_src comp="110" pin="0"/><net_sink comp="1254" pin=1"/></net>

<net id="1264"><net_src comp="130" pin="0"/><net_sink comp="1260" pin=0"/></net>

<net id="1270"><net_src comp="132" pin="0"/><net_sink comp="1265" pin=0"/></net>

<net id="1271"><net_src comp="1260" pin="2"/><net_sink comp="1265" pin=2"/></net>

<net id="1276"><net_src comp="1265" pin="3"/><net_sink comp="1272" pin=0"/></net>

<net id="1277"><net_src comp="1254" pin="2"/><net_sink comp="1272" pin=1"/></net>

<net id="1282"><net_src comp="1272" pin="2"/><net_sink comp="1278" pin=0"/></net>

<net id="1283"><net_src comp="1240" pin="2"/><net_sink comp="1278" pin=1"/></net>

<net id="1289"><net_src comp="134" pin="0"/><net_sink comp="1284" pin=0"/></net>

<net id="1290"><net_src comp="122" pin="0"/><net_sink comp="1284" pin=1"/></net>

<net id="1291"><net_src comp="1278" pin="2"/><net_sink comp="1284" pin=2"/></net>

<net id="1302"><net_src comp="1193" pin="2"/><net_sink comp="1298" pin=0"/></net>

<net id="1303"><net_src comp="102" pin="0"/><net_sink comp="1298" pin=1"/></net>

<net id="1308"><net_src comp="136" pin="0"/><net_sink comp="1304" pin=0"/></net>

<net id="1313"><net_src comp="1295" pin="1"/><net_sink comp="1309" pin=0"/></net>

<net id="1314"><net_src comp="1304" pin="2"/><net_sink comp="1309" pin=1"/></net>

<net id="1318"><net_src comp="1309" pin="2"/><net_sink comp="1315" pin=0"/></net>

<net id="1323"><net_src comp="138" pin="0"/><net_sink comp="1319" pin=0"/></net>

<net id="1327"><net_src comp="1319" pin="2"/><net_sink comp="1324" pin=0"/></net>

<net id="1332"><net_src comp="1292" pin="1"/><net_sink comp="1328" pin=0"/></net>

<net id="1333"><net_src comp="1324" pin="1"/><net_sink comp="1328" pin=1"/></net>

<net id="1339"><net_src comp="1298" pin="2"/><net_sink comp="1334" pin=0"/></net>

<net id="1340"><net_src comp="1315" pin="1"/><net_sink comp="1334" pin=1"/></net>

<net id="1341"><net_src comp="1328" pin="2"/><net_sink comp="1334" pin=2"/></net>

<net id="1345"><net_src comp="1284" pin="3"/><net_sink comp="1342" pin=0"/></net>

<net id="1350"><net_src comp="1334" pin="3"/><net_sink comp="1346" pin=0"/></net>

<net id="1351"><net_src comp="1342" pin="1"/><net_sink comp="1346" pin=1"/></net>

<net id="1358"><net_src comp="140" pin="0"/><net_sink comp="1352" pin=0"/></net>

<net id="1359"><net_src comp="1346" pin="2"/><net_sink comp="1352" pin=1"/></net>

<net id="1360"><net_src comp="118" pin="0"/><net_sink comp="1352" pin=2"/></net>

<net id="1361"><net_src comp="142" pin="0"/><net_sink comp="1352" pin=3"/></net>

<net id="1367"><net_src comp="144" pin="0"/><net_sink comp="1362" pin=0"/></net>

<net id="1368"><net_src comp="1346" pin="2"/><net_sink comp="1362" pin=1"/></net>

<net id="1369"><net_src comp="138" pin="0"/><net_sink comp="1362" pin=2"/></net>

<net id="1378"><net_src comp="146" pin="0"/><net_sink comp="1373" pin=1"/></net>

<net id="1379"><net_src comp="148" pin="0"/><net_sink comp="1373" pin=2"/></net>

<net id="1384"><net_src comp="150" pin="0"/><net_sink comp="1380" pin=0"/></net>

<net id="1389"><net_src comp="1373" pin="3"/><net_sink comp="1385" pin=0"/></net>

<net id="1390"><net_src comp="1380" pin="2"/><net_sink comp="1385" pin=1"/></net>

<net id="1396"><net_src comp="152" pin="0"/><net_sink comp="1391" pin=0"/></net>

<net id="1397"><net_src comp="1385" pin="2"/><net_sink comp="1391" pin=2"/></net>

<net id="1405"><net_src comp="154" pin="0"/><net_sink comp="1398" pin=0"/></net>

<net id="1406"><net_src comp="1370" pin="1"/><net_sink comp="1398" pin=1"/></net>

<net id="1407"><net_src comp="1391" pin="3"/><net_sink comp="1398" pin=2"/></net>

<net id="1408"><net_src comp="156" pin="0"/><net_sink comp="1398" pin=3"/></net>

<net id="1409"><net_src comp="120" pin="0"/><net_sink comp="1398" pin=4"/></net>

<net id="1413"><net_src comp="1398" pin="5"/><net_sink comp="1410" pin=0"/></net>

<net id="1417"><net_src comp="1410" pin="1"/><net_sink comp="1414" pin=0"/></net>

<net id="1423"><net_src comp="158" pin="0"/><net_sink comp="1418" pin=1"/></net>

<net id="1424"><net_src comp="1414" pin="1"/><net_sink comp="1418" pin=2"/></net>

<net id="1429"><net_src comp="611" pin="4"/><net_sink comp="1425" pin=0"/></net>

<net id="1430"><net_src comp="92" pin="0"/><net_sink comp="1425" pin=1"/></net>

<net id="1434"><net_src comp="611" pin="4"/><net_sink comp="1431" pin=0"/></net>

<net id="1435"><net_src comp="1431" pin="1"/><net_sink comp="390" pin=2"/></net>

<net id="1440"><net_src comp="357" pin="3"/><net_sink comp="1436" pin=0"/></net>

<net id="1441"><net_src comp="98" pin="0"/><net_sink comp="1436" pin=1"/></net>

<net id="1447"><net_src comp="687" pin="3"/><net_sink comp="1442" pin=0"/></net>

<net id="1448"><net_src comp="695" pin="2"/><net_sink comp="1442" pin=1"/></net>

<net id="1449"><net_src comp="357" pin="3"/><net_sink comp="1442" pin=2"/></net>

<net id="1456"><net_src comp="100" pin="0"/><net_sink comp="1450" pin=0"/></net>

<net id="1457"><net_src comp="1442" pin="3"/><net_sink comp="1450" pin=1"/></net>

<net id="1458"><net_src comp="58" pin="0"/><net_sink comp="1450" pin=2"/></net>

<net id="1459"><net_src comp="102" pin="0"/><net_sink comp="1450" pin=3"/></net>

<net id="1465"><net_src comp="104" pin="0"/><net_sink comp="1460" pin=0"/></net>

<net id="1466"><net_src comp="106" pin="0"/><net_sink comp="1460" pin=1"/></net>

<net id="1467"><net_src comp="1450" pin="4"/><net_sink comp="1460" pin=2"/></net>

<net id="1473"><net_src comp="108" pin="0"/><net_sink comp="1468" pin=0"/></net>

<net id="1474"><net_src comp="1460" pin="3"/><net_sink comp="1468" pin=1"/></net>

<net id="1475"><net_src comp="110" pin="0"/><net_sink comp="1468" pin=2"/></net>

<net id="1479"><net_src comp="1468" pin="3"/><net_sink comp="1476" pin=0"/></net>

<net id="1484"><net_src comp="112" pin="0"/><net_sink comp="1480" pin=0"/></net>

<net id="1488"><net_src comp="1480" pin="2"/><net_sink comp="1485" pin=0"/></net>

<net id="1493"><net_src comp="114" pin="0"/><net_sink comp="1489" pin=0"/></net>

<net id="1494"><net_src comp="1480" pin="2"/><net_sink comp="1489" pin=1"/></net>

<net id="1501"><net_src comp="116" pin="0"/><net_sink comp="1495" pin=0"/></net>

<net id="1502"><net_src comp="1489" pin="2"/><net_sink comp="1495" pin=1"/></net>

<net id="1503"><net_src comp="118" pin="0"/><net_sink comp="1495" pin=2"/></net>

<net id="1504"><net_src comp="120" pin="0"/><net_sink comp="1495" pin=3"/></net>

<net id="1509"><net_src comp="1495" pin="4"/><net_sink comp="1505" pin=0"/></net>

<net id="1510"><net_src comp="122" pin="0"/><net_sink comp="1505" pin=1"/></net>

<net id="1514"><net_src comp="1480" pin="2"/><net_sink comp="1511" pin=0"/></net>

<net id="1519"><net_src comp="124" pin="0"/><net_sink comp="1515" pin=0"/></net>

<net id="1520"><net_src comp="1511" pin="1"/><net_sink comp="1515" pin=1"/></net>

<net id="1524"><net_src comp="1515" pin="2"/><net_sink comp="1521" pin=0"/></net>

<net id="1529"><net_src comp="126" pin="0"/><net_sink comp="1525" pin=0"/></net>

<net id="1530"><net_src comp="1521" pin="1"/><net_sink comp="1525" pin=1"/></net>

<net id="1535"><net_src comp="1525" pin="2"/><net_sink comp="1531" pin=1"/></net>

<net id="1540"><net_src comp="1531" pin="2"/><net_sink comp="1536" pin=0"/></net>

<net id="1541"><net_src comp="98" pin="0"/><net_sink comp="1536" pin=1"/></net>

<net id="1546"><net_src comp="1505" pin="2"/><net_sink comp="1542" pin=0"/></net>

<net id="1547"><net_src comp="1536" pin="2"/><net_sink comp="1542" pin=1"/></net>

<net id="1553"><net_src comp="128" pin="0"/><net_sink comp="1548" pin=0"/></net>

<net id="1554"><net_src comp="1489" pin="2"/><net_sink comp="1548" pin=1"/></net>

<net id="1555"><net_src comp="120" pin="0"/><net_sink comp="1548" pin=2"/></net>

<net id="1560"><net_src comp="1548" pin="3"/><net_sink comp="1556" pin=0"/></net>

<net id="1561"><net_src comp="110" pin="0"/><net_sink comp="1556" pin=1"/></net>

<net id="1566"><net_src comp="130" pin="0"/><net_sink comp="1562" pin=0"/></net>

<net id="1567"><net_src comp="1485" pin="1"/><net_sink comp="1562" pin=1"/></net>

<net id="1573"><net_src comp="132" pin="0"/><net_sink comp="1568" pin=0"/></net>

<net id="1574"><net_src comp="1562" pin="2"/><net_sink comp="1568" pin=2"/></net>

<net id="1579"><net_src comp="1568" pin="3"/><net_sink comp="1575" pin=0"/></net>

<net id="1580"><net_src comp="1556" pin="2"/><net_sink comp="1575" pin=1"/></net>

<net id="1585"><net_src comp="1575" pin="2"/><net_sink comp="1581" pin=0"/></net>

<net id="1586"><net_src comp="1542" pin="2"/><net_sink comp="1581" pin=1"/></net>

<net id="1592"><net_src comp="134" pin="0"/><net_sink comp="1587" pin=0"/></net>

<net id="1593"><net_src comp="122" pin="0"/><net_sink comp="1587" pin=1"/></net>

<net id="1594"><net_src comp="1581" pin="2"/><net_sink comp="1587" pin=2"/></net>

<net id="1599"><net_src comp="1489" pin="2"/><net_sink comp="1595" pin=0"/></net>

<net id="1600"><net_src comp="102" pin="0"/><net_sink comp="1595" pin=1"/></net>

<net id="1605"><net_src comp="136" pin="0"/><net_sink comp="1601" pin=0"/></net>

<net id="1606"><net_src comp="1480" pin="2"/><net_sink comp="1601" pin=1"/></net>

<net id="1611"><net_src comp="138" pin="0"/><net_sink comp="1607" pin=0"/></net>

<net id="1612"><net_src comp="1480" pin="2"/><net_sink comp="1607" pin=1"/></net>

<net id="1623"><net_src comp="1616" pin="1"/><net_sink comp="1619" pin=0"/></net>

<net id="1627"><net_src comp="1619" pin="2"/><net_sink comp="1624" pin=0"/></net>

<net id="1635"><net_src comp="1613" pin="1"/><net_sink comp="1631" pin=0"/></net>

<net id="1636"><net_src comp="1628" pin="1"/><net_sink comp="1631" pin=1"/></net>

<net id="1642"><net_src comp="1624" pin="1"/><net_sink comp="1637" pin=1"/></net>

<net id="1643"><net_src comp="1631" pin="2"/><net_sink comp="1637" pin=2"/></net>

<net id="1651"><net_src comp="1637" pin="3"/><net_sink comp="1647" pin=0"/></net>

<net id="1652"><net_src comp="1644" pin="1"/><net_sink comp="1647" pin=1"/></net>

<net id="1659"><net_src comp="140" pin="0"/><net_sink comp="1653" pin=0"/></net>

<net id="1660"><net_src comp="1647" pin="2"/><net_sink comp="1653" pin=1"/></net>

<net id="1661"><net_src comp="118" pin="0"/><net_sink comp="1653" pin=2"/></net>

<net id="1662"><net_src comp="142" pin="0"/><net_sink comp="1653" pin=3"/></net>

<net id="1666"><net_src comp="1653" pin="4"/><net_sink comp="1663" pin=0"/></net>

<net id="1672"><net_src comp="144" pin="0"/><net_sink comp="1667" pin=0"/></net>

<net id="1673"><net_src comp="1647" pin="2"/><net_sink comp="1667" pin=1"/></net>

<net id="1674"><net_src comp="138" pin="0"/><net_sink comp="1667" pin=2"/></net>

<net id="1680"><net_src comp="1667" pin="3"/><net_sink comp="1675" pin=0"/></net>

<net id="1681"><net_src comp="146" pin="0"/><net_sink comp="1675" pin=1"/></net>

<net id="1682"><net_src comp="148" pin="0"/><net_sink comp="1675" pin=2"/></net>

<net id="1687"><net_src comp="150" pin="0"/><net_sink comp="1683" pin=0"/></net>

<net id="1692"><net_src comp="1675" pin="3"/><net_sink comp="1688" pin=0"/></net>

<net id="1693"><net_src comp="1683" pin="2"/><net_sink comp="1688" pin=1"/></net>

<net id="1699"><net_src comp="152" pin="0"/><net_sink comp="1694" pin=0"/></net>

<net id="1700"><net_src comp="1688" pin="2"/><net_sink comp="1694" pin=2"/></net>

<net id="1708"><net_src comp="154" pin="0"/><net_sink comp="1701" pin=0"/></net>

<net id="1709"><net_src comp="1663" pin="1"/><net_sink comp="1701" pin=1"/></net>

<net id="1710"><net_src comp="1694" pin="3"/><net_sink comp="1701" pin=2"/></net>

<net id="1711"><net_src comp="156" pin="0"/><net_sink comp="1701" pin=3"/></net>

<net id="1712"><net_src comp="120" pin="0"/><net_sink comp="1701" pin=4"/></net>

<net id="1716"><net_src comp="1701" pin="5"/><net_sink comp="1713" pin=0"/></net>

<net id="1720"><net_src comp="1713" pin="1"/><net_sink comp="1717" pin=0"/></net>

<net id="1721"><net_src comp="1717" pin="1"/><net_sink comp="404" pin=1"/></net>

<net id="1727"><net_src comp="56" pin="0"/><net_sink comp="1722" pin=0"/></net>

<net id="1728"><net_src comp="701" pin="1"/><net_sink comp="1722" pin=1"/></net>

<net id="1729"><net_src comp="58" pin="0"/><net_sink comp="1722" pin=2"/></net>

<net id="1735"><net_src comp="1722" pin="3"/><net_sink comp="1730" pin=0"/></net>

<net id="1736"><net_src comp="695" pin="2"/><net_sink comp="1730" pin=1"/></net>

<net id="1737"><net_src comp="701" pin="1"/><net_sink comp="1730" pin=2"/></net>

<net id="1744"><net_src comp="100" pin="0"/><net_sink comp="1738" pin=0"/></net>

<net id="1745"><net_src comp="1730" pin="3"/><net_sink comp="1738" pin=1"/></net>

<net id="1746"><net_src comp="58" pin="0"/><net_sink comp="1738" pin=2"/></net>

<net id="1747"><net_src comp="102" pin="0"/><net_sink comp="1738" pin=3"/></net>

<net id="1753"><net_src comp="104" pin="0"/><net_sink comp="1748" pin=0"/></net>

<net id="1754"><net_src comp="106" pin="0"/><net_sink comp="1748" pin=1"/></net>

<net id="1755"><net_src comp="1738" pin="4"/><net_sink comp="1748" pin=2"/></net>

<net id="1761"><net_src comp="108" pin="0"/><net_sink comp="1756" pin=0"/></net>

<net id="1762"><net_src comp="1748" pin="3"/><net_sink comp="1756" pin=1"/></net>

<net id="1763"><net_src comp="110" pin="0"/><net_sink comp="1756" pin=2"/></net>

<net id="1767"><net_src comp="1756" pin="3"/><net_sink comp="1764" pin=0"/></net>

<net id="1772"><net_src comp="80" pin="0"/><net_sink comp="1768" pin=0"/></net>

<net id="1773"><net_src comp="607" pin="1"/><net_sink comp="1768" pin=1"/></net>

<net id="1777"><net_src comp="623" pin="4"/><net_sink comp="1774" pin=0"/></net>

<net id="1784"><net_src comp="162" pin="0"/><net_sink comp="1778" pin=0"/></net>

<net id="1785"><net_src comp="1774" pin="1"/><net_sink comp="1778" pin=1"/></net>

<net id="1786"><net_src comp="156" pin="0"/><net_sink comp="1778" pin=2"/></net>

<net id="1787"><net_src comp="164" pin="0"/><net_sink comp="1778" pin=3"/></net>

<net id="1791"><net_src comp="1774" pin="1"/><net_sink comp="1788" pin=0"/></net>

<net id="1796"><net_src comp="1778" pin="4"/><net_sink comp="1792" pin=0"/></net>

<net id="1797"><net_src comp="166" pin="0"/><net_sink comp="1792" pin=1"/></net>

<net id="1802"><net_src comp="1788" pin="1"/><net_sink comp="1798" pin=0"/></net>

<net id="1803"><net_src comp="168" pin="0"/><net_sink comp="1798" pin=1"/></net>

<net id="1808"><net_src comp="112" pin="0"/><net_sink comp="1804" pin=0"/></net>

<net id="1812"><net_src comp="1804" pin="2"/><net_sink comp="1809" pin=0"/></net>

<net id="1817"><net_src comp="114" pin="0"/><net_sink comp="1813" pin=0"/></net>

<net id="1818"><net_src comp="1804" pin="2"/><net_sink comp="1813" pin=1"/></net>

<net id="1825"><net_src comp="116" pin="0"/><net_sink comp="1819" pin=0"/></net>

<net id="1826"><net_src comp="1813" pin="2"/><net_sink comp="1819" pin=1"/></net>

<net id="1827"><net_src comp="118" pin="0"/><net_sink comp="1819" pin=2"/></net>

<net id="1828"><net_src comp="120" pin="0"/><net_sink comp="1819" pin=3"/></net>

<net id="1833"><net_src comp="1819" pin="4"/><net_sink comp="1829" pin=0"/></net>

<net id="1834"><net_src comp="122" pin="0"/><net_sink comp="1829" pin=1"/></net>

<net id="1838"><net_src comp="1804" pin="2"/><net_sink comp="1835" pin=0"/></net>

<net id="1843"><net_src comp="124" pin="0"/><net_sink comp="1839" pin=0"/></net>

<net id="1844"><net_src comp="1835" pin="1"/><net_sink comp="1839" pin=1"/></net>

<net id="1848"><net_src comp="1839" pin="2"/><net_sink comp="1845" pin=0"/></net>

<net id="1853"><net_src comp="126" pin="0"/><net_sink comp="1849" pin=0"/></net>

<net id="1854"><net_src comp="1845" pin="1"/><net_sink comp="1849" pin=1"/></net>

<net id="1859"><net_src comp="1849" pin="2"/><net_sink comp="1855" pin=1"/></net>

<net id="1864"><net_src comp="1855" pin="2"/><net_sink comp="1860" pin=0"/></net>

<net id="1865"><net_src comp="98" pin="0"/><net_sink comp="1860" pin=1"/></net>

<net id="1870"><net_src comp="1829" pin="2"/><net_sink comp="1866" pin=0"/></net>

<net id="1871"><net_src comp="1860" pin="2"/><net_sink comp="1866" pin=1"/></net>

<net id="1877"><net_src comp="128" pin="0"/><net_sink comp="1872" pin=0"/></net>

<net id="1878"><net_src comp="1813" pin="2"/><net_sink comp="1872" pin=1"/></net>

<net id="1879"><net_src comp="120" pin="0"/><net_sink comp="1872" pin=2"/></net>

<net id="1884"><net_src comp="1872" pin="3"/><net_sink comp="1880" pin=0"/></net>

<net id="1885"><net_src comp="110" pin="0"/><net_sink comp="1880" pin=1"/></net>

<net id="1890"><net_src comp="130" pin="0"/><net_sink comp="1886" pin=0"/></net>

<net id="1891"><net_src comp="1809" pin="1"/><net_sink comp="1886" pin=1"/></net>

<net id="1897"><net_src comp="132" pin="0"/><net_sink comp="1892" pin=0"/></net>

<net id="1898"><net_src comp="1886" pin="2"/><net_sink comp="1892" pin=2"/></net>

<net id="1903"><net_src comp="1892" pin="3"/><net_sink comp="1899" pin=0"/></net>

<net id="1904"><net_src comp="1880" pin="2"/><net_sink comp="1899" pin=1"/></net>

<net id="1909"><net_src comp="1899" pin="2"/><net_sink comp="1905" pin=0"/></net>

<net id="1910"><net_src comp="1866" pin="2"/><net_sink comp="1905" pin=1"/></net>

<net id="1916"><net_src comp="134" pin="0"/><net_sink comp="1911" pin=0"/></net>

<net id="1917"><net_src comp="122" pin="0"/><net_sink comp="1911" pin=1"/></net>

<net id="1918"><net_src comp="1905" pin="2"/><net_sink comp="1911" pin=2"/></net>

<net id="1923"><net_src comp="1813" pin="2"/><net_sink comp="1919" pin=0"/></net>

<net id="1924"><net_src comp="102" pin="0"/><net_sink comp="1919" pin=1"/></net>

<net id="1929"><net_src comp="136" pin="0"/><net_sink comp="1925" pin=0"/></net>

<net id="1930"><net_src comp="1804" pin="2"/><net_sink comp="1925" pin=1"/></net>

<net id="1935"><net_src comp="138" pin="0"/><net_sink comp="1931" pin=0"/></net>

<net id="1936"><net_src comp="1804" pin="2"/><net_sink comp="1931" pin=1"/></net>

<net id="1940"><net_src comp="597" pin="1"/><net_sink comp="1937" pin=0"/></net>

<net id="1947"><net_src comp="162" pin="0"/><net_sink comp="1941" pin=0"/></net>

<net id="1948"><net_src comp="1937" pin="1"/><net_sink comp="1941" pin=1"/></net>

<net id="1949"><net_src comp="156" pin="0"/><net_sink comp="1941" pin=2"/></net>

<net id="1950"><net_src comp="164" pin="0"/><net_sink comp="1941" pin=3"/></net>

<net id="1954"><net_src comp="1937" pin="1"/><net_sink comp="1951" pin=0"/></net>

<net id="1963"><net_src comp="1941" pin="4"/><net_sink comp="1959" pin=0"/></net>

<net id="1964"><net_src comp="166" pin="0"/><net_sink comp="1959" pin=1"/></net>

<net id="1969"><net_src comp="1951" pin="1"/><net_sink comp="1965" pin=0"/></net>

<net id="1970"><net_src comp="168" pin="0"/><net_sink comp="1965" pin=1"/></net>

<net id="1975"><net_src comp="1965" pin="2"/><net_sink comp="1971" pin=0"/></net>

<net id="1976"><net_src comp="1959" pin="2"/><net_sink comp="1971" pin=1"/></net>

<net id="1981"><net_src comp="1955" pin="2"/><net_sink comp="1977" pin=0"/></net>

<net id="1982"><net_src comp="1971" pin="2"/><net_sink comp="1977" pin=1"/></net>

<net id="1987"><net_src comp="1977" pin="2"/><net_sink comp="1983" pin=0"/></net>

<net id="1988"><net_src comp="676" pin="2"/><net_sink comp="1983" pin=1"/></net>

<net id="1993"><net_src comp="1983" pin="2"/><net_sink comp="1989" pin=0"/></net>

<net id="1994"><net_src comp="110" pin="0"/><net_sink comp="1989" pin=1"/></net>

<net id="1999"><net_src comp="1989" pin="2"/><net_sink comp="1995" pin=1"/></net>

<net id="2005"><net_src comp="1983" pin="2"/><net_sink comp="2000" pin=0"/></net>

<net id="2006"><net_src comp="158" pin="0"/><net_sink comp="2000" pin=1"/></net>

<net id="2007"><net_src comp="597" pin="1"/><net_sink comp="2000" pin=2"/></net>

<net id="2018"><net_src comp="2011" pin="1"/><net_sink comp="2014" pin=0"/></net>

<net id="2022"><net_src comp="2014" pin="2"/><net_sink comp="2019" pin=0"/></net>

<net id="2030"><net_src comp="2008" pin="1"/><net_sink comp="2026" pin=0"/></net>

<net id="2031"><net_src comp="2023" pin="1"/><net_sink comp="2026" pin=1"/></net>

<net id="2037"><net_src comp="2019" pin="1"/><net_sink comp="2032" pin=1"/></net>

<net id="2038"><net_src comp="2026" pin="2"/><net_sink comp="2032" pin=2"/></net>

<net id="2046"><net_src comp="2032" pin="3"/><net_sink comp="2042" pin=0"/></net>

<net id="2047"><net_src comp="2039" pin="1"/><net_sink comp="2042" pin=1"/></net>

<net id="2054"><net_src comp="140" pin="0"/><net_sink comp="2048" pin=0"/></net>

<net id="2055"><net_src comp="2042" pin="2"/><net_sink comp="2048" pin=1"/></net>

<net id="2056"><net_src comp="118" pin="0"/><net_sink comp="2048" pin=2"/></net>

<net id="2057"><net_src comp="142" pin="0"/><net_sink comp="2048" pin=3"/></net>

<net id="2061"><net_src comp="2048" pin="4"/><net_sink comp="2058" pin=0"/></net>

<net id="2067"><net_src comp="144" pin="0"/><net_sink comp="2062" pin=0"/></net>

<net id="2068"><net_src comp="2042" pin="2"/><net_sink comp="2062" pin=1"/></net>

<net id="2069"><net_src comp="138" pin="0"/><net_sink comp="2062" pin=2"/></net>

<net id="2075"><net_src comp="2062" pin="3"/><net_sink comp="2070" pin=0"/></net>

<net id="2076"><net_src comp="146" pin="0"/><net_sink comp="2070" pin=1"/></net>

<net id="2077"><net_src comp="148" pin="0"/><net_sink comp="2070" pin=2"/></net>

<net id="2082"><net_src comp="150" pin="0"/><net_sink comp="2078" pin=0"/></net>

<net id="2087"><net_src comp="2070" pin="3"/><net_sink comp="2083" pin=0"/></net>

<net id="2088"><net_src comp="2078" pin="2"/><net_sink comp="2083" pin=1"/></net>

<net id="2094"><net_src comp="152" pin="0"/><net_sink comp="2089" pin=0"/></net>

<net id="2095"><net_src comp="2083" pin="2"/><net_sink comp="2089" pin=2"/></net>

<net id="2103"><net_src comp="154" pin="0"/><net_sink comp="2096" pin=0"/></net>

<net id="2104"><net_src comp="2058" pin="1"/><net_sink comp="2096" pin=1"/></net>

<net id="2105"><net_src comp="2089" pin="3"/><net_sink comp="2096" pin=2"/></net>

<net id="2106"><net_src comp="156" pin="0"/><net_sink comp="2096" pin=3"/></net>

<net id="2107"><net_src comp="120" pin="0"/><net_sink comp="2096" pin=4"/></net>

<net id="2111"><net_src comp="2096" pin="5"/><net_sink comp="2108" pin=0"/></net>

<net id="2115"><net_src comp="2108" pin="1"/><net_sink comp="2112" pin=0"/></net>

<net id="2121"><net_src comp="1995" pin="2"/><net_sink comp="2116" pin=0"/></net>

<net id="2122"><net_src comp="2000" pin="3"/><net_sink comp="2116" pin=1"/></net>

<net id="2123"><net_src comp="2112" pin="1"/><net_sink comp="2116" pin=2"/></net>

<net id="2128"><net_src comp="647" pin="4"/><net_sink comp="2124" pin=0"/></net>

<net id="2129"><net_src comp="92" pin="0"/><net_sink comp="2124" pin=1"/></net>

<net id="2134"><net_src comp="647" pin="4"/><net_sink comp="2130" pin=0"/></net>

<net id="2135"><net_src comp="80" pin="0"/><net_sink comp="2130" pin=1"/></net>

<net id="2139"><net_src comp="647" pin="4"/><net_sink comp="2136" pin=0"/></net>

<net id="2140"><net_src comp="2136" pin="1"/><net_sink comp="425" pin=2"/></net>

<net id="2145"><net_src comp="658" pin="4"/><net_sink comp="2141" pin=0"/></net>

<net id="2146"><net_src comp="92" pin="0"/><net_sink comp="2141" pin=1"/></net>

<net id="2151"><net_src comp="658" pin="4"/><net_sink comp="2147" pin=0"/></net>

<net id="2152"><net_src comp="80" pin="0"/><net_sink comp="2147" pin=1"/></net>

<net id="2156"><net_src comp="658" pin="4"/><net_sink comp="2153" pin=0"/></net>

<net id="2157"><net_src comp="2153" pin="1"/><net_sink comp="445" pin=2"/></net>

<net id="2163"><net_src comp="786" pin="1"/><net_sink comp="2158" pin=0"/></net>

<net id="2164"><net_src comp="790" pin="1"/><net_sink comp="2158" pin=1"/></net>

<net id="2165"><net_src comp="794" pin="3"/><net_sink comp="2158" pin=2"/></net>

<net id="2166"><net_src comp="2158" pin="3"/><net_sink comp="802" pin=1"/></net>

<net id="2172"><net_src comp="906" pin="1"/><net_sink comp="2167" pin=0"/></net>

<net id="2173"><net_src comp="910" pin="1"/><net_sink comp="2167" pin=1"/></net>

<net id="2174"><net_src comp="914" pin="3"/><net_sink comp="2167" pin=2"/></net>

<net id="2175"><net_src comp="2167" pin="3"/><net_sink comp="922" pin=1"/></net>

<net id="2181"><net_src comp="1016" pin="1"/><net_sink comp="2176" pin=0"/></net>

<net id="2182"><net_src comp="1020" pin="1"/><net_sink comp="2176" pin=1"/></net>

<net id="2183"><net_src comp="1024" pin="3"/><net_sink comp="2176" pin=2"/></net>

<net id="2184"><net_src comp="2176" pin="3"/><net_sink comp="1032" pin=1"/></net>

<net id="2190"><net_src comp="1105" pin="1"/><net_sink comp="2185" pin=0"/></net>

<net id="2191"><net_src comp="1109" pin="1"/><net_sink comp="2185" pin=1"/></net>

<net id="2192"><net_src comp="1113" pin="3"/><net_sink comp="2185" pin=2"/></net>

<net id="2193"><net_src comp="2185" pin="3"/><net_sink comp="1121" pin=1"/></net>

<net id="2197"><net_src comp="706" pin="2"/><net_sink comp="2194" pin=0"/></net>

<net id="2198"><net_src comp="2194" pin="1"/><net_sink comp="468" pin=0"/></net>

<net id="2205"><net_src comp="718" pin="2"/><net_sink comp="2202" pin=0"/></net>

<net id="2206"><net_src comp="2202" pin="1"/><net_sink comp="457" pin=0"/></net>

<net id="2210"><net_src comp="724" pin="1"/><net_sink comp="2207" pin=0"/></net>

<net id="2211"><net_src comp="2207" pin="1"/><net_sink comp="235" pin=2"/></net>

<net id="2215"><net_src comp="196" pin="3"/><net_sink comp="2212" pin=0"/></net>

<net id="2216"><net_src comp="2212" pin="1"/><net_sink comp="203" pin=0"/></net>

<net id="2220"><net_src comp="729" pin="1"/><net_sink comp="2217" pin=0"/></net>

<net id="2221"><net_src comp="2217" pin="1"/><net_sink comp="479" pin=0"/></net>

<net id="2228"><net_src comp="739" pin="2"/><net_sink comp="2225" pin=0"/></net>

<net id="2229"><net_src comp="2225" pin="1"/><net_sink comp="490" pin=2"/></net>

<net id="2233"><net_src comp="209" pin="3"/><net_sink comp="2230" pin=0"/></net>

<net id="2234"><net_src comp="2230" pin="1"/><net_sink comp="229" pin=0"/></net>

<net id="2238"><net_src comp="216" pin="3"/><net_sink comp="2235" pin=0"/></net>

<net id="2239"><net_src comp="2235" pin="1"/><net_sink comp="223" pin=0"/></net>

<net id="2243"><net_src comp="802" pin="4"/><net_sink comp="2240" pin=0"/></net>

<net id="2244"><net_src comp="2240" pin="1"/><net_sink comp="479" pin=2"/></net>

<net id="2251"><net_src comp="817" pin="2"/><net_sink comp="2248" pin=0"/></net>

<net id="2252"><net_src comp="2248" pin="1"/><net_sink comp="501" pin=0"/></net>

<net id="2256"><net_src comp="823" pin="1"/><net_sink comp="2253" pin=0"/></net>

<net id="2257"><net_src comp="2253" pin="1"/><net_sink comp="280" pin=2"/></net>

<net id="2261"><net_src comp="247" pin="3"/><net_sink comp="2258" pin=0"/></net>

<net id="2262"><net_src comp="2258" pin="1"/><net_sink comp="254" pin=0"/></net>

<net id="2266"><net_src comp="844" pin="2"/><net_sink comp="2263" pin=0"/></net>

<net id="2267"><net_src comp="2263" pin="1"/><net_sink comp="875" pin=1"/></net>

<net id="2271"><net_src comp="850" pin="1"/><net_sink comp="2268" pin=0"/></net>

<net id="2272"><net_src comp="2268" pin="1"/><net_sink comp="512" pin=0"/></net>

<net id="2279"><net_src comp="860" pin="2"/><net_sink comp="2276" pin=0"/></net>

<net id="2280"><net_src comp="2276" pin="1"/><net_sink comp="523" pin=2"/></net>

<net id="2284"><net_src comp="260" pin="3"/><net_sink comp="2281" pin=0"/></net>

<net id="2285"><net_src comp="2281" pin="1"/><net_sink comp="274" pin=0"/></net>

<net id="2289"><net_src comp="267" pin="3"/><net_sink comp="2286" pin=0"/></net>

<net id="2290"><net_src comp="2286" pin="1"/><net_sink comp="241" pin=0"/></net>

<net id="2294"><net_src comp="922" pin="4"/><net_sink comp="2291" pin=0"/></net>

<net id="2295"><net_src comp="2291" pin="1"/><net_sink comp="512" pin=2"/></net>

<net id="2302"><net_src comp="937" pin="2"/><net_sink comp="2299" pin=0"/></net>

<net id="2303"><net_src comp="2299" pin="1"/><net_sink comp="534" pin=0"/></net>

<net id="2307"><net_src comp="943" pin="1"/><net_sink comp="2304" pin=0"/></net>

<net id="2308"><net_src comp="2304" pin="1"/><net_sink comp="325" pin=2"/></net>

<net id="2312"><net_src comp="292" pin="3"/><net_sink comp="2309" pin=0"/></net>

<net id="2313"><net_src comp="2309" pin="1"/><net_sink comp="299" pin=0"/></net>

<net id="2317"><net_src comp="956" pin="1"/><net_sink comp="2314" pin=0"/></net>

<net id="2318"><net_src comp="2314" pin="1"/><net_sink comp="985" pin=1"/></net>

<net id="2322"><net_src comp="960" pin="1"/><net_sink comp="2319" pin=0"/></net>

<net id="2323"><net_src comp="2319" pin="1"/><net_sink comp="545" pin=0"/></net>

<net id="2330"><net_src comp="970" pin="2"/><net_sink comp="2327" pin=0"/></net>

<net id="2331"><net_src comp="2327" pin="1"/><net_sink comp="556" pin=2"/></net>

<net id="2335"><net_src comp="305" pin="3"/><net_sink comp="2332" pin=0"/></net>

<net id="2336"><net_src comp="2332" pin="1"/><net_sink comp="319" pin=0"/></net>

<net id="2340"><net_src comp="312" pin="3"/><net_sink comp="2337" pin=0"/></net>

<net id="2341"><net_src comp="2337" pin="1"/><net_sink comp="286" pin=0"/></net>

<net id="2345"><net_src comp="1032" pin="4"/><net_sink comp="2342" pin=0"/></net>

<net id="2346"><net_src comp="2342" pin="1"/><net_sink comp="545" pin=2"/></net>

<net id="2353"><net_src comp="1047" pin="2"/><net_sink comp="2350" pin=0"/></net>

<net id="2354"><net_src comp="2350" pin="1"/><net_sink comp="567" pin=0"/></net>

<net id="2358"><net_src comp="1053" pin="1"/><net_sink comp="2355" pin=0"/></net>

<net id="2359"><net_src comp="2355" pin="1"/><net_sink comp="383" pin=2"/></net>

<net id="2363"><net_src comp="337" pin="3"/><net_sink comp="2360" pin=0"/></net>

<net id="2364"><net_src comp="2360" pin="1"/><net_sink comp="344" pin=0"/></net>

<net id="2368"><net_src comp="350" pin="3"/><net_sink comp="2365" pin=0"/></net>

<net id="2369"><net_src comp="2365" pin="1"/><net_sink comp="357" pin=0"/></net>

<net id="2373"><net_src comp="1066" pin="1"/><net_sink comp="2370" pin=0"/></net>

<net id="2374"><net_src comp="2370" pin="1"/><net_sink comp="1095" pin=1"/></net>

<net id="2378"><net_src comp="1070" pin="1"/><net_sink comp="2375" pin=0"/></net>

<net id="2379"><net_src comp="2375" pin="1"/><net_sink comp="578" pin=0"/></net>

<net id="2386"><net_src comp="1080" pin="2"/><net_sink comp="2383" pin=0"/></net>

<net id="2387"><net_src comp="2383" pin="1"/><net_sink comp="590" pin=2"/></net>

<net id="2391"><net_src comp="363" pin="3"/><net_sink comp="2388" pin=0"/></net>

<net id="2392"><net_src comp="2388" pin="1"/><net_sink comp="377" pin=0"/></net>

<net id="2396"><net_src comp="370" pin="3"/><net_sink comp="2393" pin=0"/></net>

<net id="2397"><net_src comp="2393" pin="1"/><net_sink comp="331" pin=0"/></net>

<net id="2401"><net_src comp="1121" pin="4"/><net_sink comp="2398" pin=0"/></net>

<net id="2402"><net_src comp="2398" pin="1"/><net_sink comp="578" pin=2"/></net>

<net id="2406"><net_src comp="687" pin="3"/><net_sink comp="2403" pin=0"/></net>

<net id="2407"><net_src comp="2403" pin="1"/><net_sink comp="1142" pin=0"/></net>

<net id="2408"><net_src comp="2403" pin="1"/><net_sink comp="1391" pin=1"/></net>

<net id="2412"><net_src comp="1130" pin="2"/><net_sink comp="2409" pin=0"/></net>

<net id="2413"><net_src comp="2409" pin="1"/><net_sink comp="1418" pin=0"/></net>

<net id="2417"><net_src comp="1142" pin="3"/><net_sink comp="2414" pin=0"/></net>

<net id="2418"><net_src comp="2414" pin="1"/><net_sink comp="1229" pin=0"/></net>

<net id="2419"><net_src comp="2414" pin="1"/><net_sink comp="1265" pin=1"/></net>

<net id="2420"><net_src comp="2414" pin="1"/><net_sink comp="1292" pin=0"/></net>

<net id="2421"><net_src comp="2414" pin="1"/><net_sink comp="1295" pin=0"/></net>

<net id="2425"><net_src comp="1175" pin="2"/><net_sink comp="2422" pin=0"/></net>

<net id="2426"><net_src comp="2422" pin="1"/><net_sink comp="1193" pin=1"/></net>

<net id="2427"><net_src comp="2422" pin="1"/><net_sink comp="1304" pin=1"/></net>

<net id="2428"><net_src comp="2422" pin="1"/><net_sink comp="1319" pin=1"/></net>

<net id="2432"><net_src comp="1181" pin="1"/><net_sink comp="2429" pin=0"/></net>

<net id="2433"><net_src comp="2429" pin="1"/><net_sink comp="1260" pin=1"/></net>

<net id="2437"><net_src comp="1185" pin="1"/><net_sink comp="2434" pin=0"/></net>

<net id="2438"><net_src comp="2434" pin="1"/><net_sink comp="1214" pin=1"/></net>

<net id="2442"><net_src comp="1189" pin="1"/><net_sink comp="2439" pin=0"/></net>

<net id="2443"><net_src comp="2439" pin="1"/><net_sink comp="1380" pin=1"/></net>

<net id="2447"><net_src comp="1352" pin="4"/><net_sink comp="2444" pin=0"/></net>

<net id="2448"><net_src comp="2444" pin="1"/><net_sink comp="1370" pin=0"/></net>

<net id="2452"><net_src comp="1362" pin="3"/><net_sink comp="2449" pin=0"/></net>

<net id="2453"><net_src comp="2449" pin="1"/><net_sink comp="1373" pin=0"/></net>

<net id="2457"><net_src comp="1418" pin="3"/><net_sink comp="2454" pin=0"/></net>

<net id="2458"><net_src comp="2454" pin="1"/><net_sink comp="600" pin=2"/></net>

<net id="2459"><net_src comp="2454" pin="1"/><net_sink comp="404" pin=1"/></net>

<net id="2466"><net_src comp="1431" pin="1"/><net_sink comp="2463" pin=0"/></net>

<net id="2467"><net_src comp="2463" pin="1"/><net_sink comp="410" pin=2"/></net>

<net id="2468"><net_src comp="2463" pin="1"/><net_sink comp="418" pin=2"/></net>

<net id="2472"><net_src comp="390" pin="3"/><net_sink comp="2469" pin=0"/></net>

<net id="2473"><net_src comp="2469" pin="1"/><net_sink comp="357" pin=0"/></net>

<net id="2477"><net_src comp="1436" pin="2"/><net_sink comp="2474" pin=0"/></net>

<net id="2478"><net_src comp="2474" pin="1"/><net_sink comp="1995" pin=0"/></net>

<net id="2482"><net_src comp="687" pin="3"/><net_sink comp="2479" pin=0"/></net>

<net id="2483"><net_src comp="2479" pin="1"/><net_sink comp="1694" pin=1"/></net>

<net id="2487"><net_src comp="1442" pin="3"/><net_sink comp="2484" pin=0"/></net>

<net id="2488"><net_src comp="2484" pin="1"/><net_sink comp="1531" pin=0"/></net>

<net id="2489"><net_src comp="2484" pin="1"/><net_sink comp="1568" pin=1"/></net>

<net id="2490"><net_src comp="2484" pin="1"/><net_sink comp="1613" pin=0"/></net>

<net id="2491"><net_src comp="2484" pin="1"/><net_sink comp="1616" pin=0"/></net>

<net id="2495"><net_src comp="1468" pin="3"/><net_sink comp="2492" pin=0"/></net>

<net id="2496"><net_src comp="2492" pin="1"/><net_sink comp="1480" pin=1"/></net>

<net id="2500"><net_src comp="1476" pin="1"/><net_sink comp="2497" pin=0"/></net>

<net id="2501"><net_src comp="2497" pin="1"/><net_sink comp="1683" pin=1"/></net>

<net id="2505"><net_src comp="1587" pin="3"/><net_sink comp="2502" pin=0"/></net>

<net id="2506"><net_src comp="2502" pin="1"/><net_sink comp="1644" pin=0"/></net>

<net id="2510"><net_src comp="1595" pin="2"/><net_sink comp="2507" pin=0"/></net>

<net id="2511"><net_src comp="2507" pin="1"/><net_sink comp="1637" pin=0"/></net>

<net id="2515"><net_src comp="1601" pin="2"/><net_sink comp="2512" pin=0"/></net>

<net id="2516"><net_src comp="2512" pin="1"/><net_sink comp="1619" pin=1"/></net>

<net id="2520"><net_src comp="1607" pin="2"/><net_sink comp="2517" pin=0"/></net>

<net id="2521"><net_src comp="2517" pin="1"/><net_sink comp="1628" pin=0"/></net>

<net id="2525"><net_src comp="1717" pin="1"/><net_sink comp="2522" pin=0"/></net>

<net id="2526"><net_src comp="2522" pin="1"/><net_sink comp="623" pin=0"/></net>

<net id="2530"><net_src comp="1722" pin="3"/><net_sink comp="2527" pin=0"/></net>

<net id="2531"><net_src comp="2527" pin="1"/><net_sink comp="2089" pin=1"/></net>

<net id="2535"><net_src comp="1730" pin="3"/><net_sink comp="2532" pin=0"/></net>

<net id="2536"><net_src comp="2532" pin="1"/><net_sink comp="1855" pin=0"/></net>

<net id="2537"><net_src comp="2532" pin="1"/><net_sink comp="1892" pin=1"/></net>

<net id="2538"><net_src comp="2532" pin="1"/><net_sink comp="2008" pin=0"/></net>

<net id="2539"><net_src comp="2532" pin="1"/><net_sink comp="2011" pin=0"/></net>

<net id="2543"><net_src comp="1756" pin="3"/><net_sink comp="2540" pin=0"/></net>

<net id="2544"><net_src comp="2540" pin="1"/><net_sink comp="1804" pin=1"/></net>

<net id="2548"><net_src comp="1764" pin="1"/><net_sink comp="2545" pin=0"/></net>

<net id="2549"><net_src comp="2545" pin="1"/><net_sink comp="2078" pin=1"/></net>

<net id="2553"><net_src comp="1768" pin="2"/><net_sink comp="2550" pin=0"/></net>

<net id="2554"><net_src comp="2550" pin="1"/><net_sink comp="611" pin=0"/></net>

<net id="2558"><net_src comp="1792" pin="2"/><net_sink comp="2555" pin=0"/></net>

<net id="2559"><net_src comp="2555" pin="1"/><net_sink comp="1955" pin=1"/></net>

<net id="2563"><net_src comp="1798" pin="2"/><net_sink comp="2560" pin=0"/></net>

<net id="2564"><net_src comp="2560" pin="1"/><net_sink comp="1955" pin=0"/></net>

<net id="2568"><net_src comp="1911" pin="3"/><net_sink comp="2565" pin=0"/></net>

<net id="2569"><net_src comp="2565" pin="1"/><net_sink comp="2039" pin=0"/></net>

<net id="2573"><net_src comp="1919" pin="2"/><net_sink comp="2570" pin=0"/></net>

<net id="2574"><net_src comp="2570" pin="1"/><net_sink comp="2032" pin=0"/></net>

<net id="2578"><net_src comp="1925" pin="2"/><net_sink comp="2575" pin=0"/></net>

<net id="2579"><net_src comp="2575" pin="1"/><net_sink comp="2014" pin=1"/></net>

<net id="2583"><net_src comp="1931" pin="2"/><net_sink comp="2580" pin=0"/></net>

<net id="2584"><net_src comp="2580" pin="1"/><net_sink comp="2023" pin=0"/></net>

<net id="2588"><net_src comp="2116" pin="3"/><net_sink comp="2585" pin=0"/></net>

<net id="2589"><net_src comp="2585" pin="1"/><net_sink comp="600" pin=0"/></net>

<net id="2596"><net_src comp="2130" pin="2"/><net_sink comp="2593" pin=0"/></net>

<net id="2597"><net_src comp="2593" pin="1"/><net_sink comp="647" pin=2"/></net>

<net id="2601"><net_src comp="2136" pin="1"/><net_sink comp="2598" pin=0"/></net>

<net id="2602"><net_src comp="2598" pin="1"/><net_sink comp="432" pin=2"/></net>

<net id="2606"><net_src comp="425" pin="3"/><net_sink comp="2603" pin=0"/></net>

<net id="2607"><net_src comp="2603" pin="1"/><net_sink comp="404" pin=0"/></net>

<net id="2611"><net_src comp="404" pin="3"/><net_sink comp="2608" pin=0"/></net>

<net id="2612"><net_src comp="2608" pin="1"/><net_sink comp="665" pin=0"/></net>

<net id="2616"><net_src comp="665" pin="2"/><net_sink comp="2613" pin=0"/></net>

<net id="2617"><net_src comp="2613" pin="1"/><net_sink comp="682" pin=1"/></net>

<net id="2621"><net_src comp="682" pin="2"/><net_sink comp="2618" pin=0"/></net>

<net id="2622"><net_src comp="2618" pin="1"/><net_sink comp="439" pin=1"/></net>

<net id="2623"><net_src comp="2618" pin="1"/><net_sink comp="665" pin=1"/></net>

<net id="2627"><net_src comp="665" pin="2"/><net_sink comp="2624" pin=0"/></net>

<net id="2628"><net_src comp="2624" pin="1"/><net_sink comp="635" pin=2"/></net>

<net id="2635"><net_src comp="2147" pin="2"/><net_sink comp="2632" pin=0"/></net>

<net id="2636"><net_src comp="2632" pin="1"/><net_sink comp="658" pin=0"/></net>

<net id="2640"><net_src comp="445" pin="3"/><net_sink comp="2637" pin=0"/></net>

<net id="2641"><net_src comp="2637" pin="1"/><net_sink comp="439" pin=0"/></net>

<net id="2645"><net_src comp="439" pin="3"/><net_sink comp="2642" pin=0"/></net>

<net id="2646"><net_src comp="2642" pin="1"/><net_sink comp="671" pin=0"/></net>

<net id="2650"><net_src comp="671" pin="2"/><net_sink comp="2647" pin=0"/></net>

<net id="2651"><net_src comp="2647" pin="1"/><net_sink comp="439" pin=1"/></net>

</net_list>

</model> 
---------------- Datapath Model END ------------------

* FSMD analyzer results:
  - Output states:
	Port: output_r | {51 77 }
 - Input state : 
	Port: mlp : input_V | {4 5 }
	Port: mlp : output_r | {59 60 }
	Port: mlp : B1_V | {2 3 }
	Port: mlp : W1_V | {4 5 }
	Port: mlp : B2_V | {6 7 }
	Port: mlp : W2_V | {8 9 }
	Port: mlp : B3_V | {10 11 }
	Port: mlp : W3_V | {12 13 }
	Port: mlp : B4_V | {14 15 }
	Port: mlp : W4_V | {16 17 }
  - Chain level:
	State 1
	State 2
		add_ln88 : 1
		icmp_ln88 : 1
		j : 1
		br_ln88 : 2
		zext_ln89 : 1
		B1_V_addr : 2
		acc_V : 3
	State 3
		zext_ln89_1 : 1
	State 4
		icmp_ln68 : 1
		i : 1
		br_ln68 : 2
		zext_ln69 : 1
		zext_ln1117_2 : 1
		add_ln1117_1 : 2
		zext_ln1117_3 : 3
		W1_V_addr : 4
		input_V_addr : 2
		input_V_load : 3
		W1_V_load : 5
		empty_16 : 1
		tmp_10 : 1
		p_Val2_s : 2
		store_ln89 : 3
	State 5
		sext_ln1192 : 1
		sext_ln1192_1 : 1
		mul_ln1192 : 2
		ret_V : 3
		acc_V_2 : 4
	State 6
		icmp_ln93 : 1
		j_1 : 1
		br_ln93 : 2
		zext_ln94 : 1
		B2_V_addr : 2
		acc_V_1 : 3
	State 7
		zext_ln1117_1 : 1
		add_ln1117 : 2
		sext_ln94 : 1
	State 8
		icmp_ln68_1 : 1
		i_1 : 1
		br_ln68 : 2
		zext_ln69_1 : 1
		zext_ln1117_4 : 1
		add_ln1117_2 : 2
		zext_ln1117_5 : 3
		W2_V_addr : 4
		a1_V_addr_1 : 2
		a1_V_load : 3
		W2_V_load : 5
		empty_19 : 1
		tmp_11 : 1
		p_Val2_3 : 2
		store_ln94 : 3
	State 9
		zext_ln1192 : 1
		sext_ln1192_2 : 1
		mul_ln1192_1 : 2
		ret_V_1 : 3
		acc_V_4 : 4
	State 10
		icmp_ln98 : 1
		j_2 : 1
		br_ln98 : 2
		zext_ln99 : 1
		B3_V_addr : 2
		acc_V_3 : 3
	State 11
		zext_ln99_1 : 1
		sext_ln99 : 1
	State 12
		icmp_ln68_2 : 1
		i_2 : 1
		br_ln68 : 2
		zext_ln69_2 : 1
		zext_ln1117_6 : 1
		add_ln1117_3 : 2
		zext_ln1117_7 : 3
		W3_V_addr : 4
		a2_V_addr_1 : 2
		a2_V_load : 3
		W3_V_load : 5
		empty_22 : 1
		tmp_16 : 1
		p_Val2_10 : 2
		store_ln99 : 3
	State 13
		zext_ln1192_1 : 1
		sext_ln1192_3 : 1
		mul_ln1192_2 : 2
		ret_V_2 : 3
		acc_V_6 : 4
	State 14
		icmp_ln103 : 1
		j_3 : 1
		br_ln103 : 2
		zext_ln104 : 1
		B4_V_addr : 2
		acc_V_5 : 3
		tmp_V_9 : 1
	State 15
		zext_ln104_1 : 1
		sext_ln104 : 1
	State 16
		icmp_ln68_3 : 1
		i_3 : 1
		br_ln68 : 2
		zext_ln69_3 : 1
		zext_ln1117_8 : 1
		add_ln1117_4 : 2
		zext_ln1117_9 : 3
		W4_V_addr : 4
		a3_V_addr_1 : 2
		a3_V_load : 3
		W4_V_load : 5
		store_ln104 : 1
	State 17
		zext_ln1192_2 : 1
		sext_ln1192_4 : 1
		mul_ln1192_3 : 2
		ret_V_3 : 3
		acc_V_7 : 4
	State 18
		p_Result_21 : 1
	State 19
		tmp_V_10 : 1
		p_Result_s : 2
		p_Result_22 : 3
		l : 4
		sub_ln944 : 5
		trunc_ln944 : 6
		trunc_ln947 : 6
		trunc_ln943 : 5
	State 20
		tmp_13 : 1
		icmp_ln947 : 2
		zext_ln947 : 1
		lshr_ln947 : 2
		p_Result_4 : 3
		icmp_ln947_1 : 3
		a : 4
		tmp_14 : 1
		xor_ln949 : 2
		p_Result_3 : 1
		and_ln949 : 2
		or_ln949 : 4
		or_ln : 4
		icmp_ln958 : 1
		lshr_ln958 : 1
		zext_ln958 : 2
		zext_ln958_1 : 1
		shl_ln958 : 2
		m_1 : 3
		zext_ln961 : 5
		m_2 : 6
		m_s : 7
		tmp_15 : 7
	State 21
		add_ln964 : 1
		tmp_s : 2
		p_Result_23 : 3
		trunc_ln738 : 4
		bitcast_ln739 : 5
		select_ln935 : 6
	State 22
		icmp_ln109 : 1
		br_ln109 : 2
		zext_ln110 : 1
		z4_V_addr_2 : 2
		tmp_V_11 : 3
		store_ln114 : 1
	State 23
		icmp_ln935_1 : 1
		br_ln110 : 2
		p_Result_24 : 1
		tmp_V_5 : 1
		tmp_V_12 : 2
		p_Result_10 : 3
		p_Result_25 : 4
		l_1 : 5
		trunc_ln943_1 : 6
		store_ln110 : 1
	State 24
		trunc_ln944_1 : 1
		lsb_index_1 : 1
		tmp_18 : 2
		icmp_ln947_2 : 3
		trunc_ln947_1 : 1
		sub_ln947_1 : 2
		zext_ln947_1 : 3
		lshr_ln947_1 : 4
		p_Result_12 : 5
		icmp_ln947_3 : 5
		a_1 : 6
		tmp_19 : 2
		xor_ln949_1 : 3
		add_ln949_1 : 2
		p_Result_13 : 3
		and_ln949_1 : 3
		or_ln949_1 : 6
		or_ln949_2 : 6
		icmp_ln958_1 : 2
		add_ln958_1 : 1
		sub_ln958_1 : 1
	State 25
		lshr_ln958_1 : 1
		zext_ln958_2 : 2
		shl_ln958_1 : 1
		m_16 : 3
		m_17 : 4
		m_3 : 5
		m_27 : 6
		tmp_20 : 5
		select_ln964_1 : 6
		add_ln964_1 : 7
		tmp_4 : 8
		p_Result_26 : 9
		trunc_ln738_1 : 10
		bitcast_ln739_1 : 11
		store_ln110 : 12
		tmp_V_13 : 1
		p_Result_16 : 2
		p_Result_28 : 3
		l_2 : 4
		trunc_ln943_2 : 5
	State 26
		bitcast_ln111 : 1
		tmp_1 : 2
		trunc_ln111 : 2
		icmp_ln111 : 3
		icmp_ln111_1 : 3
		tmp_5 : 1
		trunc_ln944_2 : 1
		lsb_index_2 : 1
		tmp_22 : 2
		icmp_ln947_4 : 3
		trunc_ln947_2 : 1
		sub_ln947_2 : 2
		zext_ln947_2 : 3
		lshr_ln947_2 : 4
		p_Result_18 : 5
		icmp_ln947_5 : 5
		a_2 : 6
		tmp_23 : 2
		xor_ln949_2 : 3
		add_ln949_2 : 2
		p_Result_19 : 3
		and_ln949_2 : 3
		or_ln949_3 : 6
		or_ln949_4 : 6
		icmp_ln958_2 : 2
		add_ln958_2 : 1
		sub_ln958_2 : 1
	State 27
		tmp_3 : 1
		trunc_ln111_1 : 1
		icmp_ln111_2 : 2
		icmp_ln111_3 : 2
		or_ln111_2 : 3
		and_ln111 : 3
		and_ln111_1 : 3
		xor_ln111 : 3
		or_ln111 : 3
		select_ln111 : 3
		lshr_ln958_2 : 1
		zext_ln958_4 : 2
		shl_ln958_2 : 1
		m_22 : 3
		m_23 : 4
		m_4 : 5
		m_28 : 6
		tmp_24 : 5
		select_ln964_2 : 6
		add_ln964_2 : 7
		tmp_6 : 8
		p_Result_29 : 9
		trunc_ln738_2 : 10
		bitcast_ln739_2 : 11
		select_ln111_1 : 12
	State 28
		icmp_ln118 : 1
		j_4 : 1
		br_ln118 : 2
		zext_ln119 : 1
		logits_addr_3 : 2
		logits_load : 3
	State 29
	State 30
	State 31
	State 32
	State 33
	State 34
	State 35
	State 36
	State 37
	State 38
	State 39
	State 40
	State 41
	State 42
	State 43
	State 44
	State 45
	State 46
	State 47
	State 48
	State 49
	State 50
	State 51
		store_ln120 : 1
	State 52
	State 53
	State 54
	State 55
	State 56
	State 57
	State 58
	State 59
		icmp_ln124 : 1
		j_6 : 1
		br_ln124 : 2
		zext_ln125 : 1
		output_addr_1 : 2
		output_load : 3
	State 60
	State 61
	State 62
	State 63
	State 64
	State 65
	State 66
	State 67
	State 68
	State 69
	State 70
	State 71
	State 72
	State 73
	State 74
	State 75
	State 76
	State 77


============================================================
+ Verbose Summary: Datapath Resource usage 
============================================================

* Functional unit list:
|----------|------------------------|---------|---------|---------|
| Operation|     Functional Unit    |  DSP48E |    FF   |   LUT   |
|----------|------------------------|---------|---------|---------|
|   fdiv   |       grp_fu_671       |    0    |   761   |   803   |
|----------|------------------------|---------|---------|---------|
|   fexp   |       grp_fu_682       |    7    |   381   |   938   |
|----------|------------------------|---------|---------|---------|
|          |     add_ln88_fu_706    |    0    |    0    |    19   |
|          |        j_fu_718        |    0    |    0    |    11   |
|          |        i_fu_739        |    0    |    0    |    17   |
|          |   add_ln1117_1_fu_754  |    0    |    0    |    19   |
|          |       j_1_fu_817       |    0    |    0    |    12   |
|          |    add_ln1117_fu_844   |    0    |    0    |    15   |
|          |       i_1_fu_860       |    0    |    0    |    11   |
|          |   add_ln1117_2_fu_875  |    0    |    0    |    15   |
|          |       j_2_fu_937       |    0    |    0    |    12   |
|          |       i_2_fu_970       |    0    |    0    |    12   |
|          |   add_ln1117_3_fu_985  |    0    |    0    |    15   |
|          |       j_3_fu_1047      |    0    |    0    |    12   |
|          |       i_3_fu_1080      |    0    |    0    |    12   |
|          |  add_ln1117_4_fu_1095  |    0    |    0    |    15   |
|          |    lsb_index_fu_1193   |    0    |    0    |    39   |
|    add   |    add_ln949_fu_1260   |    0    |    0    |    27   |
|          |    add_ln958_fu_1304   |    0    |    0    |    39   |
|          |       m_2_fu_1346      |    0    |    0    |    71   |
|          |    add_ln964_fu_1385   |    0    |    0    |    19   |
|          |   lsb_index_1_fu_1489  |    0    |    0    |    39   |
|          |   add_ln949_1_fu_1562  |    0    |    0    |    27   |
|          |   add_ln958_1_fu_1601  |    0    |    0    |    39   |
|          |      m_17_fu_1647      |    0    |    0    |    71   |
|          |   add_ln964_1_fu_1688  |    0    |    0    |    19   |
|          |       j_5_fu_1768      |    0    |    0    |    12   |
|          |   lsb_index_2_fu_1813  |    0    |    0    |    39   |
|          |   add_ln949_2_fu_1886  |    0    |    0    |    27   |
|          |   add_ln958_2_fu_1925  |    0    |    0    |    39   |
|          |      m_23_fu_2042      |    0    |    0    |    71   |
|          |   add_ln964_2_fu_2083  |    0    |    0    |    19   |
|          |       j_4_fu_2130      |    0    |    0    |    12   |
|          |       j_6_fu_2147      |    0    |    0    |    12   |
|----------|------------------------|---------|---------|---------|
|   fadd   |       grp_fu_665       |    2    |   296   |   244   |
|----------|------------------------|---------|---------|---------|
|          |     p_Val2_s_fu_777    |    0    |    0    |    19   |
|          |     p_Val2_3_fu_897    |    0    |    0    |    19   |
|          |    p_Val2_10_fu_1007   |    0    |    0    |    19   |
|          |    tmp_V_10_fu_1142    |    0    |    0    |    20   |
|          |       m_1_fu_1334      |    0    |    0    |    56   |
|          |  select_ln964_fu_1373  |    0    |    0    |    8    |
|          |  select_ln935_fu_1418  |    0    |    0    |    32   |
|  select  |    tmp_V_12_fu_1442    |    0    |    0    |    20   |
|          |      m_16_fu_1637      |    0    |    0    |    56   |
|          | select_ln964_1_fu_1675 |    0    |    0    |    8    |
|          |    tmp_V_13_fu_1730    |    0    |    0    |    20   |
|          |  select_ln111_fu_2000  |    0    |    0    |    32   |
|          |      m_22_fu_2032      |    0    |    0    |    56   |
|          | select_ln964_2_fu_2070 |    0    |    0    |    8    |
|          | select_ln111_1_fu_2116 |    0    |    0    |    32   |
|----------|------------------------|---------|---------|---------|
|          |       grp_fu_695       |    0    |    0    |    27   |
|          |      tmp_V_fu_1136     |    0    |    0    |    27   |
|          |    sub_ln944_fu_1175   |    0    |    0    |    39   |
|          |    sub_ln947_fu_1214   |    0    |    0    |    15   |
|          |    sub_ln958_fu_1319   |    0    |    0    |    39   |
|          |    sub_ln964_fu_1380   |    0    |    0    |    19   |
|    sub   |   sub_ln944_1_fu_1480  |    0    |    0    |    39   |
|          |   sub_ln947_1_fu_1515  |    0    |    0    |    15   |
|          |   sub_ln958_1_fu_1607  |    0    |    0    |    39   |
|          |   sub_ln964_1_fu_1683  |    0    |    0    |    19   |
|          |   sub_ln944_2_fu_1804  |    0    |    0    |    39   |
|          |   sub_ln947_2_fu_1839  |    0    |    0    |    15   |
|          |   sub_ln958_2_fu_1931  |    0    |    0    |    39   |
|          |   sub_ln964_2_fu_2078  |    0    |    0    |    19   |
|----------|------------------------|---------|---------|---------|
|          |    icmp_ln88_fu_712    |    0    |    0    |    9    |
|          |    icmp_ln68_fu_733    |    0    |    0    |    13   |
|          |    icmp_ln93_fu_811    |    0    |    0    |    9    |
|          |   icmp_ln68_1_fu_854   |    0    |    0    |    9    |
|          |    icmp_ln98_fu_931    |    0    |    0    |    9    |
|          |   icmp_ln68_2_fu_964   |    0    |    0    |    9    |
|          |   icmp_ln103_fu_1041   |    0    |    0    |    9    |
|          |   icmp_ln68_3_fu_1074  |    0    |    0    |    9    |
|          |   icmp_ln935_fu_1130   |    0    |    0    |    20   |
|          |   icmp_ln947_fu_1208   |    0    |    0    |    20   |
|          |  icmp_ln947_1_fu_1234  |    0    |    0    |    20   |
|          |   icmp_ln958_fu_1298   |    0    |    0    |    20   |
|   icmp   |   icmp_ln109_fu_1425   |    0    |    0    |    9    |
|          |  icmp_ln935_1_fu_1436  |    0    |    0    |    20   |
|          |  icmp_ln947_2_fu_1505  |    0    |    0    |    20   |
|          |  icmp_ln947_3_fu_1536  |    0    |    0    |    20   |
|          |  icmp_ln958_1_fu_1595  |    0    |    0    |    20   |
|          |   icmp_ln111_fu_1792   |    0    |    0    |    11   |
|          |  icmp_ln111_1_fu_1798  |    0    |    0    |    20   |
|          |  icmp_ln947_4_fu_1829  |    0    |    0    |    20   |
|          |  icmp_ln947_5_fu_1860  |    0    |    0    |    20   |
|          |  icmp_ln958_2_fu_1919  |    0    |    0    |    20   |
|          |  icmp_ln111_2_fu_1959  |    0    |    0    |    11   |
|          |  icmp_ln111_3_fu_1965  |    0    |    0    |    20   |
|          |   icmp_ln118_fu_2124   |    0    |    0    |    9    |
|          |   icmp_ln124_fu_2141   |    0    |    0    |    9    |
|----------|------------------------|---------|---------|---------|
|          |   lshr_ln947_fu_1223   |    0    |    0    |    11   |
|          |   lshr_ln958_fu_1309   |    0    |    0    |   101   |
|   lshr   |  lshr_ln947_1_fu_1525  |    0    |    0    |    11   |
|          |  lshr_ln958_1_fu_1619  |    0    |    0    |   101   |
|          |  lshr_ln947_2_fu_1849  |    0    |    0    |    11   |
|          |  lshr_ln958_2_fu_2014  |    0    |    0    |   101   |
|----------|------------------------|---------|---------|---------|
|          |    shl_ln958_fu_1328   |    0    |    0    |   101   |
|    shl   |   shl_ln958_1_fu_1631  |    0    |    0    |   101   |
|          |   shl_ln958_2_fu_2026  |    0    |    0    |   101   |
|----------|------------------------|---------|---------|---------|
|          |        l_fu_1167       |    0    |    40   |    36   |
|   cttz   |       l_1_fu_1468      |    0    |    40   |    36   |
|          |       l_2_fu_1756      |    0    |    40   |    36   |
|----------|------------------------|---------|---------|---------|
|   fcmp   |       grp_fu_676       |    0    |    66   |    66   |
|----------|------------------------|---------|---------|---------|
|          |   p_Result_4_fu_1229   |    0    |    0    |    20   |
|          |        a_fu_1240       |    0    |    0    |    2    |
|          |    and_ln949_fu_1272   |    0    |    0    |    2    |
|          |   p_Result_12_fu_1531  |    0    |    0    |    20   |
|          |       a_1_fu_1542      |    0    |    0    |    2    |
|    and   |   and_ln949_1_fu_1575  |    0    |    0    |    2    |
|          |   p_Result_18_fu_1855  |    0    |    0    |    20   |
|          |       a_2_fu_1866      |    0    |    0    |    2    |
|          |   and_ln949_2_fu_1899  |    0    |    0    |    2    |
|          |    and_ln111_fu_1977   |    0    |    0    |    2    |
|          |   and_ln111_1_fu_1983  |    0    |    0    |    2    |
|----------|------------------------|---------|---------|---------|
|          |    or_ln949_fu_1278    |    0    |    0    |    2    |
|          |   or_ln949_1_fu_1581   |    0    |    0    |    2    |
|    or    |   or_ln949_3_fu_1905   |    0    |    0    |    2    |
|          |   or_ln111_1_fu_1955   |    0    |    0    |    2    |
|          |   or_ln111_2_fu_1971   |    0    |    0    |    2    |
|          |    or_ln111_fu_1995    |    0    |    0    |    2    |
|----------|------------------------|---------|---------|---------|
|          |    xor_ln949_fu_1254   |    0    |    0    |    2    |
|    xor   |   xor_ln949_1_fu_1556  |    0    |    0    |    2    |
|          |   xor_ln949_2_fu_1880  |    0    |    0    |    2    |
|          |    xor_ln111_fu_1989   |    0    |    0    |    2    |
|----------|------------------------|---------|---------|---------|
|          |       grp_fu_2158      |    1    |    0    |    0    |
|  muladd  |       grp_fu_2167      |    1    |    0    |    0    |
|          |       grp_fu_2176      |    1    |    0    |    0    |
|          |       grp_fu_2185      |    1    |    0    |    0    |
|----------|------------------------|---------|---------|---------|
|          |       grp_fu_687       |    0    |    0    |    0    |
|          |      tmp_10_fu_769     |    0    |    0    |    0    |
|          |      tmp_11_fu_889     |    0    |    0    |    0    |
|          |      tmp_16_fu_999     |    0    |    0    |    0    |
|          |     tmp_14_fu_1246     |    0    |    0    |    0    |
|          |   p_Result_3_fu_1265   |    0    |    0    |    0    |
| bitselect|     tmp_15_fu_1362     |    0    |    0    |    0    |
|          |     tmp_19_fu_1548     |    0    |    0    |    0    |
|          |   p_Result_13_fu_1568  |    0    |    0    |    0    |
|          |     tmp_20_fu_1667     |    0    |    0    |    0    |
|          |   p_Result_27_fu_1722  |    0    |    0    |    0    |
|          |     tmp_23_fu_1872     |    0    |    0    |    0    |
|          |   p_Result_19_fu_1892  |    0    |    0    |    0    |
|          |     tmp_24_fu_2062     |    0    |    0    |    0    |
|----------|------------------------|---------|---------|---------|
|          |    zext_ln89_fu_724    |    0    |    0    |    0    |
|          |   zext_ln89_1_fu_729   |    0    |    0    |    0    |
|          |    zext_ln69_fu_745    |    0    |    0    |    0    |
|          |  zext_ln1117_2_fu_750  |    0    |    0    |    0    |
|          |  zext_ln1117_3_fu_760  |    0    |    0    |    0    |
|          |    zext_ln94_fu_823    |    0    |    0    |    0    |
|          |   zext_ln1117_fu_828   |    0    |    0    |    0    |
|          |  zext_ln1117_1_fu_840  |    0    |    0    |    0    |
|          |   zext_ln69_1_fu_866   |    0    |    0    |    0    |
|          |  zext_ln1117_4_fu_871  |    0    |    0    |    0    |
|          |  zext_ln1117_5_fu_880  |    0    |    0    |    0    |
|          |   zext_ln1192_fu_906   |    0    |    0    |    0    |
|          |    zext_ln99_fu_943    |    0    |    0    |    0    |
|          |   zext_ln99_1_fu_956   |    0    |    0    |    0    |
|          |   zext_ln69_2_fu_976   |    0    |    0    |    0    |
|          |  zext_ln1117_6_fu_981  |    0    |    0    |    0    |
|          |  zext_ln1117_7_fu_990  |    0    |    0    |    0    |
|          |  zext_ln1192_1_fu_1016 |    0    |    0    |    0    |
|          |   zext_ln104_fu_1053   |    0    |    0    |    0    |
|          |  zext_ln104_1_fu_1066  |    0    |    0    |    0    |
|          |   zext_ln69_3_fu_1086  |    0    |    0    |    0    |
|          |  zext_ln1117_8_fu_1091 |    0    |    0    |    0    |
|          |  zext_ln1117_9_fu_1100 |    0    |    0    |    0    |
|   zext   |  zext_ln1192_2_fu_1105 |    0    |    0    |    0    |
|          |   zext_ln947_fu_1219   |    0    |    0    |    0    |
|          |        m_fu_1292       |    0    |    0    |    0    |
|          |  zext_ln957_1_fu_1295  |    0    |    0    |    0    |
|          |   zext_ln958_fu_1315   |    0    |    0    |    0    |
|          |  zext_ln958_1_fu_1324  |    0    |    0    |    0    |
|          |   zext_ln961_fu_1342   |    0    |    0    |    0    |
|          |      m_26_fu_1370      |    0    |    0    |    0    |
|          |   zext_ln110_fu_1431   |    0    |    0    |    0    |
|          |  zext_ln947_1_fu_1521  |    0    |    0    |    0    |
|          |      m_15_fu_1613      |    0    |    0    |    0    |
|          |  zext_ln957_2_fu_1616  |    0    |    0    |    0    |
|          |  zext_ln958_2_fu_1624  |    0    |    0    |    0    |
|          |  zext_ln958_3_fu_1628  |    0    |    0    |    0    |
|          |  zext_ln961_1_fu_1644  |    0    |    0    |    0    |
|          |      m_27_fu_1663      |    0    |    0    |    0    |
|          |  zext_ln947_2_fu_1845  |    0    |    0    |    0    |
|          |      m_21_fu_2008      |    0    |    0    |    0    |
|          |  zext_ln957_3_fu_2011  |    0    |    0    |    0    |
|          |  zext_ln958_4_fu_2019  |    0    |    0    |    0    |
|          |  zext_ln958_5_fu_2023  |    0    |    0    |    0    |
|          |  zext_ln961_2_fu_2039  |    0    |    0    |    0    |
|          |      m_28_fu_2058      |    0    |    0    |    0    |
|          |   zext_ln119_fu_2136   |    0    |    0    |    0    |
|          |   zext_ln125_fu_2153   |    0    |    0    |    0    |
|----------|------------------------|---------|---------|---------|
|          |     empty_16_fu_765    |    0    |    0    |    0    |
|          |     empty_19_fu_885    |    0    |    0    |    0    |
|          |     empty_22_fu_995    |    0    |    0    |    0    |
|          |   trunc_ln944_fu_1181  |    0    |    0    |    0    |
|          |   trunc_ln947_fu_1185  |    0    |    0    |    0    |
|          |   trunc_ln943_fu_1189  |    0    |    0    |    0    |
|          |   trunc_ln738_fu_1410  |    0    |    0    |    0    |
|          |  trunc_ln943_1_fu_1476 |    0    |    0    |    0    |
|   trunc  |  trunc_ln944_1_fu_1485 |    0    |    0    |    0    |
|          |  trunc_ln947_1_fu_1511 |    0    |    0    |    0    |
|          |  trunc_ln738_1_fu_1713 |    0    |    0    |    0    |
|          |  trunc_ln943_2_fu_1764 |    0    |    0    |    0    |
|          |   trunc_ln111_fu_1788  |    0    |    0    |    0    |
|          |  trunc_ln944_2_fu_1809 |    0    |    0    |    0    |
|          |  trunc_ln947_2_fu_1835 |    0    |    0    |    0    |
|          |  trunc_ln111_1_fu_1951 |    0    |    0    |    0    |
|          |  trunc_ln738_2_fu_2108 |    0    |    0    |    0    |
|----------|------------------------|---------|---------|---------|
|          |   sext_ln1192_fu_786   |    0    |    0    |    0    |
|          |  sext_ln1192_1_fu_790  |    0    |    0    |    0    |
|          |    sext_ln94_fu_850    |    0    |    0    |    0    |
|   sext   |  sext_ln1192_2_fu_910  |    0    |    0    |    0    |
|          |    sext_ln99_fu_960    |    0    |    0    |    0    |
|          |  sext_ln1192_3_fu_1020 |    0    |    0    |    0    |
|          |   sext_ln104_fu_1070   |    0    |    0    |    0    |
|          |  sext_ln1192_4_fu_1109 |    0    |    0    |    0    |
|----------|------------------------|---------|---------|---------|
|          |      lhs_V_fu_794      |    0    |    0    |    0    |
|          |      tmp_7_fu_832      |    0    |    0    |    0    |
|          |     lhs_V_1_fu_914     |    0    |    0    |    0    |
|          |      tmp_8_fu_948      |    0    |    0    |    0    |
|          |     lhs_V_2_fu_1024    |    0    |    0    |    0    |
|          |      tmp_9_fu_1058     |    0    |    0    |    0    |
|          |     lhs_V_3_fu_1113    |    0    |    0    |    0    |
|bitconcatenate|   p_Result_22_fu_1159  |    0    |    0    |    0    |
|          |      or_ln_fu_1284     |    0    |    0    |    0    |
|          |      tmp_s_fu_1391     |    0    |    0    |    0    |
|          |   p_Result_25_fu_1460  |    0    |    0    |    0    |
|          |   or_ln949_2_fu_1587   |    0    |    0    |    0    |
|          |      tmp_4_fu_1694     |    0    |    0    |    0    |
|          |   p_Result_28_fu_1748  |    0    |    0    |    0    |
|          |   or_ln949_4_fu_1911   |    0    |    0    |    0    |
|          |      tmp_6_fu_2089     |    0    |    0    |    0    |
|----------|------------------------|---------|---------|---------|
|          |     acc_V_2_fu_802     |    0    |    0    |    0    |
|          |     acc_V_4_fu_922     |    0    |    0    |    0    |
|          |     acc_V_6_fu_1032    |    0    |    0    |    0    |
|          |     acc_V_7_fu_1121    |    0    |    0    |    0    |
|          |   p_Result_s_fu_1149   |    0    |    0    |    0    |
|          |     tmp_13_fu_1198     |    0    |    0    |    0    |
|          |       m_s_fu_1352      |    0    |    0    |    0    |
|partselect|   p_Result_10_fu_1450  |    0    |    0    |    0    |
|          |     tmp_18_fu_1495     |    0    |    0    |    0    |
|          |       m_3_fu_1653      |    0    |    0    |    0    |
|          |   p_Result_16_fu_1738  |    0    |    0    |    0    |
|          |      tmp_1_fu_1778     |    0    |    0    |    0    |
|          |     tmp_22_fu_1819     |    0    |    0    |    0    |
|          |      tmp_3_fu_1941     |    0    |    0    |    0    |
|          |       m_4_fu_2048      |    0    |    0    |    0    |
|----------|------------------------|---------|---------|---------|
|          |   p_Result_23_fu_1398  |    0    |    0    |    0    |
|  partset |   p_Result_26_fu_1701  |    0    |    0    |    0    |
|          |   p_Result_29_fu_2096  |    0    |    0    |    0    |
|----------|------------------------|---------|---------|---------|
|   Total  |                        |    13   |   1624  |   4892  |
|----------|------------------------|---------|---------|---------|

Memories:
+------+--------+--------+--------+--------+
|      |  BRAM  |   FF   |   LUT  |  URAM  |
+------+--------+--------+--------+--------+
| B1_V |    0   |   13   |    2   |    -   |
| B2_V |    0   |   15   |    2   |    -   |
| B3_V |    0   |   16   |    2   |    -   |
| B4_V |    0   |   16   |    3   |    -   |
| W1_V |    4   |    0   |    0   |    -   |
| W2_V |    0   |   16   |   10   |    -   |
| W3_V |    0   |   15   |   15   |    -   |
| W4_V |    1   |    0   |    0   |    -   |
| a1_V |    0   |   38   |    2   |    0   |
| a2_V |    0   |   38   |    3   |    0   |
| a3_V |    0   |   38   |    3   |    0   |
|logits|    0   |   64   |    5   |    0   |
| z4_V |    0   |   40   |    4   |    0   |
+------+--------+--------+--------+--------+
| Total|    5   |   309  |   51   |    0   |
+------+--------+--------+--------+--------+

* Register list:
+------------------------+--------+
|                        |   FF   |
+------------------------+--------+
|   B1_V_addr_reg_2212   |    3   |
|   B2_V_addr_reg_2258   |    3   |
|   B3_V_addr_reg_2309   |    3   |
|   B4_V_addr_reg_2360   |    4   |
|   W1_V_addr_reg_2230   |   12   |
|   W2_V_addr_reg_2281   |    6   |
|   W3_V_addr_reg_2332   |    6   |
|   W4_V_addr_reg_2388   |    7   |
|  a1_V_addr_1_reg_2286  |    3   |
|  a2_V_addr_1_reg_2337  |    3   |
|  a3_V_addr_1_reg_2393  |    3   |
|    acc_V_2_reg_2240    |   20   |
|    acc_V_4_reg_2291    |   20   |
|    acc_V_6_reg_2342    |   20   |
|    acc_V_7_reg_2398    |   20   |
|   add_ln1117_reg_2263  |    7   |
|    add_ln88_reg_2194   |   12   |
|  add_ln958_1_reg_2512  |   32   |
|  add_ln958_2_reg_2575  |   32   |
|bitcast_ln739_1_reg_2522|   32   |
|       e_reg_2618       |   32   |
|     i_0_i10_reg_519    |    3   |
|     i_0_i26_reg_552    |    4   |
|     i_0_i42_reg_586    |    4   |
|      i_0_i_reg_486     |   10   |
|      i_1_reg_2276      |    3   |
|      i_2_reg_2327      |    4   |
|      i_3_reg_2383      |    4   |
|       i_reg_2225       |   10   |
|  icmp_ln111_1_reg_2560 |    1   |
|   icmp_ln111_reg_2555  |    1   |
|  icmp_ln935_1_reg_2474 |    1   |
|   icmp_ln935_reg_2409  |    1   |
|  icmp_ln958_1_reg_2507 |    1   |
|  icmp_ln958_2_reg_2570 |    1   |
|  input_V_addr_reg_2235 |   10   |
|      j4_0_reg_497      |    4   |
|      j5_0_reg_530      |    4   |
|      j6_0_reg_563      |    4   |
|      j7_0_reg_607      |    4   |
|      j8_0_reg_643      |    4   |
|      j9_0_reg_654      |    4   |
|       j_0_reg_453      |    3   |
|      j_1_reg_2248      |    4   |
|      j_2_reg_2299      |    4   |
|      j_3_reg_2350      |    4   |
|      j_4_reg_2593      |    4   |
|      j_5_reg_2550      |    4   |
|      j_6_reg_2632      |    4   |
|       j_reg_2202       |    3   |
|      l_1_reg_2492      |   32   |
|      l_2_reg_2540      |   32   |
| logits_addr_3_reg_2603 |    4   |
|  logits_load_reg_2608  |   32   |
|      m_s_reg_2444      |   63   |
|     maxv_0_reg_597     |   32   |
|   or_ln949_2_reg_2502  |   32   |
|   or_ln949_4_reg_2565  |   32   |
| output_addr_1_reg_2637 |    4   |
|  output_load_reg_2642  |   32   |
|     p_0202_reg_619     |   32   |
|  p_Result_21_reg_2403  |    1   |
|  p_Result_24_reg_2479  |    1   |
|  p_Result_27_reg_2527  |    1   |
|    p_Val2_14_reg_575   |   20   |
|    p_Val2_1_reg_476    |   20   |
|    p_Val2_4_reg_509    |   20   |
|    p_Val2_9_reg_542    |   20   |
|     phi_mul_reg_464    |   12   |
|         reg_701        |   20   |
| select_ln111_1_reg_2585|   32   |
|  select_ln935_reg_2454 |   32   |
|   sext_ln104_reg_2375  |   20   |
|   sext_ln94_reg_2268   |   20   |
|   sext_ln99_reg_2319   |   20   |
|   sub_ln944_reg_2422   |   32   |
|  sub_ln958_1_reg_2517  |   32   |
|  sub_ln958_2_reg_2580  |   32   |
|      sum_0_reg_631     |   32   |
|      sum_reg_2624      |   32   |
|     tmp_15_reg_2449    |    1   |
|     tmp_2_reg_2647     |   32   |
|    tmp_V_10_reg_2414   |   20   |
|    tmp_V_12_reg_2484   |   20   |
|    tmp_V_13_reg_2532   |   20   |
|      tmp_reg_2613      |   32   |
| trunc_ln943_1_reg_2497 |    8   |
| trunc_ln943_2_reg_2545 |    8   |
|  trunc_ln943_reg_2439  |    8   |
|  trunc_ln944_reg_2429  |   20   |
|  trunc_ln947_reg_2434  |    5   |
|  z4_V_addr_2_reg_2469  |    4   |
|   z4_V_addr_reg_2365   |    4   |
|  zext_ln104_1_reg_2370 |    8   |
|   zext_ln104_reg_2355  |   64   |
|   zext_ln110_reg_2463  |   64   |
|   zext_ln119_reg_2598  |   64   |
|  zext_ln89_1_reg_2217  |   20   |
|   zext_ln89_reg_2207   |   64   |
|   zext_ln94_reg_2253   |   64   |
|  zext_ln99_1_reg_2314  |    8   |
|   zext_ln99_reg_2304   |   64   |
+------------------------+--------+
|          Total         |  1720  |
+------------------------+--------+

* Multiplexer (MUX) list: 
|-------------------|------|------|------|--------||---------||---------|
|        Comp       |  Pin | Size |  BW  | S x BW ||  Delay  ||   LUT   |
|-------------------|------|------|------|--------||---------||---------|
| grp_access_fu_203 |  p0  |   2  |   3  |    6   ||    9    |
| grp_access_fu_223 |  p0  |   2  |  10  |   20   ||    9    |
| grp_access_fu_229 |  p0  |   2  |  12  |   24   ||    9    |
| grp_access_fu_241 |  p0  |   3  |   3  |    9   ||    15   |
| grp_access_fu_254 |  p0  |   2  |   3  |    6   ||    9    |
| grp_access_fu_274 |  p0  |   2  |   6  |   12   ||    9    |
| grp_access_fu_286 |  p0  |   3  |   3  |    9   ||    15   |
| grp_access_fu_299 |  p0  |   2  |   3  |    6   ||    9    |
| grp_access_fu_319 |  p0  |   2  |   6  |   12   ||    9    |
| grp_access_fu_331 |  p0  |   3  |   3  |    9   ||    15   |
| grp_access_fu_344 |  p0  |   2  |   4  |    8   ||    9    |
| grp_access_fu_357 |  p0  |   5  |   4  |   20   ||    27   |
| grp_access_fu_377 |  p0  |   2  |   7  |   14   ||    9    |
| grp_access_fu_404 |  p0  |   5  |   4  |   20   ||    27   |
| grp_access_fu_404 |  p1  |   3  |  32  |   96   ||    15   |
| grp_access_fu_439 |  p0  |   3  |   4  |   12   ||    15   |
| grp_access_fu_439 |  p1  |   2  |  32  |   64   ||    9    |
|  phi_mul_reg_464  |  p0  |   2  |  12  |   24   ||    9    |
|    j4_0_reg_497   |  p0  |   2  |   4  |    8   ||    9    |
|    j5_0_reg_530   |  p0  |   2  |   4  |    8   ||    9    |
|    j6_0_reg_563   |  p0  |   2  |   4  |    8   ||    9    |
|    j7_0_reg_607   |  p0  |   2  |   4  |    8   ||    9    |
|   p_0202_reg_619  |  p0  |   2  |  32  |   64   ||    9    |
|   sum_0_reg_631   |  p0  |   2  |  32  |   64   ||    9    |
|     grp_fu_665    |  p0  |   2  |  32  |   64   ||    9    |
|     grp_fu_665    |  p1  |   2  |  32  |   64   ||    9    |
|     grp_fu_695    |  p1  |   2  |  20  |   40   ||    9    |
|-------------------|------|------|------|--------||---------||---------|
|       Total       |      |      |      |   699  || 25.1122 ||   309   |
|-------------------|------|------|------|--------||---------||---------|



* Summary:
+-----------+--------+--------+--------+--------+--------+--------+
|           |  BRAM  | DSP48E |  Delay |   FF   |   LUT  |  URAM  |
+-----------+--------+--------+--------+--------+--------+--------+
|  Function |    -   |   13   |    -   |  1624  |  4892  |    -   |
|   Memory  |    5   |    -   |    -   |   309  |   51   |    0   |
|Multiplexer|    -   |    -   |   25   |    -   |   309  |    -   |
|  Register |    -   |    -   |    -   |  1720  |    -   |    -   |
+-----------+--------+--------+--------+--------+--------+--------+
|   Total   |    5   |   13   |   25   |  3653  |  5252  |    0   |
+-----------+--------+--------+--------+--------+--------+--------+
